
=========================================================================
  Lunar regolith DSM simulation workflow
  Project root : /Users/jacksonbaglino/PetIGA-3.20/projects/lunar_regolith_DSM
  Geometry     : channel_2D_H100um_eps3.00um  (/Users/jacksonbaglino/PetIGA-3.20/projects/lunar_regolith_DSM/inputs/geometry/contactangle/channel_2D_H100um_eps3.00um.opts)
  Experiment   : relax_T-20_theta60  (/Users/jacksonbaglino/PetIGA-3.20/projects/lunar_regolith_DSM/inputs/experiment/contactangle/relax_T-20_theta60.opts)
  Title        : dtmax1.6e4
=========================================================================
------------------------------------------------------------
Grid from -Nx/-Ny/-Nz: Nx=142, Ny=48, Nz=1
Total DoFs:     3 × Nx × Ny × Nz = 20448
Target/core:    50000 DoFs
Chosen NPROCS:  1  (cap: 12 logical cores)
------------------------------------------------------------

--- Compiling ---
Project root: /Users/jacksonbaglino/PetIGA-3.20/projects/lunar_regolith_DSM
make: Nothing to be done for `all'.
✅ Compilation successful.

--- Creating output folder ---
Output folder: /Users/jacksonbaglino/SimulationResults/lunar_regolith_DSM/scratch/channel_2D_H100um_eps3.00um/2026-09-13__13.54.02_relax_T-20_theta60_dtmax1.6e4

--- Staging output folder ---
  Copied postprocess/ → /Users/jacksonbaglino/SimulationResults/lunar_regolith_DSM/scratch/channel_2D_H100um_eps3.00um/2026-09-13__13.54.02_relax_T-20_theta60_dtmax1.6e4/postprocess/ (scratch/ excluded)
✅ Staging complete.

--- Running simulation ---
Executable   : /Users/jacksonbaglino/PetIGA-3.20/projects/lunar_regolith_DSM/lunar_regolith_dsm
Solver       : /Users/jacksonbaglino/PetIGA-3.20/projects/lunar_regolith_DSM/inputs/solver.opts
Geometry     : /Users/jacksonbaglino/PetIGA-3.20/projects/lunar_regolith_DSM/inputs/geometry/contactangle/channel_2D_H100um_eps3.00um.opts
Experiment   : /Users/jacksonbaglino/PetIGA-3.20/projects/lunar_regolith_DSM/inputs/experiment/contactangle/relax_T-20_theta60.opts
Output path  : /Users/jacksonbaglino/SimulationResults/lunar_regolith_DSM/scratch/channel_2D_H100um_eps3.00um/2026-09-13__13.54.02_relax_T-20_theta60_dtmax1.6e4
Processes    : 1

Extra opts   : -dtmax 1.6e4
Running on 1 processes.


  -beta_sub0 override: 9.9000e+05 -> 3.9704e+06 (factor 0.25)
  -d0_sub0 override: 1.0000e-07 -> 1.0166e-09 (factor 0.01)

================================================================================
 PHASE-FIELD SIMULATION PARAMETERS
================================================================================

 MESH & DISCRETIZATION
   Nx = 142,  Ny = 48
   Lx = 3.0000e-04 m,  Ly = 1.0000e-04 m
   dx = 2.1127e-06 m,  dy = 2.0833e-06 m
   p = 2 (quadratic),  C = 1

 PHASE-FIELD INTERFACE
   eps      =  3.0000e-06 m
   Sigma_i  =  1.0900e-01 J/m²   (ice surface energy)
   Sigma_a  =  1.3200e-01 J/m²   (air surface energy)
   Lambda   =  0.0000e+00

 ENVIRONMENT & INITIAL CONDITIONS
   T0       =  -20.00 °C,  humidity = 1.0000
   grad_T   =  (0.0000e+00, 0.0000e+00) °C/m

 TIME STEPPING
   dt0      =  1.0000e-04 s
   t_final  =  5.6160e+06 s,  n_out = 60
   adaptive    ON  (NRmin = 5,  NRmax = 15,  factor = 1.3335)
   dtmin    =  1.0000e-06 s,  dtmax = 1.6000e+04 s

 TRANSPORT & THERMOPHYSICAL PROPERTIES
   D_v      =  2.1780e-05 m²/s    (vapor diffusivity)
   k_ice    =  2.2900e+00 W/m/K,  k_air  = 2.0000e-02 W/m/K
   rho_ice  =  9.1900e+02 kg/m³,  rho_air = 1.3410e+00 kg/m³
   cp_ice   =  1.9600e+03 J/kg/K, cp_air = 1.0440e+03 J/kg/K
   lat_sub  =  2.8300e+06 J/kg    (latent heat of sublimation)

 PHASE-CHANGE KINETICS
   rho_ice/rho_vs   = 1.0829e+06   (density ratio at T0)
   d0_sub0          = 1.0166e-09 m   (capillary length; M&F use 1e-7)
   beta_sub (K&P β₀, M&F β_sub, UNSCALED) = 3.9704e+06 s/m   [M&F range: 2e4–2e6]
   beta_sub (SCALED = β₀·ρ_vs/ρ_ice = β_HK) = 3.6666e+00 s/m
   lambda   =  1.5978e+10
   tau_sub  =  3.9271e+04 s
   dtmax/tau_sub = 0.4074   <-- SEE WARNING BELOW

   *** WARNING: dtmax = 1.600e+04 s is 0.41 x tau_sub = 3.927e+04 s.
       Above ~0.25 the phase field can leave [phase_lo, phase_hi]
       and the solve can stall while the clock keeps advancing --
       a run that LOOKS successful but whose solution stopped
       changing. tau_sub scales as eps^2, so set -dtmax in the
       GEOMETRY file (which owns eps), not in a shared experiment
       file. Suggested: -dtmax 3.93e+03  (tau_sub/10)

   tau_sub terms:  kinetic 3.5150e+04 s + thermal 2.9227e+03 + vapor 1.1978e+03   (-thin_iface_corr 1)
   beta realised  =  4.4358e+06 s/m  =  1.1172 x -beta_sub0   <-- NOT the beta you requested
   mob_sub  =  2.5464e-11 m/s   [M&F: 4.33e-7]
   alph_sub =  4.0686e+05 1/s
   xi_T     =  1.0000e+00   (thermal conduction + latent heat scale)
   xi_v     =  1.0000e-03   (vapor diffusion + rho_ice source scale)

 SOLVER
   VI bounds:  OFF (unbounded Newton — pair with -snes_type newtonls)

 BOUNDARY CONDITIONS
   Per wall, per equation. "Neumann" is the NATURAL condition —
   zero normal flux, imposed by omission rather than explicitly:
   dphi/dn = 0 for the phase field (a 90° contact angle where ice
   meets the wall), zero heat flux for T (insulating), and zero
   vapor flux for rho_v (sealed — no mass enters or leaves there).

   Wall               phi_i (ice)            T (temperature)          rho_v (vapor)
   ------------------ ---------------------- ------------------------ ------------------------
   x = 0   (left)     Neumann  dphi/dn=0     Neumann  (insulating)    Neumann  (sealed)
   x = Lx  (right)    Neumann  dphi/dn=0     Neumann  (insulating)    Neumann  (sealed)
   y = 0   (bottom)   regolith  theta=60.0° Neumann  (insulating)    Neumann  (sealed)
   y = Ly  (top)      regolith  theta=60.0° Neumann  (insulating)    Neumann  (sealed)

   phi_i is never pinned (no Dirichlet path exists for it). On a
   face marked "regolith" above, its NATURAL condition is the wall
   free-energy term  dphi/dn = cos(theta)*phi(1-phi)/eps  rather than
   zero; every other face keeps dphi/dn = 0 (a 90° contact angle).
   gamma_ia = 1.0900e-01   gamma_is = 2.4550e-01   gamma_as = 3.0000e-01  J/m²
   cos(theta) = (gamma_as - gamma_is)/gamma_ia = 0.500000  ->  theta = 60.00°

================================================================================

Setting up initial conditions... 
IC type: multi_grains
--- INITIAL CONDITIONS (2D multi-grain) ---
  1 ice grain(s), 0 sediment bump(s)
  ice grain 0: centre = (1.5000e-04, 5.0000e-05) m,  ax = 7.5000e-05 m,  ay = 7.5000e-05 m
  BOUNDS: phi_ice [0.0000, 1.0000]  phi_air [0.0000, 1.0000]
  ===============================================================================
  >>> DOMAIN INTEGRALS (PER TIME STEP)
  ===============================================================================
  -------------------------------------------------------------------------------------------------------------
    STEP |     TIME [s] |    DT [s] |    TOT_ICE |    TOT_AIR |      TEMP |  TOT_RHOV | I-A INTERF | TOTAL_MASS
  -------------------------------------------------------------------------------------------------------------
     0 |  0.00000e+00 | 1.000e-04 |  1.379e-08 |  1.621e-08 | -6.000e-07 | 1.376e-11 |  1.122e-10 |  1.267e-05
OUTPUT print!
    SNES DOF norms (2-norm) and ratios
    --------------------------------------------------------------------------------------------------------------------------------------
    it |       fnorm |          n0 |        r0 |        s0 |          n1 |        r1 |        s1 |          n2 |        r2 |        s2
    --------------------------------------------------------------------------------------------------------------------------------------
     0 |  9.5996e-14 |   2.099e-16 | 1.000e+00 | 0.000e+00 |   9.600e-14 | 1.000e+00 | 0.000e+00 |   4.167e-26 | 1.000e+00 | 0.000e+00
     1 |  2.3798e-13 |   6.325e-23 | 3.013e-07 | 3.224e-10 |   2.380e-13 | 2.479e+00 | 1.969e-09 |   5.808e-23 | 1.394e+03 | 7.579e-07
  SNES converged via DOF-wise criteria:
    DOF 0: REL (rtol) ABS (atol) STOL (stol)
    DOF 1: ABS (atol) STOL (stol)
    DOF 2: ABS (atol) STOL (stol)
    SNES DOF norms (2-norm) and ratios
    --------------------------------------------------------------------------------------------------------------------------------------
    it |       fnorm |          n0 |        r0 |        s0 |          n1 |        r1 |        s1 |          n2 |        r2 |        s2
    --------------------------------------------------------------------------------------------------------------------------------------
     0 |  5.3547e-07 |   2.097e-16 | 1.000e+00 | 3.224e-10 |   5.355e-07 | 1.000e+00 | 1.969e-09 |   1.264e-16 | 1.000e+00 | 7.579e-07
     1 |  2.4571e-13 |   6.598e-23 | 3.146e-07 | 3.224e-10 |   2.457e-13 | 4.589e-07 | 7.947e-10 |   6.058e-23 | 4.794e-07 | 5.547e-07
  SNES converged via DOF-wise criteria:
    DOF 0: REL (rtol) ABS (atol) STOL (stol)
    DOF 1: REL (rtol) ABS (atol) STOL (stol)
    DOF 2: REL (rtol) ABS (atol) STOL (stol)
    SNES DOF norms (2-norm) and ratios
    --------------------------------------------------------------------------------------------------------------------------------------
    it |       fnorm |          n0 |        r0 |        s0 |          n1 |        r1 |        s1 |          n2 |        r2 |        s2
    --------------------------------------------------------------------------------------------------------------------------------------
     0 |  3.9995e-07 |   4.723e-16 | 1.000e+00 | 3.224e-10 |   3.999e-07 | 1.000e+00 | 7.947e-10 |   8.414e-17 | 1.000e+00 | 5.547e-07
     1 |  3.3523e-13 |   5.973e-23 | 1.265e-07 | 7.738e-10 |   3.352e-13 | 8.382e-07 | 3.683e-09 |   5.498e-23 | 6.535e-07 | 1.631e-06
  SNES converged via DOF-wise criteria:
    DOF 0: REL (rtol) ABS (atol) STOL (stol)
    DOF 1: REL (rtol) ABS (atol) STOL (stol)
    DOF 2: REL (rtol) ABS (atol)
Increase time step: 1.000e-04 -> 1.334e-04 
  BOUNDS: phi_ice [0.0000, 1.0000]  phi_air [0.0000, 1.0000]
  ===============================================================================
  >>> DOMAIN INTEGRALS (PER TIME STEP)
  ===============================================================================
  -------------------------------------------------------------------------------------------------------------
    STEP |     TIME [s] |    DT [s] |    TOT_ICE |    TOT_AIR |      TEMP |  TOT_RHOV | I-A INTERF | TOTAL_MASS
  -------------------------------------------------------------------------------------------------------------
     1 |  1.00000e-04 | 1.334e-04 |  1.379e-08 |  1.621e-08 | -6.000e-07 | 1.376e-11 |  1.122e-10 |  1.267e-05
       |              |           |    +0.000% |    -0.000% |           |   -0.000% |            |    +0.000%
OUTPUT print!
    SNES DOF norms (2-norm) and ratios
    --------------------------------------------------------------------------------------------------------------------------------------
    it |       fnorm |          n0 |        r0 |        s0 |          n1 |        r1 |        s1 |          n2 |        r2 |        s2
    --------------------------------------------------------------------------------------------------------------------------------------
     0 |  1.3849e-06 |   3.771e-16 | 1.000e+00 | 7.738e-10 |   1.385e-06 | 1.000e+00 | 3.683e-09 |   3.838e-16 | 1.000e+00 | 1.631e-06
     1 |  3.2163e-13 |   4.556e-23 | 1.208e-07 | 8.251e-10 |   3.216e-13 | 2.322e-07 | 1.199e-09 |   4.183e-23 | 1.090e-07 | 1.177e-06
  SNES converged via DOF-wise criteria:
    DOF 0: REL (rtol) ABS (atol) STOL (stol)
    DOF 1: REL (rtol) ABS (atol) STOL (stol)
    DOF 2: REL (rtol) ABS (atol)
Increase time step: 1.334e-04 -> 1.778e-04 
  BOUNDS: phi_ice [0.0000, 1.0000]  phi_air [0.0000, 1.0000]
  ===============================================================================
  >>> DOMAIN INTEGRALS (PER TIME STEP)
  ===============================================================================
  -------------------------------------------------------------------------------------------------------------
    STEP |     TIME [s] |    DT [s] |    TOT_ICE |    TOT_AIR |      TEMP |  TOT_RHOV | I-A INTERF | TOTAL_MASS
  -------------------------------------------------------------------------------------------------------------
     2 |  2.33352e-04 | 1.778e-04 |  1.379e-08 |  1.621e-08 | -6.000e-07 | 1.376e-11 |  1.122e-10 |  1.267e-05
       |              |           |    +0.000% |    -0.000% |           |   -0.000% |            |    +0.000%
    SNES DOF norms (2-norm) and ratios
    --------------------------------------------------------------------------------------------------------------------------------------
    it |       fnorm |          n0 |        r0 |        s0 |          n1 |        r1 |        s1 |          n2 |        r2 |        s2
    --------------------------------------------------------------------------------------------------------------------------------------
     0 |  8.5127e-07 |   3.955e-16 | 1.000e+00 | 8.251e-10 |   8.513e-07 | 1.000e+00 | 1.199e-09 |   3.182e-16 | 1.000e+00 | 1.177e-06
     1 |  3.0271e-13 |   3.180e-23 | 8.041e-08 | 1.155e-09 |   3.027e-13 | 3.556e-07 | 8.399e-10 |   2.924e-23 | 9.190e-08 | 1.526e-06
  SNES converged via DOF-wise criteria:
    DOF 0: REL (rtol) ABS (atol) STOL (stol)
    DOF 1: REL (rtol) ABS (atol) STOL (stol)
    DOF 2: REL (rtol) ABS (atol)
Increase time step: 1.778e-04 -> 2.371e-04 
  BOUNDS: phi_ice [0.0000, 1.0000]  phi_air [0.0000, 1.0000]
  ===============================================================================
  >>> DOMAIN INTEGRALS (PER TIME STEP)
  ===============================================================================
  -------------------------------------------------------------------------------------------------------------
    STEP |     TIME [s] |    DT [s] |    TOT_ICE |    TOT_AIR |      TEMP |  TOT_RHOV | I-A INTERF | TOTAL_MASS
  -------------------------------------------------------------------------------------------------------------
     3 |  4.11180e-04 | 2.371e-04 |  1.379e-08 |  1.621e-08 | -6.000e-07 | 1.376e-11 |  1.122e-10 |  1.267e-05
       |              |           |    +0.000% |    -0.000% |           |   -0.000% |            |    +0.000%
    SNES DOF norms (2-norm) and ratios
    --------------------------------------------------------------------------------------------------------------------------------------
    it |       fnorm |          n0 |        r0 |        s0 |          n1 |        r1 |        s1 |          n2 |        r2 |        s2
    --------------------------------------------------------------------------------------------------------------------------------------
     0 |  1.1065e-06 |   3.913e-16 | 1.000e+00 | 1.155e-09 |   1.106e-06 | 1.000e+00 | 8.399e-10 |   3.423e-16 | 1.000e+00 | 1.526e-06
     1 |  3.0426e-13 |   2.369e-23 | 6.056e-08 | 1.525e-09 |   3.043e-13 | 2.750e-07 | 9.350e-10 |   2.181e-23 | 6.372e-08 | 1.951e-06
  SNES converged via DOF-wise criteria:
    DOF 0: REL (rtol) ABS (atol) STOL (stol)
    DOF 1: REL (rtol) ABS (atol) STOL (stol)
    DOF 2: REL (rtol) ABS (atol)
Increase time step: 2.371e-04 -> 3.162e-04 
  BOUNDS: phi_ice [0.0000, 1.0000]  phi_air [0.0000, 1.0000]
  ===============================================================================
  >>> DOMAIN INTEGRALS (PER TIME STEP)
  ===============================================================================
  -------------------------------------------------------------------------------------------------------------
    STEP |     TIME [s] |    DT [s] |    TOT_ICE |    TOT_AIR |      TEMP |  TOT_RHOV | I-A INTERF | TOTAL_MASS
  -------------------------------------------------------------------------------------------------------------
     4 |  6.48317e-04 | 3.162e-04 |  1.379e-08 |  1.621e-08 | -6.000e-07 | 1.376e-11 |  1.122e-10 |  1.267e-05
       |              |           |    +0.000% |    -0.000% |           |   -0.000% |            |    +0.000%
    SNES DOF norms (2-norm) and ratios
    --------------------------------------------------------------------------------------------------------------------------------------
    it |       fnorm |          n0 |        r0 |        s0 |          n1 |        r1 |        s1 |          n2 |        r2 |        s2
    --------------------------------------------------------------------------------------------------------------------------------------
     0 |  9.8037e-07 |   3.915e-16 | 1.000e+00 | 1.525e-09 |   9.804e-07 | 1.000e+00 | 9.350e-10 |   3.460e-16 | 1.000e+00 | 1.951e-06
     1 |  3.0802e-13 |   1.813e-23 | 4.632e-08 | 2.037e-09 |   3.080e-13 | 3.142e-07 | 1.342e-09 |   1.639e-23 | 4.739e-08 | 2.614e-06
  SNES converged via DOF-wise criteria:
    DOF 0: REL (rtol) ABS (atol) STOL (stol)
    DOF 1: REL (rtol) ABS (atol) STOL (stol)
    DOF 2: REL (rtol) ABS (atol)
Increase time step: 3.162e-04 -> 4.217e-04 
  BOUNDS: phi_ice [0.0000, 1.0000]  phi_air [0.0000, 1.0000]
  ===============================================================================
  >>> DOMAIN INTEGRALS (PER TIME STEP)
  ===============================================================================
  -------------------------------------------------------------------------------------------------------------
    STEP |     TIME [s] |    DT [s] |    TOT_ICE |    TOT_AIR |      TEMP |  TOT_RHOV | I-A INTERF | TOTAL_MASS
  -------------------------------------------------------------------------------------------------------------
     5 |  9.64545e-04 | 4.217e-04 |  1.379e-08 |  1.621e-08 | -6.000e-07 | 1.376e-11 |  1.122e-10 |  1.267e-05
       |              |           |    +0.000% |    -0.000% |           |   -0.000% |            |    +0.000%
    SNES DOF norms (2-norm) and ratios
    --------------------------------------------------------------------------------------------------------------------------------------
    it |       fnorm |          n0 |        r0 |        s0 |          n1 |        r1 |        s1 |          n2 |        r2 |        s2
    --------------------------------------------------------------------------------------------------------------------------------------
     0 |  1.0376e-06 |   3.908e-16 | 1.000e+00 | 2.037e-09 |   1.038e-06 | 1.000e+00 | 1.342e-09 |   3.453e-16 | 1.000e+00 | 2.614e-06
     1 |  3.0216e-13 |   1.389e-23 | 3.555e-08 | 2.714e-09 |   3.022e-13 | 2.912e-07 | 1.738e-09 |   1.287e-23 | 3.726e-08 | 3.561e-06
  SNES converged via DOF-wise criteria:
    DOF 0: REL (rtol) ABS (atol) STOL (stol)
    DOF 1: REL (rtol) ABS (atol) STOL (stol)
    DOF 2: REL (rtol) ABS (atol)
Increase time step: 4.217e-04 -> 5.623e-04 
  BOUNDS: phi_ice [0.0000, 1.0000]  phi_air [0.0000, 1.0000]
  ===============================================================================
  >>> DOMAIN INTEGRALS (PER TIME STEP)
  ===============================================================================
  -------------------------------------------------------------------------------------------------------------
    STEP |     TIME [s] |    DT [s] |    TOT_ICE |    TOT_AIR |      TEMP |  TOT_RHOV | I-A INTERF | TOTAL_MASS
  -------------------------------------------------------------------------------------------------------------
     6 |  1.38624e-03 | 5.623e-04 |  1.379e-08 |  1.621e-08 | -6.000e-07 | 1.376e-11 |  1.122e-10 |  1.267e-05
       |              |           |    +0.000% |    -0.000% |           |   -0.000% |            |    +0.000%
    SNES DOF norms (2-norm) and ratios
    --------------------------------------------------------------------------------------------------------------------------------------
    it |       fnorm |          n0 |        r0 |        s0 |          n1 |        r1 |        s1 |          n2 |        r2 |        s2
    --------------------------------------------------------------------------------------------------------------------------------------
     0 |  1.0082e-06 |   3.903e-16 | 1.000e+00 | 2.714e-09 |   1.008e-06 | 1.000e+00 | 1.738e-09 |   3.506e-16 | 1.000e+00 | 3.561e-06
     1 |  2.9417e-13 |   1.073e-23 | 2.750e-08 | 3.618e-09 |   2.942e-13 | 2.918e-07 | 2.251e-09 |   1.001e-23 | 2.854e-08 | 4.889e-06
  SNES converged via DOF-wise criteria:
    DOF 0: REL (rtol) ABS (atol) STOL (stol)
    DOF 1: REL (rtol) ABS (atol) STOL (stol)
    DOF 2: REL (rtol) ABS (atol)
Increase time step: 5.623e-04 -> 7.499e-04 
  BOUNDS: phi_ice [0.0000, 1.0000]  phi_air [0.0000, 1.0000]
  ===============================================================================
  >>> DOMAIN INTEGRALS (PER TIME STEP)
  ===============================================================================
  -------------------------------------------------------------------------------------------------------------
    STEP |     TIME [s] |    DT [s] |    TOT_ICE |    TOT_AIR |      TEMP |  TOT_RHOV | I-A INTERF | TOTAL_MASS
  -------------------------------------------------------------------------------------------------------------
     7 |  1.94858e-03 | 7.499e-04 |  1.379e-08 |  1.621e-08 | -6.000e-07 | 1.376e-11 |  1.122e-10 |  1.267e-05
       |              |           |    +0.000% |    -0.000% |           |   -0.000% |            |    +0.000%
    SNES DOF norms (2-norm) and ratios
    --------------------------------------------------------------------------------------------------------------------------------------
    it |       fnorm |          n0 |        r0 |        s0 |          n1 |        r1 |        s1 |          n2 |        r2 |        s2
    --------------------------------------------------------------------------------------------------------------------------------------
     0 |  1.0197e-06 |   3.897e-16 | 1.000e+00 | 3.618e-09 |   1.020e-06 | 1.000e+00 | 2.251e-09 |   3.504e-16 | 1.000e+00 | 4.889e-06
     1 |  3.0730e-13 |   8.268e-24 | 2.122e-08 | 4.822e-09 |   3.073e-13 | 3.014e-07 | 2.922e-09 |   7.808e-24 | 2.228e-08 | 6.676e-06
  SNES converged via DOF-wise criteria:
    DOF 0: REL (rtol) ABS (atol) STOL (stol)
    DOF 1: REL (rtol) ABS (atol) STOL (stol)
    DOF 2: REL (rtol) ABS (atol)
Increase time step: 7.499e-04 -> 1.000e-03 
  BOUNDS: phi_ice [0.0000, 1.0000]  phi_air [0.0000, 1.0000]
  ===============================================================================
  >>> DOMAIN INTEGRALS (PER TIME STEP)
  ===============================================================================
  -------------------------------------------------------------------------------------------------------------
    STEP |     TIME [s] |    DT [s] |    TOT_ICE |    TOT_AIR |      TEMP |  TOT_RHOV | I-A INTERF | TOTAL_MASS
  -------------------------------------------------------------------------------------------------------------
     8 |  2.69848e-03 | 1.000e-03 |  1.379e-08 |  1.621e-08 | -6.000e-07 | 1.376e-11 |  1.122e-10 |  1.267e-05
       |              |           |    +0.000% |    -0.000% |           |   -0.000% |            |    +0.000%
    SNES DOF norms (2-norm) and ratios
    --------------------------------------------------------------------------------------------------------------------------------------
    it |       fnorm |          n0 |        r0 |        s0 |          n1 |        r1 |        s1 |          n2 |        r2 |        s2
    --------------------------------------------------------------------------------------------------------------------------------------
     0 |  1.0119e-06 |   3.891e-16 | 1.000e+00 | 4.822e-09 |   1.012e-06 | 1.000e+00 | 2.922e-09 |   3.534e-16 | 1.000e+00 | 6.676e-06
     1 |  2.9745e-13 |   6.126e-24 | 1.574e-08 | 6.427e-09 |   2.975e-13 | 2.940e-07 | 3.775e-09 |   5.951e-24 | 1.684e-08 | 8.927e-06
  SNES converged via DOF-wise criteria:
    DOF 0: REL (rtol) ABS (atol) STOL (stol)
    DOF 1: REL (rtol) ABS (atol) STOL (stol)
    DOF 2: REL (rtol) ABS (atol)
Increase time step: 1.000e-03 -> 1.334e-03 
  BOUNDS: phi_ice [0.0000, 1.0000]  phi_air [0.0000, 1.0000]
  ===============================================================================
  >>> DOMAIN INTEGRALS (PER TIME STEP)
  ===============================================================================
  -------------------------------------------------------------------------------------------------------------
    STEP |     TIME [s] |    DT [s] |    TOT_ICE |    TOT_AIR |      TEMP |  TOT_RHOV | I-A INTERF | TOTAL_MASS
  -------------------------------------------------------------------------------------------------------------
     9 |  3.69848e-03 | 1.334e-03 |  1.379e-08 |  1.621e-08 | -6.000e-07 | 1.376e-11 |  1.122e-10 |  1.267e-05
       |              |           |    +0.000% |    -0.000% |           |   -0.000% |            |    +0.000%
    SNES DOF norms (2-norm) and ratios
    --------------------------------------------------------------------------------------------------------------------------------------
    it |       fnorm |          n0 |        r0 |        s0 |          n1 |        r1 |        s1 |          n2 |        r2 |        s2
    --------------------------------------------------------------------------------------------------------------------------------------
     0 |  1.0132e-06 |   3.885e-16 | 1.000e+00 | 6.427e-09 |   1.013e-06 | 1.000e+00 | 3.775e-09 |   3.542e-16 | 1.000e+00 | 8.927e-06
     1 |  2.9357e-13 |   4.335e-24 | 1.116e-08 | 8.567e-09 |   2.936e-13 | 2.897e-07 | 4.850e-09 |   4.342e-24 | 1.226e-08 | 1.153e-05
  SNES converged via DOF-wise criteria:
    DOF 0: REL (rtol) ABS (atol) STOL (stol)
    DOF 1: REL (rtol) ABS (atol) STOL (stol)
    DOF 2: REL (rtol) ABS (atol)
Increase time step: 1.334e-03 -> 1.778e-03 
  BOUNDS: phi_ice [0.0000, 1.0000]  phi_air [0.0000, 1.0000]
  ===============================================================================
  >>> DOMAIN INTEGRALS (PER TIME STEP)
  ===============================================================================
  -------------------------------------------------------------------------------------------------------------
    STEP |     TIME [s] |    DT [s] |    TOT_ICE |    TOT_AIR |      TEMP |  TOT_RHOV | I-A INTERF | TOTAL_MASS
  -------------------------------------------------------------------------------------------------------------
    10 |  5.03200e-03 | 1.778e-03 |  1.379e-08 |  1.621e-08 | -6.000e-07 | 1.376e-11 |  1.122e-10 |  1.267e-05
       |              |           |    +0.000% |    -0.000% |           |   -0.000% |            |    +0.000%
    SNES DOF norms (2-norm) and ratios
    --------------------------------------------------------------------------------------------------------------------------------------
    it |       fnorm |          n0 |        r0 |        s0 |          n1 |        r1 |        s1 |          n2 |        r2 |        s2
    --------------------------------------------------------------------------------------------------------------------------------------
     0 |  1.0105e-06 |   3.880e-16 | 1.000e+00 | 8.567e-09 |   1.010e-06 | 1.000e+00 | 4.850e-09 |   3.558e-16 | 1.000e+00 | 1.153e-05
     1 |  3.0428e-13 |   3.344e-24 | 8.618e-09 | 1.142e-08 |   3.043e-13 | 3.011e-07 | 6.190e-09 |   3.444e-24 | 9.679e-09 | 1.423e-05
  SNES converged via DOF-wise criteria:
    DOF 0: REL (rtol) ABS (atol) STOL (stol)
    DOF 1: REL (rtol) ABS (atol) STOL (stol)
    DOF 2: REL (rtol) ABS (atol)
Increase time step: 1.778e-03 -> 2.371e-03 
  BOUNDS: phi_ice [0.0000, 1.0000]  phi_air [0.0000, 1.0000]
  ===============================================================================
  >>> DOMAIN INTEGRALS (PER TIME STEP)
  ===============================================================================
  -------------------------------------------------------------------------------------------------------------
    STEP |     TIME [s] |    DT [s] |    TOT_ICE |    TOT_AIR |      TEMP |  TOT_RHOV | I-A INTERF | TOTAL_MASS
  -------------------------------------------------------------------------------------------------------------
    11 |  6.81028e-03 | 2.371e-03 |  1.379e-08 |  1.621e-08 | -6.000e-07 | 1.376e-11 |  1.122e-10 |  1.267e-05
       |              |           |    +0.000% |    -0.000% |           |   -0.000% |            |    +0.000%
    SNES DOF norms (2-norm) and ratios
    --------------------------------------------------------------------------------------------------------------------------------------
    it |       fnorm |          n0 |        r0 |        s0 |          n1 |        r1 |        s1 |          n2 |        r2 |        s2
    --------------------------------------------------------------------------------------------------------------------------------------
     0 |  1.0100e-06 |   3.876e-16 | 1.000e+00 | 1.142e-08 |   1.010e-06 | 1.000e+00 | 6.190e-09 |   3.565e-16 | 1.000e+00 | 1.423e-05
     1 |  3.0398e-13 |   2.380e-24 | 6.141e-09 | 1.522e-08 |   3.040e-13 | 3.010e-07 | 7.851e-09 |   2.632e-24 | 7.383e-09 | 1.658e-05
  SNES converged via DOF-wise criteria:
    DOF 0: REL (rtol) ABS (atol) STOL (stol)
    DOF 1: REL (rtol) ABS (atol) STOL (stol)
    DOF 2: REL (rtol) ABS (atol)
Increase time step: 2.371e-03 -> 3.162e-03 
  BOUNDS: phi_ice [0.0000, 1.0000]  phi_air [0.0000, 1.0000]
  ===============================================================================
  >>> DOMAIN INTEGRALS (PER TIME STEP)
  ===============================================================================
  -------------------------------------------------------------------------------------------------------------
    STEP |     TIME [s] |    DT [s] |    TOT_ICE |    TOT_AIR |      TEMP |  TOT_RHOV | I-A INTERF | TOTAL_MASS
  -------------------------------------------------------------------------------------------------------------
    12 |  9.18165e-03 | 3.162e-03 |  1.379e-08 |  1.621e-08 | -6.000e-07 | 1.376e-11 |  1.122e-10 |  1.267e-05
       |              |           |    +0.000% |    -0.000% |           |   -0.000% |            |    +0.000%
    SNES DOF norms (2-norm) and ratios
    --------------------------------------------------------------------------------------------------------------------------------------
    it |       fnorm |          n0 |        r0 |        s0 |          n1 |        r1 |        s1 |          n2 |        r2 |        s2
    --------------------------------------------------------------------------------------------------------------------------------------
     0 |  1.0088e-06 |   3.873e-16 | 1.000e+00 | 1.522e-08 |   1.009e-06 | 1.000e+00 | 7.851e-09 |   3.570e-16 | 1.000e+00 | 1.658e-05
     1 |  3.0022e-13 |   1.892e-24 | 4.886e-09 | 2.029e-08 |   3.002e-13 | 2.976e-07 | 9.903e-09 |   2.274e-24 | 6.369e-09 | 1.804e-05
  SNES converged via DOF-wise criteria:
    DOF 0: REL (rtol) ABS (atol) STOL (stol)
    DOF 1: REL (rtol) ABS (atol) STOL (stol)
    DOF 2: REL (rtol) ABS (atol)
Increase time step: 3.162e-03 -> 4.217e-03 
  BOUNDS: phi_ice [0.0000, 1.0000]  phi_air [0.0000, 1.0000]
  ===============================================================================
  >>> DOMAIN INTEGRALS (PER TIME STEP)
  ===============================================================================
  -------------------------------------------------------------------------------------------------------------
    STEP |     TIME [s] |    DT [s] |    TOT_ICE |    TOT_AIR |      TEMP |  TOT_RHOV | I-A INTERF | TOTAL_MASS
  -------------------------------------------------------------------------------------------------------------
    13 |  1.23439e-02 | 4.217e-03 |  1.379e-08 |  1.621e-08 | -6.000e-07 | 1.376e-11 |  1.122e-10 |  1.267e-05
       |              |           |    +0.000% |    -0.000% |           |   -0.000% |            |    +0.000%
    SNES DOF norms (2-norm) and ratios
    --------------------------------------------------------------------------------------------------------------------------------------
    it |       fnorm |          n0 |        r0 |        s0 |          n1 |        r1 |        s1 |          n2 |        r2 |        s2
    --------------------------------------------------------------------------------------------------------------------------------------
     0 |  1.0084e-06 |   3.872e-16 | 1.000e+00 | 2.029e-08 |   1.008e-06 | 1.000e+00 | 9.903e-09 |   3.571e-16 | 1.000e+00 | 1.804e-05
     1 |  2.9986e-13 |   1.394e-24 | 3.601e-09 | 2.704e-08 |   2.999e-13 | 2.974e-07 | 1.244e-08 |   1.519e-24 | 4.255e-09 | 1.800e-05
  SNES converged via DOF-wise criteria:
    DOF 0: REL (rtol) ABS (atol) STOL (stol)
    DOF 1: REL (rtol) ABS (atol) STOL (stol)
    DOF 2: REL (rtol) ABS (atol)
Increase time step: 4.217e-03 -> 5.623e-03 
  BOUNDS: phi_ice [0.0000, 1.0000]  phi_air [0.0000, 1.0000]
  ===============================================================================
  >>> DOMAIN INTEGRALS (PER TIME STEP)
  ===============================================================================
  -------------------------------------------------------------------------------------------------------------
    STEP |     TIME [s] |    DT [s] |    TOT_ICE |    TOT_AIR |      TEMP |  TOT_RHOV | I-A INTERF | TOTAL_MASS
  -------------------------------------------------------------------------------------------------------------
    14 |  1.65609e-02 | 5.623e-03 |  1.379e-08 |  1.621e-08 | -6.000e-07 | 1.376e-11 |  1.122e-10 |  1.267e-05
       |              |           |    +0.000% |    -0.000% |           |   -0.000% |            |    +0.000%
    SNES DOF norms (2-norm) and ratios
    --------------------------------------------------------------------------------------------------------------------------------------
    it |       fnorm |          n0 |        r0 |        s0 |          n1 |        r1 |        s1 |          n2 |        r2 |        s2
    --------------------------------------------------------------------------------------------------------------------------------------
     0 |  1.0081e-06 |   3.871e-16 | 1.000e+00 | 2.704e-08 |   1.008e-06 | 1.000e+00 | 1.244e-08 |   3.570e-16 | 1.000e+00 | 1.800e-05
     1 |  3.0170e-13 |   1.124e-24 | 2.903e-09 | 3.605e-08 |   3.017e-13 | 2.993e-07 | 1.557e-08 |   1.309e-24 | 3.666e-09 | 1.624e-05
  SNES converged via DOF-wise criteria:
    DOF 0: REL (rtol) ABS (atol) STOL (stol)
    DOF 1: REL (rtol) ABS (atol) STOL (stol)
    DOF 2: REL (rtol) ABS (atol)
Increase time step: 5.623e-03 -> 7.499e-03 
  BOUNDS: phi_ice [0.0000, 1.0000]  phi_air [0.0000, 1.0000]
  ===============================================================================
  >>> DOMAIN INTEGRALS (PER TIME STEP)
  ===============================================================================
  -------------------------------------------------------------------------------------------------------------
    STEP |     TIME [s] |    DT [s] |    TOT_ICE |    TOT_AIR |      TEMP |  TOT_RHOV | I-A INTERF | TOTAL_MASS
  -------------------------------------------------------------------------------------------------------------
    15 |  2.21843e-02 | 7.499e-03 |  1.379e-08 |  1.621e-08 | -6.000e-07 | 1.376e-11 |  1.122e-10 |  1.267e-05
       |              |           |    +0.000% |    -0.000% |           |   -0.000% |            |    +0.000%
    SNES DOF norms (2-norm) and ratios
    --------------------------------------------------------------------------------------------------------------------------------------
    it |       fnorm |          n0 |        r0 |        s0 |          n1 |        r1 |        s1 |          n2 |        r2 |        s2
    --------------------------------------------------------------------------------------------------------------------------------------
     0 |  1.0082e-06 |   3.872e-16 | 1.000e+00 | 3.605e-08 |   1.008e-06 | 1.000e+00 | 1.557e-08 |   3.568e-16 | 1.000e+00 | 1.624e-05
     1 |  2.9959e-13 |   7.898e-25 | 2.040e-09 | 4.807e-08 |   2.996e-13 | 2.971e-07 | 1.945e-08 |   9.347e-25 | 2.619e-09 | 1.311e-05
  SNES converged via DOF-wise criteria:
    DOF 0: REL (rtol) ABS (atol) STOL (stol)
    DOF 1: REL (rtol) ABS (atol) STOL (stol)
    DOF 2: REL (rtol) ABS (atol)
Increase time step: 7.499e-03 -> 1.000e-02 
  BOUNDS: phi_ice [0.0000, 1.0000]  phi_air [0.0000, 1.0000]
  ===============================================================================
  >>> DOMAIN INTEGRALS (PER TIME STEP)
  ===============================================================================
  -------------------------------------------------------------------------------------------------------------
    STEP |     TIME [s] |    DT [s] |    TOT_ICE |    TOT_AIR |      TEMP |  TOT_RHOV | I-A INTERF | TOTAL_MASS
  -------------------------------------------------------------------------------------------------------------
    16 |  2.96832e-02 | 1.000e-02 |  1.379e-08 |  1.621e-08 | -6.000e-07 | 1.376e-11 |  1.122e-10 |  1.267e-05
       |              |           |    +0.000% |    -0.000% |           |   -0.000% |            |    +0.000%
    SNES DOF norms (2-norm) and ratios
    --------------------------------------------------------------------------------------------------------------------------------------
    it |       fnorm |          n0 |        r0 |        s0 |          n1 |        r1 |        s1 |          n2 |        r2 |        s2
    --------------------------------------------------------------------------------------------------------------------------------------
     0 |  1.0084e-06 |   3.873e-16 | 1.000e+00 | 4.807e-08 |   1.008e-06 | 1.000e+00 | 1.945e-08 |   3.567e-16 | 1.000e+00 | 1.311e-05
     1 |  2.9733e-13 |   6.431e-25 | 1.661e-09 | 6.409e-08 |   2.973e-13 | 2.948e-07 | 2.425e-08 |   7.411e-25 | 2.078e-09 | 9.269e-06
  SNES converged via DOF-wise criteria:
    DOF 0: REL (rtol) ABS (atol) STOL (stol)
    DOF 1: REL (rtol) ABS (atol) STOL (stol)
    DOF 2: REL (rtol) ABS (atol)
Increase time step: 1.000e-02 -> 1.334e-02 
  BOUNDS: phi_ice [0.0000, 1.0000]  phi_air [0.0000, 1.0000]
  ===============================================================================
  >>> DOMAIN INTEGRALS (PER TIME STEP)
  ===============================================================================
  -------------------------------------------------------------------------------------------------------------
    STEP |     TIME [s] |    DT [s] |    TOT_ICE |    TOT_AIR |      TEMP |  TOT_RHOV | I-A INTERF | TOTAL_MASS
  -------------------------------------------------------------------------------------------------------------
    17 |  3.96832e-02 | 1.334e-02 |  1.379e-08 |  1.621e-08 | -6.000e-07 | 1.376e-11 |  1.122e-10 |  1.267e-05
       |              |           |    +0.000% |    -0.000% |           |   -0.000% |            |    +0.000%
    SNES DOF norms (2-norm) and ratios
    --------------------------------------------------------------------------------------------------------------------------------------
    it |       fnorm |          n0 |        r0 |        s0 |          n1 |        r1 |        s1 |          n2 |        r2 |        s2
    --------------------------------------------------------------------------------------------------------------------------------------
     0 |  1.0088e-06 |   3.874e-16 | 1.000e+00 | 6.409e-08 |   1.009e-06 | 1.000e+00 | 2.425e-08 |   3.566e-16 | 1.000e+00 | 9.269e-06
     1 |  2.9746e-13 |   4.605e-25 | 1.188e-09 | 8.545e-08 |   2.975e-13 | 2.949e-07 | 3.018e-08 |   5.574e-25 | 1.563e-09 | 5.379e-06
  SNES converged via DOF-wise criteria:
    DOF 0: REL (rtol) ABS (atol) STOL (stol)
    DOF 1: REL (rtol) ABS (atol) STOL (stol)
    DOF 2: REL (rtol) ABS (atol)
Increase time step: 1.334e-02 -> 1.778e-02 
  BOUNDS: phi_ice [0.0000, 1.0000]  phi_air [0.0000, 1.0000]
  ===============================================================================
  >>> DOMAIN INTEGRALS (PER TIME STEP)
  ===============================================================================
  -------------------------------------------------------------------------------------------------------------
    STEP |     TIME [s] |    DT [s] |    TOT_ICE |    TOT_AIR |      TEMP |  TOT_RHOV | I-A INTERF | TOTAL_MASS
  -------------------------------------------------------------------------------------------------------------
    18 |  5.30185e-02 | 1.778e-02 |  1.379e-08 |  1.621e-08 | -6.000e-07 | 1.376e-11 |  1.122e-10 |  1.267e-05
       |              |           |    +0.000% |    -0.000% |           |   -0.000% |            |    +0.000%
    SNES DOF norms (2-norm) and ratios
    --------------------------------------------------------------------------------------------------------------------------------------
    it |       fnorm |          n0 |        r0 |        s0 |          n1 |        r1 |        s1 |          n2 |        r2 |        s2
    --------------------------------------------------------------------------------------------------------------------------------------
     0 |  1.0092e-06 |   3.876e-16 | 1.000e+00 | 8.545e-08 |   1.009e-06 | 1.000e+00 | 3.018e-08 |   3.566e-16 | 1.000e+00 | 5.379e-06
     1 |  2.9757e-13 |   3.524e-25 | 9.091e-10 | 1.139e-07 |   2.976e-13 | 2.949e-07 | 3.746e-08 |   4.311e-25 | 1.209e-09 | 2.303e-06
  SNES converged via DOF-wise criteria:
    DOF 0: REL (rtol) ABS (atol) STOL (stol)
    DOF 1: REL (rtol) ABS (atol) STOL (stol)
    DOF 2: REL (rtol) ABS (atol)
Increase time step: 1.778e-02 -> 2.371e-02 
  BOUNDS: phi_ice [0.0000, 1.0000]  phi_air [0.0000, 1.0000]
  ===============================================================================
  >>> DOMAIN INTEGRALS (PER TIME STEP)
  ===============================================================================
  -------------------------------------------------------------------------------------------------------------
    STEP |     TIME [s] |    DT [s] |    TOT_ICE |    TOT_AIR |      TEMP |  TOT_RHOV | I-A INTERF | TOTAL_MASS
  -------------------------------------------------------------------------------------------------------------
    19 |  7.08013e-02 | 2.371e-02 |  1.379e-08 |  1.621e-08 | -6.000e-07 | 1.376e-11 |  1.122e-10 |  1.267e-05
       |              |           |    +0.000% |    -0.000% |           |   -0.000% |            |    +0.000%
    SNES DOF norms (2-norm) and ratios
    --------------------------------------------------------------------------------------------------------------------------------------
    it |       fnorm |          n0 |        r0 |        s0 |          n1 |        r1 |        s1 |          n2 |        r2 |        s2
    --------------------------------------------------------------------------------------------------------------------------------------
     0 |  1.0096e-06 |   3.878e-16 | 1.000e+00 | 1.139e-07 |   1.010e-06 | 1.000e+00 | 3.746e-08 |   3.566e-16 | 1.000e+00 | 2.303e-06
     1 |  3.0182e-13 |   2.835e-25 | 7.309e-10 | 1.519e-07 |   3.018e-13 | 2.990e-07 | 4.631e-08 |   4.770e-25 | 1.338e-09 | 8.165e-07
  SNES converged via DOF-wise criteria:
    DOF 0: REL (rtol) ABS (atol) STOL (stol)
    DOF 1: REL (rtol) ABS (atol) STOL (stol)
    DOF 2: REL (rtol) ABS (atol) STOL (stol)
Increase time step: 2.371e-02 -> 3.162e-02 
  BOUNDS: phi_ice [0.0000, 1.0000]  phi_air [0.0000, 1.0000]
  ===============================================================================
  >>> DOMAIN INTEGRALS (PER TIME STEP)
  ===============================================================================
  -------------------------------------------------------------------------------------------------------------
    STEP |     TIME [s] |    DT [s] |    TOT_ICE |    TOT_AIR |      TEMP |  TOT_RHOV | I-A INTERF | TOTAL_MASS
  -------------------------------------------------------------------------------------------------------------
    20 |  9.45150e-02 | 3.162e-02 |  1.379e-08 |  1.621e-08 | -6.000e-07 | 1.376e-11 |  1.122e-10 |  1.267e-05
       |              |           |    +0.000% |    -0.000% |           |   -0.000% |            |    +0.000%
    SNES DOF norms (2-norm) and ratios
    --------------------------------------------------------------------------------------------------------------------------------------
    it |       fnorm |          n0 |        r0 |        s0 |          n1 |        r1 |        s1 |          n2 |        r2 |        s2
    --------------------------------------------------------------------------------------------------------------------------------------
     0 |  1.0101e-06 |   3.880e-16 | 1.000e+00 | 1.519e-07 |   1.010e-06 | 1.000e+00 | 4.631e-08 |   3.567e-16 | 1.000e+00 | 8.165e-07
     1 |  2.9462e-13 |   2.323e-25 | 5.986e-10 | 2.026e-07 |   2.946e-13 | 2.917e-07 | 5.683e-08 |   2.967e-25 | 8.317e-10 | 6.523e-07
  SNES converged via DOF-wise criteria:
    DOF 0: REL (rtol) ABS (atol) STOL (stol)
    DOF 1: REL (rtol) ABS (atol) STOL (stol)
    DOF 2: REL (rtol) ABS (atol) STOL (stol)
Increase time step: 3.162e-02 -> 4.217e-02 
  BOUNDS: phi_ice [0.0000, 1.0000]  phi_air [0.0000, 1.0000]
  ===============================================================================
  >>> DOMAIN INTEGRALS (PER TIME STEP)
  ===============================================================================
  -------------------------------------------------------------------------------------------------------------
    STEP |     TIME [s] |    DT [s] |    TOT_ICE |    TOT_AIR |      TEMP |  TOT_RHOV | I-A INTERF | TOTAL_MASS
  -------------------------------------------------------------------------------------------------------------
    21 |  1.26138e-01 | 4.217e-02 |  1.379e-08 |  1.621e-08 | -6.000e-07 | 1.376e-11 |  1.122e-10 |  1.267e-05
       |              |           |    +0.000% |    -0.000% |           |   -0.000% |            |    +0.000%
    SNES DOF norms (2-norm) and ratios
    --------------------------------------------------------------------------------------------------------------------------------------
    it |       fnorm |          n0 |        r0 |        s0 |          n1 |        r1 |        s1 |          n2 |        r2 |        s2
    --------------------------------------------------------------------------------------------------------------------------------------
     0 |  1.0106e-06 |   3.883e-16 | 1.000e+00 | 2.026e-07 |   1.011e-06 | 1.000e+00 | 5.683e-08 |   3.568e-16 | 1.000e+00 | 6.523e-07
     1 |  2.9135e-13 |   2.469e-25 | 6.359e-10 | 2.701e-07 |   2.913e-13 | 2.883e-07 | 6.877e-08 |   6.425e-25 | 1.801e-09 | 7.538e-07
  SNES converged via DOF-wise criteria:
    DOF 0: REL (rtol) ABS (atol) STOL (stol)
    DOF 1: REL (rtol) ABS (atol) STOL (stol)
    DOF 2: REL (rtol) ABS (atol) STOL (stol)
Increase time step: 4.217e-02 -> 5.623e-02 
  BOUNDS: phi_ice [0.0000, 1.0000]  phi_air [0.0000, 1.0000]
  ===============================================================================
  >>> DOMAIN INTEGRALS (PER TIME STEP)
  ===============================================================================
  -------------------------------------------------------------------------------------------------------------
    STEP |     TIME [s] |    DT [s] |    TOT_ICE |    TOT_AIR |      TEMP |  TOT_RHOV | I-A INTERF | TOTAL_MASS
  -------------------------------------------------------------------------------------------------------------
    22 |  1.68307e-01 | 5.623e-02 |  1.379e-08 |  1.621e-08 | -6.000e-07 | 1.376e-11 |  1.122e-10 |  1.267e-05
       |              |           |    +0.000% |    -0.000% |           |   -0.000% |            |    +0.000%
    SNES DOF norms (2-norm) and ratios
    --------------------------------------------------------------------------------------------------------------------------------------
    it |       fnorm |          n0 |        r0 |        s0 |          n1 |        r1 |        s1 |          n2 |        r2 |        s2
    --------------------------------------------------------------------------------------------------------------------------------------
     0 |  1.0112e-06 |   3.886e-16 | 1.000e+00 | 2.701e-07 |   1.011e-06 | 1.000e+00 | 6.877e-08 |   3.570e-16 | 1.000e+00 | 7.538e-07
     1 |  2.9047e-13 |   3.204e-25 | 8.245e-10 | 3.602e-07 |   2.905e-13 | 2.872e-07 | 8.128e-08 |   3.100e-25 | 8.683e-10 | 8.768e-07
  SNES converged via DOF-wise criteria:
    DOF 0: REL (rtol) ABS (atol) STOL (stol)
    DOF 1: REL (rtol) ABS (atol) STOL (stol)
    DOF 2: REL (rtol) ABS (atol) STOL (stol)
Increase time step: 5.623e-02 -> 7.499e-02 
  BOUNDS: phi_ice [0.0000, 1.0000]  phi_air [0.0000, 1.0000]
  ===============================================================================
  >>> DOMAIN INTEGRALS (PER TIME STEP)
  ===============================================================================
  -------------------------------------------------------------------------------------------------------------
    STEP |     TIME [s] |    DT [s] |    TOT_ICE |    TOT_AIR |      TEMP |  TOT_RHOV | I-A INTERF | TOTAL_MASS
  -------------------------------------------------------------------------------------------------------------
    23 |  2.24542e-01 | 7.499e-02 |  1.379e-08 |  1.621e-08 | -6.000e-07 | 1.376e-11 |  1.122e-10 |  1.267e-05
       |              |           |    +0.000% |    -0.000% |           |   -0.001% |            |    +0.000%
    SNES DOF norms (2-norm) and ratios
    --------------------------------------------------------------------------------------------------------------------------------------
    it |       fnorm |          n0 |        r0 |        s0 |          n1 |        r1 |        s1 |          n2 |        r2 |        s2
    --------------------------------------------------------------------------------------------------------------------------------------
     0 |  1.0120e-06 |   3.889e-16 | 1.000e+00 | 3.602e-07 |   1.012e-06 | 1.000e+00 | 8.128e-08 |   3.573e-16 | 1.000e+00 | 8.768e-07
     1 |  3.0596e-13 |   4.583e-25 | 1.178e-09 | 4.802e-07 |   3.060e-13 | 3.023e-07 | 9.263e-08 |   3.784e-25 | 1.059e-09 | 9.947e-07
  SNES converged via DOF-wise criteria:
    DOF 0: REL (rtol) ABS (atol) STOL (stol)
    DOF 1: REL (rtol) ABS (atol) STOL (stol)
    DOF 2: REL (rtol) ABS (atol) STOL (stol)
Increase time step: 7.499e-02 -> 1.000e-01 
  BOUNDS: phi_ice [0.0000, 1.0000]  phi_air [0.0000, 1.0000]
  ===============================================================================
  >>> DOMAIN INTEGRALS (PER TIME STEP)
  ===============================================================================
  -------------------------------------------------------------------------------------------------------------
    STEP |     TIME [s] |    DT [s] |    TOT_ICE |    TOT_AIR |      TEMP |  TOT_RHOV | I-A INTERF | TOTAL_MASS
  -------------------------------------------------------------------------------------------------------------
    24 |  2.99531e-01 | 1.000e-01 |  1.379e-08 |  1.621e-08 | -6.000e-07 | 1.376e-11 |  1.122e-10 |  1.267e-05
       |              |           |    +0.000% |    -0.000% |           |   -0.001% |            |    +0.000%
    SNES DOF norms (2-norm) and ratios
    --------------------------------------------------------------------------------------------------------------------------------------
    it |       fnorm |          n0 |        r0 |        s0 |          n1 |        r1 |        s1 |          n2 |        r2 |        s2
    --------------------------------------------------------------------------------------------------------------------------------------
     0 |  1.0129e-06 |   3.893e-16 | 1.000e+00 | 4.802e-07 |   1.013e-06 | 1.000e+00 | 9.263e-08 |   3.576e-16 | 1.000e+00 | 9.947e-07
     1 |  3.0142e-13 |   6.544e-25 | 1.681e-09 | 6.403e-07 |   3.014e-13 | 2.976e-07 | 1.003e-07 |   4.704e-25 | 1.315e-09 | 1.078e-06
  SNES converged via DOF-wise criteria:
    DOF 0: REL (rtol) ABS (atol) STOL (stol)
    DOF 1: REL (rtol) ABS (atol) STOL (stol)
    DOF 2: REL (rtol) ABS (atol)
Increase time step: 1.000e-01 -> 1.334e-01 
  BOUNDS: phi_ice [0.0000, 1.0000]  phi_air [0.0000, 1.0000]
  ===============================================================================
  >>> DOMAIN INTEGRALS (PER TIME STEP)
  ===============================================================================
  -------------------------------------------------------------------------------------------------------------
    STEP |     TIME [s] |    DT [s] |    TOT_ICE |    TOT_AIR |      TEMP |  TOT_RHOV | I-A INTERF | TOTAL_MASS
  -------------------------------------------------------------------------------------------------------------
    25 |  3.99531e-01 | 1.334e-01 |  1.379e-08 |  1.621e-08 | -6.000e-07 | 1.376e-11 |  1.122e-10 |  1.267e-05
       |              |           |    +0.000% |    -0.000% |           |   -0.001% |            |    +0.000%
    SNES DOF norms (2-norm) and ratios
    --------------------------------------------------------------------------------------------------------------------------------------
    it |       fnorm |          n0 |        r0 |        s0 |          n1 |        r1 |        s1 |          n2 |        r2 |        s2
    --------------------------------------------------------------------------------------------------------------------------------------
     0 |  1.0139e-06 |   3.897e-16 | 1.000e+00 | 6.403e-07 |   1.014e-06 | 1.000e+00 | 1.003e-07 |   3.580e-16 | 1.000e+00 | 1.078e-06
     1 |  2.9609e-13 |   8.802e-25 | 2.259e-09 | 8.536e-07 |   2.961e-13 | 2.920e-07 | 1.015e-07 |   2.292e-24 | 6.402e-09 | 1.090e-06
  SNES converged via DOF-wise criteria:
    DOF 0: REL (rtol) ABS (atol) STOL (stol)
    DOF 1: REL (rtol) ABS (atol) STOL (stol)
    DOF 2: REL (rtol) ABS (atol)
Increase time step: 1.334e-01 -> 1.778e-01 
  BOUNDS: phi_ice [0.0000, 1.0000]  phi_air [0.0000, 1.0000]
  ===============================================================================
  >>> DOMAIN INTEGRALS (PER TIME STEP)
  ===============================================================================
  -------------------------------------------------------------------------------------------------------------
    STEP |     TIME [s] |    DT [s] |    TOT_ICE |    TOT_AIR |      TEMP |  TOT_RHOV | I-A INTERF | TOTAL_MASS
  -------------------------------------------------------------------------------------------------------------
    26 |  5.32883e-01 | 1.778e-01 |  1.379e-08 |  1.621e-08 | -6.000e-07 | 1.376e-11 |  1.122e-10 |  1.267e-05
       |              |           |    +0.000% |    -0.000% |           |   -0.001% |            |    +0.000%
    SNES DOF norms (2-norm) and ratios
    --------------------------------------------------------------------------------------------------------------------------------------
    it |       fnorm |          n0 |        r0 |        s0 |          n1 |        r1 |        s1 |          n2 |        r2 |        s2
    --------------------------------------------------------------------------------------------------------------------------------------
     0 |  1.0151e-06 |   3.902e-16 | 1.000e+00 | 8.536e-07 |   1.015e-06 | 1.000e+00 | 1.015e-07 |   3.584e-16 | 1.000e+00 | 1.090e-06
     1 |  3.0285e-13 |   1.083e-24 | 2.775e-09 | 1.138e-06 |   3.029e-13 | 2.984e-07 | 9.363e-08 |   1.930e-24 | 5.386e-09 | 1.006e-06
  SNES converged via DOF-wise criteria:
    DOF 0: REL (rtol) ABS (atol)
    DOF 1: REL (rtol) ABS (atol) STOL (stol)
    DOF 2: REL (rtol) ABS (atol)
Increase time step: 1.778e-01 -> 2.371e-01 
  BOUNDS: phi_ice [0.0000, 1.0000]  phi_air [0.0000, 1.0000]
  ===============================================================================
  >>> DOMAIN INTEGRALS (PER TIME STEP)
  ===============================================================================
  -------------------------------------------------------------------------------------------------------------
    STEP |     TIME [s] |    DT [s] |    TOT_ICE |    TOT_AIR |      TEMP |  TOT_RHOV | I-A INTERF | TOTAL_MASS
  -------------------------------------------------------------------------------------------------------------
    27 |  7.10711e-01 | 2.371e-01 |  1.379e-08 |  1.621e-08 | -6.000e-07 | 1.376e-11 |  1.122e-10 |  1.267e-05
       |              |           |    +0.000% |    -0.000% |           |   -0.001% |            |    +0.000%
    SNES DOF norms (2-norm) and ratios
    --------------------------------------------------------------------------------------------------------------------------------------
    it |       fnorm |          n0 |        r0 |        s0 |          n1 |        r1 |        s1 |          n2 |        r2 |        s2
    --------------------------------------------------------------------------------------------------------------------------------------
     0 |  1.0161e-06 |   3.906e-16 | 1.000e+00 | 1.138e-06 |   1.016e-06 | 1.000e+00 | 9.363e-08 |   3.587e-16 | 1.000e+00 | 1.006e-06
     1 |  2.9679e-13 |   1.177e-24 | 3.014e-09 | 1.517e-06 |   2.968e-13 | 2.921e-07 | 7.645e-08 |   8.312e-25 | 2.317e-09 | 8.207e-07
  SNES converged via DOF-wise criteria:
    DOF 0: REL (rtol) ABS (atol)
    DOF 1: REL (rtol) ABS (atol) STOL (stol)
    DOF 2: REL (rtol) ABS (atol) STOL (stol)
Increase time step: 2.371e-01 -> 3.162e-01 
  BOUNDS: phi_ice [0.0000, 1.0000]  phi_air [0.0000, 1.0000]
  ===============================================================================
  >>> DOMAIN INTEGRALS (PER TIME STEP)
  ===============================================================================
  -------------------------------------------------------------------------------------------------------------
    STEP |     TIME [s] |    DT [s] |    TOT_ICE |    TOT_AIR |      TEMP |  TOT_RHOV | I-A INTERF | TOTAL_MASS
  -------------------------------------------------------------------------------------------------------------
    28 |  9.47848e-01 | 3.162e-01 |  1.379e-08 |  1.621e-08 | -6.000e-07 | 1.376e-11 |  1.122e-10 |  1.267e-05
       |              |           |    +0.000% |    -0.000% |           |   -0.001% |            |    +0.000%
    SNES DOF norms (2-norm) and ratios
    --------------------------------------------------------------------------------------------------------------------------------------
    it |       fnorm |          n0 |        r0 |        s0 |          n1 |        r1 |        s1 |          n2 |        r2 |        s2
    --------------------------------------------------------------------------------------------------------------------------------------
     0 |  1.0170e-06 |   3.910e-16 | 1.000e+00 | 1.517e-06 |   1.017e-06 | 1.000e+00 | 7.645e-08 |   3.590e-16 | 1.000e+00 | 8.207e-07
     1 |  2.9686e-13 |   1.080e-24 | 2.763e-09 | 2.022e-06 |   2.969e-13 | 2.919e-07 | 5.284e-08 |   1.014e-23 | 2.824e-08 | 5.667e-07
  SNES converged via DOF-wise criteria:
    DOF 0: REL (rtol) ABS (atol)
    DOF 1: REL (rtol) ABS (atol) STOL (stol)
    DOF 2: REL (rtol) ABS (atol) STOL (stol)
Increase time step: 3.162e-01 -> 4.217e-01 
  BOUNDS: phi_ice [0.0000, 1.0000]  phi_air [0.0000, 1.0000]
  ===============================================================================
  >>> DOMAIN INTEGRALS (PER TIME STEP)
  ===============================================================================
  -------------------------------------------------------------------------------------------------------------
    STEP |     TIME [s] |    DT [s] |    TOT_ICE |    TOT_AIR |      TEMP |  TOT_RHOV | I-A INTERF | TOTAL_MASS
  -------------------------------------------------------------------------------------------------------------
    29 |  1.26408e+00 | 4.217e-01 |  1.379e-08 |  1.621e-08 | -6.000e-07 | 1.376e-11 |  1.122e-10 |  1.267e-05
       |              |           |    +0.000% |    -0.000% |           |   -0.001% |            |    +0.000%
    SNES DOF norms (2-norm) and ratios
    --------------------------------------------------------------------------------------------------------------------------------------
    it |       fnorm |          n0 |        r0 |        s0 |          n1 |        r1 |        s1 |          n2 |        r2 |        s2
    --------------------------------------------------------------------------------------------------------------------------------------
     0 |  1.0175e-06 |   3.912e-16 | 1.000e+00 | 2.022e-06 |   1.018e-06 | 1.000e+00 | 5.284e-08 |   3.592e-16 | 1.000e+00 | 5.667e-07
     1 |  3.0114e-13 |   7.854e-25 | 2.008e-09 | 2.696e-06 |   3.011e-13 | 2.960e-07 | 2.893e-08 |   1.940e-23 | 5.401e-08 | 3.093e-07
  SNES converged via DOF-wise criteria:
    DOF 0: REL (rtol) ABS (atol)
    DOF 1: REL (rtol) ABS (atol) STOL (stol)
    DOF 2: REL (rtol) ABS (atol) STOL (stol)
Increase time step: 4.217e-01 -> 5.623e-01 
  BOUNDS: phi_ice [0.0000, 1.0000]  phi_air [0.0000, 1.0000]
  ===============================================================================
  >>> DOMAIN INTEGRALS (PER TIME STEP)
  ===============================================================================
  -------------------------------------------------------------------------------------------------------------
    STEP |     TIME [s] |    DT [s] |    TOT_ICE |    TOT_AIR |      TEMP |  TOT_RHOV | I-A INTERF | TOTAL_MASS
  -------------------------------------------------------------------------------------------------------------
    30 |  1.68577e+00 | 5.623e-01 |  1.379e-08 |  1.621e-08 | -6.000e-07 | 1.376e-11 |  1.122e-10 |  1.267e-05
       |              |           |    +0.000% |    -0.000% |           |   -0.001% |            |    +0.000%
    SNES DOF norms (2-norm) and ratios
    --------------------------------------------------------------------------------------------------------------------------------------
    it |       fnorm |          n0 |        r0 |        s0 |          n1 |        r1 |        s1 |          n2 |        r2 |        s2
    --------------------------------------------------------------------------------------------------------------------------------------
     0 |  1.0177e-06 |   3.913e-16 | 1.000e+00 | 2.696e-06 |   1.018e-06 | 1.000e+00 | 2.893e-08 |   3.593e-16 | 1.000e+00 | 3.093e-07
     1 |  2.9566e-13 |   4.609e-25 | 1.178e-09 | 3.593e-06 |   2.957e-13 | 2.905e-07 | 1.116e-08 |   5.145e-24 | 1.432e-08 | 1.180e-07
  SNES converged via DOF-wise criteria:
    DOF 0: REL (rtol) ABS (atol)
    DOF 1: REL (rtol) ABS (atol) STOL (stol)
    DOF 2: REL (rtol) ABS (atol) STOL (stol)
Increase time step: 5.623e-01 -> 7.499e-01 
  BOUNDS: phi_ice [0.0000, 1.0000]  phi_air [0.0000, 1.0000]
  ===============================================================================
  >>> DOMAIN INTEGRALS (PER TIME STEP)
  ===============================================================================
  -------------------------------------------------------------------------------------------------------------
    STEP |     TIME [s] |    DT [s] |    TOT_ICE |    TOT_AIR |      TEMP |  TOT_RHOV | I-A INTERF | TOTAL_MASS
  -------------------------------------------------------------------------------------------------------------
    31 |  2.24811e+00 | 7.499e-01 |  1.379e-08 |  1.621e-08 | -6.000e-07 | 1.376e-11 |  1.122e-10 |  1.267e-05
       |              |           |    +0.000% |    -0.000% |           |   -0.001% |            |    +0.000%
    SNES DOF norms (2-norm) and ratios
    --------------------------------------------------------------------------------------------------------------------------------------
    it |       fnorm |          n0 |        r0 |        s0 |          n1 |        r1 |        s1 |          n2 |        r2 |        s2
    --------------------------------------------------------------------------------------------------------------------------------------
     0 |  1.0175e-06 |   3.912e-16 | 1.000e+00 | 3.593e-06 |   1.017e-06 | 1.000e+00 | 1.116e-08 |   3.592e-16 | 1.000e+00 | 1.180e-07
     1 |  2.9732e-13 |   5.215e-25 | 1.333e-09 | 4.788e-06 |   2.973e-13 | 2.922e-07 | 2.277e-09 |   1.397e-23 | 3.890e-08 | 2.371e-08
  SNES converged via DOF-wise criteria:
    DOF 0: REL (rtol) ABS (atol)
    DOF 1: REL (rtol) ABS (atol) STOL (stol)
    DOF 2: REL (rtol) ABS (atol) STOL (stol)
Increase time step: 7.499e-01 -> 1.000e+00 
  BOUNDS: phi_ice [0.0000, 1.0000]  phi_air [0.0000, 1.0000]
  ===============================================================================
  >>> DOMAIN INTEGRALS (PER TIME STEP)
  ===============================================================================
  -------------------------------------------------------------------------------------------------------------
    STEP |     TIME [s] |    DT [s] |    TOT_ICE |    TOT_AIR |      TEMP |  TOT_RHOV | I-A INTERF | TOTAL_MASS
  -------------------------------------------------------------------------------------------------------------
    32 |  2.99801e+00 | 1.000e+00 |  1.379e-08 |  1.621e-08 | -6.000e-07 | 1.376e-11 |  1.122e-10 |  1.267e-05
       |              |           |    +0.000% |    -0.000% |           |   -0.001% |            |    +0.000%
    SNES DOF norms (2-norm) and ratios
    --------------------------------------------------------------------------------------------------------------------------------------
    it |       fnorm |          n0 |        r0 |        s0 |          n1 |        r1 |        s1 |          n2 |        r2 |        s2
    --------------------------------------------------------------------------------------------------------------------------------------
     0 |  1.0171e-06 |   3.911e-16 | 1.000e+00 | 4.788e-06 |   1.017e-06 | 1.000e+00 | 2.277e-09 |   3.591e-16 | 1.000e+00 | 2.371e-08
     1 |  2.9684e-13 |   9.429e-25 | 2.411e-09 | 6.379e-06 |   2.968e-13 | 2.919e-07 | 5.498e-11 |   8.568e-24 | 2.386e-08 | 1.377e-08
  SNES converged via DOF-wise criteria:
    DOF 0: REL (rtol) ABS (atol)
    DOF 1: REL (rtol) ABS (atol) STOL (stol)
    DOF 2: REL (rtol) ABS (atol) STOL (stol)
Increase time step: 1.000e+00 -> 1.334e+00 
  BOUNDS: phi_ice [0.0000, 1.0000]  phi_air [0.0000, 1.0000]
  ===============================================================================
  >>> DOMAIN INTEGRALS (PER TIME STEP)
  ===============================================================================
  -------------------------------------------------------------------------------------------------------------
    STEP |     TIME [s] |    DT [s] |    TOT_ICE |    TOT_AIR |      TEMP |  TOT_RHOV | I-A INTERF | TOTAL_MASS
  -------------------------------------------------------------------------------------------------------------
    33 |  3.99801e+00 | 1.334e+00 |  1.379e-08 |  1.621e-08 | -6.000e-07 | 1.376e-11 |  1.122e-10 |  1.267e-05
       |              |           |    +0.000% |    -0.000% |           |   -0.001% |            |    +0.000%
    SNES DOF norms (2-norm) and ratios
    --------------------------------------------------------------------------------------------------------------------------------------
    it |       fnorm |          n0 |        r0 |        s0 |          n1 |        r1 |        s1 |          n2 |        r2 |        s2
    --------------------------------------------------------------------------------------------------------------------------------------
     0 |  1.0164e-06 |   3.908e-16 | 1.000e+00 | 6.379e-06 |   1.016e-06 | 1.000e+00 | 5.498e-11 |   3.588e-16 | 1.000e+00 | 1.377e-08
     1 |  3.0400e-13 |   1.673e-24 | 4.281e-09 | 8.497e-06 |   3.040e-13 | 2.991e-07 | 5.707e-11 |   1.499e-23 | 4.178e-08 | 1.830e-08
  SNES converged via DOF-wise criteria:
    DOF 0: REL (rtol) ABS (atol)
    DOF 1: REL (rtol) ABS (atol) STOL (stol)
    DOF 2: REL (rtol) ABS (atol) STOL (stol)
Increase time step: 1.334e+00 -> 1.778e+00 
  BOUNDS: phi_ice [0.0000, 1.0000]  phi_air [0.0000, 1.0000]
  ===============================================================================
  >>> DOMAIN INTEGRALS (PER TIME STEP)
  ===============================================================================
  -------------------------------------------------------------------------------------------------------------
    STEP |     TIME [s] |    DT [s] |    TOT_ICE |    TOT_AIR |      TEMP |  TOT_RHOV | I-A INTERF | TOTAL_MASS
  -------------------------------------------------------------------------------------------------------------
    34 |  5.33153e+00 | 1.778e+00 |  1.379e-08 |  1.621e-08 | -6.000e-07 | 1.376e-11 |  1.122e-10 |  1.267e-05
       |              |           |    +0.000% |    -0.000% |           |   -0.001% |            |    +0.000%
    SNES DOF norms (2-norm) and ratios
    --------------------------------------------------------------------------------------------------------------------------------------
    it |       fnorm |          n0 |        r0 |        s0 |          n1 |        r1 |        s1 |          n2 |        r2 |        s2
    --------------------------------------------------------------------------------------------------------------------------------------
     0 |  1.0156e-06 |   3.905e-16 | 1.000e+00 | 8.497e-06 |   1.016e-06 | 1.000e+00 | 5.707e-11 |   3.585e-16 | 1.000e+00 | 1.830e-08
     1 |  3.1486e-13 |   2.965e-24 | 7.592e-09 | 1.131e-05 |   3.149e-13 | 3.100e-07 | 5.828e-13 |   2.840e-23 | 7.921e-08 | 2.408e-08
  SNES converged via DOF-wise criteria:
    DOF 0: REL (rtol) ABS (atol)
    DOF 1: REL (rtol) ABS (atol) STOL (stol)
    DOF 2: REL (rtol) ABS (atol) STOL (stol)
Increase time step: 1.778e+00 -> 2.371e+00 
  BOUNDS: phi_ice [0.0000, 1.0000]  phi_air [0.0000, 1.0000]
  ===============================================================================
  >>> DOMAIN INTEGRALS (PER TIME STEP)
  ===============================================================================
  -------------------------------------------------------------------------------------------------------------
    STEP |     TIME [s] |    DT [s] |    TOT_ICE |    TOT_AIR |      TEMP |  TOT_RHOV | I-A INTERF | TOTAL_MASS
  -------------------------------------------------------------------------------------------------------------
    35 |  7.10981e+00 | 2.371e+00 |  1.379e-08 |  1.621e-08 | -6.000e-07 | 1.376e-11 |  1.122e-10 |  1.267e-05
       |              |           |    +0.000% |    -0.000% |           |   -0.001% |            |    +0.000%
    SNES DOF norms (2-norm) and ratios
    --------------------------------------------------------------------------------------------------------------------------------------
    it |       fnorm |          n0 |        r0 |        s0 |          n1 |        r1 |        s1 |          n2 |        r2 |        s2
    --------------------------------------------------------------------------------------------------------------------------------------
     0 |  1.0145e-06 |   3.901e-16 | 1.000e+00 | 1.131e-05 |   1.014e-06 | 1.000e+00 | 5.828e-13 |   3.581e-16 | 1.000e+00 | 2.408e-08
     1 |  3.2592e-13 |   5.255e-24 | 1.347e-08 | 1.505e-05 |   3.259e-13 | 3.213e-07 | 2.469e-11 |   4.479e-23 | 1.251e-07 | 3.214e-08
  SNES converged via DOF-wise criteria:
    DOF 0: REL (rtol) ABS (atol)
    DOF 1: REL (rtol) ABS (atol) STOL (stol)
    DOF 2: REL (rtol) ABS (atol) STOL (stol)
Increase time step: 2.371e+00 -> 3.162e+00 
  BOUNDS: phi_ice [0.0000, 1.0000]  phi_air [0.0000, 1.0000]
  ===============================================================================
  >>> DOMAIN INTEGRALS (PER TIME STEP)
  ===============================================================================
  -------------------------------------------------------------------------------------------------------------
    STEP |     TIME [s] |    DT [s] |    TOT_ICE |    TOT_AIR |      TEMP |  TOT_RHOV | I-A INTERF | TOTAL_MASS
  -------------------------------------------------------------------------------------------------------------
    36 |  9.48118e+00 | 3.162e+00 |  1.379e-08 |  1.621e-08 | -6.000e-07 | 1.376e-11 |  1.122e-10 |  1.267e-05
       |              |           |    +0.000% |    -0.000% |           |   -0.001% |            |    +0.000%
    SNES DOF norms (2-norm) and ratios
    --------------------------------------------------------------------------------------------------------------------------------------
    it |       fnorm |          n0 |        r0 |        s0 |          n1 |        r1 |        s1 |          n2 |        r2 |        s2
    --------------------------------------------------------------------------------------------------------------------------------------
     0 |  1.0130e-06 |   3.895e-16 | 1.000e+00 | 1.505e-05 |   1.013e-06 | 1.000e+00 | 2.469e-11 |   3.576e-16 | 1.000e+00 | 3.214e-08
     1 |  3.7914e-13 |   9.299e-24 | 2.388e-08 | 2.002e-05 |   3.791e-13 | 3.743e-07 | 8.403e-13 |   7.990e-23 | 2.234e-07 | 4.275e-08
  SNES converged via DOF-wise criteria:
    DOF 0: REL (rtol) ABS (atol)
    DOF 1: REL (rtol) ABS (atol) STOL (stol)
    DOF 2: REL (rtol) ABS (atol) STOL (stol)
Increase time step: 3.162e+00 -> 4.217e+00 
  BOUNDS: phi_ice [0.0000, 1.0000]  phi_air [0.0000, 1.0000]
  ===============================================================================
  >>> DOMAIN INTEGRALS (PER TIME STEP)
  ===============================================================================
  -------------------------------------------------------------------------------------------------------------
    STEP |     TIME [s] |    DT [s] |    TOT_ICE |    TOT_AIR |      TEMP |  TOT_RHOV | I-A INTERF | TOTAL_MASS
  -------------------------------------------------------------------------------------------------------------
    37 |  1.26435e+01 | 4.217e+00 |  1.379e-08 |  1.621e-08 | -6.000e-07 | 1.376e-11 |  1.122e-10 |  1.267e-05
       |              |           |    +0.000% |    -0.000% |           |   -0.001% |            |    +0.000%
    SNES DOF norms (2-norm) and ratios
    --------------------------------------------------------------------------------------------------------------------------------------
    it |       fnorm |          n0 |        r0 |        s0 |          n1 |        r1 |        s1 |          n2 |        r2 |        s2
    --------------------------------------------------------------------------------------------------------------------------------------
     0 |  1.0110e-06 |   3.887e-16 | 1.000e+00 | 2.002e-05 |   1.011e-06 | 1.000e+00 | 8.403e-13 |   3.569e-16 | 1.000e+00 | 4.275e-08
     1 |  4.7573e-13 |   1.643e-23 | 4.227e-08 | 2.659e-05 |   4.757e-13 | 4.706e-07 | 1.115e-12 |   1.394e-22 | 3.905e-07 | 5.681e-08
  SNES converged via DOF-wise criteria:
    DOF 0: REL (rtol) ABS (atol)
    DOF 1: REL (rtol) ABS (atol) STOL (stol)
    DOF 2: REL (rtol) ABS (atol) STOL (stol)
Increase time step: 4.217e+00 -> 5.623e+00 
  BOUNDS: phi_ice [0.0000, 1.0000]  phi_air [0.0000, 1.0000]
  ===============================================================================
  >>> DOMAIN INTEGRALS (PER TIME STEP)
  ===============================================================================
  -------------------------------------------------------------------------------------------------------------
    STEP |     TIME [s] |    DT [s] |    TOT_ICE |    TOT_AIR |      TEMP |  TOT_RHOV | I-A INTERF | TOTAL_MASS
  -------------------------------------------------------------------------------------------------------------
    38 |  1.68604e+01 | 5.623e+00 |  1.379e-08 |  1.621e-08 | -6.000e-07 | 1.376e-11 |  1.122e-10 |  1.267e-05
       |              |           |    +0.000% |    -0.000% |           |   -0.001% |            |    +0.000%
    SNES DOF norms (2-norm) and ratios
    --------------------------------------------------------------------------------------------------------------------------------------
    it |       fnorm |          n0 |        r0 |        s0 |          n1 |        r1 |        s1 |          n2 |        r2 |        s2
    --------------------------------------------------------------------------------------------------------------------------------------
     0 |  1.0084e-06 |   3.877e-16 | 1.000e+00 | 2.659e-05 |   1.008e-06 | 1.000e+00 | 1.115e-12 |   3.560e-16 | 1.000e+00 | 5.681e-08
     1 |  6.9517e-13 |   2.897e-23 | 7.472e-08 | 3.528e-05 |   6.952e-13 | 6.894e-07 | 1.484e-12 |   2.448e-22 | 6.876e-07 | 7.539e-08
  SNES converged via DOF-wise criteria:
    DOF 0: REL (rtol) ABS (atol)
    DOF 1: REL (rtol) ABS (atol) STOL (stol)
    DOF 2: REL (rtol) ABS (atol) STOL (stol)
Increase time step: 5.623e+00 -> 7.499e+00 
  BOUNDS: phi_ice [0.0000, 1.0000]  phi_air [0.0000, 1.0000]
  ===============================================================================
  >>> DOMAIN INTEGRALS (PER TIME STEP)
  ===============================================================================
  -------------------------------------------------------------------------------------------------------------
    STEP |     TIME [s] |    DT [s] |    TOT_ICE |    TOT_AIR |      TEMP |  TOT_RHOV | I-A INTERF | TOTAL_MASS
  -------------------------------------------------------------------------------------------------------------
    39 |  2.24838e+01 | 7.499e+00 |  1.379e-08 |  1.621e-08 | -6.000e-07 | 1.376e-11 |  1.122e-10 |  1.267e-05
       |              |           |    +0.000% |    -0.000% |           |   -0.001% |            |    +0.000%
    SNES DOF norms (2-norm) and ratios
    --------------------------------------------------------------------------------------------------------------------------------------
    it |       fnorm |          n0 |        r0 |        s0 |          n1 |        r1 |        s1 |          n2 |        r2 |        s2
    --------------------------------------------------------------------------------------------------------------------------------------
     0 |  1.0049e-06 |   3.864e-16 | 1.000e+00 | 3.528e-05 |   1.005e-06 | 1.000e+00 | 1.484e-12 |   3.548e-16 | 1.000e+00 | 7.539e-08
     1 |  1.1411e-12 |   5.094e-23 | 1.318e-07 | 4.673e-05 |   1.141e-12 | 1.136e-06 | 1.947e-12 |   4.301e-22 | 1.212e-06 | 9.989e-08
  SNES converged via DOF-wise criteria:
    DOF 0: REL (rtol) ABS (atol)
    DOF 1: ABS (atol) STOL (stol)
    DOF 2: ABS (atol) STOL (stol)
Increase time step: 7.499e+00 -> 1.000e+01 
  BOUNDS: phi_ice [0.0000, 1.0000]  phi_air [0.0000, 1.0000]
  ===============================================================================
  >>> DOMAIN INTEGRALS (PER TIME STEP)
  ===============================================================================
  -------------------------------------------------------------------------------------------------------------
    STEP |     TIME [s] |    DT [s] |    TOT_ICE |    TOT_AIR |      TEMP |  TOT_RHOV | I-A INTERF | TOTAL_MASS
  -------------------------------------------------------------------------------------------------------------
    40 |  2.99828e+01 | 1.000e+01 |  1.379e-08 |  1.621e-08 | -6.000e-07 | 1.376e-11 |  1.122e-10 |  1.267e-05
       |              |           |    +0.000% |    -0.000% |           |   -0.001% |            |    +0.000%
    SNES DOF norms (2-norm) and ratios
    --------------------------------------------------------------------------------------------------------------------------------------
    it |       fnorm |          n0 |        r0 |        s0 |          n1 |        r1 |        s1 |          n2 |        r2 |        s2
    --------------------------------------------------------------------------------------------------------------------------------------
     0 |  1.0003e-06 |   3.846e-16 | 1.000e+00 | 4.673e-05 |   1.000e-06 | 1.000e+00 | 1.947e-12 |   3.531e-16 | 1.000e+00 | 9.989e-08
     1 |  1.9422e-12 |   8.922e-23 | 2.320e-07 | 6.175e-05 |   1.942e-12 | 1.942e-06 | 2.597e-12 |   7.544e-22 | 2.136e-06 | 1.321e-07
  SNES converged via DOF-wise criteria:
    DOF 0: REL (rtol) ABS (atol)
    DOF 1: ABS (atol) STOL (stol)
    DOF 2: ABS (atol) STOL (stol)
Increase time step: 1.000e+01 -> 1.334e+01 
  BOUNDS: phi_ice [0.0000, 1.0000]  phi_air [0.0000, 1.0000]
  ===============================================================================
  >>> DOMAIN INTEGRALS (PER TIME STEP)
  ===============================================================================
  -------------------------------------------------------------------------------------------------------------
    STEP |     TIME [s] |    DT [s] |    TOT_ICE |    TOT_AIR |      TEMP |  TOT_RHOV | I-A INTERF | TOTAL_MASS
  -------------------------------------------------------------------------------------------------------------
    41 |  3.99828e+01 | 1.334e+01 |  1.379e-08 |  1.621e-08 | -6.000e-07 | 1.376e-11 |  1.122e-10 |  1.267e-05
       |              |           |    +0.000% |    -0.000% |           |   -0.001% |            |    +0.000%
    SNES DOF norms (2-norm) and ratios
    --------------------------------------------------------------------------------------------------------------------------------------
    it |       fnorm |          n0 |        r0 |        s0 |          n1 |        r1 |        s1 |          n2 |        r2 |        s2
    --------------------------------------------------------------------------------------------------------------------------------------
     0 |  9.9423e-07 |   3.823e-16 | 1.000e+00 | 6.175e-05 |   9.942e-07 | 1.000e+00 | 2.597e-12 |   3.510e-16 | 1.000e+00 | 1.321e-07
     1 |  3.3609e-12 |   1.555e-22 | 4.067e-07 | 8.137e-05 |   3.361e-12 | 3.380e-06 | 3.411e-12 |   1.317e-21 | 3.752e-06 | 1.741e-07
  SNES converged via DOF-wise criteria:
    DOF 0: REL (rtol) ABS (atol)
    DOF 1: ABS (atol) STOL (stol)
    DOF 2: ABS (atol) STOL (stol)
Increase time step: 1.334e+01 -> 1.778e+01 
  BOUNDS: phi_ice [0.0000, 1.0000]  phi_air [0.0000, 1.0000]
  ===============================================================================
  >>> DOMAIN INTEGRALS (PER TIME STEP)
  ===============================================================================
  -------------------------------------------------------------------------------------------------------------
    STEP |     TIME [s] |    DT [s] |    TOT_ICE |    TOT_AIR |      TEMP |  TOT_RHOV | I-A INTERF | TOTAL_MASS
  -------------------------------------------------------------------------------------------------------------
    42 |  5.33180e+01 | 1.778e+01 |  1.379e-08 |  1.621e-08 | -6.000e-07 | 1.376e-11 |  1.122e-10 |  1.267e-05
       |              |           |    +0.000% |    -0.000% |           |   -0.001% |            |    +0.000%
    SNES DOF norms (2-norm) and ratios
    --------------------------------------------------------------------------------------------------------------------------------------
    it |       fnorm |          n0 |        r0 |        s0 |          n1 |        r1 |        s1 |          n2 |        r2 |        s2
    --------------------------------------------------------------------------------------------------------------------------------------
     0 |  9.8631e-07 |   3.792e-16 | 1.000e+00 | 8.137e-05 |   9.863e-07 | 1.000e+00 | 3.411e-12 |   3.482e-16 | 1.000e+00 | 1.741e-07
     1 |  5.7908e-12 |   2.692e-22 | 7.099e-07 | 1.068e-04 |   5.791e-12 | 5.871e-06 | 4.486e-12 |   2.281e-21 | 6.550e-06 | 2.287e-07
  SNES converged via DOF-wise criteria:
    DOF 0: REL (rtol) ABS (atol)
    DOF 1: ABS (atol) STOL (stol)
    DOF 2: ABS (atol) STOL (stol)
Increase time step: 1.778e+01 -> 2.371e+01 
  BOUNDS: phi_ice [0.0000, 1.0000]  phi_air [0.0000, 1.0000]
  ===============================================================================
  >>> DOMAIN INTEGRALS (PER TIME STEP)
  ===============================================================================
  -------------------------------------------------------------------------------------------------------------
    STEP |     TIME [s] |    DT [s] |    TOT_ICE |    TOT_AIR |      TEMP |  TOT_RHOV | I-A INTERF | TOTAL_MASS
  -------------------------------------------------------------------------------------------------------------
    43 |  7.11008e+01 | 2.371e+01 |  1.379e-08 |  1.621e-08 | -6.000e-07 | 1.376e-11 |  1.122e-10 |  1.267e-05
       |              |           |    +0.000% |    -0.000% |           |   -0.001% |            |    +0.000%
    SNES DOF norms (2-norm) and ratios
    --------------------------------------------------------------------------------------------------------------------------------------
    it |       fnorm |          n0 |        r0 |        s0 |          n1 |        r1 |        s1 |          n2 |        r2 |        s2
    --------------------------------------------------------------------------------------------------------------------------------------
     0 |  9.7599e-07 |   3.753e-16 | 1.000e+00 | 1.068e-04 |   9.760e-07 | 1.000e+00 | 4.486e-12 |   3.446e-16 | 1.000e+00 | 2.287e-07
     1 |  9.8991e-12 |   4.621e-22 | 1.231e-06 | 1.394e-04 |   9.899e-12 | 1.014e-05 | 5.859e-12 |   3.912e-21 | 1.135e-05 | 2.989e-07
  SNES converged via DOF-wise criteria:
    DOF 0: ABS (atol)
    DOF 1: ABS (atol) STOL (stol)
    DOF 2: ABS (atol) STOL (stol)
Increase time step: 2.371e+01 -> 3.162e+01 
  BOUNDS: phi_ice [0.0000, 1.0000]  phi_air [0.0000, 1.0000]
  ===============================================================================
  >>> DOMAIN INTEGRALS (PER TIME STEP)
  ===============================================================================
  -------------------------------------------------------------------------------------------------------------
    STEP |     TIME [s] |    DT [s] |    TOT_ICE |    TOT_AIR |      TEMP |  TOT_RHOV | I-A INTERF | TOTAL_MASS
  -------------------------------------------------------------------------------------------------------------
    44 |  9.48145e+01 | 3.162e+01 |  1.379e-08 |  1.621e-08 | -6.000e-07 | 1.376e-11 |  1.122e-10 |  1.267e-05
       |              |           |    +0.000% |    -0.000% |           |   -0.001% |            |    +0.000%
    SNES DOF norms (2-norm) and ratios
    --------------------------------------------------------------------------------------------------------------------------------------
    it |       fnorm |          n0 |        r0 |        s0 |          n1 |        r1 |        s1 |          n2 |        r2 |        s2
    --------------------------------------------------------------------------------------------------------------------------------------
     0 |  9.6266e-07 |   3.701e-16 | 1.000e+00 | 1.394e-04 |   9.627e-07 | 1.000e+00 | 5.859e-12 |   3.399e-16 | 1.000e+00 | 2.989e-07
     1 |  1.6737e-11 |   7.839e-22 | 2.118e-06 | 1.808e-04 |   1.674e-11 | 1.739e-05 | 7.608e-12 |   6.637e-21 | 1.953e-05 | 3.880e-07
  SNES converged via DOF-wise criteria:
    DOF 0: ABS (atol)
    DOF 1: ABS (atol) STOL (stol)
    DOF 2: ABS (atol) STOL (stol)
Increase time step: 3.162e+01 -> 4.217e+01 
  BOUNDS: phi_ice [0.0000, 1.0000]  phi_air [0.0000, 1.0000]
  ===============================================================================
  >>> DOMAIN INTEGRALS (PER TIME STEP)
  ===============================================================================
  -------------------------------------------------------------------------------------------------------------
    STEP |     TIME [s] |    DT [s] |    TOT_ICE |    TOT_AIR |      TEMP |  TOT_RHOV | I-A INTERF | TOTAL_MASS
  -------------------------------------------------------------------------------------------------------------
    45 |  1.26437e+02 | 4.217e+01 |  1.379e-08 |  1.621e-08 | -6.000e-07 | 1.376e-11 |  1.122e-10 |  1.267e-05
       |              |           |    +0.000% |    -0.000% |           |   -0.001% |            |    +0.000%
    SNES DOF norms (2-norm) and ratios
    --------------------------------------------------------------------------------------------------------------------------------------
    it |       fnorm |          n0 |        r0 |        s0 |          n1 |        r1 |        s1 |          n2 |        r2 |        s2
    --------------------------------------------------------------------------------------------------------------------------------------
     0 |  9.4561e-07 |   3.636e-16 | 1.000e+00 | 1.808e-04 |   9.456e-07 | 1.000e+00 | 7.608e-12 |   3.338e-16 | 1.000e+00 | 3.880e-07
     1 |  2.7888e-11 |   1.310e-21 | 3.603e-06 | 2.323e-04 |   2.789e-11 | 2.949e-05 | 9.798e-12 |   1.109e-20 | 3.323e-05 | 4.994e-07
  SNES converged via DOF-wise criteria:
    DOF 0: ABS (atol)
    DOF 1: ABS (atol) STOL (stol)
    DOF 2: ABS (atol) STOL (stol)
Increase time step: 4.217e+01 -> 5.623e+01 
  BOUNDS: phi_ice [0.0000, 1.0000]  phi_air [0.0000, 1.0000]
  ===============================================================================
  >>> DOMAIN INTEGRALS (PER TIME STEP)
  ===============================================================================
  -------------------------------------------------------------------------------------------------------------
    STEP |     TIME [s] |    DT [s] |    TOT_ICE |    TOT_AIR |      TEMP |  TOT_RHOV | I-A INTERF | TOTAL_MASS
  -------------------------------------------------------------------------------------------------------------
    46 |  1.68607e+02 | 5.623e+01 |  1.379e-08 |  1.621e-08 | -6.000e-07 | 1.376e-11 |  1.122e-10 |  1.267e-05
       |              |           |    +0.000% |    -0.000% |           |   -0.001% |            |    +0.000%
    SNES DOF norms (2-norm) and ratios
    --------------------------------------------------------------------------------------------------------------------------------------
    it |       fnorm |          n0 |        r0 |        s0 |          n1 |        r1 |        s1 |          n2 |        r2 |        s2
    --------------------------------------------------------------------------------------------------------------------------------------
     0 |  9.2413e-07 |   3.553e-16 | 1.000e+00 | 2.323e-04 |   9.241e-07 | 1.000e+00 | 9.798e-12 |   3.263e-16 | 1.000e+00 | 4.994e-07
     1 |  4.5520e-11 |   2.146e-21 | 6.039e-06 | 2.950e-04 |   4.552e-11 | 4.926e-05 | 1.250e-11 |   1.818e-20 | 5.573e-05 | 6.354e-07
  SNES converged via DOF-wise criteria:
    DOF 0: ABS (atol)
    DOF 1: ABS (atol) STOL (stol)
    DOF 2: ABS (atol) STOL (stol)
Increase time step: 5.623e+01 -> 7.499e+01 
  BOUNDS: phi_ice [0.0000, 1.0000]  phi_air [0.0000, 1.0000]
  ===============================================================================
  >>> DOMAIN INTEGRALS (PER TIME STEP)
  ===============================================================================
  -------------------------------------------------------------------------------------------------------------
    STEP |     TIME [s] |    DT [s] |    TOT_ICE |    TOT_AIR |      TEMP |  TOT_RHOV | I-A INTERF | TOTAL_MASS
  -------------------------------------------------------------------------------------------------------------
    47 |  2.24841e+02 | 7.499e+01 |  1.379e-08 |  1.621e-08 | -6.000e-07 | 1.376e-11 |  1.122e-10 |  1.267e-05
       |              |           |    +0.000% |    -0.000% |           |   -0.001% |            |    +0.000%
    SNES DOF norms (2-norm) and ratios
    --------------------------------------------------------------------------------------------------------------------------------------
    it |       fnorm |          n0 |        r0 |        s0 |          n1 |        r1 |        s1 |          n2 |        r2 |        s2
    --------------------------------------------------------------------------------------------------------------------------------------
     0 |  8.9758e-07 |   3.451e-16 | 1.000e+00 | 2.950e-04 |   8.976e-07 | 1.000e+00 | 1.250e-11 |   3.169e-16 | 1.000e+00 | 6.354e-07
     1 |  7.2363e-11 |   3.426e-21 | 9.927e-06 | 3.689e-04 |   7.236e-11 | 8.062e-05 | 1.575e-11 |   2.903e-20 | 9.162e-05 | 7.966e-07
  SNES converged via DOF-wise criteria:
    DOF 0: ABS (atol)
    DOF 1: ABS (atol) STOL (stol)
    DOF 2: ABS (atol) STOL (stol)
Increase time step: 7.499e+01 -> 1.000e+02 
  BOUNDS: phi_ice [0.0000, 1.0000]  phi_air [0.0000, 1.0000]
  ===============================================================================
  >>> DOMAIN INTEGRALS (PER TIME STEP)
  ===============================================================================
  -------------------------------------------------------------------------------------------------------------
    STEP |     TIME [s] |    DT [s] |    TOT_ICE |    TOT_AIR |      TEMP |  TOT_RHOV | I-A INTERF | TOTAL_MASS
  -------------------------------------------------------------------------------------------------------------
    48 |  2.99831e+02 | 1.000e+02 |  1.379e-08 |  1.621e-08 | -6.000e-07 | 1.376e-11 |  1.122e-10 |  1.267e-05
       |              |           |    +0.000% |    -0.000% |           |   -0.001% |            |    +0.000%
    SNES DOF norms (2-norm) and ratios
    --------------------------------------------------------------------------------------------------------------------------------------
    it |       fnorm |          n0 |        r0 |        s0 |          n1 |        r1 |        s1 |          n2 |        r2 |        s2
    --------------------------------------------------------------------------------------------------------------------------------------
     0 |  8.6562e-07 |   3.329e-16 | 1.000e+00 | 3.689e-04 |   8.656e-07 | 1.000e+00 | 1.575e-11 |   3.056e-16 | 1.000e+00 | 7.966e-07
     1 |  1.1113e-10 |   5.293e-21 | 1.590e-05 | 4.524e-04 |   1.111e-10 | 1.284e-04 | 1.959e-11 |   4.480e-20 | 1.466e-04 | 9.797e-07
  SNES converged via DOF-wise criteria:
    DOF 0: ABS (atol)
    DOF 1: ABS (atol) STOL (stol)
    DOF 2: ABS (atol) STOL (stol)
Increase time step: 1.000e+02 -> 1.334e+02 
  BOUNDS: phi_ice [0.0000, 1.0000]  phi_air [0.0000, 1.0000]
  ===============================================================================
  >>> DOMAIN INTEGRALS (PER TIME STEP)
  ===============================================================================
  -------------------------------------------------------------------------------------------------------------
    STEP |     TIME [s] |    DT [s] |    TOT_ICE |    TOT_AIR |      TEMP |  TOT_RHOV | I-A INTERF | TOTAL_MASS
  -------------------------------------------------------------------------------------------------------------
    49 |  3.99831e+02 | 1.334e+02 |  1.379e-08 |  1.621e-08 | -6.000e-07 | 1.376e-11 |  1.122e-10 |  1.267e-05
       |              |           |    +0.000% |    -0.000% |           |   -0.001% |            |    +0.000%
    SNES DOF norms (2-norm) and ratios
    --------------------------------------------------------------------------------------------------------------------------------------
    it |       fnorm |          n0 |        r0 |        s0 |          n1 |        r1 |        s1 |          n2 |        r2 |        s2
    --------------------------------------------------------------------------------------------------------------------------------------
     0 |  8.2851e-07 |   3.186e-16 | 1.000e+00 | 4.524e-04 |   8.285e-07 | 1.000e+00 | 1.959e-11 |   2.926e-16 | 1.000e+00 | 9.797e-07
     1 |  1.6331e-10 |   7.844e-21 | 2.462e-05 | 5.417e-04 |   1.633e-10 | 1.971e-04 | 2.399e-11 |   6.616e-20 | 2.261e-04 | 1.176e-06
  SNES converged via DOF-wise criteria:
    DOF 0: ABS (atol)
    DOF 1: ABS (atol) STOL (stol)
    DOF 2: ABS (atol)
Increase time step: 1.334e+02 -> 1.778e+02 
  BOUNDS: phi_ice [0.0000, 1.0000]  phi_air [0.0000, 1.0000]
  ===============================================================================
  >>> DOMAIN INTEGRALS (PER TIME STEP)
  ===============================================================================
  -------------------------------------------------------------------------------------------------------------
    STEP |     TIME [s] |    DT [s] |    TOT_ICE |    TOT_AIR |      TEMP |  TOT_RHOV | I-A INTERF | TOTAL_MASS
  -------------------------------------------------------------------------------------------------------------
    50 |  5.33183e+02 | 1.778e+02 |  1.379e-08 |  1.621e-08 | -6.000e-07 | 1.376e-11 |  1.122e-10 |  1.267e-05
       |              |           |    +0.000% |    -0.000% |           |   -0.001% |            |    +0.000%
    SNES DOF norms (2-norm) and ratios
    --------------------------------------------------------------------------------------------------------------------------------------
    it |       fnorm |          n0 |        r0 |        s0 |          n1 |        r1 |        s1 |          n2 |        r2 |        s2
    --------------------------------------------------------------------------------------------------------------------------------------
     0 |  7.8742e-07 |   3.028e-16 | 1.000e+00 | 5.417e-04 |   7.874e-07 | 1.000e+00 | 2.399e-11 |   2.781e-16 | 1.000e+00 | 1.176e-06
     1 |  2.2717e-10 |   1.105e-20 | 3.650e-05 | 6.306e-04 |   2.272e-10 | 2.885e-04 | 2.891e-11 |   9.239e-20 | 3.322e-04 | 1.369e-06
  SNES converged via DOF-wise criteria:
    DOF 0: ABS (atol)
    DOF 1: ABS (atol) STOL (stol)
    DOF 2: ABS (atol)
Increase time step: 1.778e+02 -> 2.371e+02 
  BOUNDS: phi_ice [0.0000, 1.0000]  phi_air [0.0000, 1.0000]
  ===============================================================================
  >>> DOMAIN INTEGRALS (PER TIME STEP)
  ===============================================================================
  -------------------------------------------------------------------------------------------------------------
    STEP |     TIME [s] |    DT [s] |    TOT_ICE |    TOT_AIR |      TEMP |  TOT_RHOV | I-A INTERF | TOTAL_MASS
  -------------------------------------------------------------------------------------------------------------
    51 |  7.11011e+02 | 2.371e+02 |  1.379e-08 |  1.621e-08 | -6.000e-07 | 1.376e-11 |  1.122e-10 |  1.267e-05
       |              |           |    +0.000% |    -0.000% |           |   -0.001% |            |    +0.000%
    SNES DOF norms (2-norm) and ratios
    --------------------------------------------------------------------------------------------------------------------------------------
    it |       fnorm |          n0 |        r0 |        s0 |          n1 |        r1 |        s1 |          n2 |        r2 |        s2
    --------------------------------------------------------------------------------------------------------------------------------------
     0 |  7.4471e-07 |   2.864e-16 | 1.000e+00 | 6.306e-04 |   7.447e-07 | 1.000e+00 | 2.891e-11 |   2.630e-16 | 1.000e+00 | 1.369e-06
     1 |  2.9558e-10 |   1.468e-20 | 5.125e-05 | 7.125e-04 |   2.956e-10 | 3.969e-04 | 3.439e-11 |   1.203e-19 | 4.575e-04 | 1.538e-06
  SNES converged via DOF-wise criteria:
    DOF 0: ABS (atol)
    DOF 1: ABS (atol) STOL (stol)
    DOF 2: ABS (atol)
Increase time step: 2.371e+02 -> 3.162e+02 
  BOUNDS: phi_ice [0.0000, 1.0000]  phi_air [0.0000, 1.0000]
  ===============================================================================
  >>> DOMAIN INTEGRALS (PER TIME STEP)
  ===============================================================================
  -------------------------------------------------------------------------------------------------------------
    STEP |     TIME [s] |    DT [s] |    TOT_ICE |    TOT_AIR |      TEMP |  TOT_RHOV | I-A INTERF | TOTAL_MASS
  -------------------------------------------------------------------------------------------------------------
    52 |  9.48148e+02 | 3.162e+02 |  1.379e-08 |  1.621e-08 | -6.000e-07 | 1.376e-11 |  1.122e-10 |  1.267e-05
       |              |           |    +0.000% |    -0.000% |           |   -0.001% |            |    +0.000%
    SNES DOF norms (2-norm) and ratios
    --------------------------------------------------------------------------------------------------------------------------------------
    it |       fnorm |          n0 |        r0 |        s0 |          n1 |        r1 |        s1 |          n2 |        r2 |        s2
    --------------------------------------------------------------------------------------------------------------------------------------
     0 |  7.0372e-07 |   2.706e-16 | 1.000e+00 | 7.125e-04 |   7.037e-07 | 1.000e+00 | 3.439e-11 |   2.486e-16 | 1.000e+00 | 1.538e-06
     1 |  3.5575e-10 |   1.830e-20 | 6.762e-05 | 7.859e-04 |   3.558e-10 | 5.055e-04 | 4.071e-11 |   1.441e-19 | 5.798e-04 | 1.659e-06
  SNES converged via DOF-wise criteria:
    DOF 0: ABS (atol)
    DOF 1: ABS (atol) STOL (stol)
    DOF 2: ABS (atol)
Increase time step: 3.162e+02 -> 4.217e+02 
  BOUNDS: phi_ice [0.0000, 1.0000]  phi_air [0.0000, 1.0000]
  ===============================================================================
  >>> DOMAIN INTEGRALS (PER TIME STEP)
  ===============================================================================
  -------------------------------------------------------------------------------------------------------------
    STEP |     TIME [s] |    DT [s] |    TOT_ICE |    TOT_AIR |      TEMP |  TOT_RHOV | I-A INTERF | TOTAL_MASS
  -------------------------------------------------------------------------------------------------------------
    53 |  1.26438e+03 | 4.217e+02 |  1.379e-08 |  1.621e-08 | -6.000e-07 | 1.376e-11 |  1.122e-10 |  1.267e-05
       |              |           |    +0.000% |    -0.000% |           |   -0.001% |            |    +0.000%
    SNES DOF norms (2-norm) and ratios
    --------------------------------------------------------------------------------------------------------------------------------------
    it |       fnorm |          n0 |        r0 |        s0 |          n1 |        r1 |        s1 |          n2 |        r2 |        s2
    --------------------------------------------------------------------------------------------------------------------------------------
     0 |  6.6773e-07 |   2.568e-16 | 1.000e+00 | 7.859e-04 |   6.677e-07 | 1.000e+00 | 4.071e-11 |   2.358e-16 | 1.000e+00 | 1.659e-06
     1 |  3.9310e-10 |   2.157e-20 | 8.400e-05 | 8.615e-04 |   3.931e-10 | 5.887e-04 | 4.841e-11 |   1.568e-19 | 6.650e-04 | 1.723e-06
  SNES converged via DOF-wise criteria:
    DOF 0: ABS (atol)
    DOF 1: ABS (atol) STOL (stol)
    DOF 2: ABS (atol)
Increase time step: 4.217e+02 -> 5.623e+02 
  BOUNDS: phi_ice [0.0000, 1.0000]  phi_air [0.0000, 1.0000]
  ===============================================================================
  >>> DOMAIN INTEGRALS (PER TIME STEP)
  ===============================================================================
  -------------------------------------------------------------------------------------------------------------
    STEP |     TIME [s] |    DT [s] |    TOT_ICE |    TOT_AIR |      TEMP |  TOT_RHOV | I-A INTERF | TOTAL_MASS
  -------------------------------------------------------------------------------------------------------------
    54 |  1.68607e+03 | 5.623e+02 |  1.379e-08 |  1.621e-08 | -6.000e-07 | 1.376e-11 |  1.121e-10 |  1.267e-05
       |              |           |    +0.000% |    -0.000% |           |   -0.001% |            |    +0.000%
    SNES DOF norms (2-norm) and ratios
    --------------------------------------------------------------------------------------------------------------------------------------
    it |       fnorm |          n0 |        r0 |        s0 |          n1 |        r1 |        s1 |          n2 |        r2 |        s2
    --------------------------------------------------------------------------------------------------------------------------------------
     0 |  6.3832e-07 |   2.455e-16 | 1.000e+00 | 8.615e-04 |   6.383e-07 | 1.000e+00 | 4.841e-11 |   2.254e-16 | 1.000e+00 | 1.723e-06
     1 |  3.9964e-10 |   2.467e-20 | 1.005e-04 | 9.638e-04 |   3.996e-10 | 6.261e-04 | 5.895e-11 |   1.546e-19 | 6.857e-04 | 1.742e-06
  SNES converged via DOF-wise criteria:
    DOF 0: ABS (atol)
    DOF 1: ABS (atol) STOL (stol)
    DOF 2: ABS (atol)
Increase time step: 5.623e+02 -> 7.499e+02 
  BOUNDS: phi_ice [0.0000, 1.0000]  phi_air [0.0000, 1.0000]
  ===============================================================================
  >>> DOMAIN INTEGRALS (PER TIME STEP)
  ===============================================================================
  -------------------------------------------------------------------------------------------------------------
    STEP |     TIME [s] |    DT [s] |    TOT_ICE |    TOT_AIR |      TEMP |  TOT_RHOV | I-A INTERF | TOTAL_MASS
  -------------------------------------------------------------------------------------------------------------
    55 |  2.24841e+03 | 7.499e+02 |  1.379e-08 |  1.621e-08 | -6.000e-07 | 1.376e-11 |  1.121e-10 |  1.267e-05
       |              |           |    +0.000% |    -0.000% |           |   -0.001% |            |    +0.000%
    SNES DOF norms (2-norm) and ratios
    --------------------------------------------------------------------------------------------------------------------------------------
    it |       fnorm |          n0 |        r0 |        s0 |          n1 |        r1 |        s1 |          n2 |        r2 |        s2
    --------------------------------------------------------------------------------------------------------------------------------------
     0 |  6.1439e-07 |   2.362e-16 | 1.000e+00 | 9.638e-04 |   6.144e-07 | 1.000e+00 | 5.895e-11 |   2.170e-16 | 1.000e+00 | 1.742e-06
     1 |  3.8241e-10 |   2.870e-20 | 1.215e-04 | 1.116e-03 |   3.824e-10 | 6.224e-04 | 7.424e-11 |   1.413e-19 | 6.512e-04 | 1.763e-06
  SNES converged via DOF-wise criteria:
    DOF 0: ABS (atol)
    DOF 1: ABS (atol) STOL (stol)
    DOF 2: ABS (atol)
Increase time step: 7.499e+02 -> 1.000e+03 
  BOUNDS: phi_ice [0.0000, 1.0000]  phi_air [0.0000, 1.0000]
  ===============================================================================
  >>> DOMAIN INTEGRALS (PER TIME STEP)
  ===============================================================================
  -------------------------------------------------------------------------------------------------------------
    STEP |     TIME [s] |    DT [s] |    TOT_ICE |    TOT_AIR |      TEMP |  TOT_RHOV | I-A INTERF | TOTAL_MASS
  -------------------------------------------------------------------------------------------------------------
    56 |  2.99831e+03 | 1.000e+03 |  1.379e-08 |  1.621e-08 | -6.000e-07 | 1.376e-11 |  1.121e-10 |  1.267e-05
       |              |           |    +0.000% |    -0.000% |           |   -0.001% |            |    +0.000%
    SNES DOF norms (2-norm) and ratios
    --------------------------------------------------------------------------------------------------------------------------------------
    it |       fnorm |          n0 |        r0 |        s0 |          n1 |        r1 |        s1 |          n2 |        r2 |        s2
    --------------------------------------------------------------------------------------------------------------------------------------
     0 |  5.9306e-07 |   2.280e-16 | 1.000e+00 | 1.116e-03 |   5.931e-07 | 1.000e+00 | 7.424e-11 |   2.094e-16 | 1.000e+00 | 1.763e-06
     1 |  3.6524e-10 |   3.561e-20 | 1.562e-04 | 1.323e-03 |   3.652e-10 | 6.159e-04 | 9.648e-11 |   1.307e-19 | 6.242e-04 | 1.843e-06
  SNES converged via DOF-wise criteria:
    DOF 0: ABS (atol)
    DOF 1: ABS (atol) STOL (stol)
    DOF 2: ABS (atol)
Increase time step: 1.000e+03 -> 1.334e+03 
  BOUNDS: phi_ice [0.0000, 1.0000]  phi_air [0.0000, 1.0000]
  ===============================================================================
  >>> DOMAIN INTEGRALS (PER TIME STEP)
  ===============================================================================
  -------------------------------------------------------------------------------------------------------------
    STEP |     TIME [s] |    DT [s] |    TOT_ICE |    TOT_AIR |      TEMP |  TOT_RHOV | I-A INTERF | TOTAL_MASS
  -------------------------------------------------------------------------------------------------------------
    57 |  3.99831e+03 | 1.334e+03 |  1.379e-08 |  1.621e-08 | -6.000e-07 | 1.376e-11 |  1.120e-10 |  1.267e-05
       |              |           |    +0.000% |    -0.000% |           |   -0.001% |            |    +0.000%
    SNES DOF norms (2-norm) and ratios
    --------------------------------------------------------------------------------------------------------------------------------------
    it |       fnorm |          n0 |        r0 |        s0 |          n1 |        r1 |        s1 |          n2 |        r2 |        s2
    --------------------------------------------------------------------------------------------------------------------------------------
     0 |  5.7191e-07 |   2.199e-16 | 1.000e+00 | 1.323e-03 |   5.719e-07 | 1.000e+00 | 9.648e-11 |   2.019e-16 | 1.000e+00 | 1.843e-06
     1 |  3.7798e-10 |   4.746e-20 | 2.158e-04 | 1.571e-03 |   3.780e-10 | 6.609e-04 | 1.264e-10 |   1.388e-19 | 6.875e-04 | 2.017e-06
  SNES converged via DOF-wise criteria:
    DOF 0: ABS (atol)
    DOF 1: ABS (atol) STOL (stol)
    DOF 2: ABS (atol)
Increase time step: 1.334e+03 -> 1.778e+03 
  BOUNDS: phi_ice [0.0000, 1.0000]  phi_air [0.0000, 1.0000]
  ===============================================================================
  >>> DOMAIN INTEGRALS (PER TIME STEP)
  ===============================================================================
  -------------------------------------------------------------------------------------------------------------
    STEP |     TIME [s] |    DT [s] |    TOT_ICE |    TOT_AIR |      TEMP |  TOT_RHOV | I-A INTERF | TOTAL_MASS
  -------------------------------------------------------------------------------------------------------------
    58 |  5.33183e+03 | 1.778e+03 |  1.379e-08 |  1.621e-08 | -6.000e-07 | 1.376e-11 |  1.119e-10 |  1.267e-05
       |              |           |    +0.000% |    -0.000% |           |   -0.001% |            |    +0.000%
    SNES DOF norms (2-norm) and ratios
    --------------------------------------------------------------------------------------------------------------------------------------
    it |       fnorm |          n0 |        r0 |        s0 |          n1 |        r1 |        s1 |          n2 |        r2 |        s2
    --------------------------------------------------------------------------------------------------------------------------------------
     0 |  5.5020e-07 |   2.115e-16 | 1.000e+00 | 1.571e-03 |   5.502e-07 | 1.000e+00 | 1.264e-10 |   1.943e-16 | 1.000e+00 | 2.017e-06
     1 |  4.3238e-10 |   6.583e-20 | 3.112e-04 | 1.857e-03 |   4.324e-10 | 7.859e-04 | 1.651e-10 |   1.667e-19 | 8.578e-04 | 2.273e-06
  SNES converged via DOF-wise criteria:
    DOF 0: ABS (atol)
    DOF 1: ABS (atol) STOL (stol)
    DOF 2: ABS (atol)
Increase time step: 1.778e+03 -> 2.371e+03 
  BOUNDS: phi_ice [0.0000, 1.0000]  phi_air [0.0000, 1.0000]
  ===============================================================================
  >>> DOMAIN INTEGRALS (PER TIME STEP)
  ===============================================================================
  -------------------------------------------------------------------------------------------------------------
    STEP |     TIME [s] |    DT [s] |    TOT_ICE |    TOT_AIR |      TEMP |  TOT_RHOV | I-A INTERF | TOTAL_MASS
  -------------------------------------------------------------------------------------------------------------
    59 |  7.11011e+03 | 2.371e+03 |  1.379e-08 |  1.621e-08 | -6.000e-07 | 1.376e-11 |  1.118e-10 |  1.267e-05
       |              |           |    +0.000% |    -0.000% |           |   -0.001% |            |    +0.000%
    SNES DOF norms (2-norm) and ratios
    --------------------------------------------------------------------------------------------------------------------------------------
    it |       fnorm |          n0 |        r0 |        s0 |          n1 |        r1 |        s1 |          n2 |        r2 |        s2
    --------------------------------------------------------------------------------------------------------------------------------------
     0 |  5.2811e-07 |   2.030e-16 | 1.000e+00 | 1.857e-03 |   5.281e-07 | 1.000e+00 | 1.651e-10 |   1.865e-16 | 1.000e+00 | 2.273e-06
     1 |  5.1299e-10 |   9.189e-20 | 4.526e-04 | 2.185e-03 |   5.130e-10 | 9.714e-04 | 2.121e-10 |   2.020e-19 | 1.083e-03 | 2.570e-06
  SNES converged via DOF-wise criteria:
    DOF 0: ABS (atol)
    DOF 1: ABS (atol) STOL (stol)
    DOF 2: ABS (atol)
Increase time step: 2.371e+03 -> 3.162e+03 
  BOUNDS: phi_ice [0.0000, 1.0000]  phi_air [0.0000, 1.0000]
  ===============================================================================
  >>> DOMAIN INTEGRALS (PER TIME STEP)
  ===============================================================================
  -------------------------------------------------------------------------------------------------------------
    STEP |     TIME [s] |    DT [s] |    TOT_ICE |    TOT_AIR |      TEMP |  TOT_RHOV | I-A INTERF | TOTAL_MASS
  -------------------------------------------------------------------------------------------------------------
    60 |  9.48148e+03 | 3.162e+03 |  1.379e-08 |  1.621e-08 | -6.000e-07 | 1.376e-11 |  1.116e-10 |  1.267e-05
       |              |           |    +0.000% |    -0.000% |           |   -0.001% |            |    +0.000%
    SNES DOF norms (2-norm) and ratios
    --------------------------------------------------------------------------------------------------------------------------------------
    it |       fnorm |          n0 |        r0 |        s0 |          n1 |        r1 |        s1 |          n2 |        r2 |        s2
    --------------------------------------------------------------------------------------------------------------------------------------
     0 |  5.0569e-07 |   1.944e-16 | 1.000e+00 | 2.185e-03 |   5.057e-07 | 1.000e+00 | 2.121e-10 |   1.786e-16 | 1.000e+00 | 2.570e-06
     1 |  5.9880e-10 |   1.274e-19 | 6.555e-04 | 2.565e-03 |   5.988e-10 | 1.184e-03 | 2.668e-10 |   2.352e-19 | 1.317e-03 | 2.891e-06
  SNES converged via DOF-wise criteria:
    DOF 0: ABS (atol)
    DOF 1: ABS (atol) STOL (stol)
    DOF 2: ABS (atol)
Increase time step: 3.162e+03 -> 4.217e+03 
  BOUNDS: phi_ice [0.0000, 1.0000]  phi_air [0.0000, 1.0000]
  ===============================================================================
  >>> DOMAIN INTEGRALS (PER TIME STEP)
  ===============================================================================
  -------------------------------------------------------------------------------------------------------------
    STEP |     TIME [s] |    DT [s] |    TOT_ICE |    TOT_AIR |      TEMP |  TOT_RHOV | I-A INTERF | TOTAL_MASS
  -------------------------------------------------------------------------------------------------------------
    61 |  1.26438e+04 | 4.217e+03 |  1.379e-08 |  1.621e-08 | -6.000e-07 | 1.376e-11 |  1.114e-10 |  1.267e-05
       |              |           |    +0.000% |    -0.000% |           |   -0.001% |            |    +0.000%
    SNES DOF norms (2-norm) and ratios
    --------------------------------------------------------------------------------------------------------------------------------------
    it |       fnorm |          n0 |        r0 |        s0 |          n1 |        r1 |        s1 |          n2 |        r2 |        s2
    --------------------------------------------------------------------------------------------------------------------------------------
     0 |  4.8258e-07 |   1.855e-16 | 1.000e+00 | 2.565e-03 |   4.826e-07 | 1.000e+00 | 2.668e-10 |   1.704e-16 | 1.000e+00 | 2.891e-06
     1 |  6.8091e-10 |   1.759e-19 | 9.485e-04 | 3.008e-03 |   6.809e-10 | 1.411e-03 | 3.280e-10 |   2.660e-19 | 1.561e-03 | 3.250e-06
  SNES converged via DOF-wise criteria:
    DOF 0: ABS (atol)
    DOF 1: ABS (atol) STOL (stol)
    DOF 2: ABS (atol)
Increase time step: 4.217e+03 -> 5.623e+03 
  BOUNDS: phi_ice [0.0000, 1.0000]  phi_air [0.0000, 1.0000]
  ===============================================================================
  >>> DOMAIN INTEGRALS (PER TIME STEP)
  ===============================================================================
  -------------------------------------------------------------------------------------------------------------
    STEP |     TIME [s] |    DT [s] |    TOT_ICE |    TOT_AIR |      TEMP |  TOT_RHOV | I-A INTERF | TOTAL_MASS
  -------------------------------------------------------------------------------------------------------------
    62 |  1.68607e+04 | 5.623e+03 |  1.379e-08 |  1.621e-08 | -6.000e-07 | 1.376e-11 |  1.111e-10 |  1.267e-05
       |              |           |    +0.000% |    -0.000% |           |   -0.001% |            |    +0.000%
    SNES DOF norms (2-norm) and ratios
    --------------------------------------------------------------------------------------------------------------------------------------
    it |       fnorm |          n0 |        r0 |        s0 |          n1 |        r1 |        s1 |          n2 |        r2 |        s2
    --------------------------------------------------------------------------------------------------------------------------------------
     0 |  4.5839e-07 |   1.761e-16 | 1.000e+00 | 3.008e-03 |   4.584e-07 | 1.000e+00 | 3.280e-10 |   1.619e-16 | 1.000e+00 | 3.250e-06
     1 |  7.6029e-10 |   2.425e-19 | 1.377e-03 | 3.531e-03 |   7.603e-10 | 1.659e-03 | 3.910e-10 |   2.990e-19 | 1.847e-03 | 3.680e-06
  SNES converged via DOF-wise criteria:
    DOF 0: ABS (atol)
    DOF 1: ABS (atol) STOL (stol)
    DOF 2: ABS (atol)
Increase time step: 5.623e+03 -> 7.499e+03 
  BOUNDS: phi_ice [0.0000, 1.0000]  phi_air [0.0000, 1.0000]
  ===============================================================================
  >>> DOMAIN INTEGRALS (PER TIME STEP)
  ===============================================================================
  -------------------------------------------------------------------------------------------------------------
    STEP |     TIME [s] |    DT [s] |    TOT_ICE |    TOT_AIR |      TEMP |  TOT_RHOV | I-A INTERF | TOTAL_MASS
  -------------------------------------------------------------------------------------------------------------
    63 |  2.24841e+04 | 7.499e+03 |  1.379e-08 |  1.621e-08 | -6.000e-07 | 1.376e-11 |  1.108e-10 |  1.267e-05
       |              |           |    +0.000% |    -0.000% |           |   -0.001% |            |    +0.000%
    SNES DOF norms (2-norm) and ratios
    --------------------------------------------------------------------------------------------------------------------------------------
    it |       fnorm |          n0 |        r0 |        s0 |          n1 |        r1 |        s1 |          n2 |        r2 |        s2
    --------------------------------------------------------------------------------------------------------------------------------------
     0 |  4.3300e-07 |   1.663e-16 | 1.000e+00 | 3.531e-03 |   4.330e-07 | 1.000e+00 | 3.910e-10 |   1.529e-16 | 1.000e+00 | 3.680e-06
     1 |  8.4409e-10 |   3.334e-19 | 2.005e-03 | 4.150e-03 |   8.441e-10 | 1.949e-03 | 4.476e-10 |   3.374e-19 | 2.207e-03 | 4.220e-06
  SNES converged via DOF-wise criteria:
    DOF 0: ABS (atol)
    DOF 1: ABS (atol) STOL (stol)
    DOF 2: ABS (atol)
Increase time step: 7.499e+03 -> 1.000e+04 
  BOUNDS: phi_ice [0.0000, 1.0000]  phi_air [0.0000, 1.0000]
  ===============================================================================
  >>> DOMAIN INTEGRALS (PER TIME STEP)
  ===============================================================================
  -------------------------------------------------------------------------------------------------------------
    STEP |     TIME [s] |    DT [s] |    TOT_ICE |    TOT_AIR |      TEMP |  TOT_RHOV | I-A INTERF | TOTAL_MASS
  -------------------------------------------------------------------------------------------------------------
    64 |  2.99831e+04 | 1.000e+04 |  1.379e-08 |  1.621e-08 | -6.000e-07 | 1.376e-11 |  1.103e-10 |  1.267e-05
       |              |           |    +0.000% |    -0.000% |           |   -0.001% |            |    +0.000%
    SNES DOF norms (2-norm) and ratios
    --------------------------------------------------------------------------------------------------------------------------------------
    it |       fnorm |          n0 |        r0 |        s0 |          n1 |        r1 |        s1 |          n2 |        r2 |        s2
    --------------------------------------------------------------------------------------------------------------------------------------
     0 |  4.0655e-07 |   1.561e-16 | 1.000e+00 | 4.150e-03 |   4.065e-07 | 1.000e+00 | 4.476e-10 |   1.436e-16 | 1.000e+00 | 4.220e-06
     1 |  9.4242e-10 |   4.554e-19 | 2.917e-03 | 4.884e-03 |   9.424e-10 | 2.318e-03 | 4.867e-10 |   3.823e-19 | 2.663e-03 | 4.920e-06
  SNES converged via DOF-wise criteria:
    DOF 0: ABS (atol)
    DOF 1: ABS (atol) STOL (stol)
    DOF 2: ABS (atol)
Increase time step: 1.000e+04 -> 1.334e+04 
  BOUNDS: phi_ice [0.0000, 1.0000]  phi_air [0.0000, 1.0000]
  ===============================================================================
  >>> DOMAIN INTEGRALS (PER TIME STEP)
  ===============================================================================
  -------------------------------------------------------------------------------------------------------------
    STEP |     TIME [s] |    DT [s] |    TOT_ICE |    TOT_AIR |      TEMP |  TOT_RHOV | I-A INTERF | TOTAL_MASS
  -------------------------------------------------------------------------------------------------------------
    65 |  3.99831e+04 | 1.334e+04 |  1.379e-08 |  1.621e-08 | -6.000e-07 | 1.376e-11 |  1.098e-10 |  1.267e-05
       |              |           |    +0.000% |    -0.000% |           |   -0.001% |            |    +0.000%
    SNES DOF norms (2-norm) and ratios
    --------------------------------------------------------------------------------------------------------------------------------------
    it |       fnorm |          n0 |        r0 |        s0 |          n1 |        r1 |        s1 |          n2 |        r2 |        s2
    --------------------------------------------------------------------------------------------------------------------------------------
     0 |  3.7929e-07 |   1.456e-16 | 1.000e+00 | 4.884e-03 |   3.793e-07 | 1.000e+00 | 4.867e-10 |   1.339e-16 | 1.000e+00 | 4.920e-06
     1 |  1.4855e-09 |   8.597e-19 | 5.906e-03 | 6.835e-03 |   1.485e-09 | 3.916e-03 | 5.295e-10 |   5.656e-19 | 4.222e-03 | 6.504e-06
  SNES converged via DOF-wise criteria:
    DOF 0: ABS (atol)
    DOF 1: ABS (atol) STOL (stol)
    DOF 2: ABS (atol)
Max dt! can not Increase time step: 1.600e+04 -> 1.600e+04 
  BOUNDS: phi_ice [0.0000, 1.0000]  phi_air [0.0000, 1.0000]
  ===============================================================================
  >>> DOMAIN INTEGRALS (PER TIME STEP)
  ===============================================================================
  -------------------------------------------------------------------------------------------------------------
    STEP |     TIME [s] |    DT [s] |    TOT_ICE |    TOT_AIR |      TEMP |  TOT_RHOV | I-A INTERF | TOTAL_MASS
  -------------------------------------------------------------------------------------------------------------
    66 |  5.59831e+04 | 1.600e+04 |  1.379e-08 |  1.621e-08 | -6.000e-07 | 1.376e-11 |  1.089e-10 |  1.267e-05
       |              |           |    +0.000% |    -0.000% |           |   -0.001% |            |    +0.000%
    SNES DOF norms (2-norm) and ratios
    --------------------------------------------------------------------------------------------------------------------------------------
    it |       fnorm |          n0 |        r0 |        s0 |          n1 |        r1 |        s1 |          n2 |        r2 |        s2
    --------------------------------------------------------------------------------------------------------------------------------------
     0 |  3.4762e-07 |   1.331e-16 | 1.000e+00 | 6.835e-03 |   3.476e-07 | 1.000e+00 | 5.295e-10 |   1.228e-16 | 1.000e+00 | 6.504e-06
     1 |  9.2082e-10 |   6.508e-19 | 4.889e-03 | 6.026e-03 |   9.208e-10 | 2.649e-03 | 4.624e-10 |   4.487e-19 | 3.654e-03 | 7.447e-06
  SNES converged via DOF-wise criteria:
    DOF 0: ABS (atol)
    DOF 1: ABS (atol) STOL (stol)
    DOF 2: ABS (atol)
Max dt! can not Increase time step: 1.600e+04 -> 1.600e+04 
  BOUNDS: phi_ice [0.0000, 1.0000]  phi_air [0.0000, 1.0000]
  ===============================================================================
  >>> DOMAIN INTEGRALS (PER TIME STEP)
  ===============================================================================
  -------------------------------------------------------------------------------------------------------------
    STEP |     TIME [s] |    DT [s] |    TOT_ICE |    TOT_AIR |      TEMP |  TOT_RHOV | I-A INTERF | TOTAL_MASS
  -------------------------------------------------------------------------------------------------------------
    67 |  7.19831e+04 | 1.600e+04 |  1.379e-08 |  1.621e-08 | -6.000e-07 | 1.376e-11 |  1.082e-10 |  1.267e-05
       |              |           |    +0.000% |    -0.000% |           |   -0.001% |            |    +0.000%
    SNES DOF norms (2-norm) and ratios
    --------------------------------------------------------------------------------------------------------------------------------------
    it |       fnorm |          n0 |        r0 |        s0 |          n1 |        r1 |        s1 |          n2 |        r2 |        s2
    --------------------------------------------------------------------------------------------------------------------------------------
     0 |  3.2194e-07 |   1.236e-16 | 1.000e+00 | 6.026e-03 |   3.219e-07 | 1.000e+00 | 4.624e-10 |   1.137e-16 | 1.000e+00 | 7.447e-06
     1 |  6.6762e-10 |   5.032e-19 | 4.071e-03 | 5.463e-03 |   6.676e-10 | 2.074e-03 | 2.517e-10 |   2.621e-19 | 2.305e-03 | 6.495e-06
  SNES converged via DOF-wise criteria:
    DOF 0: ABS (atol)
    DOF 1: ABS (atol) STOL (stol)
    DOF 2: ABS (atol)
Max dt! can not Increase time step: 1.600e+04 -> 1.600e+04 
  BOUNDS: phi_ice [0.0000, 1.0000]  phi_air [0.0000, 1.0000]
  ===============================================================================
  >>> DOMAIN INTEGRALS (PER TIME STEP)
  ===============================================================================
  -------------------------------------------------------------------------------------------------------------
    STEP |     TIME [s] |    DT [s] |    TOT_ICE |    TOT_AIR |      TEMP |  TOT_RHOV | I-A INTERF | TOTAL_MASS
  -------------------------------------------------------------------------------------------------------------
    68 |  8.79831e+04 | 1.600e+04 |  1.379e-08 |  1.621e-08 | -6.000e-07 | 1.376e-11 |  1.076e-10 |  1.267e-05
       |              |           |    +0.000% |    -0.000% |           |   -0.001% |            |    +0.000%
    SNES DOF norms (2-norm) and ratios
    --------------------------------------------------------------------------------------------------------------------------------------
    it |       fnorm |          n0 |        r0 |        s0 |          n1 |        r1 |        s1 |          n2 |        r2 |        s2
    --------------------------------------------------------------------------------------------------------------------------------------
     0 |  3.0266e-07 |   1.162e-16 | 1.000e+00 | 5.463e-03 |   3.027e-07 | 1.000e+00 | 2.517e-10 |   1.069e-16 | 1.000e+00 | 6.495e-06
     1 |  4.9030e-10 |   4.127e-19 | 3.553e-03 | 5.052e-03 |   4.903e-10 | 1.620e-03 | 2.105e-10 |   1.945e-19 | 1.820e-03 | 6.348e-06
  SNES converged via DOF-wise criteria:
    DOF 0: ABS (atol)
    DOF 1: ABS (atol) STOL (stol)
    DOF 2: ABS (atol)
Max dt! can not Increase time step: 1.600e+04 -> 1.600e+04 
  BOUNDS: phi_ice [0.0000, 1.0000]  phi_air [0.0000, 1.0000]
  ===============================================================================
  >>> DOMAIN INTEGRALS (PER TIME STEP)
  ===============================================================================
  -------------------------------------------------------------------------------------------------------------
    STEP |     TIME [s] |    DT [s] |    TOT_ICE |    TOT_AIR |      TEMP |  TOT_RHOV | I-A INTERF | TOTAL_MASS
  -------------------------------------------------------------------------------------------------------------
    69 |  1.03983e+05 | 1.600e+04 |  1.379e-08 |  1.621e-08 | -6.000e-07 | 1.376e-11 |  1.071e-10 |  1.267e-05
       |              |           |    +0.000% |    -0.000% |           |   -0.001% |            |    +0.000%
OUTPUT print!
    SNES DOF norms (2-norm) and ratios
    --------------------------------------------------------------------------------------------------------------------------------------
    it |       fnorm |          n0 |        r0 |        s0 |          n1 |        r1 |        s1 |          n2 |        r2 |        s2
    --------------------------------------------------------------------------------------------------------------------------------------
     0 |  2.8682e-07 |   1.102e-16 | 1.000e+00 | 5.052e-03 |   2.868e-07 | 1.000e+00 | 2.105e-10 |   1.013e-16 | 1.000e+00 | 6.348e-06
     1 |  3.8968e-10 |   3.459e-19 | 3.140e-03 | 4.729e-03 |   3.897e-10 | 1.359e-03 | 1.945e-10 |   1.406e-19 | 1.388e-03 | 6.134e-06
  SNES converged via DOF-wise criteria:
    DOF 0: ABS (atol)
    DOF 1: ABS (atol) STOL (stol)
    DOF 2: ABS (atol)
Max dt! can not Increase time step: 1.600e+04 -> 1.600e+04 
  BOUNDS: phi_ice [0.0000, 1.0000]  phi_air [0.0000, 1.0000]
  ===============================================================================
  >>> DOMAIN INTEGRALS (PER TIME STEP)
  ===============================================================================
  -------------------------------------------------------------------------------------------------------------
    STEP |     TIME [s] |    DT [s] |    TOT_ICE |    TOT_AIR |      TEMP |  TOT_RHOV | I-A INTERF | TOTAL_MASS
  -------------------------------------------------------------------------------------------------------------
    70 |  1.19983e+05 | 1.600e+04 |  1.379e-08 |  1.621e-08 | -6.000e-07 | 1.376e-11 |  1.066e-10 |  1.267e-05
       |              |           |    +0.000% |    -0.000% |           |   -0.001% |            |    +0.000%
    SNES DOF norms (2-norm) and ratios
    --------------------------------------------------------------------------------------------------------------------------------------
    it |       fnorm |          n0 |        r0 |        s0 |          n1 |        r1 |        s1 |          n2 |        r2 |        s2
    --------------------------------------------------------------------------------------------------------------------------------------
     0 |  2.7373e-07 |   1.052e-16 | 1.000e+00 | 4.729e-03 |   2.737e-07 | 1.000e+00 | 1.945e-10 |   9.667e-17 | 1.000e+00 | 6.134e-06
     1 |  3.0966e-10 |   2.975e-19 | 2.829e-03 | 4.467e-03 |   3.097e-10 | 1.131e-03 | 1.969e-10 |   1.083e-19 | 1.120e-03 | 6.021e-06
  SNES converged via DOF-wise criteria:
    DOF 0: ABS (atol)
    DOF 1: ABS (atol) STOL (stol)
    DOF 2: ABS (atol)
Max dt! can not Increase time step: 1.600e+04 -> 1.600e+04 
  BOUNDS: phi_ice [0.0000, 1.0000]  phi_air [0.0000, 1.0000]
  ===============================================================================
  >>> DOMAIN INTEGRALS (PER TIME STEP)
  ===============================================================================
  -------------------------------------------------------------------------------------------------------------
    STEP |     TIME [s] |    DT [s] |    TOT_ICE |    TOT_AIR |      TEMP |  TOT_RHOV | I-A INTERF | TOTAL_MASS
  -------------------------------------------------------------------------------------------------------------
    71 |  1.35983e+05 | 1.600e+04 |  1.379e-08 |  1.621e-08 | -6.000e-07 | 1.376e-11 |  1.062e-10 |  1.267e-05
       |              |           |    +0.000% |    -0.000% |           |   -0.001% |            |    +0.000%
    SNES DOF norms (2-norm) and ratios
    --------------------------------------------------------------------------------------------------------------------------------------
    it |       fnorm |          n0 |        r0 |        s0 |          n1 |        r1 |        s1 |          n2 |        r2 |        s2
    --------------------------------------------------------------------------------------------------------------------------------------
     0 |  2.6255e-07 |   1.009e-16 | 1.000e+00 | 4.467e-03 |   2.625e-07 | 1.000e+00 | 1.969e-10 |   9.271e-17 | 1.000e+00 | 6.021e-06
     1 |  2.5537e-10 |   2.599e-19 | 2.576e-03 | 4.248e-03 |   2.554e-10 | 9.727e-04 | 2.076e-10 |   8.420e-20 | 9.081e-04 | 5.931e-06
  SNES converged via DOF-wise criteria:
    DOF 0: ABS (atol)
    DOF 1: ABS (atol) STOL (stol)
    DOF 2: ABS (atol)
Max dt! can not Increase time step: 1.600e+04 -> 1.600e+04 
  BOUNDS: phi_ice [0.0000, 1.0000]  phi_air [0.0000, 1.0000]
  ===============================================================================
  >>> DOMAIN INTEGRALS (PER TIME STEP)
  ===============================================================================
  -------------------------------------------------------------------------------------------------------------
    STEP |     TIME [s] |    DT [s] |    TOT_ICE |    TOT_AIR |      TEMP |  TOT_RHOV | I-A INTERF | TOTAL_MASS
  -------------------------------------------------------------------------------------------------------------
    72 |  1.51983e+05 | 1.600e+04 |  1.379e-08 |  1.621e-08 | -6.000e-07 | 1.376e-11 |  1.058e-10 |  1.267e-05
       |              |           |    +0.000% |    -0.000% |           |   -0.001% |            |    +0.000%
    SNES DOF norms (2-norm) and ratios
    --------------------------------------------------------------------------------------------------------------------------------------
    it |       fnorm |          n0 |        r0 |        s0 |          n1 |        r1 |        s1 |          n2 |        r2 |        s2
    --------------------------------------------------------------------------------------------------------------------------------------
     0 |  2.5287e-07 |   9.718e-17 | 1.000e+00 | 4.248e-03 |   2.529e-07 | 1.000e+00 | 2.076e-10 |   8.930e-17 | 1.000e+00 | 5.931e-06
     1 |  2.1172e-10 |   2.306e-19 | 2.372e-03 | 4.061e-03 |   2.117e-10 | 8.373e-04 | 2.082e-10 |   6.734e-20 | 7.541e-04 | 6.290e-06
  SNES converged via DOF-wise criteria:
    DOF 0: ABS (atol)
    DOF 1: ABS (atol) STOL (stol)
    DOF 2: ABS (atol)
Max dt! can not Increase time step: 1.600e+04 -> 1.600e+04 
  BOUNDS: phi_ice [0.0000, 1.0000]  phi_air [0.0000, 1.0000]
  ===============================================================================
  >>> DOMAIN INTEGRALS (PER TIME STEP)
  ===============================================================================
  -------------------------------------------------------------------------------------------------------------
    STEP |     TIME [s] |    DT [s] |    TOT_ICE |    TOT_AIR |      TEMP |  TOT_RHOV | I-A INTERF | TOTAL_MASS
  -------------------------------------------------------------------------------------------------------------
    73 |  1.67983e+05 | 1.600e+04 |  1.379e-08 |  1.621e-08 | -6.000e-07 | 1.376e-11 |  1.055e-10 |  1.267e-05
       |              |           |    +0.000% |    -0.000% |           |   -0.001% |            |    +0.000%
    SNES DOF norms (2-norm) and ratios
    --------------------------------------------------------------------------------------------------------------------------------------
    it |       fnorm |          n0 |        r0 |        s0 |          n1 |        r1 |        s1 |          n2 |        r2 |        s2
    --------------------------------------------------------------------------------------------------------------------------------------
     0 |  2.4434e-07 |   9.392e-17 | 1.000e+00 | 4.061e-03 |   2.443e-07 | 1.000e+00 | 2.082e-10 |   8.628e-17 | 1.000e+00 | 6.290e-06
     1 |  1.7887e-10 |   2.068e-19 | 2.202e-03 | 3.898e-03 |   1.789e-10 | 7.320e-04 | 2.173e-10 |   5.462e-20 | 6.331e-04 | 6.397e-06
  SNES converged via DOF-wise criteria:
    DOF 0: ABS (atol)
    DOF 1: ABS (atol) STOL (stol)
    DOF 2: ABS (atol)
Max dt! can not Increase time step: 1.600e+04 -> 1.600e+04 
  BOUNDS: phi_ice [0.0000, 1.0000]  phi_air [0.0000, 1.0000]
  ===============================================================================
  >>> DOMAIN INTEGRALS (PER TIME STEP)
  ===============================================================================
  -------------------------------------------------------------------------------------------------------------
    STEP |     TIME [s] |    DT [s] |    TOT_ICE |    TOT_AIR |      TEMP |  TOT_RHOV | I-A INTERF | TOTAL_MASS
  -------------------------------------------------------------------------------------------------------------
    74 |  1.83983e+05 | 1.600e+04 |  1.379e-08 |  1.621e-08 | -6.000e-07 | 1.376e-11 |  1.053e-10 |  1.267e-05
       |              |           |    +0.000% |    -0.000% |           |   -0.001% |            |    +0.000%
    SNES DOF norms (2-norm) and ratios
    --------------------------------------------------------------------------------------------------------------------------------------
    it |       fnorm |          n0 |        r0 |        s0 |          n1 |        r1 |        s1 |          n2 |        r2 |        s2
    --------------------------------------------------------------------------------------------------------------------------------------
     0 |  2.3675e-07 |   9.101e-17 | 1.000e+00 | 3.898e-03 |   2.367e-07 | 1.000e+00 | 2.173e-10 |   8.360e-17 | 1.000e+00 | 6.397e-06
     1 |  1.5223e-10 |   1.874e-19 | 2.059e-03 | 3.755e-03 |   1.522e-10 | 6.430e-04 | 2.010e-10 |   4.508e-20 | 5.392e-04 | 5.634e-06
  SNES converged via DOF-wise criteria:
    DOF 0: ABS (atol)
    DOF 1: ABS (atol) STOL (stol)
    DOF 2: ABS (atol)
Max dt! can not Increase time step: 1.600e+04 -> 1.600e+04 
  BOUNDS: phi_ice [0.0000, 1.0000]  phi_air [0.0000, 1.0000]
  ===============================================================================
  >>> DOMAIN INTEGRALS (PER TIME STEP)
  ===============================================================================
  -------------------------------------------------------------------------------------------------------------
    STEP |     TIME [s] |    DT [s] |    TOT_ICE |    TOT_AIR |      TEMP |  TOT_RHOV | I-A INTERF | TOTAL_MASS
  -------------------------------------------------------------------------------------------------------------
    75 |  1.99983e+05 | 1.600e+04 |  1.379e-08 |  1.621e-08 | -6.000e-07 | 1.376e-11 |  1.050e-10 |  1.267e-05
       |              |           |    +0.000% |    -0.000% |           |   -0.001% |            |    +0.000%
OUTPUT print!
    SNES DOF norms (2-norm) and ratios
    --------------------------------------------------------------------------------------------------------------------------------------
    it |       fnorm |          n0 |        r0 |        s0 |          n1 |        r1 |        s1 |          n2 |        r2 |        s2
    --------------------------------------------------------------------------------------------------------------------------------------
     0 |  2.2990e-07 |   8.838e-17 | 1.000e+00 | 3.755e-03 |   2.299e-07 | 1.000e+00 | 2.010e-10 |   8.118e-17 | 1.000e+00 | 5.634e-06
     1 |  1.3104e-10 |   1.711e-19 | 1.936e-03 | 3.627e-03 |   1.310e-10 | 5.700e-04 | 2.032e-10 |   3.769e-20 | 4.642e-04 | 5.024e-06
  SNES converged via DOF-wise criteria:
    DOF 0: ABS (atol)
    DOF 1: ABS (atol) STOL (stol)
    DOF 2: ABS (atol)
Max dt! can not Increase time step: 1.600e+04 -> 1.600e+04 
  BOUNDS: phi_ice [0.0000, 1.0000]  phi_air [0.0000, 1.0000]
  ===============================================================================
  >>> DOMAIN INTEGRALS (PER TIME STEP)
  ===============================================================================
  -------------------------------------------------------------------------------------------------------------
    STEP |     TIME [s] |    DT [s] |    TOT_ICE |    TOT_AIR |      TEMP |  TOT_RHOV | I-A INTERF | TOTAL_MASS
  -------------------------------------------------------------------------------------------------------------
    76 |  2.15983e+05 | 1.600e+04 |  1.379e-08 |  1.621e-08 | -6.000e-07 | 1.376e-11 |  1.048e-10 |  1.267e-05
       |              |           |    +0.000% |    -0.000% |           |   -0.001% |            |    +0.000%
    SNES DOF norms (2-norm) and ratios
    --------------------------------------------------------------------------------------------------------------------------------------
    it |       fnorm |          n0 |        r0 |        s0 |          n1 |        r1 |        s1 |          n2 |        r2 |        s2
    --------------------------------------------------------------------------------------------------------------------------------------
     0 |  2.2368e-07 |   8.599e-17 | 1.000e+00 | 3.627e-03 |   2.237e-07 | 1.000e+00 | 2.032e-10 |   7.898e-17 | 1.000e+00 | 5.024e-06
     1 |  1.1363e-10 |   1.573e-19 | 1.829e-03 | 3.512e-03 |   1.136e-10 | 5.080e-04 | 1.951e-10 |   3.191e-20 | 4.040e-04 | 4.253e-06
  SNES converged via DOF-wise criteria:
    DOF 0: ABS (atol)
    DOF 1: ABS (atol) STOL (stol)
    DOF 2: ABS (atol)
Max dt! can not Increase time step: 1.600e+04 -> 1.600e+04 
  BOUNDS: phi_ice [0.0000, 1.0000]  phi_air [0.0000, 1.0000]
  ===============================================================================
  >>> DOMAIN INTEGRALS (PER TIME STEP)
  ===============================================================================
  -------------------------------------------------------------------------------------------------------------
    STEP |     TIME [s] |    DT [s] |    TOT_ICE |    TOT_AIR |      TEMP |  TOT_RHOV | I-A INTERF | TOTAL_MASS
  -------------------------------------------------------------------------------------------------------------
    77 |  2.31983e+05 | 1.600e+04 |  1.379e-08 |  1.621e-08 | -6.000e-07 | 1.376e-11 |  1.046e-10 |  1.267e-05
       |              |           |    +0.000% |    -0.000% |           |   -0.001% |            |    +0.000%
    SNES DOF norms (2-norm) and ratios
    --------------------------------------------------------------------------------------------------------------------------------------
    it |       fnorm |          n0 |        r0 |        s0 |          n1 |        r1 |        s1 |          n2 |        r2 |        s2
    --------------------------------------------------------------------------------------------------------------------------------------
     0 |  2.1798e-07 |   8.380e-17 | 1.000e+00 | 3.512e-03 |   2.180e-07 | 1.000e+00 | 1.951e-10 |   7.697e-17 | 1.000e+00 | 4.253e-06
     1 |  9.9320e-11 |   1.454e-19 | 1.735e-03 | 3.407e-03 |   9.932e-11 | 4.556e-04 | 1.841e-10 |   2.732e-20 | 3.549e-04 | 3.569e-06
  SNES converged via DOF-wise criteria:
    DOF 0: ABS (atol)
    DOF 1: ABS (atol) STOL (stol)
    DOF 2: ABS (atol)
Max dt! can not Increase time step: 1.600e+04 -> 1.600e+04 
  BOUNDS: phi_ice [0.0000, 1.0000]  phi_air [0.0000, 1.0000]
  ===============================================================================
  >>> DOMAIN INTEGRALS (PER TIME STEP)
  ===============================================================================
  -------------------------------------------------------------------------------------------------------------
    STEP |     TIME [s] |    DT [s] |    TOT_ICE |    TOT_AIR |      TEMP |  TOT_RHOV | I-A INTERF | TOTAL_MASS
  -------------------------------------------------------------------------------------------------------------
    78 |  2.47983e+05 | 1.600e+04 |  1.379e-08 |  1.621e-08 | -6.000e-07 | 1.376e-11 |  1.044e-10 |  1.267e-05
       |              |           |    +0.000% |    -0.000% |           |   -0.001% |            |    +0.000%
    SNES DOF norms (2-norm) and ratios
    --------------------------------------------------------------------------------------------------------------------------------------
    it |       fnorm |          n0 |        r0 |        s0 |          n1 |        r1 |        s1 |          n2 |        r2 |        s2
    --------------------------------------------------------------------------------------------------------------------------------------
     0 |  2.1271e-07 |   8.178e-17 | 1.000e+00 | 3.407e-03 |   2.127e-07 | 1.000e+00 | 1.841e-10 |   7.511e-17 | 1.000e+00 | 3.569e-06
     1 |  8.7401e-11 |   1.351e-19 | 1.652e-03 | 3.311e-03 |   8.740e-11 | 4.109e-04 | 1.825e-10 |   2.362e-20 | 3.145e-04 | 2.978e-06
  SNES converged via DOF-wise criteria:
    DOF 0: ABS (atol)
    DOF 1: ABS (atol) STOL (stol)
    DOF 2: ABS (atol)
Max dt! can not Increase time step: 1.600e+04 -> 1.600e+04 
  BOUNDS: phi_ice [0.0000, 1.0000]  phi_air [0.0000, 1.0000]
  ===============================================================================
  >>> DOMAIN INTEGRALS (PER TIME STEP)
  ===============================================================================
  -------------------------------------------------------------------------------------------------------------
    STEP |     TIME [s] |    DT [s] |    TOT_ICE |    TOT_AIR |      TEMP |  TOT_RHOV | I-A INTERF | TOTAL_MASS
  -------------------------------------------------------------------------------------------------------------
    79 |  2.63983e+05 | 1.600e+04 |  1.379e-08 |  1.621e-08 | -6.000e-07 | 1.376e-11 |  1.042e-10 |  1.267e-05
       |              |           |    +0.000% |    -0.000% |           |   -0.001% |            |    +0.000%
    SNES DOF norms (2-norm) and ratios
    --------------------------------------------------------------------------------------------------------------------------------------
    it |       fnorm |          n0 |        r0 |        s0 |          n1 |        r1 |        s1 |          n2 |        r2 |        s2
    --------------------------------------------------------------------------------------------------------------------------------------
     0 |  2.0783e-07 |   7.991e-17 | 1.000e+00 | 3.311e-03 |   2.078e-07 | 1.000e+00 | 1.825e-10 |   7.338e-17 | 1.000e+00 | 2.978e-06
     1 |  7.7379e-11 |   1.261e-19 | 1.578e-03 | 3.223e-03 |   7.738e-11 | 3.723e-04 | 1.687e-10 |   2.062e-20 | 2.809e-04 | 2.462e-06
  SNES converged via DOF-wise criteria:
    DOF 0: ABS (atol)
    DOF 1: ABS (atol) STOL (stol)
    DOF 2: ABS (atol)
Max dt! can not Increase time step: 1.600e+04 -> 1.600e+04 
  BOUNDS: phi_ice [0.0000, 1.0000]  phi_air [0.0000, 1.0000]
  ===============================================================================
  >>> DOMAIN INTEGRALS (PER TIME STEP)
  ===============================================================================
  -------------------------------------------------------------------------------------------------------------
    STEP |     TIME [s] |    DT [s] |    TOT_ICE |    TOT_AIR |      TEMP |  TOT_RHOV | I-A INTERF | TOTAL_MASS
  -------------------------------------------------------------------------------------------------------------
    80 |  2.79983e+05 | 1.600e+04 |  1.379e-08 |  1.621e-08 | -6.000e-07 | 1.376e-11 |  1.041e-10 |  1.267e-05
       |              |           |    +0.000% |    -0.000% |           |   -0.001% |            |    +0.000%
    SNES DOF norms (2-norm) and ratios
    --------------------------------------------------------------------------------------------------------------------------------------
    it |       fnorm |          n0 |        r0 |        s0 |          n1 |        r1 |        s1 |          n2 |        r2 |        s2
    --------------------------------------------------------------------------------------------------------------------------------------
     0 |  2.0327e-07 |   7.816e-17 | 1.000e+00 | 3.223e-03 |   2.033e-07 | 1.000e+00 | 1.687e-10 |   7.177e-17 | 1.000e+00 | 2.462e-06
     1 |  6.8917e-11 |   1.181e-19 | 1.512e-03 | 3.141e-03 |   6.892e-11 | 3.390e-04 | 1.661e-10 |   1.814e-20 | 2.528e-04 | 2.021e-06
  SNES converged via DOF-wise criteria:
    DOF 0: ABS (atol)
    DOF 1: ABS (atol) STOL (stol)
    DOF 2: ABS (atol)
Max dt! can not Increase time step: 1.600e+04 -> 1.600e+04 
  BOUNDS: phi_ice [0.0000, 1.0000]  phi_air [0.0000, 1.0000]
  ===============================================================================
  >>> DOMAIN INTEGRALS (PER TIME STEP)
  ===============================================================================
  -------------------------------------------------------------------------------------------------------------
    STEP |     TIME [s] |    DT [s] |    TOT_ICE |    TOT_AIR |      TEMP |  TOT_RHOV | I-A INTERF | TOTAL_MASS
  -------------------------------------------------------------------------------------------------------------
    81 |  2.95983e+05 | 1.600e+04 |  1.379e-08 |  1.621e-08 | -6.000e-07 | 1.376e-11 |  1.039e-10 |  1.267e-05
       |              |           |    +0.000% |    -0.000% |           |   -0.001% |            |    +0.000%
OUTPUT print!
    SNES DOF norms (2-norm) and ratios
    --------------------------------------------------------------------------------------------------------------------------------------
    it |       fnorm |          n0 |        r0 |        s0 |          n1 |        r1 |        s1 |          n2 |        r2 |        s2
    --------------------------------------------------------------------------------------------------------------------------------------
     0 |  1.9900e-07 |   7.651e-17 | 1.000e+00 | 3.141e-03 |   1.990e-07 | 1.000e+00 | 1.661e-10 |   7.026e-17 | 1.000e+00 | 2.021e-06
     1 |  6.1677e-11 |   1.110e-19 | 1.451e-03 | 3.065e-03 |   6.168e-11 | 3.099e-04 | 1.559e-10 |   1.608e-20 | 2.289e-04 | 1.671e-06
  SNES converged via DOF-wise criteria:
    DOF 0: ABS (atol)
    DOF 1: ABS (atol) STOL (stol)
    DOF 2: ABS (atol)
Max dt! can not Increase time step: 1.600e+04 -> 1.600e+04 
  BOUNDS: phi_ice [0.0000, 1.0000]  phi_air [0.0000, 1.0000]
  ===============================================================================
  >>> DOMAIN INTEGRALS (PER TIME STEP)
  ===============================================================================
  -------------------------------------------------------------------------------------------------------------
    STEP |     TIME [s] |    DT [s] |    TOT_ICE |    TOT_AIR |      TEMP |  TOT_RHOV | I-A INTERF | TOTAL_MASS
  -------------------------------------------------------------------------------------------------------------
    82 |  3.11983e+05 | 1.600e+04 |  1.379e-08 |  1.621e-08 | -6.000e-07 | 1.376e-11 |  1.038e-10 |  1.267e-05
       |              |           |    +0.000% |    -0.000% |           |   -0.001% |            |    +0.000%
    SNES DOF norms (2-norm) and ratios
    --------------------------------------------------------------------------------------------------------------------------------------
    it |       fnorm |          n0 |        r0 |        s0 |          n1 |        r1 |        s1 |          n2 |        r2 |        s2
    --------------------------------------------------------------------------------------------------------------------------------------
     0 |  1.9497e-07 |   7.497e-17 | 1.000e+00 | 3.065e-03 |   1.950e-07 | 1.000e+00 | 1.559e-10 |   6.884e-17 | 1.000e+00 | 1.671e-06
     1 |  5.5471e-11 |   1.047e-19 | 1.396e-03 | 2.994e-03 |   5.547e-11 | 2.845e-04 | 1.493e-10 |   1.435e-20 | 2.085e-04 | 1.367e-06
  SNES converged via DOF-wise criteria:
    DOF 0: ABS (atol)
    DOF 1: ABS (atol) STOL (stol)
    DOF 2: ABS (atol)
Max dt! can not Increase time step: 1.600e+04 -> 1.600e+04 
  BOUNDS: phi_ice [0.0000, 1.0000]  phi_air [0.0000, 1.0000]
  ===============================================================================
  >>> DOMAIN INTEGRALS (PER TIME STEP)
  ===============================================================================
  -------------------------------------------------------------------------------------------------------------
    STEP |     TIME [s] |    DT [s] |    TOT_ICE |    TOT_AIR |      TEMP |  TOT_RHOV | I-A INTERF | TOTAL_MASS
  -------------------------------------------------------------------------------------------------------------
    83 |  3.27983e+05 | 1.600e+04 |  1.379e-08 |  1.621e-08 | -6.000e-07 | 1.376e-11 |  1.037e-10 |  1.267e-05
       |              |           |    +0.000% |    -0.000% |           |   -0.001% |            |    +0.000%
    SNES DOF norms (2-norm) and ratios
    --------------------------------------------------------------------------------------------------------------------------------------
    it |       fnorm |          n0 |        r0 |        s0 |          n1 |        r1 |        s1 |          n2 |        r2 |        s2
    --------------------------------------------------------------------------------------------------------------------------------------
     0 |  1.9117e-07 |   7.351e-17 | 1.000e+00 | 2.994e-03 |   1.912e-07 | 1.000e+00 | 1.493e-10 |   6.750e-17 | 1.000e+00 | 1.367e-06
     1 |  5.0109e-11 |   9.894e-20 | 1.346e-03 | 2.927e-03 |   5.011e-11 | 2.621e-04 | 1.437e-10 |   1.289e-20 | 1.910e-04 | 1.133e-06
  SNES converged via DOF-wise criteria:
    DOF 0: ABS (atol)
    DOF 1: ABS (atol) STOL (stol)
    DOF 2: ABS (atol)
Max dt! can not Increase time step: 1.600e+04 -> 1.600e+04 
  BOUNDS: phi_ice [0.0000, 1.0000]  phi_air [0.0000, 1.0000]
  ===============================================================================
  >>> DOMAIN INTEGRALS (PER TIME STEP)
  ===============================================================================
  -------------------------------------------------------------------------------------------------------------
    STEP |     TIME [s] |    DT [s] |    TOT_ICE |    TOT_AIR |      TEMP |  TOT_RHOV | I-A INTERF | TOTAL_MASS
  -------------------------------------------------------------------------------------------------------------
    84 |  3.43983e+05 | 1.600e+04 |  1.379e-08 |  1.621e-08 | -6.000e-07 | 1.376e-11 |  1.036e-10 |  1.267e-05
       |              |           |    +0.000% |    -0.000% |           |   -0.001% |            |    +0.000%
    SNES DOF norms (2-norm) and ratios
    --------------------------------------------------------------------------------------------------------------------------------------
    it |       fnorm |          n0 |        r0 |        s0 |          n1 |        r1 |        s1 |          n2 |        r2 |        s2
    --------------------------------------------------------------------------------------------------------------------------------------
     0 |  1.8757e-07 |   7.212e-17 | 1.000e+00 | 2.927e-03 |   1.876e-07 | 1.000e+00 | 1.437e-10 |   6.623e-17 | 1.000e+00 | 1.133e-06
     1 |  4.5441e-11 |   9.374e-20 | 1.300e-03 | 2.864e-03 |   4.544e-11 | 2.423e-04 | 1.363e-10 |   1.164e-20 | 1.758e-04 | 9.338e-07
  SNES converged via DOF-wise criteria:
    DOF 0: ABS (atol)
    DOF 1: ABS (atol) STOL (stol)
    DOF 2: ABS (atol) STOL (stol)
Max dt! can not Increase time step: 1.600e+04 -> 1.600e+04 
  BOUNDS: phi_ice [0.0000, 1.0000]  phi_air [0.0000, 1.0000]
  ===============================================================================
  >>> DOMAIN INTEGRALS (PER TIME STEP)
  ===============================================================================
  -------------------------------------------------------------------------------------------------------------
    STEP |     TIME [s] |    DT [s] |    TOT_ICE |    TOT_AIR |      TEMP |  TOT_RHOV | I-A INTERF | TOTAL_MASS
  -------------------------------------------------------------------------------------------------------------
    85 |  3.59983e+05 | 1.600e+04 |  1.379e-08 |  1.621e-08 | -6.000e-07 | 1.376e-11 |  1.035e-10 |  1.267e-05
       |              |           |    +0.000% |    -0.000% |           |   -0.001% |            |    +0.000%
    SNES DOF norms (2-norm) and ratios
    --------------------------------------------------------------------------------------------------------------------------------------
    it |       fnorm |          n0 |        r0 |        s0 |          n1 |        r1 |        s1 |          n2 |        r2 |        s2
    --------------------------------------------------------------------------------------------------------------------------------------
     0 |  1.8415e-07 |   7.081e-17 | 1.000e+00 | 2.864e-03 |   1.841e-07 | 1.000e+00 | 1.363e-10 |   6.502e-17 | 1.000e+00 | 9.338e-07
     1 |  4.1372e-11 |   8.901e-20 | 1.257e-03 | 2.805e-03 |   4.137e-11 | 2.247e-04 | 1.317e-10 |   1.057e-20 | 1.625e-04 | 7.836e-07
  SNES converged via DOF-wise criteria:
    DOF 0: ABS (atol)
    DOF 1: ABS (atol) STOL (stol)
    DOF 2: ABS (atol) STOL (stol)
Max dt! can not Increase time step: 1.600e+04 -> 1.600e+04 
  BOUNDS: phi_ice [0.0000, 1.0000]  phi_air [0.0000, 1.0000]
  ===============================================================================
  >>> DOMAIN INTEGRALS (PER TIME STEP)
  ===============================================================================
  -------------------------------------------------------------------------------------------------------------
    STEP |     TIME [s] |    DT [s] |    TOT_ICE |    TOT_AIR |      TEMP |  TOT_RHOV | I-A INTERF | TOTAL_MASS
  -------------------------------------------------------------------------------------------------------------
    86 |  3.75983e+05 | 1.600e+04 |  1.379e-08 |  1.621e-08 | -6.000e-07 | 1.376e-11 |  1.034e-10 |  1.267e-05
       |              |           |    +0.000% |    -0.000% |           |   -0.001% |            |    +0.000%
    SNES DOF norms (2-norm) and ratios
    --------------------------------------------------------------------------------------------------------------------------------------
    it |       fnorm |          n0 |        r0 |        s0 |          n1 |        r1 |        s1 |          n2 |        r2 |        s2
    --------------------------------------------------------------------------------------------------------------------------------------
     0 |  1.8088e-07 |   6.955e-17 | 1.000e+00 | 2.805e-03 |   1.809e-07 | 1.000e+00 | 1.317e-10 |   6.386e-17 | 1.000e+00 | 7.836e-07
     1 |  3.7796e-11 |   8.468e-20 | 1.218e-03 | 2.748e-03 |   3.780e-11 | 2.090e-04 | 1.260e-10 |   9.636e-21 | 1.509e-04 | 6.582e-07
  SNES converged via DOF-wise criteria:
    DOF 0: ABS (atol)
    DOF 1: ABS (atol) STOL (stol)
    DOF 2: ABS (atol) STOL (stol)
Max dt! can not Increase time step: 1.600e+04 -> 1.600e+04 
  BOUNDS: phi_ice [0.0000, 1.0000]  phi_air [0.0000, 1.0000]
  ===============================================================================
  >>> DOMAIN INTEGRALS (PER TIME STEP)
  ===============================================================================
  -------------------------------------------------------------------------------------------------------------
    STEP |     TIME [s] |    DT [s] |    TOT_ICE |    TOT_AIR |      TEMP |  TOT_RHOV | I-A INTERF | TOTAL_MASS
  -------------------------------------------------------------------------------------------------------------
    87 |  3.91983e+05 | 1.600e+04 |  1.379e-08 |  1.621e-08 | -6.000e-07 | 1.376e-11 |  1.033e-10 |  1.267e-05
       |              |           |    +0.000% |    -0.000% |           |   -0.001% |            |    +0.000%
OUTPUT print!
    SNES DOF norms (2-norm) and ratios
    --------------------------------------------------------------------------------------------------------------------------------------
    it |       fnorm |          n0 |        r0 |        s0 |          n1 |        r1 |        s1 |          n2 |        r2 |        s2
    --------------------------------------------------------------------------------------------------------------------------------------
     0 |  1.7776e-07 |   6.835e-17 | 1.000e+00 | 2.748e-03 |   1.778e-07 | 1.000e+00 | 1.260e-10 |   6.276e-17 | 1.000e+00 | 6.582e-07
     1 |  3.4638e-11 |   8.072e-20 | 1.181e-03 | 2.695e-03 |   3.464e-11 | 1.949e-04 | 1.214e-10 |   8.824e-21 | 1.406e-04 | 5.588e-07
  SNES converged via DOF-wise criteria:
    DOF 0: ABS (atol)
    DOF 1: ABS (atol) STOL (stol)
    DOF 2: ABS (atol) STOL (stol)
Max dt! can not Increase time step: 1.600e+04 -> 1.600e+04 
  BOUNDS: phi_ice [0.0000, 1.0000]  phi_air [0.0000, 1.0000]
  ===============================================================================
  >>> DOMAIN INTEGRALS (PER TIME STEP)
  ===============================================================================
  -------------------------------------------------------------------------------------------------------------
    STEP |     TIME [s] |    DT [s] |    TOT_ICE |    TOT_AIR |      TEMP |  TOT_RHOV | I-A INTERF | TOTAL_MASS
  -------------------------------------------------------------------------------------------------------------
    88 |  4.07983e+05 | 1.600e+04 |  1.379e-08 |  1.621e-08 | -6.000e-07 | 1.376e-11 |  1.032e-10 |  1.267e-05
       |              |           |    +0.000% |    -0.000% |           |   -0.001% |            |    +0.000%
    SNES DOF norms (2-norm) and ratios
    --------------------------------------------------------------------------------------------------------------------------------------
    it |       fnorm |          n0 |        r0 |        s0 |          n1 |        r1 |        s1 |          n2 |        r2 |        s2
    --------------------------------------------------------------------------------------------------------------------------------------
     0 |  1.7477e-07 |   6.720e-17 | 1.000e+00 | 2.695e-03 |   1.748e-07 | 1.000e+00 | 1.214e-10 |   6.171e-17 | 1.000e+00 | 5.588e-07
     1 |  3.1839e-11 |   7.707e-20 | 1.147e-03 | 2.643e-03 |   3.184e-11 | 1.822e-04 | 1.167e-10 |   8.112e-21 | 1.315e-04 | 4.796e-07
  SNES converged via DOF-wise criteria:
    DOF 0: ABS (atol)
    DOF 1: ABS (atol) STOL (stol)
    DOF 2: ABS (atol) STOL (stol)
Max dt! can not Increase time step: 1.600e+04 -> 1.600e+04 
  BOUNDS: phi_ice [0.0000, 1.0000]  phi_air [0.0000, 1.0000]
  ===============================================================================
  >>> DOMAIN INTEGRALS (PER TIME STEP)
  ===============================================================================
  -------------------------------------------------------------------------------------------------------------
    STEP |     TIME [s] |    DT [s] |    TOT_ICE |    TOT_AIR |      TEMP |  TOT_RHOV | I-A INTERF | TOTAL_MASS
  -------------------------------------------------------------------------------------------------------------
    89 |  4.23983e+05 | 1.600e+04 |  1.379e-08 |  1.621e-08 | -6.000e-07 | 1.376e-11 |  1.031e-10 |  1.267e-05
       |              |           |    +0.000% |    -0.000% |           |   -0.001% |            |    +0.000%
    SNES DOF norms (2-norm) and ratios
    --------------------------------------------------------------------------------------------------------------------------------------
    it |       fnorm |          n0 |        r0 |        s0 |          n1 |        r1 |        s1 |          n2 |        r2 |        s2
    --------------------------------------------------------------------------------------------------------------------------------------
     0 |  1.7191e-07 |   6.610e-17 | 1.000e+00 | 2.643e-03 |   1.719e-07 | 1.000e+00 | 1.167e-10 |   6.069e-17 | 1.000e+00 | 4.796e-07
     1 |  2.9346e-11 |   7.370e-20 | 1.115e-03 | 2.595e-03 |   2.935e-11 | 1.707e-04 | 1.120e-10 |   7.482e-21 | 1.233e-04 | 4.159e-07
  SNES converged via DOF-wise criteria:
    DOF 0: ABS (atol)
    DOF 1: ABS (atol) STOL (stol)
    DOF 2: ABS (atol) STOL (stol)
Max dt! can not Increase time step: 1.600e+04 -> 1.600e+04 
  BOUNDS: phi_ice [0.0000, 1.0000]  phi_air [0.0000, 1.0000]
  ===============================================================================
  >>> DOMAIN INTEGRALS (PER TIME STEP)
  ===============================================================================
  -------------------------------------------------------------------------------------------------------------
    STEP |     TIME [s] |    DT [s] |    TOT_ICE |    TOT_AIR |      TEMP |  TOT_RHOV | I-A INTERF | TOTAL_MASS
  -------------------------------------------------------------------------------------------------------------
    90 |  4.39983e+05 | 1.600e+04 |  1.379e-08 |  1.621e-08 | -6.000e-07 | 1.376e-11 |  1.030e-10 |  1.267e-05
       |              |           |    +0.000% |    -0.000% |           |   -0.001% |            |    +0.000%
    SNES DOF norms (2-norm) and ratios
    --------------------------------------------------------------------------------------------------------------------------------------
    it |       fnorm |          n0 |        r0 |        s0 |          n1 |        r1 |        s1 |          n2 |        r2 |        s2
    --------------------------------------------------------------------------------------------------------------------------------------
     0 |  1.6915e-07 |   6.504e-17 | 1.000e+00 | 2.595e-03 |   1.691e-07 | 1.000e+00 | 1.120e-10 |   5.972e-17 | 1.000e+00 | 4.159e-07
     1 |  2.7126e-11 |   7.058e-20 | 1.085e-03 | 2.548e-03 |   2.713e-11 | 1.604e-04 | 1.093e-10 |   6.925e-21 | 1.160e-04 | 3.636e-07
  SNES converged via DOF-wise criteria:
    DOF 0: ABS (atol)
    DOF 1: ABS (atol) STOL (stol)
    DOF 2: ABS (atol) STOL (stol)
Max dt! can not Increase time step: 1.600e+04 -> 1.600e+04 
  BOUNDS: phi_ice [0.0000, 1.0000]  phi_air [0.0000, 1.0000]
  ===============================================================================
  >>> DOMAIN INTEGRALS (PER TIME STEP)
  ===============================================================================
  -------------------------------------------------------------------------------------------------------------
    STEP |     TIME [s] |    DT [s] |    TOT_ICE |    TOT_AIR |      TEMP |  TOT_RHOV | I-A INTERF | TOTAL_MASS
  -------------------------------------------------------------------------------------------------------------
    91 |  4.55983e+05 | 1.600e+04 |  1.379e-08 |  1.621e-08 | -6.000e-07 | 1.376e-11 |  1.029e-10 |  1.267e-05
       |              |           |    +0.000% |    -0.000% |           |   -0.001% |            |    +0.000%
    SNES DOF norms (2-norm) and ratios
    --------------------------------------------------------------------------------------------------------------------------------------
    it |       fnorm |          n0 |        r0 |        s0 |          n1 |        r1 |        s1 |          n2 |        r2 |        s2
    --------------------------------------------------------------------------------------------------------------------------------------
     0 |  1.6649e-07 |   6.402e-17 | 1.000e+00 | 2.548e-03 |   1.665e-07 | 1.000e+00 | 1.093e-10 |   5.878e-17 | 1.000e+00 | 3.636e-07
     1 |  2.5130e-11 |   6.768e-20 | 1.057e-03 | 2.503e-03 |   2.513e-11 | 1.509e-04 | 1.048e-10 |   6.429e-21 | 1.094e-04 | 3.218e-07
  SNES converged via DOF-wise criteria:
    DOF 0: ABS (atol)
    DOF 1: ABS (atol) STOL (stol)
    DOF 2: ABS (atol) STOL (stol)
Max dt! can not Increase time step: 1.600e+04 -> 1.600e+04 
  BOUNDS: phi_ice [0.0000, 1.0000]  phi_air [0.0000, 1.0000]
  ===============================================================================
  >>> DOMAIN INTEGRALS (PER TIME STEP)
  ===============================================================================
  -------------------------------------------------------------------------------------------------------------
    STEP |     TIME [s] |    DT [s] |    TOT_ICE |    TOT_AIR |      TEMP |  TOT_RHOV | I-A INTERF | TOTAL_MASS
  -------------------------------------------------------------------------------------------------------------
    92 |  4.71983e+05 | 1.600e+04 |  1.379e-08 |  1.621e-08 | -6.000e-07 | 1.376e-11 |  1.029e-10 |  1.267e-05
       |              |           |    +0.000% |    -0.000% |           |   -0.001% |            |    +0.000%
    SNES DOF norms (2-norm) and ratios
    --------------------------------------------------------------------------------------------------------------------------------------
    it |       fnorm |          n0 |        r0 |        s0 |          n1 |        r1 |        s1 |          n2 |        r2 |        s2
    --------------------------------------------------------------------------------------------------------------------------------------
     0 |  1.6393e-07 |   6.303e-17 | 1.000e+00 | 2.503e-03 |   1.639e-07 | 1.000e+00 | 1.048e-10 |   5.788e-17 | 1.000e+00 | 3.218e-07
     1 |  2.3333e-11 |   6.499e-20 | 1.031e-03 | 2.460e-03 |   2.333e-11 | 1.423e-04 | 1.004e-10 |   5.983e-21 | 1.034e-04 | 2.870e-07
  SNES converged via DOF-wise criteria:
    DOF 0: ABS (atol)
    DOF 1: ABS (atol) STOL (stol)
    DOF 2: ABS (atol) STOL (stol)
Max dt! can not Increase time step: 1.600e+04 -> 1.600e+04 
  BOUNDS: phi_ice [0.0000, 1.0000]  phi_air [0.0000, 1.0000]
  ===============================================================================
  >>> DOMAIN INTEGRALS (PER TIME STEP)
  ===============================================================================
  -------------------------------------------------------------------------------------------------------------
    STEP |     TIME [s] |    DT [s] |    TOT_ICE |    TOT_AIR |      TEMP |  TOT_RHOV | I-A INTERF | TOTAL_MASS
  -------------------------------------------------------------------------------------------------------------
    93 |  4.87983e+05 | 1.600e+04 |  1.379e-08 |  1.621e-08 | -6.000e-07 | 1.376e-11 |  1.028e-10 |  1.267e-05
       |              |           |    +0.000% |    -0.000% |           |   -0.001% |            |    +0.000%
OUTPUT print!
    SNES DOF norms (2-norm) and ratios
    --------------------------------------------------------------------------------------------------------------------------------------
    it |       fnorm |          n0 |        r0 |        s0 |          n1 |        r1 |        s1 |          n2 |        r2 |        s2
    --------------------------------------------------------------------------------------------------------------------------------------
     0 |  1.6145e-07 |   6.208e-17 | 1.000e+00 | 2.460e-03 |   1.614e-07 | 1.000e+00 | 1.004e-10 |   5.700e-17 | 1.000e+00 | 2.870e-07
     1 |  2.1712e-11 |   6.248e-20 | 1.006e-03 | 2.419e-03 |   2.171e-11 | 1.345e-04 | 9.796e-11 |   5.583e-21 | 9.795e-05 | 2.586e-07
  SNES converged via DOF-wise criteria:
    DOF 0: ABS (atol)
    DOF 1: ABS (atol) STOL (stol)
    DOF 2: ABS (atol) STOL (stol)
Max dt! can not Increase time step: 1.600e+04 -> 1.600e+04 
  BOUNDS: phi_ice [0.0000, 1.0000]  phi_air [0.0000, 1.0000]
  ===============================================================================
  >>> DOMAIN INTEGRALS (PER TIME STEP)
  ===============================================================================
  -------------------------------------------------------------------------------------------------------------
    STEP |     TIME [s] |    DT [s] |    TOT_ICE |    TOT_AIR |      TEMP |  TOT_RHOV | I-A INTERF | TOTAL_MASS
  -------------------------------------------------------------------------------------------------------------
    94 |  5.03983e+05 | 1.600e+04 |  1.379e-08 |  1.621e-08 | -6.000e-07 | 1.376e-11 |  1.027e-10 |  1.267e-05
       |              |           |    +0.000% |    -0.000% |           |   -0.001% |            |    +0.000%
    SNES DOF norms (2-norm) and ratios
    --------------------------------------------------------------------------------------------------------------------------------------
    it |       fnorm |          n0 |        r0 |        s0 |          n1 |        r1 |        s1 |          n2 |        r2 |        s2
    --------------------------------------------------------------------------------------------------------------------------------------
     0 |  1.5905e-07 |   6.116e-17 | 1.000e+00 | 2.419e-03 |   1.590e-07 | 1.000e+00 | 9.796e-11 |   5.615e-17 | 1.000e+00 | 2.586e-07
     1 |  2.0252e-11 |   6.012e-20 | 9.831e-04 | 2.379e-03 |   2.025e-11 | 1.273e-04 | 9.451e-11 |   5.222e-21 | 9.299e-05 | 2.349e-07
  SNES converged via DOF-wise criteria:
    DOF 0: ABS (atol)
    DOF 1: ABS (atol) STOL (stol)
    DOF 2: ABS (atol) STOL (stol)
Max dt! can not Increase time step: 1.600e+04 -> 1.600e+04 
  BOUNDS: phi_ice [0.0000, 1.0000]  phi_air [0.0000, 1.0000]
  ===============================================================================
  >>> DOMAIN INTEGRALS (PER TIME STEP)
  ===============================================================================
  -------------------------------------------------------------------------------------------------------------
    STEP |     TIME [s] |    DT [s] |    TOT_ICE |    TOT_AIR |      TEMP |  TOT_RHOV | I-A INTERF | TOTAL_MASS
  -------------------------------------------------------------------------------------------------------------
    95 |  5.19983e+05 | 1.600e+04 |  1.379e-08 |  1.621e-08 | -6.000e-07 | 1.376e-11 |  1.027e-10 |  1.267e-05
       |              |           |    +0.000% |    -0.000% |           |   -0.001% |            |    +0.000%
    SNES DOF norms (2-norm) and ratios
    --------------------------------------------------------------------------------------------------------------------------------------
    it |       fnorm |          n0 |        r0 |        s0 |          n1 |        r1 |        s1 |          n2 |        r2 |        s2
    --------------------------------------------------------------------------------------------------------------------------------------
     0 |  1.5672e-07 |   6.026e-17 | 1.000e+00 | 2.379e-03 |   1.567e-07 | 1.000e+00 | 9.451e-11 |   5.533e-17 | 1.000e+00 | 2.349e-07
     1 |  1.8919e-11 |   5.792e-20 | 9.612e-04 | 2.341e-03 |   1.892e-11 | 1.207e-04 | 9.175e-11 |   4.895e-21 | 8.846e-05 | 2.152e-07
  SNES converged via DOF-wise criteria:
    DOF 0: ABS (atol)
    DOF 1: ABS (atol) STOL (stol)
    DOF 2: ABS (atol) STOL (stol)
Max dt! can not Increase time step: 1.600e+04 -> 1.600e+04 
  BOUNDS: phi_ice [0.0000, 1.0000]  phi_air [0.0000, 1.0000]
  ===============================================================================
  >>> DOMAIN INTEGRALS (PER TIME STEP)
  ===============================================================================
  -------------------------------------------------------------------------------------------------------------
    STEP |     TIME [s] |    DT [s] |    TOT_ICE |    TOT_AIR |      TEMP |  TOT_RHOV | I-A INTERF | TOTAL_MASS
  -------------------------------------------------------------------------------------------------------------
    96 |  5.35983e+05 | 1.600e+04 |  1.379e-08 |  1.621e-08 | -6.000e-07 | 1.376e-11 |  1.026e-10 |  1.267e-05
       |              |           |    +0.000% |    -0.000% |           |   -0.001% |            |    +0.000%
    SNES DOF norms (2-norm) and ratios
    --------------------------------------------------------------------------------------------------------------------------------------
    it |       fnorm |          n0 |        r0 |        s0 |          n1 |        r1 |        s1 |          n2 |        r2 |        s2
    --------------------------------------------------------------------------------------------------------------------------------------
     0 |  1.5447e-07 |   5.939e-17 | 1.000e+00 | 2.341e-03 |   1.545e-07 | 1.000e+00 | 9.175e-11 |   5.453e-17 | 1.000e+00 | 2.152e-07
     1 |  1.7708e-11 |   5.585e-20 | 9.404e-04 | 2.304e-03 |   1.771e-11 | 1.146e-04 | 8.886e-11 |   4.597e-21 | 8.430e-05 | 1.983e-07
  SNES converged via DOF-wise criteria:
    DOF 0: ABS (atol)
    DOF 1: ABS (atol) STOL (stol)
    DOF 2: ABS (atol) STOL (stol)
Max dt! can not Increase time step: 1.600e+04 -> 1.600e+04 
  BOUNDS: phi_ice [0.0000, 1.0000]  phi_air [0.0000, 1.0000]
  ===============================================================================
  >>> DOMAIN INTEGRALS (PER TIME STEP)
  ===============================================================================
  -------------------------------------------------------------------------------------------------------------
    STEP |     TIME [s] |    DT [s] |    TOT_ICE |    TOT_AIR |      TEMP |  TOT_RHOV | I-A INTERF | TOTAL_MASS
  -------------------------------------------------------------------------------------------------------------
    97 |  5.51983e+05 | 1.600e+04 |  1.379e-08 |  1.621e-08 | -6.000e-07 | 1.376e-11 |  1.026e-10 |  1.267e-05
       |              |           |    +0.000% |    -0.000% |           |   -0.001% |            |    +0.000%
    SNES DOF norms (2-norm) and ratios
    --------------------------------------------------------------------------------------------------------------------------------------
    it |       fnorm |          n0 |        r0 |        s0 |          n1 |        r1 |        s1 |          n2 |        r2 |        s2
    --------------------------------------------------------------------------------------------------------------------------------------
     0 |  1.5227e-07 |   5.855e-17 | 1.000e+00 | 2.304e-03 |   1.523e-07 | 1.000e+00 | 8.886e-11 |   5.376e-17 | 1.000e+00 | 1.983e-07
     1 |  1.6603e-11 |   5.391e-20 | 9.207e-04 | 2.268e-03 |   1.660e-11 | 1.090e-04 | 8.622e-11 |   4.327e-21 | 8.048e-05 | 1.840e-07
  SNES converged via DOF-wise criteria:
    DOF 0: ABS (atol)
    DOF 1: ABS (atol) STOL (stol)
    DOF 2: ABS (atol) STOL (stol)
Max dt! can not Increase time step: 1.600e+04 -> 1.600e+04 
  BOUNDS: phi_ice [0.0000, 1.0000]  phi_air [0.0000, 1.0000]
  ===============================================================================
  >>> DOMAIN INTEGRALS (PER TIME STEP)
  ===============================================================================
  -------------------------------------------------------------------------------------------------------------
    STEP |     TIME [s] |    DT [s] |    TOT_ICE |    TOT_AIR |      TEMP |  TOT_RHOV | I-A INTERF | TOTAL_MASS
  -------------------------------------------------------------------------------------------------------------
    98 |  5.67983e+05 | 1.600e+04 |  1.379e-08 |  1.621e-08 | -6.000e-07 | 1.376e-11 |  1.025e-10 |  1.267e-05
       |              |           |    +0.000% |    -0.000% |           |   -0.001% |            |    +0.000%
    SNES DOF norms (2-norm) and ratios
    --------------------------------------------------------------------------------------------------------------------------------------
    it |       fnorm |          n0 |        r0 |        s0 |          n1 |        r1 |        s1 |          n2 |        r2 |        s2
    --------------------------------------------------------------------------------------------------------------------------------------
     0 |  1.5014e-07 |   5.773e-17 | 1.000e+00 | 2.268e-03 |   1.501e-07 | 1.000e+00 | 8.622e-11 |   5.301e-17 | 1.000e+00 | 1.840e-07
     1 |  1.5593e-11 |   5.207e-20 | 9.020e-04 | 2.233e-03 |   1.559e-11 | 1.039e-04 | 8.364e-11 |   4.079e-21 | 7.696e-05 | 1.715e-07
  SNES converged via DOF-wise criteria:
    DOF 0: ABS (atol)
    DOF 1: ABS (atol) STOL (stol)
    DOF 2: ABS (atol) STOL (stol)
Max dt! can not Increase time step: 1.600e+04 -> 1.600e+04 
  BOUNDS: phi_ice [0.0000, 1.0000]  phi_air [0.0000, 1.0000]
  ===============================================================================
  >>> DOMAIN INTEGRALS (PER TIME STEP)
  ===============================================================================
  -------------------------------------------------------------------------------------------------------------
    STEP |     TIME [s] |    DT [s] |    TOT_ICE |    TOT_AIR |      TEMP |  TOT_RHOV | I-A INTERF | TOTAL_MASS
  -------------------------------------------------------------------------------------------------------------
    99 |  5.83983e+05 | 1.600e+04 |  1.379e-08 |  1.621e-08 | -6.000e-07 | 1.376e-11 |  1.025e-10 |  1.267e-05
       |              |           |    +0.000% |    -0.000% |           |   -0.001% |            |    +0.000%
OUTPUT print!
    SNES DOF norms (2-norm) and ratios
    --------------------------------------------------------------------------------------------------------------------------------------
    it |       fnorm |          n0 |        r0 |        s0 |          n1 |        r1 |        s1 |          n2 |        r2 |        s2
    --------------------------------------------------------------------------------------------------------------------------------------
     0 |  1.4806e-07 |   5.693e-17 | 1.000e+00 | 2.233e-03 |   1.481e-07 | 1.000e+00 | 8.364e-11 |   5.227e-17 | 1.000e+00 | 1.715e-07
     1 |  1.4670e-11 |   5.034e-20 | 8.843e-04 | 2.199e-03 |   1.467e-11 | 9.909e-05 | 8.124e-11 |   3.853e-21 | 7.371e-05 | 1.610e-07
  SNES converged via DOF-wise criteria:
    DOF 0: ABS (atol)
    DOF 1: ABS (atol) STOL (stol)
    DOF 2: ABS (atol) STOL (stol)
Max dt! can not Increase time step: 1.600e+04 -> 1.600e+04 
  BOUNDS: phi_ice [0.0000, 1.0000]  phi_air [0.0000, 1.0000]
  ===============================================================================
  >>> DOMAIN INTEGRALS (PER TIME STEP)
  ===============================================================================
  -------------------------------------------------------------------------------------------------------------
    STEP |     TIME [s] |    DT [s] |    TOT_ICE |    TOT_AIR |      TEMP |  TOT_RHOV | I-A INTERF | TOTAL_MASS
  -------------------------------------------------------------------------------------------------------------
   100 |  5.99983e+05 | 1.600e+04 |  1.379e-08 |  1.621e-08 | -6.000e-07 | 1.376e-11 |  1.024e-10 |  1.267e-05
       |              |           |    +0.000% |    -0.000% |           |   -0.001% |            |    +0.000%
    SNES DOF norms (2-norm) and ratios
    --------------------------------------------------------------------------------------------------------------------------------------
    it |       fnorm |          n0 |        r0 |        s0 |          n1 |        r1 |        s1 |          n2 |        r2 |        s2
    --------------------------------------------------------------------------------------------------------------------------------------
     0 |  1.4603e-07 |   5.615e-17 | 1.000e+00 | 2.199e-03 |   1.460e-07 | 1.000e+00 | 8.124e-11 |   5.156e-17 | 1.000e+00 | 1.610e-07
     1 |  1.3819e-11 |   4.870e-20 | 8.674e-04 | 2.166e-03 |   1.382e-11 | 9.463e-05 | 7.896e-11 |   3.645e-21 | 7.070e-05 | 1.515e-07
  SNES converged via DOF-wise criteria:
    DOF 0: ABS (atol)
    DOF 1: ABS (atol) STOL (stol)
    DOF 2: ABS (atol) STOL (stol)
Max dt! can not Increase time step: 1.600e+04 -> 1.600e+04 
  BOUNDS: phi_ice [0.0000, 1.0000]  phi_air [0.0000, 1.0000]
  ===============================================================================
  >>> DOMAIN INTEGRALS (PER TIME STEP)
  ===============================================================================
  -------------------------------------------------------------------------------------------------------------
    STEP |     TIME [s] |    DT [s] |    TOT_ICE |    TOT_AIR |      TEMP |  TOT_RHOV | I-A INTERF | TOTAL_MASS
  -------------------------------------------------------------------------------------------------------------
   101 |  6.15983e+05 | 1.600e+04 |  1.379e-08 |  1.621e-08 | -6.000e-07 | 1.376e-11 |  1.024e-10 |  1.267e-05
       |              |           |    +0.000% |    -0.000% |           |   -0.001% |            |    +0.000%
    SNES DOF norms (2-norm) and ratios
    --------------------------------------------------------------------------------------------------------------------------------------
    it |       fnorm |          n0 |        r0 |        s0 |          n1 |        r1 |        s1 |          n2 |        r2 |        s2
    --------------------------------------------------------------------------------------------------------------------------------------
     0 |  1.4405e-07 |   5.539e-17 | 1.000e+00 | 2.166e-03 |   1.441e-07 | 1.000e+00 | 7.896e-11 |   5.086e-17 | 1.000e+00 | 1.515e-07
     1 |  1.3041e-11 |   4.715e-20 | 8.512e-04 | 2.135e-03 |   1.304e-11 | 9.053e-05 | 7.662e-11 |   3.454e-21 | 6.791e-05 | 1.433e-07
  SNES converged via DOF-wise criteria:
    DOF 0: ABS (atol)
    DOF 1: ABS (atol) STOL (stol)
    DOF 2: ABS (atol) STOL (stol)
Max dt! can not Increase time step: 1.600e+04 -> 1.600e+04 
  BOUNDS: phi_ice [0.0000, 1.0000]  phi_air [0.0000, 1.0000]
  ===============================================================================
  >>> DOMAIN INTEGRALS (PER TIME STEP)
  ===============================================================================
  -------------------------------------------------------------------------------------------------------------
    STEP |     TIME [s] |    DT [s] |    TOT_ICE |    TOT_AIR |      TEMP |  TOT_RHOV | I-A INTERF | TOTAL_MASS
  -------------------------------------------------------------------------------------------------------------
   102 |  6.31983e+05 | 1.600e+04 |  1.379e-08 |  1.621e-08 | -6.000e-07 | 1.376e-11 |  1.023e-10 |  1.267e-05
       |              |           |    +0.000% |    -0.000% |           |   -0.001% |            |    +0.000%
    SNES DOF norms (2-norm) and ratios
    --------------------------------------------------------------------------------------------------------------------------------------
    it |       fnorm |          n0 |        r0 |        s0 |          n1 |        r1 |        s1 |          n2 |        r2 |        s2
    --------------------------------------------------------------------------------------------------------------------------------------
     0 |  1.4212e-07 |   5.465e-17 | 1.000e+00 | 2.135e-03 |   1.421e-07 | 1.000e+00 | 7.662e-11 |   5.017e-17 | 1.000e+00 | 1.433e-07
     1 |  1.2323e-11 |   4.567e-20 | 8.358e-04 | 2.103e-03 |   1.232e-11 | 8.671e-05 | 7.447e-11 |   3.278e-21 | 6.533e-05 | 1.359e-07
  SNES converged via DOF-wise criteria:
    DOF 0: ABS (atol)
    DOF 1: ABS (atol) STOL (stol)
    DOF 2: ABS (atol) STOL (stol)
Max dt! can not Increase time step: 1.600e+04 -> 1.600e+04 
  BOUNDS: phi_ice [0.0000, 1.0000]  phi_air [0.0000, 1.0000]
  ===============================================================================
  >>> DOMAIN INTEGRALS (PER TIME STEP)
  ===============================================================================
  -------------------------------------------------------------------------------------------------------------
    STEP |     TIME [s] |    DT [s] |    TOT_ICE |    TOT_AIR |      TEMP |  TOT_RHOV | I-A INTERF | TOTAL_MASS
  -------------------------------------------------------------------------------------------------------------
   103 |  6.47983e+05 | 1.600e+04 |  1.379e-08 |  1.621e-08 | -6.000e-07 | 1.376e-11 |  1.023e-10 |  1.267e-05
       |              |           |    +0.000% |    -0.000% |           |   -0.001% |            |    +0.000%
    SNES DOF norms (2-norm) and ratios
    --------------------------------------------------------------------------------------------------------------------------------------
    it |       fnorm |          n0 |        r0 |        s0 |          n1 |        r1 |        s1 |          n2 |        r2 |        s2
    --------------------------------------------------------------------------------------------------------------------------------------
     0 |  1.4022e-07 |   5.392e-17 | 1.000e+00 | 2.103e-03 |   1.402e-07 | 1.000e+00 | 7.447e-11 |   4.951e-17 | 1.000e+00 | 1.359e-07
     1 |  1.1662e-11 |   4.427e-20 | 8.211e-04 | 2.073e-03 |   1.166e-11 | 8.316e-05 | 7.196e-11 |   3.116e-21 | 6.295e-05 | 1.293e-07
  SNES converged via DOF-wise criteria:
    DOF 0: ABS (atol)
    DOF 1: ABS (atol) STOL (stol)
    DOF 2: ABS (atol) STOL (stol)
Max dt! can not Increase time step: 1.600e+04 -> 1.600e+04 
  BOUNDS: phi_ice [0.0000, 1.0000]  phi_air [0.0000, 1.0000]
  ===============================================================================
  >>> DOMAIN INTEGRALS (PER TIME STEP)
  ===============================================================================
  -------------------------------------------------------------------------------------------------------------
    STEP |     TIME [s] |    DT [s] |    TOT_ICE |    TOT_AIR |      TEMP |  TOT_RHOV | I-A INTERF | TOTAL_MASS
  -------------------------------------------------------------------------------------------------------------
   104 |  6.63983e+05 | 1.600e+04 |  1.379e-08 |  1.621e-08 | -6.000e-07 | 1.376e-11 |  1.023e-10 |  1.267e-05
       |              |           |    +0.000% |    -0.000% |           |   -0.001% |            |    +0.000%
    SNES DOF norms (2-norm) and ratios
    --------------------------------------------------------------------------------------------------------------------------------------
    it |       fnorm |          n0 |        r0 |        s0 |          n1 |        r1 |        s1 |          n2 |        r2 |        s2
    --------------------------------------------------------------------------------------------------------------------------------------
     0 |  1.3837e-07 |   5.321e-17 | 1.000e+00 | 2.073e-03 |   1.384e-07 | 1.000e+00 | 7.196e-11 |   4.885e-17 | 1.000e+00 | 1.293e-07
     1 |  1.1044e-11 |   4.293e-20 | 8.070e-04 | 2.044e-03 |   1.104e-11 | 7.982e-05 | 7.066e-11 |   2.966e-21 | 6.072e-05 | 1.233e-07
  SNES converged via DOF-wise criteria:
    DOF 0: ABS (atol)
    DOF 1: ABS (atol) STOL (stol)
    DOF 2: ABS (atol) STOL (stol)
Max dt! can not Increase time step: 1.600e+04 -> 1.600e+04 
  BOUNDS: phi_ice [0.0000, 1.0000]  phi_air [0.0000, 1.0000]
  ===============================================================================
  >>> DOMAIN INTEGRALS (PER TIME STEP)
  ===============================================================================
  -------------------------------------------------------------------------------------------------------------
    STEP |     TIME [s] |    DT [s] |    TOT_ICE |    TOT_AIR |      TEMP |  TOT_RHOV | I-A INTERF | TOTAL_MASS
  -------------------------------------------------------------------------------------------------------------
   105 |  6.79983e+05 | 1.600e+04 |  1.379e-08 |  1.621e-08 | -6.000e-07 | 1.376e-11 |  1.022e-10 |  1.267e-05
       |              |           |    +0.000% |    -0.000% |           |   -0.001% |            |    +0.000%
OUTPUT print!
    SNES DOF norms (2-norm) and ratios
    --------------------------------------------------------------------------------------------------------------------------------------
    it |       fnorm |          n0 |        r0 |        s0 |          n1 |        r1 |        s1 |          n2 |        r2 |        s2
    --------------------------------------------------------------------------------------------------------------------------------------
     0 |  1.3656e-07 |   5.251e-17 | 1.000e+00 | 2.044e-03 |   1.366e-07 | 1.000e+00 | 7.066e-11 |   4.821e-17 | 1.000e+00 | 1.233e-07
     1 |  1.0472e-11 |   4.166e-20 | 7.934e-04 | 2.015e-03 |   1.047e-11 | 7.668e-05 | 6.844e-11 |   2.828e-21 | 5.865e-05 | 1.178e-07
  SNES converged via DOF-wise criteria:
    DOF 0: ABS (atol)
    DOF 1: ABS (atol) STOL (stol)
    DOF 2: ABS (atol) STOL (stol)
Max dt! can not Increase time step: 1.600e+04 -> 1.600e+04 
  BOUNDS: phi_ice [0.0000, 1.0000]  phi_air [0.0000, 1.0000]
  ===============================================================================
  >>> DOMAIN INTEGRALS (PER TIME STEP)
  ===============================================================================
  -------------------------------------------------------------------------------------------------------------
    STEP |     TIME [s] |    DT [s] |    TOT_ICE |    TOT_AIR |      TEMP |  TOT_RHOV | I-A INTERF | TOTAL_MASS
  -------------------------------------------------------------------------------------------------------------
   106 |  6.95983e+05 | 1.600e+04 |  1.379e-08 |  1.621e-08 | -6.000e-07 | 1.376e-11 |  1.022e-10 |  1.267e-05
       |              |           |    +0.000% |    -0.000% |           |   -0.001% |            |    +0.000%
    SNES DOF norms (2-norm) and ratios
    --------------------------------------------------------------------------------------------------------------------------------------
    it |       fnorm |          n0 |        r0 |        s0 |          n1 |        r1 |        s1 |          n2 |        r2 |        s2
    --------------------------------------------------------------------------------------------------------------------------------------
     0 |  1.3478e-07 |   5.183e-17 | 1.000e+00 | 2.015e-03 |   1.348e-07 | 1.000e+00 | 6.844e-11 |   4.758e-17 | 1.000e+00 | 1.178e-07
     1 |  9.9484e-12 |   4.044e-20 | 7.803e-04 | 1.987e-03 |   9.948e-12 | 7.381e-05 | 6.676e-11 |   2.699e-21 | 5.672e-05 | 1.128e-07
  SNES converged via DOF-wise criteria:
    DOF 0: ABS (atol)
    DOF 1: ABS (atol) STOL (stol)
    DOF 2: ABS (atol) STOL (stol)
Max dt! can not Increase time step: 1.600e+04 -> 1.600e+04 
  BOUNDS: phi_ice [0.0000, 1.0000]  phi_air [0.0000, 1.0000]
  ===============================================================================
  >>> DOMAIN INTEGRALS (PER TIME STEP)
  ===============================================================================
  -------------------------------------------------------------------------------------------------------------
    STEP |     TIME [s] |    DT [s] |    TOT_ICE |    TOT_AIR |      TEMP |  TOT_RHOV | I-A INTERF | TOTAL_MASS
  -------------------------------------------------------------------------------------------------------------
   107 |  7.11983e+05 | 1.600e+04 |  1.379e-08 |  1.621e-08 | -6.000e-07 | 1.376e-11 |  1.022e-10 |  1.267e-05
       |              |           |    +0.000% |    -0.000% |           |   -0.001% |            |    +0.000%
    SNES DOF norms (2-norm) and ratios
    --------------------------------------------------------------------------------------------------------------------------------------
    it |       fnorm |          n0 |        r0 |        s0 |          n1 |        r1 |        s1 |          n2 |        r2 |        s2
    --------------------------------------------------------------------------------------------------------------------------------------
     0 |  1.3304e-07 |   5.116e-17 | 1.000e+00 | 1.987e-03 |   1.330e-07 | 1.000e+00 | 6.676e-11 |   4.697e-17 | 1.000e+00 | 1.128e-07
     1 |  9.4590e-12 |   3.928e-20 | 7.678e-04 | 1.959e-03 |   9.459e-12 | 7.110e-05 | 6.479e-11 |   2.579e-21 | 5.491e-05 | 1.082e-07
  SNES converged via DOF-wise criteria:
    DOF 0: ABS (atol)
    DOF 1: ABS (atol) STOL (stol)
    DOF 2: ABS (atol) STOL (stol)
Max dt! can not Increase time step: 1.600e+04 -> 1.600e+04 
  BOUNDS: phi_ice [0.0000, 1.0000]  phi_air [0.0000, 1.0000]
  ===============================================================================
  >>> DOMAIN INTEGRALS (PER TIME STEP)
  ===============================================================================
  -------------------------------------------------------------------------------------------------------------
    STEP |     TIME [s] |    DT [s] |    TOT_ICE |    TOT_AIR |      TEMP |  TOT_RHOV | I-A INTERF | TOTAL_MASS
  -------------------------------------------------------------------------------------------------------------
   108 |  7.27983e+05 | 1.600e+04 |  1.379e-08 |  1.621e-08 | -6.000e-07 | 1.376e-11 |  1.021e-10 |  1.267e-05
       |              |           |    +0.000% |    -0.000% |           |   -0.001% |            |    +0.000%
    SNES DOF norms (2-norm) and ratios
    --------------------------------------------------------------------------------------------------------------------------------------
    it |       fnorm |          n0 |        r0 |        s0 |          n1 |        r1 |        s1 |          n2 |        r2 |        s2
    --------------------------------------------------------------------------------------------------------------------------------------
     0 |  1.3133e-07 |   5.050e-17 | 1.000e+00 | 1.959e-03 |   1.313e-07 | 1.000e+00 | 6.479e-11 |   4.636e-17 | 1.000e+00 | 1.082e-07
     1 |  9.0074e-12 |   3.816e-20 | 7.557e-04 | 1.932e-03 |   9.007e-12 | 6.859e-05 | 6.352e-11 |   2.468e-21 | 5.323e-05 | 1.041e-07
  SNES converged via DOF-wise criteria:
    DOF 0: ABS (atol)
    DOF 1: ABS (atol) STOL (stol)
    DOF 2: ABS (atol) STOL (stol)
Max dt! can not Increase time step: 1.600e+04 -> 1.600e+04 
  BOUNDS: phi_ice [0.0000, 1.0000]  phi_air [0.0000, 1.0000]
  ===============================================================================
  >>> DOMAIN INTEGRALS (PER TIME STEP)
  ===============================================================================
  -------------------------------------------------------------------------------------------------------------
    STEP |     TIME [s] |    DT [s] |    TOT_ICE |    TOT_AIR |      TEMP |  TOT_RHOV | I-A INTERF | TOTAL_MASS
  -------------------------------------------------------------------------------------------------------------
   109 |  7.43983e+05 | 1.600e+04 |  1.379e-08 |  1.621e-08 | -6.000e-07 | 1.376e-11 |  1.021e-10 |  1.267e-05
       |              |           |    +0.000% |    -0.000% |           |   -0.001% |            |    +0.000%
    SNES DOF norms (2-norm) and ratios
    --------------------------------------------------------------------------------------------------------------------------------------
    it |       fnorm |          n0 |        r0 |        s0 |          n1 |        r1 |        s1 |          n2 |        r2 |        s2
    --------------------------------------------------------------------------------------------------------------------------------------
     0 |  1.2965e-07 |   4.985e-17 | 1.000e+00 | 1.932e-03 |   1.297e-07 | 1.000e+00 | 6.352e-11 |   4.577e-17 | 1.000e+00 | 1.041e-07
     1 |  8.5833e-12 |   3.709e-20 | 7.440e-04 | 1.906e-03 |   8.583e-12 | 6.620e-05 | 6.108e-11 |   2.365e-21 | 5.167e-05 | 1.002e-07
  SNES converged via DOF-wise criteria:
    DOF 0: ABS (atol)
    DOF 1: ABS (atol) STOL (stol)
    DOF 2: ABS (atol) STOL (stol)
Max dt! can not Increase time step: 1.600e+04 -> 1.600e+04 
  BOUNDS: phi_ice [0.0000, 1.0000]  phi_air [0.0000, 1.0000]
  ===============================================================================
  >>> DOMAIN INTEGRALS (PER TIME STEP)
  ===============================================================================
  -------------------------------------------------------------------------------------------------------------
    STEP |     TIME [s] |    DT [s] |    TOT_ICE |    TOT_AIR |      TEMP |  TOT_RHOV | I-A INTERF | TOTAL_MASS
  -------------------------------------------------------------------------------------------------------------
   110 |  7.59983e+05 | 1.600e+04 |  1.379e-08 |  1.621e-08 | -6.000e-07 | 1.376e-11 |  1.021e-10 |  1.267e-05
       |              |           |    +0.000% |    -0.000% |           |   -0.001% |            |    +0.000%
    SNES DOF norms (2-norm) and ratios
    --------------------------------------------------------------------------------------------------------------------------------------
    it |       fnorm |          n0 |        r0 |        s0 |          n1 |        r1 |        s1 |          n2 |        r2 |        s2
    --------------------------------------------------------------------------------------------------------------------------------------
     0 |  1.2800e-07 |   4.922e-17 | 1.000e+00 | 1.906e-03 |   1.280e-07 | 1.000e+00 | 6.108e-11 |   4.519e-17 | 1.000e+00 | 1.002e-07
     1 |  8.1909e-12 |   3.606e-20 | 7.327e-04 | 1.880e-03 |   8.191e-12 | 6.399e-05 | 5.980e-11 |   2.269e-21 | 5.021e-05 | 9.658e-08
  SNES converged via DOF-wise criteria:
    DOF 0: ABS (atol)
    DOF 1: ABS (atol) STOL (stol)
    DOF 2: ABS (atol) STOL (stol)
Max dt! can not Increase time step: 1.600e+04 -> 1.600e+04 
  BOUNDS: phi_ice [0.0000, 1.0000]  phi_air [0.0000, 1.0000]
  ===============================================================================
  >>> DOMAIN INTEGRALS (PER TIME STEP)
  ===============================================================================
  -------------------------------------------------------------------------------------------------------------
    STEP |     TIME [s] |    DT [s] |    TOT_ICE |    TOT_AIR |      TEMP |  TOT_RHOV | I-A INTERF | TOTAL_MASS
  -------------------------------------------------------------------------------------------------------------
   111 |  7.75983e+05 | 1.600e+04 |  1.379e-08 |  1.621e-08 | -6.000e-07 | 1.376e-11 |  1.020e-10 |  1.267e-05
       |              |           |    +0.000% |    -0.000% |           |   -0.001% |            |    +0.000%
OUTPUT print!
    SNES DOF norms (2-norm) and ratios
    --------------------------------------------------------------------------------------------------------------------------------------
    it |       fnorm |          n0 |        r0 |        s0 |          n1 |        r1 |        s1 |          n2 |        r2 |        s2
    --------------------------------------------------------------------------------------------------------------------------------------
     0 |  1.2638e-07 |   4.859e-17 | 1.000e+00 | 1.880e-03 |   1.264e-07 | 1.000e+00 | 5.980e-11 |   4.462e-17 | 1.000e+00 | 9.658e-08
     1 |  7.8260e-12 |   3.507e-20 | 7.218e-04 | 1.855e-03 |   7.826e-12 | 6.193e-05 | 5.688e-11 |   2.179e-21 | 4.884e-05 | 9.322e-08
  SNES converged via DOF-wise criteria:
    DOF 0: ABS (atol)
    DOF 1: ABS (atol) STOL (stol)
    DOF 2: ABS (atol) STOL (stol)
Max dt! can not Increase time step: 1.600e+04 -> 1.600e+04 
  BOUNDS: phi_ice [0.0000, 1.0000]  phi_air [0.0000, 1.0000]
  ===============================================================================
  >>> DOMAIN INTEGRALS (PER TIME STEP)
  ===============================================================================
  -------------------------------------------------------------------------------------------------------------
    STEP |     TIME [s] |    DT [s] |    TOT_ICE |    TOT_AIR |      TEMP |  TOT_RHOV | I-A INTERF | TOTAL_MASS
  -------------------------------------------------------------------------------------------------------------
   112 |  7.91983e+05 | 1.600e+04 |  1.379e-08 |  1.621e-08 | -6.000e-07 | 1.376e-11 |  1.020e-10 |  1.267e-05
       |              |           |    +0.000% |    -0.000% |           |   -0.001% |            |    +0.000%
    SNES DOF norms (2-norm) and ratios
    --------------------------------------------------------------------------------------------------------------------------------------
    it |       fnorm |          n0 |        r0 |        s0 |          n1 |        r1 |        s1 |          n2 |        r2 |        s2
    --------------------------------------------------------------------------------------------------------------------------------------
     0 |  1.2478e-07 |   4.798e-17 | 1.000e+00 | 1.855e-03 |   1.248e-07 | 1.000e+00 | 5.688e-11 |   4.405e-17 | 1.000e+00 | 9.322e-08
     1 |  7.4780e-12 |   3.412e-20 | 7.112e-04 | 1.830e-03 |   7.478e-12 | 5.993e-05 | 5.861e-11 |   2.095e-21 | 4.755e-05 | 9.006e-08
  SNES converged via DOF-wise criteria:
    DOF 0: ABS (atol)
    DOF 1: ABS (atol) STOL (stol)
    DOF 2: ABS (atol) STOL (stol)
Max dt! can not Increase time step: 1.600e+04 -> 1.600e+04 
  BOUNDS: phi_ice [0.0000, 1.0000]  phi_air [0.0000, 1.0000]
  ===============================================================================
  >>> DOMAIN INTEGRALS (PER TIME STEP)
  ===============================================================================
  -------------------------------------------------------------------------------------------------------------
    STEP |     TIME [s] |    DT [s] |    TOT_ICE |    TOT_AIR |      TEMP |  TOT_RHOV | I-A INTERF | TOTAL_MASS
  -------------------------------------------------------------------------------------------------------------
   113 |  8.07983e+05 | 1.600e+04 |  1.379e-08 |  1.621e-08 | -6.000e-07 | 1.376e-11 |  1.020e-10 |  1.267e-05
       |              |           |    +0.000% |    -0.000% |           |   -0.001% |            |    +0.000%
    SNES DOF norms (2-norm) and ratios
    --------------------------------------------------------------------------------------------------------------------------------------
    it |       fnorm |          n0 |        r0 |        s0 |          n1 |        r1 |        s1 |          n2 |        r2 |        s2
    --------------------------------------------------------------------------------------------------------------------------------------
     0 |  1.2321e-07 |   4.738e-17 | 1.000e+00 | 1.830e-03 |   1.232e-07 | 1.000e+00 | 5.861e-11 |   4.350e-17 | 1.000e+00 | 9.006e-08
     1 |  7.1573e-12 |   3.320e-20 | 7.009e-04 | 1.806e-03 |   7.157e-12 | 5.809e-05 | 5.354e-11 |   2.016e-21 | 4.636e-05 | 8.709e-08
  SNES converged via DOF-wise criteria:
    DOF 0: ABS (atol)
    DOF 1: ABS (atol) STOL (stol)
    DOF 2: ABS (atol) STOL (stol)
Max dt! can not Increase time step: 1.600e+04 -> 1.600e+04 
  BOUNDS: phi_ice [0.0000, 1.0000]  phi_air [0.0000, 1.0000]
  ===============================================================================
  >>> DOMAIN INTEGRALS (PER TIME STEP)
  ===============================================================================
  -------------------------------------------------------------------------------------------------------------
    STEP |     TIME [s] |    DT [s] |    TOT_ICE |    TOT_AIR |      TEMP |  TOT_RHOV | I-A INTERF | TOTAL_MASS
  -------------------------------------------------------------------------------------------------------------
   114 |  8.23983e+05 | 1.600e+04 |  1.379e-08 |  1.621e-08 | -6.000e-07 | 1.376e-11 |  1.020e-10 |  1.267e-05
       |              |           |    +0.000% |    -0.000% |           |   -0.001% |            |    +0.000%
    SNES DOF norms (2-norm) and ratios
    --------------------------------------------------------------------------------------------------------------------------------------
    it |       fnorm |          n0 |        r0 |        s0 |          n1 |        r1 |        s1 |          n2 |        r2 |        s2
    --------------------------------------------------------------------------------------------------------------------------------------
     0 |  1.2166e-07 |   4.678e-17 | 1.000e+00 | 1.806e-03 |   1.217e-07 | 1.000e+00 | 5.354e-11 |   4.295e-17 | 1.000e+00 | 8.709e-08
     1 |  6.8629e-12 |   3.232e-20 | 6.909e-04 | 1.782e-03 |   6.863e-12 | 5.641e-05 | 5.402e-11 |   1.943e-21 | 4.523e-05 | 8.434e-08
  SNES converged via DOF-wise criteria:
    DOF 0: ABS (atol)
    DOF 1: ABS (atol) STOL (stol)
    DOF 2: ABS (atol) STOL (stol)
Max dt! can not Increase time step: 1.600e+04 -> 1.600e+04 
  BOUNDS: phi_ice [0.0000, 1.0000]  phi_air [0.0000, 1.0000]
  ===============================================================================
  >>> DOMAIN INTEGRALS (PER TIME STEP)
  ===============================================================================
  -------------------------------------------------------------------------------------------------------------
    STEP |     TIME [s] |    DT [s] |    TOT_ICE |    TOT_AIR |      TEMP |  TOT_RHOV | I-A INTERF | TOTAL_MASS
  -------------------------------------------------------------------------------------------------------------
   115 |  8.39983e+05 | 1.600e+04 |  1.379e-08 |  1.621e-08 | -6.000e-07 | 1.376e-11 |  1.020e-10 |  1.267e-05
       |              |           |    +0.000% |    -0.000% |           |   -0.001% |            |    +0.000%
    SNES DOF norms (2-norm) and ratios
    --------------------------------------------------------------------------------------------------------------------------------------
    it |       fnorm |          n0 |        r0 |        s0 |          n1 |        r1 |        s1 |          n2 |        r2 |        s2
    --------------------------------------------------------------------------------------------------------------------------------------
     0 |  1.2014e-07 |   4.620e-17 | 1.000e+00 | 1.782e-03 |   1.201e-07 | 1.000e+00 | 5.402e-11 |   4.241e-17 | 1.000e+00 | 8.434e-08
     1 |  6.5877e-12 |   3.146e-20 | 6.811e-04 | 1.759e-03 |   6.588e-12 | 5.483e-05 | 5.076e-11 |   1.874e-21 | 4.418e-05 | 8.180e-08
  SNES converged via DOF-wise criteria:
    DOF 0: ABS (atol)
    DOF 1: ABS (atol) STOL (stol)
    DOF 2: ABS (atol) STOL (stol)
Max dt! can not Increase time step: 1.600e+04 -> 1.600e+04 
  BOUNDS: phi_ice [0.0000, 1.0000]  phi_air [0.0000, 1.0000]
  ===============================================================================
  >>> DOMAIN INTEGRALS (PER TIME STEP)
  ===============================================================================
  -------------------------------------------------------------------------------------------------------------
    STEP |     TIME [s] |    DT [s] |    TOT_ICE |    TOT_AIR |      TEMP |  TOT_RHOV | I-A INTERF | TOTAL_MASS
  -------------------------------------------------------------------------------------------------------------
   116 |  8.55983e+05 | 1.600e+04 |  1.379e-08 |  1.621e-08 | -6.000e-07 | 1.376e-11 |  1.019e-10 |  1.267e-05
       |              |           |    +0.000% |    -0.000% |           |   -0.001% |            |    +0.000%
    SNES DOF norms (2-norm) and ratios
    --------------------------------------------------------------------------------------------------------------------------------------
    it |       fnorm |          n0 |        r0 |        s0 |          n1 |        r1 |        s1 |          n2 |        r2 |        s2
    --------------------------------------------------------------------------------------------------------------------------------------
     0 |  1.1864e-07 |   4.562e-17 | 1.000e+00 | 1.759e-03 |   1.186e-07 | 1.000e+00 | 5.076e-11 |   4.189e-17 | 1.000e+00 | 8.180e-08
     1 |  6.3157e-12 |   3.064e-20 | 6.716e-04 | 1.736e-03 |   6.316e-12 | 5.323e-05 | 5.303e-11 |   1.808e-21 | 4.318e-05 | 7.925e-08
  SNES converged via DOF-wise criteria:
    DOF 0: ABS (atol)
    DOF 1: ABS (atol) STOL (stol)
    DOF 2: ABS (atol) STOL (stol)
Max dt! can not Increase time step: 1.600e+04 -> 1.600e+04 
  BOUNDS: phi_ice [0.0000, 1.0000]  phi_air [0.0000, 1.0000]
  ===============================================================================
  >>> DOMAIN INTEGRALS (PER TIME STEP)
  ===============================================================================
  -------------------------------------------------------------------------------------------------------------
    STEP |     TIME [s] |    DT [s] |    TOT_ICE |    TOT_AIR |      TEMP |  TOT_RHOV | I-A INTERF | TOTAL_MASS
  -------------------------------------------------------------------------------------------------------------
   117 |  8.71983e+05 | 1.600e+04 |  1.379e-08 |  1.621e-08 | -6.000e-07 | 1.376e-11 |  1.019e-10 |  1.267e-05
       |              |           |    +0.000% |    -0.000% |           |   -0.001% |            |    +0.000%
OUTPUT print!
    SNES DOF norms (2-norm) and ratios
    --------------------------------------------------------------------------------------------------------------------------------------
    it |       fnorm |          n0 |        r0 |        s0 |          n1 |        r1 |        s1 |          n2 |        r2 |        s2
    --------------------------------------------------------------------------------------------------------------------------------------
     0 |  1.1717e-07 |   4.505e-17 | 1.000e+00 | 1.736e-03 |   1.172e-07 | 1.000e+00 | 5.303e-11 |   4.136e-17 | 1.000e+00 | 7.925e-08
     1 |  6.0647e-12 |   2.984e-20 | 6.624e-04 | 1.713e-03 |   6.065e-12 | 5.176e-05 | 4.808e-11 |   1.747e-21 | 4.224e-05 | 7.696e-08
  SNES converged via DOF-wise criteria:
    DOF 0: ABS (atol)
    DOF 1: ABS (atol) STOL (stol)
    DOF 2: ABS (atol) STOL (stol)
Max dt! can not Increase time step: 1.600e+04 -> 1.600e+04 
  BOUNDS: phi_ice [0.0000, 1.0000]  phi_air [0.0000, 1.0000]
  ===============================================================================
  >>> DOMAIN INTEGRALS (PER TIME STEP)
  ===============================================================================
  -------------------------------------------------------------------------------------------------------------
    STEP |     TIME [s] |    DT [s] |    TOT_ICE |    TOT_AIR |      TEMP |  TOT_RHOV | I-A INTERF | TOTAL_MASS
  -------------------------------------------------------------------------------------------------------------
   118 |  8.87983e+05 | 1.600e+04 |  1.379e-08 |  1.621e-08 | -6.000e-07 | 1.376e-11 |  1.019e-10 |  1.267e-05
       |              |           |    +0.000% |    -0.000% |           |   -0.001% |            |    +0.000%
    SNES DOF norms (2-norm) and ratios
    --------------------------------------------------------------------------------------------------------------------------------------
    it |       fnorm |          n0 |        r0 |        s0 |          n1 |        r1 |        s1 |          n2 |        r2 |        s2
    --------------------------------------------------------------------------------------------------------------------------------------
     0 |  1.1571e-07 |   4.449e-17 | 1.000e+00 | 1.713e-03 |   1.157e-07 | 1.000e+00 | 4.808e-11 |   4.085e-17 | 1.000e+00 | 7.696e-08
     1 |  5.8436e-12 |   2.907e-20 | 6.534e-04 | 1.691e-03 |   5.844e-12 | 5.050e-05 | 4.785e-11 |   1.690e-21 | 4.136e-05 | 7.471e-08
  SNES converged via DOF-wise criteria:
    DOF 0: ABS (atol)
    DOF 1: ABS (atol) STOL (stol)
    DOF 2: ABS (atol) STOL (stol)
Max dt! can not Increase time step: 1.600e+04 -> 1.600e+04 
  BOUNDS: phi_ice [0.0000, 1.0000]  phi_air [0.0000, 1.0000]
  ===============================================================================
  >>> DOMAIN INTEGRALS (PER TIME STEP)
  ===============================================================================
  -------------------------------------------------------------------------------------------------------------
    STEP |     TIME [s] |    DT [s] |    TOT_ICE |    TOT_AIR |      TEMP |  TOT_RHOV | I-A INTERF | TOTAL_MASS
  -------------------------------------------------------------------------------------------------------------
   119 |  9.03983e+05 | 1.600e+04 |  1.379e-08 |  1.621e-08 | -6.000e-07 | 1.376e-11 |  1.019e-10 |  1.267e-05
       |              |           |    +0.000% |    -0.000% |           |   -0.001% |            |    +0.000%
    SNES DOF norms (2-norm) and ratios
    --------------------------------------------------------------------------------------------------------------------------------------
    it |       fnorm |          n0 |        r0 |        s0 |          n1 |        r1 |        s1 |          n2 |        r2 |        s2
    --------------------------------------------------------------------------------------------------------------------------------------
     0 |  1.1427e-07 |   4.394e-17 | 1.000e+00 | 1.691e-03 |   1.143e-07 | 1.000e+00 | 4.785e-11 |   4.034e-17 | 1.000e+00 | 7.471e-08
     1 |  5.6168e-12 |   2.832e-20 | 6.445e-04 | 1.669e-03 |   5.617e-12 | 4.915e-05 | 4.726e-11 |   1.635e-21 | 4.052e-05 | 7.257e-08
  SNES converged via DOF-wise criteria:
    DOF 0: ABS (atol)
    DOF 1: ABS (atol) STOL (stol)
    DOF 2: ABS (atol) STOL (stol)
Max dt! can not Increase time step: 1.600e+04 -> 1.600e+04 
  BOUNDS: phi_ice [0.0000, 1.0000]  phi_air [0.0000, 1.0000]
  ===============================================================================
  >>> DOMAIN INTEGRALS (PER TIME STEP)
  ===============================================================================
  -------------------------------------------------------------------------------------------------------------
    STEP |     TIME [s] |    DT [s] |    TOT_ICE |    TOT_AIR |      TEMP |  TOT_RHOV | I-A INTERF | TOTAL_MASS
  -------------------------------------------------------------------------------------------------------------
   120 |  9.19983e+05 | 1.600e+04 |  1.379e-08 |  1.621e-08 | -6.000e-07 | 1.376e-11 |  1.019e-10 |  1.267e-05
       |              |           |    +0.000% |    -0.000% |           |   -0.001% |            |    +0.000%
    SNES DOF norms (2-norm) and ratios
    --------------------------------------------------------------------------------------------------------------------------------------
    it |       fnorm |          n0 |        r0 |        s0 |          n1 |        r1 |        s1 |          n2 |        r2 |        s2
    --------------------------------------------------------------------------------------------------------------------------------------
     0 |  1.1286e-07 |   4.339e-17 | 1.000e+00 | 1.669e-03 |   1.129e-07 | 1.000e+00 | 4.726e-11 |   3.984e-17 | 1.000e+00 | 7.257e-08
     1 |  5.4098e-12 |   2.759e-20 | 6.359e-04 | 1.647e-03 |   5.410e-12 | 4.793e-05 | 4.561e-11 |   1.583e-21 | 3.973e-05 | 7.058e-08
  SNES converged via DOF-wise criteria:
    DOF 0: ABS (atol)
    DOF 1: ABS (atol) STOL (stol)
    DOF 2: ABS (atol) STOL (stol)
Max dt! can not Increase time step: 1.600e+04 -> 1.600e+04 
  BOUNDS: phi_ice [0.0000, 1.0000]  phi_air [0.0000, 1.0000]
  ===============================================================================
  >>> DOMAIN INTEGRALS (PER TIME STEP)
  ===============================================================================
  -------------------------------------------------------------------------------------------------------------
    STEP |     TIME [s] |    DT [s] |    TOT_ICE |    TOT_AIR |      TEMP |  TOT_RHOV | I-A INTERF | TOTAL_MASS
  -------------------------------------------------------------------------------------------------------------
   121 |  9.35983e+05 | 1.600e+04 |  1.379e-08 |  1.621e-08 | -6.000e-07 | 1.376e-11 |  1.019e-10 |  1.267e-05
       |              |           |    +0.000% |    -0.000% |           |   -0.001% |            |    +0.000%
    SNES DOF norms (2-norm) and ratios
    --------------------------------------------------------------------------------------------------------------------------------------
    it |       fnorm |          n0 |        r0 |        s0 |          n1 |        r1 |        s1 |          n2 |        r2 |        s2
    --------------------------------------------------------------------------------------------------------------------------------------
     0 |  1.1146e-07 |   4.286e-17 | 1.000e+00 | 1.647e-03 |   1.115e-07 | 1.000e+00 | 4.561e-11 |   3.935e-17 | 1.000e+00 | 7.058e-08
     1 |  5.2125e-12 |   2.689e-20 | 6.275e-04 | 1.626e-03 |   5.213e-12 | 4.677e-05 | 4.455e-11 |   1.534e-21 | 3.898e-05 | 6.864e-08
  SNES converged via DOF-wise criteria:
    DOF 0: ABS (atol)
    DOF 1: ABS (atol) STOL (stol)
    DOF 2: ABS (atol) STOL (stol)
Max dt! can not Increase time step: 1.600e+04 -> 1.600e+04 
  BOUNDS: phi_ice [0.0000, 1.0000]  phi_air [0.0000, 1.0000]
  ===============================================================================
  >>> DOMAIN INTEGRALS (PER TIME STEP)
  ===============================================================================
  -------------------------------------------------------------------------------------------------------------
    STEP |     TIME [s] |    DT [s] |    TOT_ICE |    TOT_AIR |      TEMP |  TOT_RHOV | I-A INTERF | TOTAL_MASS
  -------------------------------------------------------------------------------------------------------------
   122 |  9.51983e+05 | 1.600e+04 |  1.379e-08 |  1.621e-08 | -6.000e-07 | 1.376e-11 |  1.019e-10 |  1.267e-05
       |              |           |    +0.000% |    -0.000% |           |   -0.001% |            |    +0.000%
OUTPUT print!
    SNES DOF norms (2-norm) and ratios
    --------------------------------------------------------------------------------------------------------------------------------------
    it |       fnorm |          n0 |        r0 |        s0 |          n1 |        r1 |        s1 |          n2 |        r2 |        s2
    --------------------------------------------------------------------------------------------------------------------------------------
     0 |  1.1008e-07 |   4.233e-17 | 1.000e+00 | 1.626e-03 |   1.101e-07 | 1.000e+00 | 4.455e-11 |   3.886e-17 | 1.000e+00 | 6.864e-08
     1 |  5.0256e-12 |   2.621e-20 | 6.192e-04 | 1.605e-03 |   5.026e-12 | 4.565e-05 | 4.327e-11 |   1.487e-21 | 3.827e-05 | 6.681e-08
  SNES converged via DOF-wise criteria:
    DOF 0: ABS (atol)
    DOF 1: ABS (atol) STOL (stol)
    DOF 2: ABS (atol) STOL (stol)
Max dt! can not Increase time step: 1.600e+04 -> 1.600e+04 
  BOUNDS: phi_ice [0.0000, 1.0000]  phi_air [0.0000, 1.0000]
  ===============================================================================
  >>> DOMAIN INTEGRALS (PER TIME STEP)
  ===============================================================================
  -------------------------------------------------------------------------------------------------------------
    STEP |     TIME [s] |    DT [s] |    TOT_ICE |    TOT_AIR |      TEMP |  TOT_RHOV | I-A INTERF | TOTAL_MASS
  -------------------------------------------------------------------------------------------------------------
   123 |  9.67983e+05 | 1.600e+04 |  1.379e-08 |  1.621e-08 | -6.000e-07 | 1.376e-11 |  1.018e-10 |  1.267e-05
       |              |           |    +0.000% |    -0.000% |           |   -0.001% |            |    +0.000%
    SNES DOF norms (2-norm) and ratios
    --------------------------------------------------------------------------------------------------------------------------------------
    it |       fnorm |          n0 |        r0 |        s0 |          n1 |        r1 |        s1 |          n2 |        r2 |        s2
    --------------------------------------------------------------------------------------------------------------------------------------
     0 |  1.0872e-07 |   4.181e-17 | 1.000e+00 | 1.605e-03 |   1.087e-07 | 1.000e+00 | 4.327e-11 |   3.838e-17 | 1.000e+00 | 6.681e-08
     1 |  4.8465e-12 |   2.555e-20 | 6.111e-04 | 1.585e-03 |   4.846e-12 | 4.458e-05 | 4.213e-11 |   1.443e-21 | 3.759e-05 | 6.507e-08
  SNES converged via DOF-wise criteria:
    DOF 0: ABS (atol)
    DOF 1: ABS (atol) STOL (stol)
    DOF 2: ABS (atol) STOL (stol)
Max dt! can not Increase time step: 1.600e+04 -> 1.600e+04 
  BOUNDS: phi_ice [0.0000, 1.0000]  phi_air [0.0000, 1.0000]
  ===============================================================================
  >>> DOMAIN INTEGRALS (PER TIME STEP)
  ===============================================================================
  -------------------------------------------------------------------------------------------------------------
    STEP |     TIME [s] |    DT [s] |    TOT_ICE |    TOT_AIR |      TEMP |  TOT_RHOV | I-A INTERF | TOTAL_MASS
  -------------------------------------------------------------------------------------------------------------
   124 |  9.83983e+05 | 1.600e+04 |  1.379e-08 |  1.621e-08 | -6.000e-07 | 1.376e-11 |  1.018e-10 |  1.267e-05
       |              |           |    +0.000% |    -0.000% |           |   -0.001% |            |    +0.000%
    SNES DOF norms (2-norm) and ratios
    --------------------------------------------------------------------------------------------------------------------------------------
    it |       fnorm |          n0 |        r0 |        s0 |          n1 |        r1 |        s1 |          n2 |        r2 |        s2
    --------------------------------------------------------------------------------------------------------------------------------------
     0 |  1.0738e-07 |   4.129e-17 | 1.000e+00 | 1.585e-03 |   1.074e-07 | 1.000e+00 | 4.213e-11 |   3.791e-17 | 1.000e+00 | 6.507e-08
     1 |  4.6806e-12 |   2.490e-20 | 6.031e-04 | 1.564e-03 |   4.681e-12 | 4.359e-05 | 4.096e-11 |   1.401e-21 | 3.695e-05 | 6.336e-08
  SNES converged via DOF-wise criteria:
    DOF 0: ABS (atol)
    DOF 1: ABS (atol) STOL (stol)
    DOF 2: ABS (atol) STOL (stol)
Max dt! can not Increase time step: 1.600e+04 -> 1.600e+04 
  BOUNDS: phi_ice [0.0000, 1.0000]  phi_air [0.0000, 1.0000]
  ===============================================================================
  >>> DOMAIN INTEGRALS (PER TIME STEP)
  ===============================================================================
  -------------------------------------------------------------------------------------------------------------
    STEP |     TIME [s] |    DT [s] |    TOT_ICE |    TOT_AIR |      TEMP |  TOT_RHOV | I-A INTERF | TOTAL_MASS
  -------------------------------------------------------------------------------------------------------------
   125 |  9.99983e+05 | 1.600e+04 |  1.379e-08 |  1.621e-08 | -6.000e-07 | 1.376e-11 |  1.018e-10 |  1.267e-05
       |              |           |    +0.000% |    -0.000% |           |   -0.001% |            |    +0.000%
    SNES DOF norms (2-norm) and ratios
    --------------------------------------------------------------------------------------------------------------------------------------
    it |       fnorm |          n0 |        r0 |        s0 |          n1 |        r1 |        s1 |          n2 |        r2 |        s2
    --------------------------------------------------------------------------------------------------------------------------------------
     0 |  1.0606e-07 |   4.078e-17 | 1.000e+00 | 1.564e-03 |   1.061e-07 | 1.000e+00 | 4.096e-11 |   3.744e-17 | 1.000e+00 | 6.336e-08
     1 |  4.5206e-12 |   2.428e-20 | 5.953e-04 | 1.544e-03 |   4.521e-12 | 4.262e-05 | 3.986e-11 |   1.360e-21 | 3.633e-05 | 6.170e-08
  SNES converged via DOF-wise criteria:
    DOF 0: ABS (atol)
    DOF 1: ABS (atol) STOL (stol)
    DOF 2: ABS (atol) STOL (stol)
Max dt! can not Increase time step: 1.600e+04 -> 1.600e+04 
  BOUNDS: phi_ice [0.0000, 1.0000]  phi_air [0.0000, 1.0000]
  ===============================================================================
  >>> DOMAIN INTEGRALS (PER TIME STEP)
  ===============================================================================
  -------------------------------------------------------------------------------------------------------------
    STEP |     TIME [s] |    DT [s] |    TOT_ICE |    TOT_AIR |      TEMP |  TOT_RHOV | I-A INTERF | TOTAL_MASS
  -------------------------------------------------------------------------------------------------------------
   126 |  1.01598e+06 | 1.600e+04 |  1.379e-08 |  1.621e-08 | -6.000e-07 | 1.376e-11 |  1.018e-10 |  1.267e-05
       |              |           |    +0.000% |    -0.000% |           |   -0.001% |            |    +0.000%
    SNES DOF norms (2-norm) and ratios
    --------------------------------------------------------------------------------------------------------------------------------------
    it |       fnorm |          n0 |        r0 |        s0 |          n1 |        r1 |        s1 |          n2 |        r2 |        s2
    --------------------------------------------------------------------------------------------------------------------------------------
     0 |  1.0475e-07 |   4.028e-17 | 1.000e+00 | 1.544e-03 |   1.048e-07 | 1.000e+00 | 3.986e-11 |   3.698e-17 | 1.000e+00 | 6.170e-08
     1 |  4.3678e-12 |   2.367e-20 | 5.876e-04 | 1.525e-03 |   4.368e-12 | 4.170e-05 | 3.877e-11 |   1.322e-21 | 3.574e-05 | 6.014e-08
  SNES converged via DOF-wise criteria:
    DOF 0: ABS (atol)
    DOF 1: ABS (atol) STOL (stol)
    DOF 2: ABS (atol) STOL (stol)
Max dt! can not Increase time step: 1.600e+04 -> 1.600e+04 
  BOUNDS: phi_ice [0.0000, 1.0000]  phi_air [0.0000, 1.0000]
  ===============================================================================
  >>> DOMAIN INTEGRALS (PER TIME STEP)
  ===============================================================================
  -------------------------------------------------------------------------------------------------------------
    STEP |     TIME [s] |    DT [s] |    TOT_ICE |    TOT_AIR |      TEMP |  TOT_RHOV | I-A INTERF | TOTAL_MASS
  -------------------------------------------------------------------------------------------------------------
   127 |  1.03198e+06 | 1.600e+04 |  1.379e-08 |  1.621e-08 | -6.000e-07 | 1.376e-11 |  1.018e-10 |  1.267e-05
       |              |           |    +0.000% |    -0.000% |           |   -0.001% |            |    +0.000%
    SNES DOF norms (2-norm) and ratios
    --------------------------------------------------------------------------------------------------------------------------------------
    it |       fnorm |          n0 |        r0 |        s0 |          n1 |        r1 |        s1 |          n2 |        r2 |        s2
    --------------------------------------------------------------------------------------------------------------------------------------
     0 |  1.0346e-07 |   3.978e-17 | 1.000e+00 | 1.525e-03 |   1.035e-07 | 1.000e+00 | 3.877e-11 |   3.653e-17 | 1.000e+00 | 6.014e-08
     1 |  4.2252e-12 |   2.308e-20 | 5.801e-04 | 1.505e-03 |   4.225e-12 | 4.084e-05 | 3.772e-11 |   1.285e-21 | 3.517e-05 | 5.859e-08
  SNES converged via DOF-wise criteria:
    DOF 0: ABS (atol)
    DOF 1: ABS (atol) STOL (stol)
    DOF 2: ABS (atol) STOL (stol)
Max dt! can not Increase time step: 1.600e+04 -> 1.600e+04 
  BOUNDS: phi_ice [0.0000, 1.0000]  phi_air [0.0000, 1.0000]
  ===============================================================================
  >>> DOMAIN INTEGRALS (PER TIME STEP)
  ===============================================================================
  -------------------------------------------------------------------------------------------------------------
    STEP |     TIME [s] |    DT [s] |    TOT_ICE |    TOT_AIR |      TEMP |  TOT_RHOV | I-A INTERF | TOTAL_MASS
  -------------------------------------------------------------------------------------------------------------
   128 |  1.04798e+06 | 1.600e+04 |  1.379e-08 |  1.621e-08 | -6.000e-07 | 1.376e-11 |  1.018e-10 |  1.267e-05
       |              |           |    +0.000% |    -0.000% |           |   -0.001% |            |    +0.000%
OUTPUT print!
    SNES DOF norms (2-norm) and ratios
    --------------------------------------------------------------------------------------------------------------------------------------
    it |       fnorm |          n0 |        r0 |        s0 |          n1 |        r1 |        s1 |          n2 |        r2 |        s2
    --------------------------------------------------------------------------------------------------------------------------------------
     0 |  1.0219e-07 |   3.929e-17 | 1.000e+00 | 1.505e-03 |   1.022e-07 | 1.000e+00 | 3.772e-11 |   3.608e-17 | 1.000e+00 | 5.859e-08
     1 |  4.0883e-12 |   2.250e-20 | 5.727e-04 | 1.486e-03 |   4.088e-12 | 4.001e-05 | 3.669e-11 |   1.249e-21 | 3.463e-05 | 5.717e-08
  SNES converged via DOF-wise criteria:
    DOF 0: ABS (atol)
    DOF 1: ABS (atol) STOL (stol)
    DOF 2: ABS (atol) STOL (stol)
Max dt! can not Increase time step: 1.600e+04 -> 1.600e+04 
  BOUNDS: phi_ice [0.0000, 1.0000]  phi_air [0.0000, 1.0000]
  ===============================================================================
  >>> DOMAIN INTEGRALS (PER TIME STEP)
  ===============================================================================
  -------------------------------------------------------------------------------------------------------------
    STEP |     TIME [s] |    DT [s] |    TOT_ICE |    TOT_AIR |      TEMP |  TOT_RHOV | I-A INTERF | TOTAL_MASS
  -------------------------------------------------------------------------------------------------------------
   129 |  1.06398e+06 | 1.600e+04 |  1.379e-08 |  1.621e-08 | -6.000e-07 | 1.376e-11 |  1.018e-10 |  1.267e-05
       |              |           |    +0.000% |    -0.000% |           |   -0.001% |            |    +0.000%
    SNES DOF norms (2-norm) and ratios
    --------------------------------------------------------------------------------------------------------------------------------------
    it |       fnorm |          n0 |        r0 |        s0 |          n1 |        r1 |        s1 |          n2 |        r2 |        s2
    --------------------------------------------------------------------------------------------------------------------------------------
     0 |  1.0093e-07 |   3.881e-17 | 1.000e+00 | 1.486e-03 |   1.009e-07 | 1.000e+00 | 3.669e-11 |   3.563e-17 | 1.000e+00 | 5.717e-08
     1 |  3.9582e-12 |   2.194e-20 | 5.654e-04 | 1.467e-03 |   3.958e-12 | 3.922e-05 | 3.569e-11 |   1.215e-21 | 3.410e-05 | 5.572e-08
  SNES converged via DOF-wise criteria:
    DOF 0: ABS (atol)
    DOF 1: ABS (atol) STOL (stol)
    DOF 2: ABS (atol) STOL (stol)
Max dt! can not Increase time step: 1.600e+04 -> 1.600e+04 
  BOUNDS: phi_ice [0.0000, 1.0000]  phi_air [0.0000, 1.0000]
  ===============================================================================
  >>> DOMAIN INTEGRALS (PER TIME STEP)
  ===============================================================================
  -------------------------------------------------------------------------------------------------------------
    STEP |     TIME [s] |    DT [s] |    TOT_ICE |    TOT_AIR |      TEMP |  TOT_RHOV | I-A INTERF | TOTAL_MASS
  -------------------------------------------------------------------------------------------------------------
   130 |  1.07998e+06 | 1.600e+04 |  1.379e-08 |  1.621e-08 | -6.000e-07 | 1.376e-11 |  1.018e-10 |  1.267e-05
       |              |           |    +0.000% |    -0.000% |           |   -0.001% |            |    +0.000%
    SNES DOF norms (2-norm) and ratios
    --------------------------------------------------------------------------------------------------------------------------------------
    it |       fnorm |          n0 |        r0 |        s0 |          n1 |        r1 |        s1 |          n2 |        r2 |        s2
    --------------------------------------------------------------------------------------------------------------------------------------
     0 |  9.9689e-08 |   3.833e-17 | 1.000e+00 | 1.467e-03 |   9.969e-08 | 1.000e+00 | 3.569e-11 |   3.519e-17 | 1.000e+00 | 5.572e-08
     1 |  3.8342e-12 |   2.140e-20 | 5.582e-04 | 1.449e-03 |   3.834e-12 | 3.846e-05 | 3.472e-11 |   1.182e-21 | 3.359e-05 | 5.440e-08
  SNES converged via DOF-wise criteria:
    DOF 0: ABS (atol)
    DOF 1: ABS (atol) STOL (stol)
    DOF 2: ABS (atol) STOL (stol)
Max dt! can not Increase time step: 1.600e+04 -> 1.600e+04 
  BOUNDS: phi_ice [0.0000, 1.0000]  phi_air [0.0000, 1.0000]
  ===============================================================================
  >>> DOMAIN INTEGRALS (PER TIME STEP)
  ===============================================================================
  -------------------------------------------------------------------------------------------------------------
    STEP |     TIME [s] |    DT [s] |    TOT_ICE |    TOT_AIR |      TEMP |  TOT_RHOV | I-A INTERF | TOTAL_MASS
  -------------------------------------------------------------------------------------------------------------
   131 |  1.09598e+06 | 1.600e+04 |  1.379e-08 |  1.621e-08 | -6.000e-07 | 1.376e-11 |  1.018e-10 |  1.267e-05
       |              |           |    +0.000% |    -0.000% |           |   -0.001% |            |    +0.000%
    SNES DOF norms (2-norm) and ratios
    --------------------------------------------------------------------------------------------------------------------------------------
    it |       fnorm |          n0 |        r0 |        s0 |          n1 |        r1 |        s1 |          n2 |        r2 |        s2
    --------------------------------------------------------------------------------------------------------------------------------------
     0 |  9.8463e-08 |   3.786e-17 | 1.000e+00 | 1.449e-03 |   9.846e-08 | 1.000e+00 | 3.472e-11 |   3.476e-17 | 1.000e+00 | 5.440e-08
     1 |  3.7157e-12 |   2.087e-20 | 5.512e-04 | 1.431e-03 |   3.716e-12 | 3.774e-05 | 3.378e-11 |   1.151e-21 | 3.310e-05 | 5.305e-08
  SNES converged via DOF-wise criteria:
    DOF 0: ABS (atol)
    DOF 1: ABS (atol) STOL (stol)
    DOF 2: ABS (atol) STOL (stol)
Max dt! can not Increase time step: 1.600e+04 -> 1.600e+04 
  BOUNDS: phi_ice [0.0000, 1.0000]  phi_air [0.0000, 1.0000]
  ===============================================================================
  >>> DOMAIN INTEGRALS (PER TIME STEP)
  ===============================================================================
  -------------------------------------------------------------------------------------------------------------
    STEP |     TIME [s] |    DT [s] |    TOT_ICE |    TOT_AIR |      TEMP |  TOT_RHOV | I-A INTERF | TOTAL_MASS
  -------------------------------------------------------------------------------------------------------------
   132 |  1.11198e+06 | 1.600e+04 |  1.379e-08 |  1.621e-08 | -6.000e-07 | 1.376e-11 |  1.018e-10 |  1.267e-05
       |              |           |    +0.000% |    -0.000% |           |   -0.001% |            |    +0.000%
    SNES DOF norms (2-norm) and ratios
    --------------------------------------------------------------------------------------------------------------------------------------
    it |       fnorm |          n0 |        r0 |        s0 |          n1 |        r1 |        s1 |          n2 |        r2 |        s2
    --------------------------------------------------------------------------------------------------------------------------------------
     0 |  9.7252e-08 |   3.739e-17 | 1.000e+00 | 1.431e-03 |   9.725e-08 | 1.000e+00 | 3.378e-11 |   3.433e-17 | 1.000e+00 | 5.305e-08
     1 |  3.6000e-12 |   2.035e-20 | 5.442e-04 | 1.413e-03 |   3.600e-12 | 3.702e-05 | 3.286e-11 |   1.120e-21 | 3.263e-05 | 5.181e-08
  SNES converged via DOF-wise criteria:
    DOF 0: ABS (atol)
    DOF 1: ABS (atol) STOL (stol)
    DOF 2: ABS (atol) STOL (stol)
Max dt! can not Increase time step: 1.600e+04 -> 1.600e+04 
  BOUNDS: phi_ice [0.0000, 1.0000]  phi_air [0.0000, 1.0000]
  ===============================================================================
  >>> DOMAIN INTEGRALS (PER TIME STEP)
  ===============================================================================
  -------------------------------------------------------------------------------------------------------------
    STEP |     TIME [s] |    DT [s] |    TOT_ICE |    TOT_AIR |      TEMP |  TOT_RHOV | I-A INTERF | TOTAL_MASS
  -------------------------------------------------------------------------------------------------------------
   133 |  1.12798e+06 | 1.600e+04 |  1.379e-08 |  1.621e-08 | -6.000e-07 | 1.376e-11 |  1.018e-10 |  1.267e-05
       |              |           |    +0.000% |    -0.000% |           |   -0.001% |            |    +0.000%
    SNES DOF norms (2-norm) and ratios
    --------------------------------------------------------------------------------------------------------------------------------------
    it |       fnorm |          n0 |        r0 |        s0 |          n1 |        r1 |        s1 |          n2 |        r2 |        s2
    --------------------------------------------------------------------------------------------------------------------------------------
     0 |  9.6056e-08 |   3.693e-17 | 1.000e+00 | 1.413e-03 |   9.606e-08 | 1.000e+00 | 3.286e-11 |   3.391e-17 | 1.000e+00 | 5.181e-08
     1 |  3.4935e-12 |   1.985e-20 | 5.374e-04 | 1.395e-03 |   3.494e-12 | 3.637e-05 | 3.196e-11 |   1.091e-21 | 3.216e-05 | 5.058e-08
  SNES converged via DOF-wise criteria:
    DOF 0: ABS (atol)
    DOF 1: ABS (atol) STOL (stol)
    DOF 2: ABS (atol) STOL (stol)
Max dt! can not Increase time step: 1.600e+04 -> 1.600e+04 
  BOUNDS: phi_ice [0.0000, 1.0000]  phi_air [0.0000, 1.0000]
  ===============================================================================
  >>> DOMAIN INTEGRALS (PER TIME STEP)
  ===============================================================================
  -------------------------------------------------------------------------------------------------------------
    STEP |     TIME [s] |    DT [s] |    TOT_ICE |    TOT_AIR |      TEMP |  TOT_RHOV | I-A INTERF | TOTAL_MASS
  -------------------------------------------------------------------------------------------------------------
   134 |  1.14398e+06 | 1.600e+04 |  1.379e-08 |  1.621e-08 | -6.000e-07 | 1.376e-11 |  1.018e-10 |  1.267e-05
       |              |           |    +0.000% |    -0.000% |           |   -0.001% |            |    +0.000%
OUTPUT print!
    SNES DOF norms (2-norm) and ratios
    --------------------------------------------------------------------------------------------------------------------------------------
    it |       fnorm |          n0 |        r0 |        s0 |          n1 |        r1 |        s1 |          n2 |        r2 |        s2
    --------------------------------------------------------------------------------------------------------------------------------------
     0 |  9.4875e-08 |   3.648e-17 | 1.000e+00 | 1.395e-03 |   9.488e-08 | 1.000e+00 | 3.196e-11 |   3.349e-17 | 1.000e+00 | 5.058e-08
     1 |  3.3878e-12 |   1.936e-20 | 5.306e-04 | 1.377e-03 |   3.388e-12 | 3.571e-05 | 3.109e-11 |   1.062e-21 | 3.172e-05 | 4.940e-08
  SNES converged via DOF-wise criteria:
    DOF 0: ABS (atol)
    DOF 1: ABS (atol) STOL (stol)
    DOF 2: ABS (atol) STOL (stol)
Max dt! can not Increase time step: 1.600e+04 -> 1.600e+04 
  BOUNDS: phi_ice [0.0000, 1.0000]  phi_air [0.0000, 1.0000]
  ===============================================================================
  >>> DOMAIN INTEGRALS (PER TIME STEP)
  ===============================================================================
  -------------------------------------------------------------------------------------------------------------
    STEP |     TIME [s] |    DT [s] |    TOT_ICE |    TOT_AIR |      TEMP |  TOT_RHOV | I-A INTERF | TOTAL_MASS
  -------------------------------------------------------------------------------------------------------------
   135 |  1.15998e+06 | 1.600e+04 |  1.379e-08 |  1.621e-08 | -6.000e-07 | 1.376e-11 |  1.018e-10 |  1.267e-05
       |              |           |    +0.000% |    -0.000% |           |   -0.001% |            |    +0.000%
    SNES DOF norms (2-norm) and ratios
    --------------------------------------------------------------------------------------------------------------------------------------
    it |       fnorm |          n0 |        r0 |        s0 |          n1 |        r1 |        s1 |          n2 |        r2 |        s2
    --------------------------------------------------------------------------------------------------------------------------------------
     0 |  9.3709e-08 |   3.603e-17 | 1.000e+00 | 1.377e-03 |   9.371e-08 | 1.000e+00 | 3.109e-11 |   3.308e-17 | 1.000e+00 | 4.940e-08
     1 |  3.2857e-12 |   1.888e-20 | 5.240e-04 | 1.360e-03 |   3.286e-12 | 3.506e-05 | 3.024e-11 |   1.035e-21 | 3.128e-05 | 4.825e-08
  SNES converged via DOF-wise criteria:
    DOF 0: ABS (atol)
    DOF 1: ABS (atol) STOL (stol)
    DOF 2: ABS (atol) STOL (stol)
Max dt! can not Increase time step: 1.600e+04 -> 1.600e+04 
  BOUNDS: phi_ice [0.0000, 1.0000]  phi_air [0.0000, 1.0000]
  ===============================================================================
  >>> DOMAIN INTEGRALS (PER TIME STEP)
  ===============================================================================
  -------------------------------------------------------------------------------------------------------------
    STEP |     TIME [s] |    DT [s] |    TOT_ICE |    TOT_AIR |      TEMP |  TOT_RHOV | I-A INTERF | TOTAL_MASS
  -------------------------------------------------------------------------------------------------------------
   136 |  1.17598e+06 | 1.600e+04 |  1.379e-08 |  1.621e-08 | -6.000e-07 | 1.376e-11 |  1.018e-10 |  1.267e-05
       |              |           |    +0.000% |    -0.000% |           |   -0.001% |            |    +0.000%
    SNES DOF norms (2-norm) and ratios
    --------------------------------------------------------------------------------------------------------------------------------------
    it |       fnorm |          n0 |        r0 |        s0 |          n1 |        r1 |        s1 |          n2 |        r2 |        s2
    --------------------------------------------------------------------------------------------------------------------------------------
     0 |  9.2557e-08 |   3.559e-17 | 1.000e+00 | 1.360e-03 |   9.256e-08 | 1.000e+00 | 3.024e-11 |   3.268e-17 | 1.000e+00 | 4.825e-08
     1 |  3.1903e-12 |   1.842e-20 | 5.175e-04 | 1.343e-03 |   3.190e-12 | 3.447e-05 | 2.942e-11 |   1.008e-21 | 3.085e-05 | 4.717e-08
  SNES converged via DOF-wise criteria:
    DOF 0: ABS (atol)
    DOF 1: ABS (atol) STOL (stol)
    DOF 2: ABS (atol) STOL (stol)
Max dt! can not Increase time step: 1.600e+04 -> 1.600e+04 
  BOUNDS: phi_ice [0.0000, 1.0000]  phi_air [0.0000, 1.0000]
  ===============================================================================
  >>> DOMAIN INTEGRALS (PER TIME STEP)
  ===============================================================================
  -------------------------------------------------------------------------------------------------------------
    STEP |     TIME [s] |    DT [s] |    TOT_ICE |    TOT_AIR |      TEMP |  TOT_RHOV | I-A INTERF | TOTAL_MASS
  -------------------------------------------------------------------------------------------------------------
   137 |  1.19198e+06 | 1.600e+04 |  1.379e-08 |  1.621e-08 | -6.000e-07 | 1.376e-11 |  1.018e-10 |  1.267e-05
       |              |           |    +0.000% |    -0.000% |           |   -0.001% |            |    +0.000%
    SNES DOF norms (2-norm) and ratios
    --------------------------------------------------------------------------------------------------------------------------------------
    it |       fnorm |          n0 |        r0 |        s0 |          n1 |        r1 |        s1 |          n2 |        r2 |        s2
    --------------------------------------------------------------------------------------------------------------------------------------
     0 |  9.1418e-08 |   3.515e-17 | 1.000e+00 | 1.343e-03 |   9.142e-08 | 1.000e+00 | 2.942e-11 |   3.227e-17 | 1.000e+00 | 4.717e-08
     1 |  3.0985e-12 |   1.796e-20 | 5.110e-04 | 1.326e-03 |   3.099e-12 | 3.389e-05 | 2.862e-11 |   9.823e-22 | 3.044e-05 | 4.611e-08
  SNES converged via DOF-wise criteria:
    DOF 0: ABS (atol)
    DOF 1: ABS (atol) STOL (stol)
    DOF 2: ABS (atol) STOL (stol)
Max dt! can not Increase time step: 1.600e+04 -> 1.600e+04 
  BOUNDS: phi_ice [0.0000, 1.0000]  phi_air [0.0000, 1.0000]
  ===============================================================================
  >>> DOMAIN INTEGRALS (PER TIME STEP)
  ===============================================================================
  -------------------------------------------------------------------------------------------------------------
    STEP |     TIME [s] |    DT [s] |    TOT_ICE |    TOT_AIR |      TEMP |  TOT_RHOV | I-A INTERF | TOTAL_MASS
  -------------------------------------------------------------------------------------------------------------
   138 |  1.20798e+06 | 1.600e+04 |  1.379e-08 |  1.621e-08 | -6.000e-07 | 1.376e-11 |  1.018e-10 |  1.267e-05
       |              |           |    +0.000% |    -0.000% |           |   -0.001% |            |    +0.000%
    SNES DOF norms (2-norm) and ratios
    --------------------------------------------------------------------------------------------------------------------------------------
    it |       fnorm |          n0 |        r0 |        s0 |          n1 |        r1 |        s1 |          n2 |        r2 |        s2
    --------------------------------------------------------------------------------------------------------------------------------------
     0 |  9.0294e-08 |   3.472e-17 | 1.000e+00 | 1.326e-03 |   9.029e-08 | 1.000e+00 | 2.862e-11 |   3.188e-17 | 1.000e+00 | 4.611e-08
     1 |  3.0090e-12 |   1.752e-20 | 5.046e-04 | 1.309e-03 |   3.009e-12 | 3.332e-05 | 2.785e-11 |   9.573e-22 | 3.003e-05 | 4.509e-08
  SNES converged via DOF-wise criteria:
    DOF 0: ABS (atol)
    DOF 1: ABS (atol) STOL (stol)
    DOF 2: ABS (atol) STOL (stol)
Max dt! can not Increase time step: 1.600e+04 -> 1.600e+04 
  BOUNDS: phi_ice [0.0000, 1.0000]  phi_air [0.0000, 1.0000]
  ===============================================================================
  >>> DOMAIN INTEGRALS (PER TIME STEP)
  ===============================================================================
  -------------------------------------------------------------------------------------------------------------
    STEP |     TIME [s] |    DT [s] |    TOT_ICE |    TOT_AIR |      TEMP |  TOT_RHOV | I-A INTERF | TOTAL_MASS
  -------------------------------------------------------------------------------------------------------------
   139 |  1.22398e+06 | 1.600e+04 |  1.379e-08 |  1.621e-08 | -6.000e-07 | 1.376e-11 |  1.018e-10 |  1.267e-05
       |              |           |    +0.000% |    -0.000% |           |   -0.001% |            |    +0.000%
    SNES DOF norms (2-norm) and ratios
    --------------------------------------------------------------------------------------------------------------------------------------
    it |       fnorm |          n0 |        r0 |        s0 |          n1 |        r1 |        s1 |          n2 |        r2 |        s2
    --------------------------------------------------------------------------------------------------------------------------------------
     0 |  8.9184e-08 |   3.429e-17 | 1.000e+00 | 1.309e-03 |   8.918e-08 | 1.000e+00 | 2.785e-11 |   3.148e-17 | 1.000e+00 | 4.509e-08
     1 |  2.9247e-12 |   1.709e-20 | 4.983e-04 | 1.293e-03 |   2.925e-12 | 3.279e-05 | 2.709e-11 |   9.330e-22 | 2.963e-05 | 4.405e-08
  SNES converged via DOF-wise criteria:
    DOF 0: ABS (atol)
    DOF 1: ABS (atol) STOL (stol)
    DOF 2: ABS (atol) STOL (stol)
Max dt! can not Increase time step: 1.600e+04 -> 1.600e+04 
  BOUNDS: phi_ice [0.0000, 1.0000]  phi_air [0.0000, 1.0000]
  ===============================================================================
  >>> DOMAIN INTEGRALS (PER TIME STEP)
  ===============================================================================
  -------------------------------------------------------------------------------------------------------------
    STEP |     TIME [s] |    DT [s] |    TOT_ICE |    TOT_AIR |      TEMP |  TOT_RHOV | I-A INTERF | TOTAL_MASS
  -------------------------------------------------------------------------------------------------------------
   140 |  1.23998e+06 | 1.600e+04 |  1.379e-08 |  1.621e-08 | -6.000e-07 | 1.376e-11 |  1.018e-10 |  1.267e-05
       |              |           |    +0.000% |    -0.000% |           |   -0.001% |            |    +0.000%
OUTPUT print!
    SNES DOF norms (2-norm) and ratios
    --------------------------------------------------------------------------------------------------------------------------------------
    it |       fnorm |          n0 |        r0 |        s0 |          n1 |        r1 |        s1 |          n2 |        r2 |        s2
    --------------------------------------------------------------------------------------------------------------------------------------
     0 |  8.8087e-08 |   3.387e-17 | 1.000e+00 | 1.293e-03 |   8.809e-08 | 1.000e+00 | 2.709e-11 |   3.110e-17 | 1.000e+00 | 4.405e-08
     1 |  2.8401e-12 |   1.667e-20 | 4.921e-04 | 1.277e-03 |   2.840e-12 | 3.224e-05 | 2.636e-11 |   9.094e-22 | 2.924e-05 | 4.303e-08
  SNES converged via DOF-wise criteria:
    DOF 0: ABS (atol)
    DOF 1: ABS (atol) STOL (stol)
    DOF 2: ABS (atol) STOL (stol)
Max dt! can not Increase time step: 1.600e+04 -> 1.600e+04 
  BOUNDS: phi_ice [0.0000, 1.0000]  phi_air [0.0000, 1.0000]
  ===============================================================================
  >>> DOMAIN INTEGRALS (PER TIME STEP)
  ===============================================================================
  -------------------------------------------------------------------------------------------------------------
    STEP |     TIME [s] |    DT [s] |    TOT_ICE |    TOT_AIR |      TEMP |  TOT_RHOV | I-A INTERF | TOTAL_MASS
  -------------------------------------------------------------------------------------------------------------
   141 |  1.25598e+06 | 1.600e+04 |  1.379e-08 |  1.621e-08 | -6.000e-07 | 1.376e-11 |  1.018e-10 |  1.267e-05
       |              |           |    +0.000% |    -0.000% |           |   -0.001% |            |    +0.000%
    SNES DOF norms (2-norm) and ratios
    --------------------------------------------------------------------------------------------------------------------------------------
    it |       fnorm |          n0 |        r0 |        s0 |          n1 |        r1 |        s1 |          n2 |        r2 |        s2
    --------------------------------------------------------------------------------------------------------------------------------------
     0 |  8.7004e-08 |   3.345e-17 | 1.000e+00 | 1.277e-03 |   8.700e-08 | 1.000e+00 | 2.636e-11 |   3.072e-17 | 1.000e+00 | 4.303e-08
     1 |  2.7649e-12 |   1.626e-20 | 4.860e-04 | 1.261e-03 |   2.765e-12 | 3.178e-05 | 2.566e-11 |   8.865e-22 | 2.886e-05 | 4.210e-08
  SNES converged via DOF-wise criteria:
    DOF 0: ABS (atol)
    DOF 1: ABS (atol) STOL (stol)
    DOF 2: ABS (atol) STOL (stol)
Max dt! can not Increase time step: 1.600e+04 -> 1.600e+04 
  BOUNDS: phi_ice [0.0000, 1.0000]  phi_air [0.0000, 1.0000]
  ===============================================================================
  >>> DOMAIN INTEGRALS (PER TIME STEP)
  ===============================================================================
  -------------------------------------------------------------------------------------------------------------
    STEP |     TIME [s] |    DT [s] |    TOT_ICE |    TOT_AIR |      TEMP |  TOT_RHOV | I-A INTERF | TOTAL_MASS
  -------------------------------------------------------------------------------------------------------------
   142 |  1.27198e+06 | 1.600e+04 |  1.379e-08 |  1.621e-08 | -6.000e-07 | 1.376e-11 |  1.018e-10 |  1.267e-05
       |              |           |    +0.000% |    -0.000% |           |   -0.001% |            |    +0.000%
    SNES DOF norms (2-norm) and ratios
    --------------------------------------------------------------------------------------------------------------------------------------
    it |       fnorm |          n0 |        r0 |        s0 |          n1 |        r1 |        s1 |          n2 |        r2 |        s2
    --------------------------------------------------------------------------------------------------------------------------------------
     0 |  8.5934e-08 |   3.304e-17 | 1.000e+00 | 1.261e-03 |   8.593e-08 | 1.000e+00 | 2.566e-11 |   3.034e-17 | 1.000e+00 | 4.210e-08
     1 |  2.6848e-12 |   1.586e-20 | 4.800e-04 | 1.245e-03 |   2.685e-12 | 3.124e-05 | 2.497e-11 |   8.642e-22 | 2.848e-05 | 4.116e-08
  SNES converged via DOF-wise criteria:
    DOF 0: ABS (atol)
    DOF 1: ABS (atol) STOL (stol)
    DOF 2: ABS (atol) STOL (stol)
Max dt! can not Increase time step: 1.600e+04 -> 1.600e+04 
  BOUNDS: phi_ice [0.0000, 1.0000]  phi_air [0.0000, 1.0000]
  ===============================================================================
  >>> DOMAIN INTEGRALS (PER TIME STEP)
  ===============================================================================
  -------------------------------------------------------------------------------------------------------------
    STEP |     TIME [s] |    DT [s] |    TOT_ICE |    TOT_AIR |      TEMP |  TOT_RHOV | I-A INTERF | TOTAL_MASS
  -------------------------------------------------------------------------------------------------------------
   143 |  1.28798e+06 | 1.600e+04 |  1.379e-08 |  1.621e-08 | -6.000e-07 | 1.376e-11 |  1.018e-10 |  1.267e-05
       |              |           |    +0.000% |    -0.000% |           |   -0.001% |            |    +0.000%
    SNES DOF norms (2-norm) and ratios
    --------------------------------------------------------------------------------------------------------------------------------------
    it |       fnorm |          n0 |        r0 |        s0 |          n1 |        r1 |        s1 |          n2 |        r2 |        s2
    --------------------------------------------------------------------------------------------------------------------------------------
     0 |  8.4877e-08 |   3.264e-17 | 1.000e+00 | 1.245e-03 |   8.488e-08 | 1.000e+00 | 2.497e-11 |   2.996e-17 | 1.000e+00 | 4.116e-08
     1 |  2.6107e-12 |   1.547e-20 | 4.740e-04 | 1.230e-03 |   2.611e-12 | 3.076e-05 | 2.430e-11 |   8.425e-22 | 2.812e-05 | 4.024e-08
  SNES converged via DOF-wise criteria:
    DOF 0: ABS (atol)
    DOF 1: ABS (atol) STOL (stol)
    DOF 2: ABS (atol) STOL (stol)
Max dt! can not Increase time step: 1.600e+04 -> 1.600e+04 
  BOUNDS: phi_ice [0.0000, 1.0000]  phi_air [0.0000, 1.0000]
  ===============================================================================
  >>> DOMAIN INTEGRALS (PER TIME STEP)
  ===============================================================================
  -------------------------------------------------------------------------------------------------------------
    STEP |     TIME [s] |    DT [s] |    TOT_ICE |    TOT_AIR |      TEMP |  TOT_RHOV | I-A INTERF | TOTAL_MASS
  -------------------------------------------------------------------------------------------------------------
   144 |  1.30398e+06 | 1.600e+04 |  1.379e-08 |  1.621e-08 | -6.000e-07 | 1.376e-11 |  1.018e-10 |  1.267e-05
       |              |           |    +0.000% |    -0.000% |           |   -0.001% |            |    +0.000%
    SNES DOF norms (2-norm) and ratios
    --------------------------------------------------------------------------------------------------------------------------------------
    it |       fnorm |          n0 |        r0 |        s0 |          n1 |        r1 |        s1 |          n2 |        r2 |        s2
    --------------------------------------------------------------------------------------------------------------------------------------
     0 |  8.3833e-08 |   3.223e-17 | 1.000e+00 | 1.230e-03 |   8.383e-08 | 1.000e+00 | 2.430e-11 |   2.960e-17 | 1.000e+00 | 4.024e-08
     1 |  2.5413e-12 |   1.509e-20 | 4.682e-04 | 1.214e-03 |   2.541e-12 | 3.031e-05 | 2.366e-11 |   8.214e-22 | 2.775e-05 | 3.936e-08
  SNES converged via DOF-wise criteria:
    DOF 0: ABS (atol)
    DOF 1: ABS (atol) STOL (stol)
    DOF 2: ABS (atol) STOL (stol)
Max dt! can not Increase time step: 1.600e+04 -> 1.600e+04 
  BOUNDS: phi_ice [0.0000, 1.0000]  phi_air [0.0000, 1.0000]
  ===============================================================================
  >>> DOMAIN INTEGRALS (PER TIME STEP)
  ===============================================================================
  -------------------------------------------------------------------------------------------------------------
    STEP |     TIME [s] |    DT [s] |    TOT_ICE |    TOT_AIR |      TEMP |  TOT_RHOV | I-A INTERF | TOTAL_MASS
  -------------------------------------------------------------------------------------------------------------
   145 |  1.31998e+06 | 1.600e+04 |  1.379e-08 |  1.621e-08 | -6.000e-07 | 1.376e-11 |  1.018e-10 |  1.267e-05
       |              |           |    +0.000% |    -0.000% |           |   -0.001% |            |    +0.000%
    SNES DOF norms (2-norm) and ratios
    --------------------------------------------------------------------------------------------------------------------------------------
    it |       fnorm |          n0 |        r0 |        s0 |          n1 |        r1 |        s1 |          n2 |        r2 |        s2
    --------------------------------------------------------------------------------------------------------------------------------------
     0 |  8.2802e-08 |   3.184e-17 | 1.000e+00 | 1.214e-03 |   8.280e-08 | 1.000e+00 | 2.366e-11 |   2.923e-17 | 1.000e+00 | 3.936e-08
     1 |  2.4715e-12 |   1.472e-20 | 4.624e-04 | 1.199e-03 |   2.471e-12 | 2.985e-05 | 2.303e-11 |   8.008e-22 | 2.740e-05 | 3.851e-08
  SNES converged via DOF-wise criteria:
    DOF 0: ABS (atol)
    DOF 1: ABS (atol) STOL (stol)
    DOF 2: ABS (atol) STOL (stol)
Max dt! can not Increase time step: 1.600e+04 -> 1.600e+04 
  BOUNDS: phi_ice [0.0000, 1.0000]  phi_air [0.0000, 1.0000]
  ===============================================================================
  >>> DOMAIN INTEGRALS (PER TIME STEP)
  ===============================================================================
  -------------------------------------------------------------------------------------------------------------
    STEP |     TIME [s] |    DT [s] |    TOT_ICE |    TOT_AIR |      TEMP |  TOT_RHOV | I-A INTERF | TOTAL_MASS
  -------------------------------------------------------------------------------------------------------------
   146 |  1.33598e+06 | 1.600e+04 |  1.379e-08 |  1.621e-08 | -6.000e-07 | 1.376e-11 |  1.018e-10 |  1.267e-05
       |              |           |    +0.000% |    -0.000% |           |   -0.001% |            |    +0.000%
OUTPUT print!
    SNES DOF norms (2-norm) and ratios
    --------------------------------------------------------------------------------------------------------------------------------------
    it |       fnorm |          n0 |        r0 |        s0 |          n1 |        r1 |        s1 |          n2 |        r2 |        s2
    --------------------------------------------------------------------------------------------------------------------------------------
     0 |  8.1783e-08 |   3.145e-17 | 1.000e+00 | 1.199e-03 |   8.178e-08 | 1.000e+00 | 2.303e-11 |   2.887e-17 | 1.000e+00 | 3.851e-08
     1 |  2.4046e-12 |   1.436e-20 | 4.566e-04 | 1.184e-03 |   2.405e-12 | 2.940e-05 | 2.243e-11 |   7.808e-22 | 2.704e-05 | 3.768e-08
  SNES converged via DOF-wise criteria:
    DOF 0: ABS (atol)
    DOF 1: ABS (atol) STOL (stol)
    DOF 2: ABS (atol) STOL (stol)
Max dt! can not Increase time step: 1.600e+04 -> 1.600e+04 
  BOUNDS: phi_ice [0.0000, 1.0000]  phi_air [0.0000, 1.0000]
  ===============================================================================
  >>> DOMAIN INTEGRALS (PER TIME STEP)
  ===============================================================================
  -------------------------------------------------------------------------------------------------------------
    STEP |     TIME [s] |    DT [s] |    TOT_ICE |    TOT_AIR |      TEMP |  TOT_RHOV | I-A INTERF | TOTAL_MASS
  -------------------------------------------------------------------------------------------------------------
   147 |  1.35198e+06 | 1.600e+04 |  1.379e-08 |  1.621e-08 | -6.000e-07 | 1.376e-11 |  1.018e-10 |  1.267e-05
       |              |           |    +0.000% |    -0.000% |           |   -0.001% |            |    +0.000%
    SNES DOF norms (2-norm) and ratios
    --------------------------------------------------------------------------------------------------------------------------------------
    it |       fnorm |          n0 |        r0 |        s0 |          n1 |        r1 |        s1 |          n2 |        r2 |        s2
    --------------------------------------------------------------------------------------------------------------------------------------
     0 |  8.0777e-08 |   3.106e-17 | 1.000e+00 | 1.184e-03 |   8.078e-08 | 1.000e+00 | 2.243e-11 |   2.852e-17 | 1.000e+00 | 3.768e-08
     1 |  2.3415e-12 |   1.401e-20 | 4.510e-04 | 1.169e-03 |   2.342e-12 | 2.899e-05 | 2.185e-11 |   7.614e-22 | 2.670e-05 | 3.686e-08
  SNES converged via DOF-wise criteria:
    DOF 0: ABS (atol)
    DOF 1: ABS (atol) STOL (stol)
    DOF 2: ABS (atol) STOL (stol)
Max dt! can not Increase time step: 1.600e+04 -> 1.600e+04 
  BOUNDS: phi_ice [0.0000, 1.0000]  phi_air [0.0000, 1.0000]
  ===============================================================================
  >>> DOMAIN INTEGRALS (PER TIME STEP)
  ===============================================================================
  -------------------------------------------------------------------------------------------------------------
    STEP |     TIME [s] |    DT [s] |    TOT_ICE |    TOT_AIR |      TEMP |  TOT_RHOV | I-A INTERF | TOTAL_MASS
  -------------------------------------------------------------------------------------------------------------
   148 |  1.36798e+06 | 1.600e+04 |  1.379e-08 |  1.621e-08 | -6.000e-07 | 1.376e-11 |  1.019e-10 |  1.267e-05
       |              |           |    +0.000% |    -0.000% |           |   -0.001% |            |    +0.000%
    SNES DOF norms (2-norm) and ratios
    --------------------------------------------------------------------------------------------------------------------------------------
    it |       fnorm |          n0 |        r0 |        s0 |          n1 |        r1 |        s1 |          n2 |        r2 |        s2
    --------------------------------------------------------------------------------------------------------------------------------------
     0 |  7.9784e-08 |   3.068e-17 | 1.000e+00 | 1.169e-03 |   7.978e-08 | 1.000e+00 | 2.185e-11 |   2.817e-17 | 1.000e+00 | 3.686e-08
     1 |  2.2782e-12 |   1.366e-20 | 4.454e-04 | 1.155e-03 |   2.278e-12 | 2.856e-05 | 2.128e-11 |   7.424e-22 | 2.636e-05 | 3.608e-08
  SNES converged via DOF-wise criteria:
    DOF 0: ABS (atol)
    DOF 1: ABS (atol) STOL (stol)
    DOF 2: ABS (atol) STOL (stol)
Max dt! can not Increase time step: 1.600e+04 -> 1.600e+04 
  BOUNDS: phi_ice [0.0000, 1.0000]  phi_air [0.0000, 1.0000]
  ===============================================================================
  >>> DOMAIN INTEGRALS (PER TIME STEP)
  ===============================================================================
  -------------------------------------------------------------------------------------------------------------
    STEP |     TIME [s] |    DT [s] |    TOT_ICE |    TOT_AIR |      TEMP |  TOT_RHOV | I-A INTERF | TOTAL_MASS
  -------------------------------------------------------------------------------------------------------------
   149 |  1.38398e+06 | 1.600e+04 |  1.379e-08 |  1.621e-08 | -6.000e-07 | 1.376e-11 |  1.019e-10 |  1.267e-05
       |              |           |    +0.000% |    -0.000% |           |   -0.001% |            |    +0.000%
    SNES DOF norms (2-norm) and ratios
    --------------------------------------------------------------------------------------------------------------------------------------
    it |       fnorm |          n0 |        r0 |        s0 |          n1 |        r1 |        s1 |          n2 |        r2 |        s2
    --------------------------------------------------------------------------------------------------------------------------------------
     0 |  7.8802e-08 |   3.030e-17 | 1.000e+00 | 1.155e-03 |   7.880e-08 | 1.000e+00 | 2.128e-11 |   2.782e-17 | 1.000e+00 | 3.608e-08
     1 |  2.2179e-12 |   1.333e-20 | 4.399e-04 | 1.140e-03 |   2.218e-12 | 2.815e-05 | 2.074e-11 |   7.239e-22 | 2.602e-05 | 3.531e-08
  SNES converged via DOF-wise criteria:
    DOF 0: ABS (atol)
    DOF 1: ABS (atol) STOL (stol)
    DOF 2: ABS (atol) STOL (stol)
Max dt! can not Increase time step: 1.600e+04 -> 1.600e+04 
  BOUNDS: phi_ice [0.0000, 1.0000]  phi_air [0.0000, 1.0000]
  ===============================================================================
  >>> DOMAIN INTEGRALS (PER TIME STEP)
  ===============================================================================
  -------------------------------------------------------------------------------------------------------------
    STEP |     TIME [s] |    DT [s] |    TOT_ICE |    TOT_AIR |      TEMP |  TOT_RHOV | I-A INTERF | TOTAL_MASS
  -------------------------------------------------------------------------------------------------------------
   150 |  1.39998e+06 | 1.600e+04 |  1.379e-08 |  1.621e-08 | -6.000e-07 | 1.376e-11 |  1.019e-10 |  1.267e-05
       |              |           |    +0.000% |    -0.000% |           |   -0.001% |            |    +0.000%
    SNES DOF norms (2-norm) and ratios
    --------------------------------------------------------------------------------------------------------------------------------------
    it |       fnorm |          n0 |        r0 |        s0 |          n1 |        r1 |        s1 |          n2 |        r2 |        s2
    --------------------------------------------------------------------------------------------------------------------------------------
     0 |  7.7833e-08 |   2.993e-17 | 1.000e+00 | 1.140e-03 |   7.783e-08 | 1.000e+00 | 2.074e-11 |   2.748e-17 | 1.000e+00 | 3.531e-08
     1 |  2.1601e-12 |   1.300e-20 | 4.345e-04 | 1.126e-03 |   2.160e-12 | 2.775e-05 | 2.021e-11 |   7.059e-22 | 2.569e-05 | 3.458e-08
  SNES converged via DOF-wise criteria:
    DOF 0: ABS (atol)
    DOF 1: ABS (atol) STOL (stol)
    DOF 2: ABS (atol) STOL (stol)
Max dt! can not Increase time step: 1.600e+04 -> 1.600e+04 
  BOUNDS: phi_ice [0.0000, 1.0000]  phi_air [0.0000, 1.0000]
  ===============================================================================
  >>> DOMAIN INTEGRALS (PER TIME STEP)
  ===============================================================================
  -------------------------------------------------------------------------------------------------------------
    STEP |     TIME [s] |    DT [s] |    TOT_ICE |    TOT_AIR |      TEMP |  TOT_RHOV | I-A INTERF | TOTAL_MASS
  -------------------------------------------------------------------------------------------------------------
   151 |  1.41598e+06 | 1.600e+04 |  1.379e-08 |  1.621e-08 | -6.000e-07 | 1.376e-11 |  1.019e-10 |  1.267e-05
       |              |           |    +0.000% |    -0.000% |           |   -0.001% |            |    +0.000%
    SNES DOF norms (2-norm) and ratios
    --------------------------------------------------------------------------------------------------------------------------------------
    it |       fnorm |          n0 |        r0 |        s0 |          n1 |        r1 |        s1 |          n2 |        r2 |        s2
    --------------------------------------------------------------------------------------------------------------------------------------
     0 |  7.6875e-08 |   2.956e-17 | 1.000e+00 | 1.126e-03 |   7.688e-08 | 1.000e+00 | 2.021e-11 |   2.714e-17 | 1.000e+00 | 3.458e-08
     1 |  2.1025e-12 |   1.268e-20 | 4.291e-04 | 1.112e-03 |   2.102e-12 | 2.735e-05 | 1.970e-11 |   6.884e-22 | 2.536e-05 | 3.385e-08
  SNES converged via DOF-wise criteria:
    DOF 0: ABS (atol)
    DOF 1: ABS (atol) STOL (stol)
    DOF 2: ABS (atol) STOL (stol)
Max dt! can not Increase time step: 1.600e+04 -> 1.600e+04 
  BOUNDS: phi_ice [0.0000, 1.0000]  phi_air [0.0000, 1.0000]
  ===============================================================================
  >>> DOMAIN INTEGRALS (PER TIME STEP)
  ===============================================================================
  -------------------------------------------------------------------------------------------------------------
    STEP |     TIME [s] |    DT [s] |    TOT_ICE |    TOT_AIR |      TEMP |  TOT_RHOV | I-A INTERF | TOTAL_MASS
  -------------------------------------------------------------------------------------------------------------
   152 |  1.43198e+06 | 1.600e+04 |  1.379e-08 |  1.621e-08 | -6.000e-07 | 1.376e-11 |  1.019e-10 |  1.267e-05
       |              |           |    +0.000% |    -0.000% |           |   -0.001% |            |    +0.000%
OUTPUT print!
    SNES DOF norms (2-norm) and ratios
    --------------------------------------------------------------------------------------------------------------------------------------
    it |       fnorm |          n0 |        r0 |        s0 |          n1 |        r1 |        s1 |          n2 |        r2 |        s2
    --------------------------------------------------------------------------------------------------------------------------------------
     0 |  7.5929e-08 |   2.920e-17 | 1.000e+00 | 1.112e-03 |   7.593e-08 | 1.000e+00 | 1.970e-11 |   2.681e-17 | 1.000e+00 | 3.385e-08
     1 |  2.0499e-12 |   1.237e-20 | 4.238e-04 | 1.098e-03 |   2.050e-12 | 2.700e-05 | 1.921e-11 |   6.713e-22 | 2.504e-05 | 3.313e-08
  SNES converged via DOF-wise criteria:
    DOF 0: ABS (atol)
    DOF 1: ABS (atol) STOL (stol)
    DOF 2: ABS (atol) STOL (stol)
Max dt! can not Increase time step: 1.600e+04 -> 1.600e+04 
  BOUNDS: phi_ice [0.0000, 1.0000]  phi_air [0.0000, 1.0000]
  ===============================================================================
  >>> DOMAIN INTEGRALS (PER TIME STEP)
  ===============================================================================
  -------------------------------------------------------------------------------------------------------------
    STEP |     TIME [s] |    DT [s] |    TOT_ICE |    TOT_AIR |      TEMP |  TOT_RHOV | I-A INTERF | TOTAL_MASS
  -------------------------------------------------------------------------------------------------------------
   153 |  1.44798e+06 | 1.600e+04 |  1.379e-08 |  1.621e-08 | -6.000e-07 | 1.376e-11 |  1.019e-10 |  1.267e-05
       |              |           |    +0.000% |    -0.000% |           |   -0.001% |            |    +0.000%
    SNES DOF norms (2-norm) and ratios
    --------------------------------------------------------------------------------------------------------------------------------------
    it |       fnorm |          n0 |        r0 |        s0 |          n1 |        r1 |        s1 |          n2 |        r2 |        s2
    --------------------------------------------------------------------------------------------------------------------------------------
     0 |  7.4995e-08 |   2.884e-17 | 1.000e+00 | 1.098e-03 |   7.500e-08 | 1.000e+00 | 1.921e-11 |   2.648e-17 | 1.000e+00 | 3.313e-08
     1 |  1.9957e-12 |   1.207e-20 | 4.186e-04 | 1.085e-03 |   1.996e-12 | 2.661e-05 | 1.874e-11 |   6.547e-22 | 2.473e-05 | 3.246e-08
  SNES converged via DOF-wise criteria:
    DOF 0: ABS (atol)
    DOF 1: ABS (atol) STOL (stol)
    DOF 2: ABS (atol) STOL (stol)
Max dt! can not Increase time step: 1.600e+04 -> 1.600e+04 
  BOUNDS: phi_ice [0.0000, 1.0000]  phi_air [0.0000, 1.0000]
  ===============================================================================
  >>> DOMAIN INTEGRALS (PER TIME STEP)
  ===============================================================================
  -------------------------------------------------------------------------------------------------------------
    STEP |     TIME [s] |    DT [s] |    TOT_ICE |    TOT_AIR |      TEMP |  TOT_RHOV | I-A INTERF | TOTAL_MASS
  -------------------------------------------------------------------------------------------------------------
   154 |  1.46398e+06 | 1.600e+04 |  1.379e-08 |  1.621e-08 | -6.000e-07 | 1.376e-11 |  1.019e-10 |  1.267e-05
       |              |           |    +0.000% |    -0.000% |           |   -0.001% |            |    +0.000%
    SNES DOF norms (2-norm) and ratios
    --------------------------------------------------------------------------------------------------------------------------------------
    it |       fnorm |          n0 |        r0 |        s0 |          n1 |        r1 |        s1 |          n2 |        r2 |        s2
    --------------------------------------------------------------------------------------------------------------------------------------
     0 |  7.4073e-08 |   2.848e-17 | 1.000e+00 | 1.085e-03 |   7.407e-08 | 1.000e+00 | 1.874e-11 |   2.615e-17 | 1.000e+00 | 3.246e-08
     1 |  1.9425e-12 |   1.177e-20 | 4.134e-04 | 1.071e-03 |   1.942e-12 | 2.622e-05 | 1.829e-11 |   6.385e-22 | 2.442e-05 | 3.180e-08
  SNES converged via DOF-wise criteria:
    DOF 0: ABS (atol)
    DOF 1: ABS (atol) STOL (stol)
    DOF 2: ABS (atol) STOL (stol)
Max dt! can not Increase time step: 1.600e+04 -> 1.600e+04 
  BOUNDS: phi_ice [0.0000, 1.0000]  phi_air [0.0000, 1.0000]
  ===============================================================================
  >>> DOMAIN INTEGRALS (PER TIME STEP)
  ===============================================================================
  -------------------------------------------------------------------------------------------------------------
    STEP |     TIME [s] |    DT [s] |    TOT_ICE |    TOT_AIR |      TEMP |  TOT_RHOV | I-A INTERF | TOTAL_MASS
  -------------------------------------------------------------------------------------------------------------
   155 |  1.47998e+06 | 1.600e+04 |  1.379e-08 |  1.621e-08 | -6.000e-07 | 1.376e-11 |  1.019e-10 |  1.267e-05
       |              |           |    +0.000% |    -0.000% |           |   -0.001% |            |    +0.000%
    SNES DOF norms (2-norm) and ratios
    --------------------------------------------------------------------------------------------------------------------------------------
    it |       fnorm |          n0 |        r0 |        s0 |          n1 |        r1 |        s1 |          n2 |        r2 |        s2
    --------------------------------------------------------------------------------------------------------------------------------------
     0 |  7.3162e-08 |   2.813e-17 | 1.000e+00 | 1.071e-03 |   7.316e-08 | 1.000e+00 | 1.829e-11 |   2.583e-17 | 1.000e+00 | 3.180e-08
     1 |  1.8913e-12 |   1.149e-20 | 4.083e-04 | 1.058e-03 |   1.891e-12 | 2.585e-05 | 1.787e-11 |   6.224e-22 | 2.410e-05 | 3.117e-08
  SNES converged via DOF-wise criteria:
    DOF 0: ABS (atol)
    DOF 1: ABS (atol) STOL (stol)
    DOF 2: ABS (atol) STOL (stol)
Max dt! can not Increase time step: 1.600e+04 -> 1.600e+04 
  BOUNDS: phi_ice [0.0000, 1.0000]  phi_air [0.0000, 1.0000]
  ===============================================================================
  >>> DOMAIN INTEGRALS (PER TIME STEP)
  ===============================================================================
  -------------------------------------------------------------------------------------------------------------
    STEP |     TIME [s] |    DT [s] |    TOT_ICE |    TOT_AIR |      TEMP |  TOT_RHOV | I-A INTERF | TOTAL_MASS
  -------------------------------------------------------------------------------------------------------------
   156 |  1.49598e+06 | 1.600e+04 |  1.379e-08 |  1.621e-08 | -6.000e-07 | 1.376e-11 |  1.019e-10 |  1.267e-05
       |              |           |    +0.000% |    -0.000% |           |   -0.001% |            |    +0.000%
    SNES DOF norms (2-norm) and ratios
    --------------------------------------------------------------------------------------------------------------------------------------
    it |       fnorm |          n0 |        r0 |        s0 |          n1 |        r1 |        s1 |          n2 |        r2 |        s2
    --------------------------------------------------------------------------------------------------------------------------------------
     0 |  7.2262e-08 |   2.779e-17 | 1.000e+00 | 1.058e-03 |   7.226e-08 | 1.000e+00 | 1.787e-11 |   2.551e-17 | 1.000e+00 | 3.117e-08
     1 |  1.8462e-12 |   1.120e-20 | 4.032e-04 | 1.045e-03 |   1.846e-12 | 2.555e-05 | 1.744e-11 |   6.070e-22 | 2.379e-05 | 3.052e-08
  SNES converged via DOF-wise criteria:
    DOF 0: ABS (atol)
    DOF 1: ABS (atol) STOL (stol)
    DOF 2: ABS (atol) STOL (stol)
Max dt! can not Increase time step: 1.600e+04 -> 1.600e+04 
  BOUNDS: phi_ice [0.0000, 1.0000]  phi_air [0.0000, 1.0000]
  ===============================================================================
  >>> DOMAIN INTEGRALS (PER TIME STEP)
  ===============================================================================
  -------------------------------------------------------------------------------------------------------------
    STEP |     TIME [s] |    DT [s] |    TOT_ICE |    TOT_AIR |      TEMP |  TOT_RHOV | I-A INTERF | TOTAL_MASS
  -------------------------------------------------------------------------------------------------------------
   157 |  1.51198e+06 | 1.600e+04 |  1.379e-08 |  1.621e-08 | -6.000e-07 | 1.376e-11 |  1.020e-10 |  1.267e-05
       |              |           |    +0.000% |    -0.000% |           |   -0.001% |            |    +0.000%
    SNES DOF norms (2-norm) and ratios
    --------------------------------------------------------------------------------------------------------------------------------------
    it |       fnorm |          n0 |        r0 |        s0 |          n1 |        r1 |        s1 |          n2 |        r2 |        s2
    --------------------------------------------------------------------------------------------------------------------------------------
     0 |  7.1373e-08 |   2.744e-17 | 1.000e+00 | 1.045e-03 |   7.137e-08 | 1.000e+00 | 1.744e-11 |   2.520e-17 | 1.000e+00 | 3.052e-08
     1 |  1.7955e-12 |   1.093e-20 | 3.983e-04 | 1.032e-03 |   1.796e-12 | 2.516e-05 | 1.703e-11 |   5.920e-22 | 2.350e-05 | 2.991e-08
  SNES converged via DOF-wise criteria:
    DOF 0: ABS (atol)
    DOF 1: ABS (atol) STOL (stol)
    DOF 2: ABS (atol) STOL (stol)
Max dt! can not Increase time step: 1.600e+04 -> 1.600e+04 
  BOUNDS: phi_ice [0.0000, 1.0000]  phi_air [0.0000, 1.0000]
  ===============================================================================
  >>> DOMAIN INTEGRALS (PER TIME STEP)
  ===============================================================================
  -------------------------------------------------------------------------------------------------------------
    STEP |     TIME [s] |    DT [s] |    TOT_ICE |    TOT_AIR |      TEMP |  TOT_RHOV | I-A INTERF | TOTAL_MASS
  -------------------------------------------------------------------------------------------------------------
   158 |  1.52798e+06 | 1.600e+04 |  1.379e-08 |  1.621e-08 | -6.000e-07 | 1.376e-11 |  1.020e-10 |  1.267e-05
       |              |           |    +0.000% |    -0.000% |           |   -0.001% |            |    +0.000%
OUTPUT print!
    SNES DOF norms (2-norm) and ratios
    --------------------------------------------------------------------------------------------------------------------------------------
    it |       fnorm |          n0 |        r0 |        s0 |          n1 |        r1 |        s1 |          n2 |        r2 |        s2
    --------------------------------------------------------------------------------------------------------------------------------------
     0 |  7.0495e-08 |   2.711e-17 | 1.000e+00 | 1.032e-03 |   7.050e-08 | 1.000e+00 | 1.703e-11 |   2.489e-17 | 1.000e+00 | 2.991e-08
     1 |  1.7501e-12 |   1.066e-20 | 3.934e-04 | 1.019e-03 |   1.750e-12 | 2.483e-05 | 1.665e-11 |   5.772e-22 | 2.319e-05 | 2.930e-08
  SNES converged via DOF-wise criteria:
    DOF 0: ABS (atol)
    DOF 1: ABS (atol) STOL (stol)
    DOF 2: ABS (atol) STOL (stol)
Max dt! can not Increase time step: 1.600e+04 -> 1.600e+04 
  BOUNDS: phi_ice [0.0000, 1.0000]  phi_air [0.0000, 1.0000]
  ===============================================================================
  >>> DOMAIN INTEGRALS (PER TIME STEP)
  ===============================================================================
  -------------------------------------------------------------------------------------------------------------
    STEP |     TIME [s] |    DT [s] |    TOT_ICE |    TOT_AIR |      TEMP |  TOT_RHOV | I-A INTERF | TOTAL_MASS
  -------------------------------------------------------------------------------------------------------------
   159 |  1.54398e+06 | 1.600e+04 |  1.379e-08 |  1.621e-08 | -6.000e-07 | 1.376e-11 |  1.020e-10 |  1.267e-05
       |              |           |    +0.000% |    -0.000% |           |   -0.001% |            |    +0.000%
    SNES DOF norms (2-norm) and ratios
    --------------------------------------------------------------------------------------------------------------------------------------
    it |       fnorm |          n0 |        r0 |        s0 |          n1 |        r1 |        s1 |          n2 |        r2 |        s2
    --------------------------------------------------------------------------------------------------------------------------------------
     0 |  6.9629e-08 |   2.677e-17 | 1.000e+00 | 1.019e-03 |   6.963e-08 | 1.000e+00 | 1.665e-11 |   2.458e-17 | 1.000e+00 | 2.930e-08
     1 |  1.7042e-12 |   1.040e-20 | 3.885e-04 | 1.007e-03 |   1.704e-12 | 2.448e-05 | 1.627e-11 |   5.628e-22 | 2.289e-05 | 2.871e-08
  SNES converged via DOF-wise criteria:
    DOF 0: ABS (atol)
    DOF 1: ABS (atol) STOL (stol)
    DOF 2: ABS (atol) STOL (stol)
Max dt! can not Increase time step: 1.600e+04 -> 1.600e+04 
  BOUNDS: phi_ice [0.0000, 1.0000]  phi_air [0.0000, 1.0000]
  ===============================================================================
  >>> DOMAIN INTEGRALS (PER TIME STEP)
  ===============================================================================
  -------------------------------------------------------------------------------------------------------------
    STEP |     TIME [s] |    DT [s] |    TOT_ICE |    TOT_AIR |      TEMP |  TOT_RHOV | I-A INTERF | TOTAL_MASS
  -------------------------------------------------------------------------------------------------------------
   160 |  1.55998e+06 | 1.600e+04 |  1.379e-08 |  1.621e-08 | -6.000e-07 | 1.376e-11 |  1.020e-10 |  1.267e-05
       |              |           |    +0.000% |    -0.000% |           |   -0.001% |            |    +0.000%
    SNES DOF norms (2-norm) and ratios
    --------------------------------------------------------------------------------------------------------------------------------------
    it |       fnorm |          n0 |        r0 |        s0 |          n1 |        r1 |        s1 |          n2 |        r2 |        s2
    --------------------------------------------------------------------------------------------------------------------------------------
     0 |  6.8772e-08 |   2.644e-17 | 1.000e+00 | 1.007e-03 |   6.877e-08 | 1.000e+00 | 1.627e-11 |   2.428e-17 | 1.000e+00 | 2.871e-08
     1 |  1.6589e-12 |   1.015e-20 | 3.837e-04 | 9.941e-04 |   1.659e-12 | 2.412e-05 | 1.591e-11 |   5.492e-22 | 2.262e-05 | 2.816e-08
  SNES converged via DOF-wise criteria:
    DOF 0: ABS (atol)
    DOF 1: ABS (atol) STOL (stol)
    DOF 2: ABS (atol) STOL (stol)
Max dt! can not Increase time step: 1.600e+04 -> 1.600e+04 
  BOUNDS: phi_ice [0.0000, 1.0000]  phi_air [0.0000, 1.0000]
  ===============================================================================
  >>> DOMAIN INTEGRALS (PER TIME STEP)
  ===============================================================================
  -------------------------------------------------------------------------------------------------------------
    STEP |     TIME [s] |    DT [s] |    TOT_ICE |    TOT_AIR |      TEMP |  TOT_RHOV | I-A INTERF | TOTAL_MASS
  -------------------------------------------------------------------------------------------------------------
   161 |  1.57598e+06 | 1.600e+04 |  1.379e-08 |  1.621e-08 | -6.000e-07 | 1.376e-11 |  1.020e-10 |  1.267e-05
       |              |           |    +0.000% |    -0.000% |           |   -0.001% |            |    +0.000%
    SNES DOF norms (2-norm) and ratios
    --------------------------------------------------------------------------------------------------------------------------------------
    it |       fnorm |          n0 |        r0 |        s0 |          n1 |        r1 |        s1 |          n2 |        r2 |        s2
    --------------------------------------------------------------------------------------------------------------------------------------
     0 |  6.7927e-08 |   2.612e-17 | 1.000e+00 | 9.941e-04 |   6.793e-08 | 1.000e+00 | 1.591e-11 |   2.398e-17 | 1.000e+00 | 2.816e-08
     1 |  1.6203e-12 |   9.898e-21 | 3.790e-04 | 9.818e-04 |   1.620e-12 | 2.385e-05 | 1.558e-11 |   5.360e-22 | 2.235e-05 | 2.759e-08
  SNES converged via DOF-wise criteria:
    DOF 0: ABS (atol)
    DOF 1: ABS (atol) STOL (stol)
    DOF 2: ABS (atol) STOL (stol)
Max dt! can not Increase time step: 1.600e+04 -> 1.600e+04 
  BOUNDS: phi_ice [0.0000, 1.0000]  phi_air [0.0000, 1.0000]
  ===============================================================================
  >>> DOMAIN INTEGRALS (PER TIME STEP)
  ===============================================================================
  -------------------------------------------------------------------------------------------------------------
    STEP |     TIME [s] |    DT [s] |    TOT_ICE |    TOT_AIR |      TEMP |  TOT_RHOV | I-A INTERF | TOTAL_MASS
  -------------------------------------------------------------------------------------------------------------
   162 |  1.59198e+06 | 1.600e+04 |  1.379e-08 |  1.621e-08 | -6.000e-07 | 1.376e-11 |  1.020e-10 |  1.267e-05
       |              |           |    +0.000% |    -0.000% |           |   -0.001% |            |    +0.000%
    SNES DOF norms (2-norm) and ratios
    --------------------------------------------------------------------------------------------------------------------------------------
    it |       fnorm |          n0 |        r0 |        s0 |          n1 |        r1 |        s1 |          n2 |        r2 |        s2
    --------------------------------------------------------------------------------------------------------------------------------------
     0 |  6.7092e-08 |   2.580e-17 | 1.000e+00 | 9.818e-04 |   6.709e-08 | 1.000e+00 | 1.558e-11 |   2.369e-17 | 1.000e+00 | 2.759e-08
     1 |  1.5751e-12 |   9.656e-21 | 3.743e-04 | 9.697e-04 |   1.575e-12 | 2.348e-05 | 1.523e-11 |   5.219e-22 | 2.204e-05 | 2.708e-08
  SNES converged via DOF-wise criteria:
    DOF 0: ABS (atol)
    DOF 1: ABS (atol) STOL (stol)
    DOF 2: ABS (atol) STOL (stol)
Max dt! can not Increase time step: 1.600e+04 -> 1.600e+04 
  BOUNDS: phi_ice [0.0000, 1.0000]  phi_air [0.0000, 1.0000]
  ===============================================================================
  >>> DOMAIN INTEGRALS (PER TIME STEP)
  ===============================================================================
  -------------------------------------------------------------------------------------------------------------
    STEP |     TIME [s] |    DT [s] |    TOT_ICE |    TOT_AIR |      TEMP |  TOT_RHOV | I-A INTERF | TOTAL_MASS
  -------------------------------------------------------------------------------------------------------------
   163 |  1.60798e+06 | 1.600e+04 |  1.379e-08 |  1.621e-08 | -6.000e-07 | 1.376e-11 |  1.020e-10 |  1.267e-05
       |              |           |    +0.000% |    -0.000% |           |   -0.001% |            |    +0.000%
    SNES DOF norms (2-norm) and ratios
    --------------------------------------------------------------------------------------------------------------------------------------
    it |       fnorm |          n0 |        r0 |        s0 |          n1 |        r1 |        s1 |          n2 |        r2 |        s2
    --------------------------------------------------------------------------------------------------------------------------------------
     0 |  6.6268e-08 |   2.548e-17 | 1.000e+00 | 9.697e-04 |   6.627e-08 | 1.000e+00 | 1.523e-11 |   2.339e-17 | 1.000e+00 | 2.708e-08
     1 |  1.5384e-12 |   9.420e-21 | 3.697e-04 | 9.577e-04 |   1.538e-12 | 2.322e-05 | 1.493e-11 |   5.091e-22 | 2.176e-05 | 2.653e-08
  SNES converged via DOF-wise criteria:
    DOF 0: ABS (atol)
    DOF 1: ABS (atol) STOL (stol)
    DOF 2: ABS (atol) STOL (stol)
Max dt! can not Increase time step: 1.600e+04 -> 1.600e+04 
  BOUNDS: phi_ice [0.0000, 1.0000]  phi_air [0.0000, 1.0000]
  ===============================================================================
  >>> DOMAIN INTEGRALS (PER TIME STEP)
  ===============================================================================
  -------------------------------------------------------------------------------------------------------------
    STEP |     TIME [s] |    DT [s] |    TOT_ICE |    TOT_AIR |      TEMP |  TOT_RHOV | I-A INTERF | TOTAL_MASS
  -------------------------------------------------------------------------------------------------------------
   164 |  1.62398e+06 | 1.600e+04 |  1.379e-08 |  1.621e-08 | -6.000e-07 | 1.376e-11 |  1.020e-10 |  1.267e-05
       |              |           |    +0.000% |    -0.000% |           |   -0.001% |            |    +0.000%
OUTPUT print!
    SNES DOF norms (2-norm) and ratios
    --------------------------------------------------------------------------------------------------------------------------------------
    it |       fnorm |          n0 |        r0 |        s0 |          n1 |        r1 |        s1 |          n2 |        r2 |        s2
    --------------------------------------------------------------------------------------------------------------------------------------
     0 |  6.5453e-08 |   2.517e-17 | 1.000e+00 | 9.577e-04 |   6.545e-08 | 1.000e+00 | 1.493e-11 |   2.311e-17 | 1.000e+00 | 2.653e-08
     1 |  1.5004e-12 |   9.190e-21 | 3.651e-04 | 9.459e-04 |   1.500e-12 | 2.292e-05 | 1.462e-11 |   4.969e-22 | 2.150e-05 | 2.604e-08
  SNES converged via DOF-wise criteria:
    DOF 0: ABS (atol)
    DOF 1: ABS (atol) STOL (stol)
    DOF 2: ABS (atol) STOL (stol)
Max dt! can not Increase time step: 1.600e+04 -> 1.600e+04 
  BOUNDS: phi_ice [0.0000, 1.0000]  phi_air [0.0000, 1.0000]
  ===============================================================================
  >>> DOMAIN INTEGRALS (PER TIME STEP)
  ===============================================================================
  -------------------------------------------------------------------------------------------------------------
    STEP |     TIME [s] |    DT [s] |    TOT_ICE |    TOT_AIR |      TEMP |  TOT_RHOV | I-A INTERF | TOTAL_MASS
  -------------------------------------------------------------------------------------------------------------
   165 |  1.63998e+06 | 1.600e+04 |  1.379e-08 |  1.621e-08 | -6.000e-07 | 1.376e-11 |  1.021e-10 |  1.267e-05
       |              |           |    +0.000% |    -0.000% |           |   -0.001% |            |    +0.000%
    SNES DOF norms (2-norm) and ratios
    --------------------------------------------------------------------------------------------------------------------------------------
    it |       fnorm |          n0 |        r0 |        s0 |          n1 |        r1 |        s1 |          n2 |        r2 |        s2
    --------------------------------------------------------------------------------------------------------------------------------------
     0 |  6.4649e-08 |   2.486e-17 | 1.000e+00 | 9.459e-04 |   6.465e-08 | 1.000e+00 | 1.462e-11 |   2.282e-17 | 1.000e+00 | 2.604e-08
     1 |  1.4617e-12 |   8.965e-21 | 3.606e-04 | 9.342e-04 |   1.462e-12 | 2.261e-05 | 1.424e-11 |   4.840e-22 | 2.121e-05 | 2.555e-08
  SNES converged via DOF-wise criteria:
    DOF 0: ABS (atol)
    DOF 1: ABS (atol) STOL (stol)
    DOF 2: ABS (atol) STOL (stol)
Max dt! can not Increase time step: 1.600e+04 -> 1.600e+04 
  BOUNDS: phi_ice [0.0000, 1.0000]  phi_air [0.0000, 1.0000]
  ===============================================================================
  >>> DOMAIN INTEGRALS (PER TIME STEP)
  ===============================================================================
  -------------------------------------------------------------------------------------------------------------
    STEP |     TIME [s] |    DT [s] |    TOT_ICE |    TOT_AIR |      TEMP |  TOT_RHOV | I-A INTERF | TOTAL_MASS
  -------------------------------------------------------------------------------------------------------------
   166 |  1.65598e+06 | 1.600e+04 |  1.379e-08 |  1.621e-08 | -6.000e-07 | 1.376e-11 |  1.021e-10 |  1.267e-05
       |              |           |    +0.000% |    -0.000% |           |   -0.001% |            |    +0.000%
    SNES DOF norms (2-norm) and ratios
    --------------------------------------------------------------------------------------------------------------------------------------
    it |       fnorm |          n0 |        r0 |        s0 |          n1 |        r1 |        s1 |          n2 |        r2 |        s2
    --------------------------------------------------------------------------------------------------------------------------------------
     0 |  6.3855e-08 |   2.455e-17 | 1.000e+00 | 9.342e-04 |   6.386e-08 | 1.000e+00 | 1.424e-11 |   2.254e-17 | 1.000e+00 | 2.555e-08
     1 |  1.4260e-12 |   8.746e-21 | 3.562e-04 | 9.227e-04 |   1.426e-12 | 2.233e-05 | 1.405e-11 |   4.719e-22 | 2.094e-05 | 2.506e-08
  SNES converged via DOF-wise criteria:
    DOF 0: ABS (atol)
    DOF 1: ABS (atol) STOL (stol)
    DOF 2: ABS (atol) STOL (stol)
Max dt! can not Increase time step: 1.600e+04 -> 1.600e+04 
  BOUNDS: phi_ice [0.0000, 1.0000]  phi_air [0.0000, 1.0000]
  ===============================================================================
  >>> DOMAIN INTEGRALS (PER TIME STEP)
  ===============================================================================
  -------------------------------------------------------------------------------------------------------------
    STEP |     TIME [s] |    DT [s] |    TOT_ICE |    TOT_AIR |      TEMP |  TOT_RHOV | I-A INTERF | TOTAL_MASS
  -------------------------------------------------------------------------------------------------------------
   167 |  1.67198e+06 | 1.600e+04 |  1.379e-08 |  1.621e-08 | -6.000e-07 | 1.376e-11 |  1.021e-10 |  1.267e-05
       |              |           |    +0.000% |    -0.000% |           |   -0.001% |            |    +0.000%
    SNES DOF norms (2-norm) and ratios
    --------------------------------------------------------------------------------------------------------------------------------------
    it |       fnorm |          n0 |        r0 |        s0 |          n1 |        r1 |        s1 |          n2 |        r2 |        s2
    --------------------------------------------------------------------------------------------------------------------------------------
     0 |  6.3071e-08 |   2.425e-17 | 1.000e+00 | 9.227e-04 |   6.307e-08 | 1.000e+00 | 1.405e-11 |   2.227e-17 | 1.000e+00 | 2.506e-08
     1 |  1.3914e-12 |   8.532e-21 | 3.518e-04 | 9.113e-04 |   1.391e-12 | 2.206e-05 | 1.376e-11 |   4.602e-22 | 2.067e-05 | 2.458e-08
  SNES converged via DOF-wise criteria:
    DOF 0: ABS (atol)
    DOF 1: ABS (atol) STOL (stol)
    DOF 2: ABS (atol) STOL (stol)
Max dt! can not Increase time step: 1.600e+04 -> 1.600e+04 
  BOUNDS: phi_ice [0.0000, 1.0000]  phi_air [0.0000, 1.0000]
  ===============================================================================
  >>> DOMAIN INTEGRALS (PER TIME STEP)
  ===============================================================================
  -------------------------------------------------------------------------------------------------------------
    STEP |     TIME [s] |    DT [s] |    TOT_ICE |    TOT_AIR |      TEMP |  TOT_RHOV | I-A INTERF | TOTAL_MASS
  -------------------------------------------------------------------------------------------------------------
   168 |  1.68798e+06 | 1.600e+04 |  1.379e-08 |  1.621e-08 | -6.000e-07 | 1.376e-11 |  1.021e-10 |  1.267e-05
       |              |           |    +0.000% |    -0.000% |           |   -0.001% |            |    +0.000%
    SNES DOF norms (2-norm) and ratios
    --------------------------------------------------------------------------------------------------------------------------------------
    it |       fnorm |          n0 |        r0 |        s0 |          n1 |        r1 |        s1 |          n2 |        r2 |        s2
    --------------------------------------------------------------------------------------------------------------------------------------
     0 |  6.2297e-08 |   2.395e-17 | 1.000e+00 | 9.113e-04 |   6.230e-08 | 1.000e+00 | 1.376e-11 |   2.199e-17 | 1.000e+00 | 2.458e-08
     1 |  1.3559e-12 |   8.323e-21 | 3.475e-04 | 9.001e-04 |   1.356e-12 | 2.177e-05 | 1.351e-11 |   4.491e-22 | 2.042e-05 | 2.413e-08
  SNES converged via DOF-wise criteria:
    DOF 0: ABS (atol)
    DOF 1: ABS (atol) STOL (stol)
    DOF 2: ABS (atol) STOL (stol)
Max dt! can not Increase time step: 1.600e+04 -> 1.600e+04 
  BOUNDS: phi_ice [0.0000, 1.0000]  phi_air [0.0000, 1.0000]
  ===============================================================================
  >>> DOMAIN INTEGRALS (PER TIME STEP)
  ===============================================================================
  -------------------------------------------------------------------------------------------------------------
    STEP |     TIME [s] |    DT [s] |    TOT_ICE |    TOT_AIR |      TEMP |  TOT_RHOV | I-A INTERF | TOTAL_MASS
  -------------------------------------------------------------------------------------------------------------
   169 |  1.70398e+06 | 1.600e+04 |  1.379e-08 |  1.621e-08 | -6.000e-07 | 1.376e-11 |  1.021e-10 |  1.267e-05
       |              |           |    +0.000% |    -0.000% |           |   -0.001% |            |    +0.000%
    SNES DOF norms (2-norm) and ratios
    --------------------------------------------------------------------------------------------------------------------------------------
    it |       fnorm |          n0 |        r0 |        s0 |          n1 |        r1 |        s1 |          n2 |        r2 |        s2
    --------------------------------------------------------------------------------------------------------------------------------------
     0 |  6.1532e-08 |   2.366e-17 | 1.000e+00 | 9.001e-04 |   6.153e-08 | 1.000e+00 | 1.351e-11 |   2.172e-17 | 1.000e+00 | 2.413e-08
     1 |  1.3211e-12 |   8.120e-21 | 3.432e-04 | 8.890e-04 |   1.321e-12 | 2.147e-05 | 1.327e-11 |   4.375e-22 | 2.014e-05 | 2.369e-08
  SNES converged via DOF-wise criteria:
    DOF 0: ABS (atol)
    DOF 1: ABS (atol) STOL (stol)
    DOF 2: ABS (atol) STOL (stol)
Max dt! can not Increase time step: 1.600e+04 -> 1.600e+04 
  BOUNDS: phi_ice [0.0000, 1.0000]  phi_air [0.0000, 1.0000]
  ===============================================================================
  >>> DOMAIN INTEGRALS (PER TIME STEP)
  ===============================================================================
  -------------------------------------------------------------------------------------------------------------
    STEP |     TIME [s] |    DT [s] |    TOT_ICE |    TOT_AIR |      TEMP |  TOT_RHOV | I-A INTERF | TOTAL_MASS
  -------------------------------------------------------------------------------------------------------------
   170 |  1.71998e+06 | 1.600e+04 |  1.379e-08 |  1.621e-08 | -6.000e-07 | 1.376e-11 |  1.021e-10 |  1.267e-05
       |              |           |    +0.000% |    -0.000% |           |   -0.001% |            |    +0.000%
OUTPUT print!
    SNES DOF norms (2-norm) and ratios
    --------------------------------------------------------------------------------------------------------------------------------------
    it |       fnorm |          n0 |        r0 |        s0 |          n1 |        r1 |        s1 |          n2 |        r2 |        s2
    --------------------------------------------------------------------------------------------------------------------------------------
     0 |  6.0777e-08 |   2.337e-17 | 1.000e+00 | 8.890e-04 |   6.078e-08 | 1.000e+00 | 1.327e-11 |   2.146e-17 | 1.000e+00 | 2.369e-08
     1 |  1.2919e-12 |   7.922e-21 | 3.390e-04 | 8.780e-04 |   1.292e-12 | 2.126e-05 | 1.304e-11 |   4.267e-22 | 1.989e-05 | 2.326e-08
  SNES converged via DOF-wise criteria:
    DOF 0: ABS (atol)
    DOF 1: ABS (atol) STOL (stol)
    DOF 2: ABS (atol) STOL (stol)
Max dt! can not Increase time step: 1.600e+04 -> 1.600e+04 
  BOUNDS: phi_ice [0.0000, 1.0000]  phi_air [0.0000, 1.0000]
  ===============================================================================
  >>> DOMAIN INTEGRALS (PER TIME STEP)
  ===============================================================================
  -------------------------------------------------------------------------------------------------------------
    STEP |     TIME [s] |    DT [s] |    TOT_ICE |    TOT_AIR |      TEMP |  TOT_RHOV | I-A INTERF | TOTAL_MASS
  -------------------------------------------------------------------------------------------------------------
   171 |  1.73598e+06 | 1.600e+04 |  1.379e-08 |  1.621e-08 | -6.000e-07 | 1.376e-11 |  1.021e-10 |  1.267e-05
       |              |           |    +0.000% |    -0.000% |           |   -0.001% |            |    +0.000%
    SNES DOF norms (2-norm) and ratios
    --------------------------------------------------------------------------------------------------------------------------------------
    it |       fnorm |          n0 |        r0 |        s0 |          n1 |        r1 |        s1 |          n2 |        r2 |        s2
    --------------------------------------------------------------------------------------------------------------------------------------
     0 |  6.0032e-08 |   2.308e-17 | 1.000e+00 | 8.780e-04 |   6.003e-08 | 1.000e+00 | 1.304e-11 |   2.119e-17 | 1.000e+00 | 2.326e-08
     1 |  1.2562e-12 |   7.728e-21 | 3.348e-04 | 8.672e-04 |   1.256e-12 | 2.093e-05 | 1.281e-11 |   4.160e-22 | 1.963e-05 | 2.283e-08
  SNES converged via DOF-wise criteria:
    DOF 0: ABS (atol)
    DOF 1: ABS (atol) STOL (stol)
    DOF 2: ABS (atol) STOL (stol)
Max dt! can not Increase time step: 1.600e+04 -> 1.600e+04 
  BOUNDS: phi_ice [0.0000, 1.0000]  phi_air [0.0000, 1.0000]
  ===============================================================================
  >>> DOMAIN INTEGRALS (PER TIME STEP)
  ===============================================================================
  -------------------------------------------------------------------------------------------------------------
    STEP |     TIME [s] |    DT [s] |    TOT_ICE |    TOT_AIR |      TEMP |  TOT_RHOV | I-A INTERF | TOTAL_MASS
  -------------------------------------------------------------------------------------------------------------
   172 |  1.75198e+06 | 1.600e+04 |  1.379e-08 |  1.621e-08 | -6.000e-07 | 1.376e-11 |  1.022e-10 |  1.267e-05
       |              |           |    +0.000% |    -0.000% |           |   -0.001% |            |    +0.000%
    SNES DOF norms (2-norm) and ratios
    --------------------------------------------------------------------------------------------------------------------------------------
    it |       fnorm |          n0 |        r0 |        s0 |          n1 |        r1 |        s1 |          n2 |        r2 |        s2
    --------------------------------------------------------------------------------------------------------------------------------------
     0 |  5.9296e-08 |   2.280e-17 | 1.000e+00 | 8.672e-04 |   5.930e-08 | 1.000e+00 | 1.281e-11 |   2.093e-17 | 1.000e+00 | 2.283e-08
     1 |  1.2274e-12 |   7.540e-21 | 3.307e-04 | 8.565e-04 |   1.227e-12 | 2.070e-05 | 1.259e-11 |   4.058e-22 | 1.939e-05 | 2.243e-08
  SNES converged via DOF-wise criteria:
    DOF 0: ABS (atol)
    DOF 1: ABS (atol) STOL (stol)
    DOF 2: ABS (atol) STOL (stol)
Max dt! can not Increase time step: 1.600e+04 -> 1.600e+04 
  BOUNDS: phi_ice [0.0000, 1.0000]  phi_air [0.0000, 1.0000]
  ===============================================================================
  >>> DOMAIN INTEGRALS (PER TIME STEP)
  ===============================================================================
  -------------------------------------------------------------------------------------------------------------
    STEP |     TIME [s] |    DT [s] |    TOT_ICE |    TOT_AIR |      TEMP |  TOT_RHOV | I-A INTERF | TOTAL_MASS
  -------------------------------------------------------------------------------------------------------------
   173 |  1.76798e+06 | 1.600e+04 |  1.379e-08 |  1.621e-08 | -6.000e-07 | 1.376e-11 |  1.022e-10 |  1.267e-05
       |              |           |    +0.000% |    -0.000% |           |   -0.001% |            |    +0.000%
    SNES DOF norms (2-norm) and ratios
    --------------------------------------------------------------------------------------------------------------------------------------
    it |       fnorm |          n0 |        r0 |        s0 |          n1 |        r1 |        s1 |          n2 |        r2 |        s2
    --------------------------------------------------------------------------------------------------------------------------------------
     0 |  5.8569e-08 |   2.252e-17 | 1.000e+00 | 8.565e-04 |   5.857e-08 | 1.000e+00 | 1.259e-11 |   2.068e-17 | 1.000e+00 | 2.243e-08
     1 |  1.1976e-12 |   7.356e-21 | 3.266e-04 | 8.460e-04 |   1.198e-12 | 2.045e-05 | 1.240e-11 |   3.957e-22 | 1.914e-05 | 2.202e-08
  SNES converged via DOF-wise criteria:
    DOF 0: ABS (atol)
    DOF 1: ABS (atol) STOL (stol)
    DOF 2: ABS (atol) STOL (stol)
Max dt! can not Increase time step: 1.600e+04 -> 1.600e+04 
  BOUNDS: phi_ice [0.0000, 1.0000]  phi_air [0.0000, 1.0000]
  ===============================================================================
  >>> DOMAIN INTEGRALS (PER TIME STEP)
  ===============================================================================
  -------------------------------------------------------------------------------------------------------------
    STEP |     TIME [s] |    DT [s] |    TOT_ICE |    TOT_AIR |      TEMP |  TOT_RHOV | I-A INTERF | TOTAL_MASS
  -------------------------------------------------------------------------------------------------------------
   174 |  1.78398e+06 | 1.600e+04 |  1.379e-08 |  1.621e-08 | -6.000e-07 | 1.376e-11 |  1.022e-10 |  1.267e-05
       |              |           |    +0.000% |    -0.000% |           |   -0.001% |            |    +0.000%
    SNES DOF norms (2-norm) and ratios
    --------------------------------------------------------------------------------------------------------------------------------------
    it |       fnorm |          n0 |        r0 |        s0 |          n1 |        r1 |        s1 |          n2 |        r2 |        s2
    --------------------------------------------------------------------------------------------------------------------------------------
     0 |  5.7851e-08 |   2.224e-17 | 1.000e+00 | 8.460e-04 |   5.785e-08 | 1.000e+00 | 1.240e-11 |   2.042e-17 | 1.000e+00 | 2.202e-08
     1 |  1.1690e-12 |   7.176e-21 | 3.226e-04 | 8.356e-04 |   1.169e-12 | 2.021e-05 | 1.220e-11 |   3.859e-22 | 1.890e-05 | 2.164e-08
  SNES converged via DOF-wise criteria:
    DOF 0: ABS (atol)
    DOF 1: ABS (atol) STOL (stol)
    DOF 2: ABS (atol) STOL (stol)
Max dt! can not Increase time step: 1.600e+04 -> 1.600e+04 
  BOUNDS: phi_ice [0.0000, 1.0000]  phi_air [0.0000, 1.0000]
  ===============================================================================
  >>> DOMAIN INTEGRALS (PER TIME STEP)
  ===============================================================================
  -------------------------------------------------------------------------------------------------------------
    STEP |     TIME [s] |    DT [s] |    TOT_ICE |    TOT_AIR |      TEMP |  TOT_RHOV | I-A INTERF | TOTAL_MASS
  -------------------------------------------------------------------------------------------------------------
   175 |  1.79998e+06 | 1.600e+04 |  1.379e-08 |  1.621e-08 | -6.000e-07 | 1.376e-11 |  1.022e-10 |  1.267e-05
       |              |           |    +0.000% |    -0.000% |           |   -0.001% |            |    +0.000%
    SNES DOF norms (2-norm) and ratios
    --------------------------------------------------------------------------------------------------------------------------------------
    it |       fnorm |          n0 |        r0 |        s0 |          n1 |        r1 |        s1 |          n2 |        r2 |        s2
    --------------------------------------------------------------------------------------------------------------------------------------
     0 |  5.7142e-08 |   2.197e-17 | 1.000e+00 | 8.356e-04 |   5.714e-08 | 1.000e+00 | 1.220e-11 |   2.017e-17 | 1.000e+00 | 2.164e-08
     1 |  1.1399e-12 |   7.001e-21 | 3.186e-04 | 8.253e-04 |   1.140e-12 | 1.995e-05 | 1.202e-11 |   3.764e-22 | 1.866e-05 | 2.125e-08
  SNES converged via DOF-wise criteria:
    DOF 0: ABS (atol)
    DOF 1: ABS (atol) STOL (stol)
    DOF 2: ABS (atol) STOL (stol)
Max dt! can not Increase time step: 1.600e+04 -> 1.600e+04 
  BOUNDS: phi_ice [0.0000, 1.0000]  phi_air [0.0000, 1.0000]
  ===============================================================================
  >>> DOMAIN INTEGRALS (PER TIME STEP)
  ===============================================================================
  -------------------------------------------------------------------------------------------------------------
    STEP |     TIME [s] |    DT [s] |    TOT_ICE |    TOT_AIR |      TEMP |  TOT_RHOV | I-A INTERF | TOTAL_MASS
  -------------------------------------------------------------------------------------------------------------
   176 |  1.81598e+06 | 1.600e+04 |  1.379e-08 |  1.621e-08 | -6.000e-07 | 1.376e-11 |  1.022e-10 |  1.267e-05
       |              |           |    +0.000% |    -0.000% |           |   -0.001% |            |    +0.000%
OUTPUT print!
    SNES DOF norms (2-norm) and ratios
    --------------------------------------------------------------------------------------------------------------------------------------
    it |       fnorm |          n0 |        r0 |        s0 |          n1 |        r1 |        s1 |          n2 |        r2 |        s2
    --------------------------------------------------------------------------------------------------------------------------------------
     0 |  5.6442e-08 |   2.170e-17 | 1.000e+00 | 8.253e-04 |   5.644e-08 | 1.000e+00 | 1.202e-11 |   1.993e-17 | 1.000e+00 | 2.125e-08
     1 |  1.1152e-12 |   6.830e-21 | 3.147e-04 | 8.152e-04 |   1.115e-12 | 1.976e-05 | 1.184e-11 |   3.670e-22 | 1.842e-05 | 2.089e-08
  SNES converged via DOF-wise criteria:
    DOF 0: ABS (atol)
    DOF 1: ABS (atol) STOL (stol)
    DOF 2: ABS (atol) STOL (stol)
Max dt! can not Increase time step: 1.600e+04 -> 1.600e+04 
  BOUNDS: phi_ice [0.0000, 1.0000]  phi_air [0.0000, 1.0000]
  ===============================================================================
  >>> DOMAIN INTEGRALS (PER TIME STEP)
  ===============================================================================
  -------------------------------------------------------------------------------------------------------------
    STEP |     TIME [s] |    DT [s] |    TOT_ICE |    TOT_AIR |      TEMP |  TOT_RHOV | I-A INTERF | TOTAL_MASS
  -------------------------------------------------------------------------------------------------------------
   177 |  1.83198e+06 | 1.600e+04 |  1.379e-08 |  1.621e-08 | -6.000e-07 | 1.376e-11 |  1.022e-10 |  1.267e-05
       |              |           |    +0.000% |    -0.000% |           |   -0.001% |            |    +0.000%
    SNES DOF norms (2-norm) and ratios
    --------------------------------------------------------------------------------------------------------------------------------------
    it |       fnorm |          n0 |        r0 |        s0 |          n1 |        r1 |        s1 |          n2 |        r2 |        s2
    --------------------------------------------------------------------------------------------------------------------------------------
     0 |  5.5751e-08 |   2.144e-17 | 1.000e+00 | 8.152e-04 |   5.575e-08 | 1.000e+00 | 1.184e-11 |   1.968e-17 | 1.000e+00 | 2.089e-08
     1 |  1.0893e-12 |   6.664e-21 | 3.109e-04 | 8.052e-04 |   1.089e-12 | 1.954e-05 | 1.168e-11 |   3.579e-22 | 1.818e-05 | 2.053e-08
  SNES converged via DOF-wise criteria:
    DOF 0: ABS (atol)
    DOF 1: ABS (atol) STOL (stol)
    DOF 2: ABS (atol) STOL (stol)
Max dt! can not Increase time step: 1.600e+04 -> 1.600e+04 
  BOUNDS: phi_ice [0.0000, 1.0000]  phi_air [0.0000, 1.0000]
  ===============================================================================
  >>> DOMAIN INTEGRALS (PER TIME STEP)
  ===============================================================================
  -------------------------------------------------------------------------------------------------------------
    STEP |     TIME [s] |    DT [s] |    TOT_ICE |    TOT_AIR |      TEMP |  TOT_RHOV | I-A INTERF | TOTAL_MASS
  -------------------------------------------------------------------------------------------------------------
   178 |  1.84798e+06 | 1.600e+04 |  1.379e-08 |  1.621e-08 | -6.000e-07 | 1.376e-11 |  1.023e-10 |  1.267e-05
       |              |           |    +0.000% |    -0.000% |           |   -0.001% |            |    +0.000%
    SNES DOF norms (2-norm) and ratios
    --------------------------------------------------------------------------------------------------------------------------------------
    it |       fnorm |          n0 |        r0 |        s0 |          n1 |        r1 |        s1 |          n2 |        r2 |        s2
    --------------------------------------------------------------------------------------------------------------------------------------
     0 |  5.5068e-08 |   2.117e-17 | 1.000e+00 | 8.052e-04 |   5.507e-08 | 1.000e+00 | 1.168e-11 |   1.944e-17 | 1.000e+00 | 2.053e-08
     1 |  1.0611e-12 |   6.501e-21 | 3.070e-04 | 7.953e-04 |   1.061e-12 | 1.927e-05 | 1.152e-11 |   3.489e-22 | 1.795e-05 | 2.018e-08
  SNES converged via DOF-wise criteria:
    DOF 0: ABS (atol)
    DOF 1: ABS (atol) STOL (stol)
    DOF 2: ABS (atol) STOL (stol)
Max dt! can not Increase time step: 1.600e+04 -> 1.600e+04 
  BOUNDS: phi_ice [0.0000, 1.0000]  phi_air [0.0000, 1.0000]
  ===============================================================================
  >>> DOMAIN INTEGRALS (PER TIME STEP)
  ===============================================================================
  -------------------------------------------------------------------------------------------------------------
    STEP |     TIME [s] |    DT [s] |    TOT_ICE |    TOT_AIR |      TEMP |  TOT_RHOV | I-A INTERF | TOTAL_MASS
  -------------------------------------------------------------------------------------------------------------
   179 |  1.86398e+06 | 1.600e+04 |  1.379e-08 |  1.621e-08 | -6.000e-07 | 1.376e-11 |  1.023e-10 |  1.267e-05
       |              |           |    +0.000% |    -0.000% |           |   -0.001% |            |    +0.000%
    SNES DOF norms (2-norm) and ratios
    --------------------------------------------------------------------------------------------------------------------------------------
    it |       fnorm |          n0 |        r0 |        s0 |          n1 |        r1 |        s1 |          n2 |        r2 |        s2
    --------------------------------------------------------------------------------------------------------------------------------------
     0 |  5.4395e-08 |   2.092e-17 | 1.000e+00 | 7.953e-04 |   5.439e-08 | 1.000e+00 | 1.152e-11 |   1.920e-17 | 1.000e+00 | 2.018e-08
     1 |  1.0388e-12 |   6.343e-21 | 3.033e-04 | 7.856e-04 |   1.039e-12 | 1.910e-05 | 1.136e-11 |   3.402e-22 | 1.772e-05 | 1.985e-08
  SNES converged via DOF-wise criteria:
    DOF 0: ABS (atol)
    DOF 1: ABS (atol) STOL (stol)
    DOF 2: ABS (atol) STOL (stol)
Max dt! can not Increase time step: 1.600e+04 -> 1.600e+04 
  BOUNDS: phi_ice [0.0000, 1.0000]  phi_air [0.0000, 1.0000]
  ===============================================================================
  >>> DOMAIN INTEGRALS (PER TIME STEP)
  ===============================================================================
  -------------------------------------------------------------------------------------------------------------
    STEP |     TIME [s] |    DT [s] |    TOT_ICE |    TOT_AIR |      TEMP |  TOT_RHOV | I-A INTERF | TOTAL_MASS
  -------------------------------------------------------------------------------------------------------------
   180 |  1.87998e+06 | 1.600e+04 |  1.379e-08 |  1.621e-08 | -6.000e-07 | 1.376e-11 |  1.023e-10 |  1.267e-05
       |              |           |    +0.000% |    -0.000% |           |   -0.001% |            |    +0.000%
    SNES DOF norms (2-norm) and ratios
    --------------------------------------------------------------------------------------------------------------------------------------
    it |       fnorm |          n0 |        r0 |        s0 |          n1 |        r1 |        s1 |          n2 |        r2 |        s2
    --------------------------------------------------------------------------------------------------------------------------------------
     0 |  5.3729e-08 |   2.066e-17 | 1.000e+00 | 7.856e-04 |   5.373e-08 | 1.000e+00 | 1.136e-11 |   1.897e-17 | 1.000e+00 | 1.985e-08
     1 |  1.0160e-12 |   6.189e-21 | 2.996e-04 | 7.760e-04 |   1.016e-12 | 1.891e-05 | 1.122e-11 |   3.316e-22 | 1.748e-05 | 1.952e-08
  SNES converged via DOF-wise criteria:
    DOF 0: ABS (atol)
    DOF 1: ABS (atol) STOL (stol)
    DOF 2: ABS (atol) STOL (stol)
Max dt! can not Increase time step: 1.600e+04 -> 1.600e+04 
  BOUNDS: phi_ice [0.0000, 1.0000]  phi_air [0.0000, 1.0000]
  ===============================================================================
  >>> DOMAIN INTEGRALS (PER TIME STEP)
  ===============================================================================
  -------------------------------------------------------------------------------------------------------------
    STEP |     TIME [s] |    DT [s] |    TOT_ICE |    TOT_AIR |      TEMP |  TOT_RHOV | I-A INTERF | TOTAL_MASS
  -------------------------------------------------------------------------------------------------------------
   181 |  1.89598e+06 | 1.600e+04 |  1.379e-08 |  1.621e-08 | -6.000e-07 | 1.376e-11 |  1.023e-10 |  1.267e-05
       |              |           |    +0.000% |    -0.000% |           |   -0.001% |            |    +0.000%
    SNES DOF norms (2-norm) and ratios
    --------------------------------------------------------------------------------------------------------------------------------------
    it |       fnorm |          n0 |        r0 |        s0 |          n1 |        r1 |        s1 |          n2 |        r2 |        s2
    --------------------------------------------------------------------------------------------------------------------------------------
     0 |  5.3072e-08 |   2.041e-17 | 1.000e+00 | 7.760e-04 |   5.307e-08 | 1.000e+00 | 1.122e-11 |   1.874e-17 | 1.000e+00 | 1.952e-08
     1 |  9.8972e-13 |   6.038e-21 | 2.959e-04 | 7.664e-04 |   9.897e-13 | 1.865e-05 | 1.108e-11 |   3.235e-22 | 1.726e-05 | 1.920e-08
  SNES converged via DOF-wise criteria:
    DOF 0: ABS (atol)
    DOF 1: ABS (atol) STOL (stol)
    DOF 2: ABS (atol) STOL (stol)
Max dt! can not Increase time step: 1.600e+04 -> 1.600e+04 
  BOUNDS: phi_ice [0.0000, 1.0000]  phi_air [0.0000, 1.0000]
  ===============================================================================
  >>> DOMAIN INTEGRALS (PER TIME STEP)
  ===============================================================================
  -------------------------------------------------------------------------------------------------------------
    STEP |     TIME [s] |    DT [s] |    TOT_ICE |    TOT_AIR |      TEMP |  TOT_RHOV | I-A INTERF | TOTAL_MASS
  -------------------------------------------------------------------------------------------------------------
   182 |  1.91198e+06 | 1.600e+04 |  1.379e-08 |  1.621e-08 | -6.000e-07 | 1.376e-11 |  1.023e-10 |  1.267e-05
       |              |           |    +0.000% |    -0.000% |           |   -0.001% |            |    +0.000%
OUTPUT print!
    SNES DOF norms (2-norm) and ratios
    --------------------------------------------------------------------------------------------------------------------------------------
    it |       fnorm |          n0 |        r0 |        s0 |          n1 |        r1 |        s1 |          n2 |        r2 |        s2
    --------------------------------------------------------------------------------------------------------------------------------------
     0 |  5.2424e-08 |   2.016e-17 | 1.000e+00 | 7.664e-04 |   5.242e-08 | 1.000e+00 | 1.108e-11 |   1.851e-17 | 1.000e+00 | 1.920e-08
     1 |  9.6945e-13 |   5.891e-21 | 2.923e-04 | 7.571e-04 |   9.695e-13 | 1.849e-05 | 1.094e-11 |   3.155e-22 | 1.705e-05 | 1.889e-08
  SNES converged via DOF-wise criteria:
    DOF 0: ABS (atol)
    DOF 1: ABS (atol) STOL (stol)
    DOF 2: ABS (atol) STOL (stol)
Max dt! can not Increase time step: 1.600e+04 -> 1.600e+04 
  BOUNDS: phi_ice [0.0000, 1.0000]  phi_air [0.0000, 1.0000]
  ===============================================================================
  >>> DOMAIN INTEGRALS (PER TIME STEP)
  ===============================================================================
  -------------------------------------------------------------------------------------------------------------
    STEP |     TIME [s] |    DT [s] |    TOT_ICE |    TOT_AIR |      TEMP |  TOT_RHOV | I-A INTERF | TOTAL_MASS
  -------------------------------------------------------------------------------------------------------------
   183 |  1.92798e+06 | 1.600e+04 |  1.379e-08 |  1.621e-08 | -6.000e-07 | 1.376e-11 |  1.023e-10 |  1.267e-05
       |              |           |    +0.000% |    -0.000% |           |   -0.001% |            |    +0.000%
    SNES DOF norms (2-norm) and ratios
    --------------------------------------------------------------------------------------------------------------------------------------
    it |       fnorm |          n0 |        r0 |        s0 |          n1 |        r1 |        s1 |          n2 |        r2 |        s2
    --------------------------------------------------------------------------------------------------------------------------------------
     0 |  5.1783e-08 |   1.991e-17 | 1.000e+00 | 7.571e-04 |   5.178e-08 | 1.000e+00 | 1.094e-11 |   1.828e-17 | 1.000e+00 | 1.889e-08
     1 |  9.4498e-13 |   5.748e-21 | 2.887e-04 | 7.478e-04 |   9.450e-13 | 1.825e-05 | 1.082e-11 |   3.074e-22 | 1.682e-05 | 1.858e-08
  SNES converged via DOF-wise criteria:
    DOF 0: ABS (atol)
    DOF 1: ABS (atol) STOL (stol)
    DOF 2: ABS (atol) STOL (stol)
Max dt! can not Increase time step: 1.600e+04 -> 1.600e+04 
  BOUNDS: phi_ice [0.0000, 1.0000]  phi_air [0.0000, 1.0000]
  ===============================================================================
  >>> DOMAIN INTEGRALS (PER TIME STEP)
  ===============================================================================
  -------------------------------------------------------------------------------------------------------------
    STEP |     TIME [s] |    DT [s] |    TOT_ICE |    TOT_AIR |      TEMP |  TOT_RHOV | I-A INTERF | TOTAL_MASS
  -------------------------------------------------------------------------------------------------------------
   184 |  1.94398e+06 | 1.600e+04 |  1.379e-08 |  1.621e-08 | -6.000e-07 | 1.376e-11 |  1.024e-10 |  1.267e-05
       |              |           |    +0.000% |    -0.000% |           |   -0.001% |            |    +0.000%
    SNES DOF norms (2-norm) and ratios
    --------------------------------------------------------------------------------------------------------------------------------------
    it |       fnorm |          n0 |        r0 |        s0 |          n1 |        r1 |        s1 |          n2 |        r2 |        s2
    --------------------------------------------------------------------------------------------------------------------------------------
     0 |  5.1151e-08 |   1.967e-17 | 1.000e+00 | 7.478e-04 |   5.115e-08 | 1.000e+00 | 1.082e-11 |   1.806e-17 | 1.000e+00 | 1.858e-08
     1 |  9.2681e-13 |   5.608e-21 | 2.851e-04 | 7.387e-04 |   9.268e-13 | 1.812e-05 | 1.070e-11 |   2.997e-22 | 1.660e-05 | 1.829e-08
  SNES converged via DOF-wise criteria:
    DOF 0: ABS (atol)
    DOF 1: ABS (atol) STOL (stol)
    DOF 2: ABS (atol) STOL (stol)
Max dt! can not Increase time step: 1.600e+04 -> 1.600e+04 
  BOUNDS: phi_ice [0.0000, 1.0000]  phi_air [0.0000, 1.0000]
  ===============================================================================
  >>> DOMAIN INTEGRALS (PER TIME STEP)
  ===============================================================================
  -------------------------------------------------------------------------------------------------------------
    STEP |     TIME [s] |    DT [s] |    TOT_ICE |    TOT_AIR |      TEMP |  TOT_RHOV | I-A INTERF | TOTAL_MASS
  -------------------------------------------------------------------------------------------------------------
   185 |  1.95998e+06 | 1.600e+04 |  1.379e-08 |  1.621e-08 | -6.000e-07 | 1.376e-11 |  1.024e-10 |  1.267e-05
       |              |           |    +0.000% |    -0.000% |           |   -0.001% |            |    +0.000%
    SNES DOF norms (2-norm) and ratios
    --------------------------------------------------------------------------------------------------------------------------------------
    it |       fnorm |          n0 |        r0 |        s0 |          n1 |        r1 |        s1 |          n2 |        r2 |        s2
    --------------------------------------------------------------------------------------------------------------------------------------
     0 |  5.0526e-08 |   1.943e-17 | 1.000e+00 | 7.387e-04 |   5.053e-08 | 1.000e+00 | 1.070e-11 |   1.784e-17 | 1.000e+00 | 1.829e-08
     1 |  9.0530e-13 |   5.472e-21 | 2.816e-04 | 7.296e-04 |   9.053e-13 | 1.792e-05 | 1.058e-11 |   2.923e-22 | 1.639e-05 | 1.800e-08
  SNES converged via DOF-wise criteria:
    DOF 0: ABS (atol)
    DOF 1: ABS (atol) STOL (stol)
    DOF 2: ABS (atol) STOL (stol)
Max dt! can not Increase time step: 1.600e+04 -> 1.600e+04 
  BOUNDS: phi_ice [0.0000, 1.0000]  phi_air [0.0000, 1.0000]
  ===============================================================================
  >>> DOMAIN INTEGRALS (PER TIME STEP)
  ===============================================================================
  -------------------------------------------------------------------------------------------------------------
    STEP |     TIME [s] |    DT [s] |    TOT_ICE |    TOT_AIR |      TEMP |  TOT_RHOV | I-A INTERF | TOTAL_MASS
  -------------------------------------------------------------------------------------------------------------
   186 |  1.97598e+06 | 1.600e+04 |  1.379e-08 |  1.621e-08 | -6.000e-07 | 1.376e-11 |  1.024e-10 |  1.267e-05
       |              |           |    +0.000% |    -0.000% |           |   -0.001% |            |    +0.000%
    SNES DOF norms (2-norm) and ratios
    --------------------------------------------------------------------------------------------------------------------------------------
    it |       fnorm |          n0 |        r0 |        s0 |          n1 |        r1 |        s1 |          n2 |        r2 |        s2
    --------------------------------------------------------------------------------------------------------------------------------------
     0 |  4.9909e-08 |   1.919e-17 | 1.000e+00 | 7.296e-04 |   4.991e-08 | 1.000e+00 | 1.058e-11 |   1.762e-17 | 1.000e+00 | 1.800e-08
     1 |  8.8507e-13 |   5.339e-21 | 2.782e-04 | 7.207e-04 |   8.851e-13 | 1.773e-05 | 1.047e-11 |   2.850e-22 | 1.618e-05 | 1.772e-08
  SNES converged via DOF-wise criteria:
    DOF 0: ABS (atol)
    DOF 1: ABS (atol) STOL (stol)
    DOF 2: ABS (atol) STOL (stol)
Max dt! can not Increase time step: 1.600e+04 -> 1.600e+04 
  BOUNDS: phi_ice [0.0000, 1.0000]  phi_air [0.0000, 1.0000]
  ===============================================================================
  >>> DOMAIN INTEGRALS (PER TIME STEP)
  ===============================================================================
  -------------------------------------------------------------------------------------------------------------
    STEP |     TIME [s] |    DT [s] |    TOT_ICE |    TOT_AIR |      TEMP |  TOT_RHOV | I-A INTERF | TOTAL_MASS
  -------------------------------------------------------------------------------------------------------------
   187 |  1.99198e+06 | 1.600e+04 |  1.379e-08 |  1.621e-08 | -6.000e-07 | 1.376e-11 |  1.024e-10 |  1.267e-05
       |              |           |    +0.000% |    -0.000% |           |   -0.001% |            |    +0.000%
    SNES DOF norms (2-norm) and ratios
    --------------------------------------------------------------------------------------------------------------------------------------
    it |       fnorm |          n0 |        r0 |        s0 |          n1 |        r1 |        s1 |          n2 |        r2 |        s2
    --------------------------------------------------------------------------------------------------------------------------------------
     0 |  4.9301e-08 |   1.896e-17 | 1.000e+00 | 7.207e-04 |   4.930e-08 | 1.000e+00 | 1.047e-11 |   1.740e-17 | 1.000e+00 | 1.772e-08
     1 |  8.6300e-13 |   5.209e-21 | 2.748e-04 | 7.119e-04 |   8.630e-13 | 1.750e-05 | 1.036e-11 |   2.779e-22 | 1.597e-05 | 1.744e-08
  SNES converged via DOF-wise criteria:
    DOF 0: ABS (atol)
    DOF 1: ABS (atol) STOL (stol)
    DOF 2: ABS (atol) STOL (stol)
Max dt! can not Increase time step: 1.600e+04 -> 1.600e+04 
  BOUNDS: phi_ice [0.0000, 1.0000]  phi_air [0.0000, 1.0000]
  ===============================================================================
  >>> DOMAIN INTEGRALS (PER TIME STEP)
  ===============================================================================
  -------------------------------------------------------------------------------------------------------------
    STEP |     TIME [s] |    DT [s] |    TOT_ICE |    TOT_AIR |      TEMP |  TOT_RHOV | I-A INTERF | TOTAL_MASS
  -------------------------------------------------------------------------------------------------------------
   188 |  2.00798e+06 | 1.600e+04 |  1.379e-08 |  1.621e-08 | -6.000e-07 | 1.376e-11 |  1.024e-10 |  1.267e-05
       |              |           |    +0.000% |    -0.000% |           |   -0.001% |            |    +0.000%
OUTPUT print!
    SNES DOF norms (2-norm) and ratios
    --------------------------------------------------------------------------------------------------------------------------------------
    it |       fnorm |          n0 |        r0 |        s0 |          n1 |        r1 |        s1 |          n2 |        r2 |        s2
    --------------------------------------------------------------------------------------------------------------------------------------
     0 |  4.8699e-08 |   1.873e-17 | 1.000e+00 | 7.119e-04 |   4.870e-08 | 1.000e+00 | 1.036e-11 |   1.719e-17 | 1.000e+00 | 1.744e-08
     1 |  8.4524e-13 |   5.083e-21 | 2.714e-04 | 7.032e-04 |   8.452e-13 | 1.736e-05 | 1.026e-11 |   2.710e-22 | 1.576e-05 | 1.718e-08
  SNES converged via DOF-wise criteria:
    DOF 0: ABS (atol)
    DOF 1: ABS (atol) STOL (stol)
    DOF 2: ABS (atol) STOL (stol)
Max dt! can not Increase time step: 1.600e+04 -> 1.600e+04 
  BOUNDS: phi_ice [0.0000, 1.0000]  phi_air [0.0000, 1.0000]
  ===============================================================================
  >>> DOMAIN INTEGRALS (PER TIME STEP)
  ===============================================================================
  -------------------------------------------------------------------------------------------------------------
    STEP |     TIME [s] |    DT [s] |    TOT_ICE |    TOT_AIR |      TEMP |  TOT_RHOV | I-A INTERF | TOTAL_MASS
  -------------------------------------------------------------------------------------------------------------
   189 |  2.02398e+06 | 1.600e+04 |  1.379e-08 |  1.621e-08 | -6.000e-07 | 1.376e-11 |  1.024e-10 |  1.267e-05
       |              |           |    +0.000% |    -0.000% |           |   -0.001% |            |    +0.000%
    SNES DOF norms (2-norm) and ratios
    --------------------------------------------------------------------------------------------------------------------------------------
    it |       fnorm |          n0 |        r0 |        s0 |          n1 |        r1 |        s1 |          n2 |        r2 |        s2
    --------------------------------------------------------------------------------------------------------------------------------------
     0 |  4.8106e-08 |   1.850e-17 | 1.000e+00 | 7.032e-04 |   4.811e-08 | 1.000e+00 | 1.026e-11 |   1.698e-17 | 1.000e+00 | 1.718e-08
     1 |  8.2370e-13 |   4.959e-21 | 2.681e-04 | 6.946e-04 |   8.237e-13 | 1.712e-05 | 1.016e-11 |   2.642e-22 | 1.556e-05 | 1.692e-08
  SNES converged via DOF-wise criteria:
    DOF 0: ABS (atol)
    DOF 1: ABS (atol) STOL (stol)
    DOF 2: ABS (atol) STOL (stol)
Max dt! can not Increase time step: 1.600e+04 -> 1.600e+04 
  BOUNDS: phi_ice [0.0000, 1.0000]  phi_air [0.0000, 1.0000]
  ===============================================================================
  >>> DOMAIN INTEGRALS (PER TIME STEP)
  ===============================================================================
  -------------------------------------------------------------------------------------------------------------
    STEP |     TIME [s] |    DT [s] |    TOT_ICE |    TOT_AIR |      TEMP |  TOT_RHOV | I-A INTERF | TOTAL_MASS
  -------------------------------------------------------------------------------------------------------------
   190 |  2.03998e+06 | 1.600e+04 |  1.379e-08 |  1.621e-08 | -6.000e-07 | 1.376e-11 |  1.025e-10 |  1.267e-05
       |              |           |    +0.000% |    -0.000% |           |   -0.001% |            |    +0.000%
    SNES DOF norms (2-norm) and ratios
    --------------------------------------------------------------------------------------------------------------------------------------
    it |       fnorm |          n0 |        r0 |        s0 |          n1 |        r1 |        s1 |          n2 |        r2 |        s2
    --------------------------------------------------------------------------------------------------------------------------------------
     0 |  4.7520e-08 |   1.827e-17 | 1.000e+00 | 6.946e-04 |   4.752e-08 | 1.000e+00 | 1.016e-11 |   1.678e-17 | 1.000e+00 | 1.692e-08
     1 |  8.1170e-13 |   4.839e-21 | 2.648e-04 | 6.862e-04 |   8.117e-13 | 1.708e-05 | 1.007e-11 |   2.577e-22 | 1.536e-05 | 1.666e-08
  SNES converged via DOF-wise criteria:
    DOF 0: ABS (atol)
    DOF 1: ABS (atol) STOL (stol)
    DOF 2: ABS (atol) STOL (stol)
Max dt! can not Increase time step: 1.600e+04 -> 1.600e+04 
  BOUNDS: phi_ice [0.0000, 1.0000]  phi_air [0.0000, 1.0000]
  ===============================================================================
  >>> DOMAIN INTEGRALS (PER TIME STEP)
  ===============================================================================
  -------------------------------------------------------------------------------------------------------------
    STEP |     TIME [s] |    DT [s] |    TOT_ICE |    TOT_AIR |      TEMP |  TOT_RHOV | I-A INTERF | TOTAL_MASS
  -------------------------------------------------------------------------------------------------------------
   191 |  2.05598e+06 | 1.600e+04 |  1.379e-08 |  1.621e-08 | -6.000e-07 | 1.376e-11 |  1.025e-10 |  1.267e-05
       |              |           |    +0.000% |    -0.000% |           |   -0.001% |            |    +0.000%
    SNES DOF norms (2-norm) and ratios
    --------------------------------------------------------------------------------------------------------------------------------------
    it |       fnorm |          n0 |        r0 |        s0 |          n1 |        r1 |        s1 |          n2 |        r2 |        s2
    --------------------------------------------------------------------------------------------------------------------------------------
     0 |  4.6941e-08 |   1.805e-17 | 1.000e+00 | 6.862e-04 |   4.694e-08 | 1.000e+00 | 1.007e-11 |   1.657e-17 | 1.000e+00 | 1.666e-08
     1 |  7.8932e-13 |   4.721e-21 | 2.616e-04 | 6.778e-04 |   7.893e-13 | 1.682e-05 | 9.974e-12 |   2.513e-22 | 1.516e-05 | 1.642e-08
  SNES converged via DOF-wise criteria:
    DOF 0: ABS (atol)
    DOF 1: ABS (atol) STOL (stol)
    DOF 2: ABS (atol) STOL (stol)
Max dt! can not Increase time step: 1.600e+04 -> 1.600e+04 
  BOUNDS: phi_ice [0.0000, 1.0000]  phi_air [0.0000, 1.0000]
  ===============================================================================
  >>> DOMAIN INTEGRALS (PER TIME STEP)
  ===============================================================================
  -------------------------------------------------------------------------------------------------------------
    STEP |     TIME [s] |    DT [s] |    TOT_ICE |    TOT_AIR |      TEMP |  TOT_RHOV | I-A INTERF | TOTAL_MASS
  -------------------------------------------------------------------------------------------------------------
   192 |  2.07198e+06 | 1.600e+04 |  1.379e-08 |  1.621e-08 | -6.000e-07 | 1.376e-11 |  1.025e-10 |  1.267e-05
       |              |           |    +0.000% |    -0.000% |           |   -0.001% |            |    +0.000%
    SNES DOF norms (2-norm) and ratios
    --------------------------------------------------------------------------------------------------------------------------------------
    it |       fnorm |          n0 |        r0 |        s0 |          n1 |        r1 |        s1 |          n2 |        r2 |        s2
    --------------------------------------------------------------------------------------------------------------------------------------
     0 |  4.6369e-08 |   1.783e-17 | 1.000e+00 | 6.778e-04 |   4.637e-08 | 1.000e+00 | 9.974e-12 |   1.637e-17 | 1.000e+00 | 1.642e-08
     1 |  7.7300e-13 |   4.607e-21 | 2.584e-04 | 6.696e-04 |   7.730e-13 | 1.667e-05 | 9.887e-12 |   2.450e-22 | 1.497e-05 | 1.617e-08
  SNES converged via DOF-wise criteria:
    DOF 0: ABS (atol)
    DOF 1: ABS (atol) STOL (stol)
    DOF 2: ABS (atol) STOL (stol)
Max dt! can not Increase time step: 1.600e+04 -> 1.600e+04 
  BOUNDS: phi_ice [0.0000, 1.0000]  phi_air [0.0000, 1.0000]
  ===============================================================================
  >>> DOMAIN INTEGRALS (PER TIME STEP)
  ===============================================================================
  -------------------------------------------------------------------------------------------------------------
    STEP |     TIME [s] |    DT [s] |    TOT_ICE |    TOT_AIR |      TEMP |  TOT_RHOV | I-A INTERF | TOTAL_MASS
  -------------------------------------------------------------------------------------------------------------
   193 |  2.08798e+06 | 1.600e+04 |  1.379e-08 |  1.621e-08 | -6.000e-07 | 1.376e-11 |  1.025e-10 |  1.267e-05
       |              |           |    +0.000% |    -0.000% |           |   -0.001% |            |    +0.000%
    SNES DOF norms (2-norm) and ratios
    --------------------------------------------------------------------------------------------------------------------------------------
    it |       fnorm |          n0 |        r0 |        s0 |          n1 |        r1 |        s1 |          n2 |        r2 |        s2
    --------------------------------------------------------------------------------------------------------------------------------------
     0 |  4.5805e-08 |   1.761e-17 | 1.000e+00 | 6.696e-04 |   4.581e-08 | 1.000e+00 | 9.887e-12 |   1.617e-17 | 1.000e+00 | 1.617e-08
     1 |  7.5746e-13 |   4.495e-21 | 2.552e-04 | 6.614e-04 |   7.575e-13 | 1.654e-05 | 9.802e-12 |   2.389e-22 | 1.478e-05 | 1.594e-08
  SNES converged via DOF-wise criteria:
    DOF 0: ABS (atol)
    DOF 1: ABS (atol) STOL (stol)
    DOF 2: ABS (atol) STOL (stol)
Max dt! can not Increase time step: 1.600e+04 -> 1.600e+04 
  BOUNDS: phi_ice [0.0000, 1.0000]  phi_air [0.0000, 1.0000]
  ===============================================================================
  >>> DOMAIN INTEGRALS (PER TIME STEP)
  ===============================================================================
  -------------------------------------------------------------------------------------------------------------
    STEP |     TIME [s] |    DT [s] |    TOT_ICE |    TOT_AIR |      TEMP |  TOT_RHOV | I-A INTERF | TOTAL_MASS
  -------------------------------------------------------------------------------------------------------------
   194 |  2.10398e+06 | 1.600e+04 |  1.379e-08 |  1.621e-08 | -6.000e-07 | 1.376e-11 |  1.025e-10 |  1.267e-05
       |              |           |    +0.000% |    -0.000% |           |   -0.001% |            |    +0.000%
OUTPUT print!
    SNES DOF norms (2-norm) and ratios
    --------------------------------------------------------------------------------------------------------------------------------------
    it |       fnorm |          n0 |        r0 |        s0 |          n1 |        r1 |        s1 |          n2 |        r2 |        s2
    --------------------------------------------------------------------------------------------------------------------------------------
     0 |  4.5248e-08 |   1.740e-17 | 1.000e+00 | 6.614e-04 |   4.525e-08 | 1.000e+00 | 9.802e-12 |   1.597e-17 | 1.000e+00 | 1.594e-08
     1 |  7.4177e-13 |   4.387e-21 | 2.521e-04 | 6.534e-04 |   7.418e-13 | 1.639e-05 | 9.720e-12 |   2.330e-22 | 1.459e-05 | 1.571e-08
  SNES converged via DOF-wise criteria:
    DOF 0: ABS (atol)
    DOF 1: ABS (atol) STOL (stol)
    DOF 2: ABS (atol) STOL (stol)
Max dt! can not Increase time step: 1.600e+04 -> 1.600e+04 
  BOUNDS: phi_ice [0.0000, 1.0000]  phi_air [0.0000, 1.0000]
  ===============================================================================
  >>> DOMAIN INTEGRALS (PER TIME STEP)
  ===============================================================================
  -------------------------------------------------------------------------------------------------------------
    STEP |     TIME [s] |    DT [s] |    TOT_ICE |    TOT_AIR |      TEMP |  TOT_RHOV | I-A INTERF | TOTAL_MASS
  -------------------------------------------------------------------------------------------------------------
   195 |  2.11998e+06 | 1.600e+04 |  1.379e-08 |  1.621e-08 | -6.000e-07 | 1.376e-11 |  1.026e-10 |  1.267e-05
       |              |           |    +0.000% |    -0.000% |           |   -0.001% |            |    +0.000%
    SNES DOF norms (2-norm) and ratios
    --------------------------------------------------------------------------------------------------------------------------------------
    it |       fnorm |          n0 |        r0 |        s0 |          n1 |        r1 |        s1 |          n2 |        r2 |        s2
    --------------------------------------------------------------------------------------------------------------------------------------
     0 |  4.4698e-08 |   1.719e-17 | 1.000e+00 | 6.534e-04 |   4.470e-08 | 1.000e+00 | 9.720e-12 |   1.578e-17 | 1.000e+00 | 1.571e-08
     1 |  7.2338e-13 |   4.280e-21 | 2.490e-04 | 6.454e-04 |   7.234e-13 | 1.618e-05 | 9.641e-12 |   2.272e-22 | 1.440e-05 | 1.548e-08
  SNES converged via DOF-wise criteria:
    DOF 0: ABS (atol)
    DOF 1: ABS (atol) STOL (stol)
    DOF 2: ABS (atol) STOL (stol)
Max dt! can not Increase time step: 1.600e+04 -> 1.600e+04 
  BOUNDS: phi_ice [0.0000, 1.0000]  phi_air [0.0000, 1.0000]
  ===============================================================================
  >>> DOMAIN INTEGRALS (PER TIME STEP)
  ===============================================================================
  -------------------------------------------------------------------------------------------------------------
    STEP |     TIME [s] |    DT [s] |    TOT_ICE |    TOT_AIR |      TEMP |  TOT_RHOV | I-A INTERF | TOTAL_MASS
  -------------------------------------------------------------------------------------------------------------
   196 |  2.13598e+06 | 1.600e+04 |  1.379e-08 |  1.621e-08 | -6.000e-07 | 1.376e-11 |  1.026e-10 |  1.267e-05
       |              |           |    +0.000% |    -0.000% |           |   -0.001% |            |    +0.000%
    SNES DOF norms (2-norm) and ratios
    --------------------------------------------------------------------------------------------------------------------------------------
    it |       fnorm |          n0 |        r0 |        s0 |          n1 |        r1 |        s1 |          n2 |        r2 |        s2
    --------------------------------------------------------------------------------------------------------------------------------------
     0 |  4.4155e-08 |   1.698e-17 | 1.000e+00 | 6.454e-04 |   4.415e-08 | 1.000e+00 | 9.641e-12 |   1.559e-17 | 1.000e+00 | 1.548e-08
     1 |  7.1278e-13 |   4.177e-21 | 2.460e-04 | 6.376e-04 |   7.128e-13 | 1.614e-05 | 9.564e-12 |   2.216e-22 | 1.421e-05 | 1.526e-08
  SNES converged via DOF-wise criteria:
    DOF 0: ABS (atol)
    DOF 1: ABS (atol) STOL (stol)
    DOF 2: ABS (atol) STOL (stol)
Max dt! can not Increase time step: 1.600e+04 -> 1.600e+04 
  BOUNDS: phi_ice [0.0000, 1.0000]  phi_air [0.0000, 1.0000]
  ===============================================================================
  >>> DOMAIN INTEGRALS (PER TIME STEP)
  ===============================================================================
  -------------------------------------------------------------------------------------------------------------
    STEP |     TIME [s] |    DT [s] |    TOT_ICE |    TOT_AIR |      TEMP |  TOT_RHOV | I-A INTERF | TOTAL_MASS
  -------------------------------------------------------------------------------------------------------------
   197 |  2.15198e+06 | 1.600e+04 |  1.379e-08 |  1.621e-08 | -6.000e-07 | 1.376e-11 |  1.026e-10 |  1.267e-05
       |              |           |    +0.000% |    -0.000% |           |   -0.001% |            |    +0.000%
    SNES DOF norms (2-norm) and ratios
    --------------------------------------------------------------------------------------------------------------------------------------
    it |       fnorm |          n0 |        r0 |        s0 |          n1 |        r1 |        s1 |          n2 |        r2 |        s2
    --------------------------------------------------------------------------------------------------------------------------------------
     0 |  4.3618e-08 |   1.677e-17 | 1.000e+00 | 6.376e-04 |   4.362e-08 | 1.000e+00 | 9.564e-12 |   1.540e-17 | 1.000e+00 | 1.526e-08
     1 |  6.9639e-13 |   4.076e-21 | 2.430e-04 | 6.298e-04 |   6.964e-13 | 1.597e-05 | 9.490e-12 |   2.160e-22 | 1.403e-05 | 1.505e-08
  SNES converged via DOF-wise criteria:
    DOF 0: ABS (atol)
    DOF 1: ABS (atol) STOL (stol)
    DOF 2: ABS (atol) STOL (stol)
Max dt! can not Increase time step: 1.600e+04 -> 1.600e+04 
  BOUNDS: phi_ice [0.0000, 1.0000]  phi_air [0.0000, 1.0000]
  ===============================================================================
  >>> DOMAIN INTEGRALS (PER TIME STEP)
  ===============================================================================
  -------------------------------------------------------------------------------------------------------------
    STEP |     TIME [s] |    DT [s] |    TOT_ICE |    TOT_AIR |      TEMP |  TOT_RHOV | I-A INTERF | TOTAL_MASS
  -------------------------------------------------------------------------------------------------------------
   198 |  2.16798e+06 | 1.600e+04 |  1.379e-08 |  1.621e-08 | -6.000e-07 | 1.376e-11 |  1.026e-10 |  1.267e-05
       |              |           |    +0.000% |    -0.000% |           |   -0.001% |            |    +0.000%
    SNES DOF norms (2-norm) and ratios
    --------------------------------------------------------------------------------------------------------------------------------------
    it |       fnorm |          n0 |        r0 |        s0 |          n1 |        r1 |        s1 |          n2 |        r2 |        s2
    --------------------------------------------------------------------------------------------------------------------------------------
     0 |  4.3089e-08 |   1.657e-17 | 1.000e+00 | 6.298e-04 |   4.309e-08 | 1.000e+00 | 9.490e-12 |   1.521e-17 | 1.000e+00 | 1.505e-08
     1 |  6.7920e-13 |   3.977e-21 | 2.401e-04 | 6.222e-04 |   6.792e-13 | 1.576e-05 | 9.418e-12 |   2.111e-22 | 1.388e-05 | 1.484e-08
  SNES converged via DOF-wise criteria:
    DOF 0: ABS (atol)
    DOF 1: ABS (atol) STOL (stol)
    DOF 2: ABS (atol) STOL (stol)
Max dt! can not Increase time step: 1.600e+04 -> 1.600e+04 
  BOUNDS: phi_ice [0.0000, 1.0000]  phi_air [0.0000, 1.0000]
  ===============================================================================
  >>> DOMAIN INTEGRALS (PER TIME STEP)
  ===============================================================================
  -------------------------------------------------------------------------------------------------------------
    STEP |     TIME [s] |    DT [s] |    TOT_ICE |    TOT_AIR |      TEMP |  TOT_RHOV | I-A INTERF | TOTAL_MASS
  -------------------------------------------------------------------------------------------------------------
   199 |  2.18398e+06 | 1.600e+04 |  1.379e-08 |  1.621e-08 | -6.000e-07 | 1.376e-11 |  1.026e-10 |  1.267e-05
       |              |           |    +0.000% |    -0.000% |           |   -0.001% |            |    +0.000%
    SNES DOF norms (2-norm) and ratios
    --------------------------------------------------------------------------------------------------------------------------------------
    it |       fnorm |          n0 |        r0 |        s0 |          n1 |        r1 |        s1 |          n2 |        r2 |        s2
    --------------------------------------------------------------------------------------------------------------------------------------
     0 |  4.2566e-08 |   1.637e-17 | 1.000e+00 | 6.222e-04 |   4.257e-08 | 1.000e+00 | 9.418e-12 |   1.503e-17 | 1.000e+00 | 1.484e-08
     1 |  6.6791e-13 |   3.881e-21 | 2.371e-04 | 6.146e-04 |   6.679e-13 | 1.569e-05 | 9.362e-12 |   2.061e-22 | 1.372e-05 | 1.464e-08
  SNES converged via DOF-wise criteria:
    DOF 0: ABS (atol)
    DOF 1: ABS (atol) STOL (stol)
    DOF 2: ABS (atol) STOL (stol)
Max dt! can not Increase time step: 1.600e+04 -> 1.600e+04 
  BOUNDS: phi_ice [0.0000, 1.0000]  phi_air [0.0000, 1.0000]
  ===============================================================================
  >>> DOMAIN INTEGRALS (PER TIME STEP)
  ===============================================================================
  -------------------------------------------------------------------------------------------------------------
    STEP |     TIME [s] |    DT [s] |    TOT_ICE |    TOT_AIR |      TEMP |  TOT_RHOV | I-A INTERF | TOTAL_MASS
  -------------------------------------------------------------------------------------------------------------
   200 |  2.19998e+06 | 1.600e+04 |  1.379e-08 |  1.621e-08 | -6.000e-07 | 1.376e-11 |  1.026e-10 |  1.267e-05
       |              |           |    +0.000% |    -0.000% |           |   -0.001% |            |    +0.000%
OUTPUT print!
    SNES DOF norms (2-norm) and ratios
    --------------------------------------------------------------------------------------------------------------------------------------
    it |       fnorm |          n0 |        r0 |        s0 |          n1 |        r1 |        s1 |          n2 |        r2 |        s2
    --------------------------------------------------------------------------------------------------------------------------------------
     0 |  4.2049e-08 |   1.617e-17 | 1.000e+00 | 6.146e-04 |   4.205e-08 | 1.000e+00 | 9.362e-12 |   1.484e-17 | 1.000e+00 | 1.464e-08
     1 |  6.5466e-13 |   3.787e-21 | 2.342e-04 | 6.072e-04 |   6.547e-13 | 1.557e-05 | 9.258e-12 |   2.004e-22 | 1.350e-05 | 1.443e-08
  SNES converged via DOF-wise criteria:
    DOF 0: ABS (atol)
    DOF 1: ABS (atol) STOL (stol)
    DOF 2: ABS (atol) STOL (stol)
Max dt! can not Increase time step: 1.600e+04 -> 1.600e+04 
  BOUNDS: phi_ice [0.0000, 1.0000]  phi_air [0.0000, 1.0000]
  ===============================================================================
  >>> DOMAIN INTEGRALS (PER TIME STEP)
  ===============================================================================
  -------------------------------------------------------------------------------------------------------------
    STEP |     TIME [s] |    DT [s] |    TOT_ICE |    TOT_AIR |      TEMP |  TOT_RHOV | I-A INTERF | TOTAL_MASS
  -------------------------------------------------------------------------------------------------------------
   201 |  2.21598e+06 | 1.600e+04 |  1.379e-08 |  1.621e-08 | -6.000e-07 | 1.376e-11 |  1.027e-10 |  1.267e-05
       |              |           |    +0.000% |    -0.000% |           |   -0.001% |            |    +0.000%
    SNES DOF norms (2-norm) and ratios
    --------------------------------------------------------------------------------------------------------------------------------------
    it |       fnorm |          n0 |        r0 |        s0 |          n1 |        r1 |        s1 |          n2 |        r2 |        s2
    --------------------------------------------------------------------------------------------------------------------------------------
     0 |  4.1539e-08 |   1.597e-17 | 1.000e+00 | 6.072e-04 |   4.154e-08 | 1.000e+00 | 9.258e-12 |   1.466e-17 | 1.000e+00 | 1.443e-08
     1 |  6.4491e-13 |   3.696e-21 | 2.314e-04 | 5.998e-04 |   6.449e-13 | 1.553e-05 | 9.222e-12 |   1.954e-22 | 1.332e-05 | 1.424e-08
  SNES converged via DOF-wise criteria:
    DOF 0: ABS (atol)
    DOF 1: ABS (atol) STOL (stol)
    DOF 2: ABS (atol) STOL (stol)
Max dt! can not Increase time step: 1.600e+04 -> 1.600e+04 
  BOUNDS: phi_ice [0.0000, 1.0000]  phi_air [0.0000, 1.0000]
  ===============================================================================
  >>> DOMAIN INTEGRALS (PER TIME STEP)
  ===============================================================================
  -------------------------------------------------------------------------------------------------------------
    STEP |     TIME [s] |    DT [s] |    TOT_ICE |    TOT_AIR |      TEMP |  TOT_RHOV | I-A INTERF | TOTAL_MASS
  -------------------------------------------------------------------------------------------------------------
   202 |  2.23198e+06 | 1.600e+04 |  1.379e-08 |  1.621e-08 | -6.000e-07 | 1.376e-11 |  1.027e-10 |  1.267e-05
       |              |           |    +0.000% |    -0.000% |           |   -0.001% |            |    +0.000%
    SNES DOF norms (2-norm) and ratios
    --------------------------------------------------------------------------------------------------------------------------------------
    it |       fnorm |          n0 |        r0 |        s0 |          n1 |        r1 |        s1 |          n2 |        r2 |        s2
    --------------------------------------------------------------------------------------------------------------------------------------
     0 |  4.1036e-08 |   1.578e-17 | 1.000e+00 | 5.998e-04 |   4.104e-08 | 1.000e+00 | 9.222e-12 |   1.449e-17 | 1.000e+00 | 1.424e-08
     1 |  6.2885e-13 |   3.607e-21 | 2.286e-04 | 5.925e-04 |   6.288e-13 | 1.532e-05 | 9.137e-12 |   1.906e-22 | 1.315e-05 | 1.405e-08
  SNES converged via DOF-wise criteria:
    DOF 0: ABS (atol)
    DOF 1: ABS (atol) STOL (stol)
    DOF 2: ABS (atol) STOL (stol)
Max dt! can not Increase time step: 1.600e+04 -> 1.600e+04 
  BOUNDS: phi_ice [0.0000, 1.0000]  phi_air [0.0000, 1.0000]
  ===============================================================================
  >>> DOMAIN INTEGRALS (PER TIME STEP)
  ===============================================================================
  -------------------------------------------------------------------------------------------------------------
    STEP |     TIME [s] |    DT [s] |    TOT_ICE |    TOT_AIR |      TEMP |  TOT_RHOV | I-A INTERF | TOTAL_MASS
  -------------------------------------------------------------------------------------------------------------
   203 |  2.24798e+06 | 1.600e+04 |  1.379e-08 |  1.621e-08 | -6.000e-07 | 1.376e-11 |  1.027e-10 |  1.267e-05
       |              |           |    +0.000% |    -0.000% |           |   -0.001% |            |    +0.000%
    SNES DOF norms (2-norm) and ratios
    --------------------------------------------------------------------------------------------------------------------------------------
    it |       fnorm |          n0 |        r0 |        s0 |          n1 |        r1 |        s1 |          n2 |        r2 |        s2
    --------------------------------------------------------------------------------------------------------------------------------------
     0 |  4.0539e-08 |   1.559e-17 | 1.000e+00 | 5.925e-04 |   4.054e-08 | 1.000e+00 | 9.137e-12 |   1.431e-17 | 1.000e+00 | 1.405e-08
     1 |  6.1475e-13 |   3.520e-21 | 2.258e-04 | 5.854e-04 |   6.147e-13 | 1.516e-05 | 9.084e-12 |   1.860e-22 | 1.299e-05 | 1.386e-08
  SNES converged via DOF-wise criteria:
    DOF 0: ABS (atol)
    DOF 1: ABS (atol) STOL (stol)
    DOF 2: ABS (atol) STOL (stol)
Max dt! can not Increase time step: 1.600e+04 -> 1.600e+04 
  BOUNDS: phi_ice [0.0000, 1.0000]  phi_air [0.0000, 1.0000]
  ===============================================================================
  >>> DOMAIN INTEGRALS (PER TIME STEP)
  ===============================================================================
  -------------------------------------------------------------------------------------------------------------
    STEP |     TIME [s] |    DT [s] |    TOT_ICE |    TOT_AIR |      TEMP |  TOT_RHOV | I-A INTERF | TOTAL_MASS
  -------------------------------------------------------------------------------------------------------------
   204 |  2.26398e+06 | 1.600e+04 |  1.379e-08 |  1.621e-08 | -6.000e-07 | 1.376e-11 |  1.027e-10 |  1.267e-05
       |              |           |    +0.000% |    -0.000% |           |   -0.001% |            |    +0.000%
    SNES DOF norms (2-norm) and ratios
    --------------------------------------------------------------------------------------------------------------------------------------
    it |       fnorm |          n0 |        r0 |        s0 |          n1 |        r1 |        s1 |          n2 |        r2 |        s2
    --------------------------------------------------------------------------------------------------------------------------------------
     0 |  4.0048e-08 |   1.540e-17 | 1.000e+00 | 5.854e-04 |   4.005e-08 | 1.000e+00 | 9.084e-12 |   1.414e-17 | 1.000e+00 | 1.386e-08
     1 |  6.0451e-13 |   3.435e-21 | 2.231e-04 | 5.783e-04 |   6.045e-13 | 1.509e-05 | 9.017e-12 |   1.814e-22 | 1.283e-05 | 1.368e-08
  SNES converged via DOF-wise criteria:
    DOF 0: ABS (atol)
    DOF 1: ABS (atol) STOL (stol)
    DOF 2: ABS (atol) STOL (stol)
Max dt! can not Increase time step: 1.600e+04 -> 1.600e+04 
  BOUNDS: phi_ice [0.0000, 1.0000]  phi_air [0.0000, 1.0000]
  ===============================================================================
  >>> DOMAIN INTEGRALS (PER TIME STEP)
  ===============================================================================
  -------------------------------------------------------------------------------------------------------------
    STEP |     TIME [s] |    DT [s] |    TOT_ICE |    TOT_AIR |      TEMP |  TOT_RHOV | I-A INTERF | TOTAL_MASS
  -------------------------------------------------------------------------------------------------------------
   205 |  2.27998e+06 | 1.600e+04 |  1.379e-08 |  1.621e-08 | -6.000e-07 | 1.376e-11 |  1.027e-10 |  1.267e-05
       |              |           |    +0.000% |    -0.000% |           |   -0.001% |            |    +0.000%
    SNES DOF norms (2-norm) and ratios
    --------------------------------------------------------------------------------------------------------------------------------------
    it |       fnorm |          n0 |        r0 |        s0 |          n1 |        r1 |        s1 |          n2 |        r2 |        s2
    --------------------------------------------------------------------------------------------------------------------------------------
     0 |  3.9563e-08 |   1.521e-17 | 1.000e+00 | 5.783e-04 |   3.956e-08 | 1.000e+00 | 9.017e-12 |   1.397e-17 | 1.000e+00 | 1.368e-08
     1 |  5.9145e-13 |   3.352e-21 | 2.203e-04 | 5.713e-04 |   5.915e-13 | 1.495e-05 | 8.958e-12 |   1.769e-22 | 1.266e-05 | 1.350e-08
  SNES converged via DOF-wise criteria:
    DOF 0: ABS (atol)
    DOF 1: ABS (atol) STOL (stol)
    DOF 2: ABS (atol) STOL (stol)
Max dt! can not Increase time step: 1.600e+04 -> 1.600e+04 
  BOUNDS: phi_ice [0.0000, 1.0000]  phi_air [0.0000, 1.0000]
  ===============================================================================
  >>> DOMAIN INTEGRALS (PER TIME STEP)
  ===============================================================================
  -------------------------------------------------------------------------------------------------------------
    STEP |     TIME [s] |    DT [s] |    TOT_ICE |    TOT_AIR |      TEMP |  TOT_RHOV | I-A INTERF | TOTAL_MASS
  -------------------------------------------------------------------------------------------------------------
   206 |  2.29598e+06 | 1.600e+04 |  1.379e-08 |  1.621e-08 | -6.000e-07 | 1.376e-11 |  1.027e-10 |  1.267e-05
       |              |           |    +0.000% |    -0.000% |           |   -0.001% |            |    +0.000%
OUTPUT print!
    SNES DOF norms (2-norm) and ratios
    --------------------------------------------------------------------------------------------------------------------------------------
    it |       fnorm |          n0 |        r0 |        s0 |          n1 |        r1 |        s1 |          n2 |        r2 |        s2
    --------------------------------------------------------------------------------------------------------------------------------------
     0 |  3.9084e-08 |   1.503e-17 | 1.000e+00 | 5.713e-04 |   3.908e-08 | 1.000e+00 | 8.958e-12 |   1.380e-17 | 1.000e+00 | 1.350e-08
     1 |  5.7997e-13 |   3.271e-21 | 2.177e-04 | 5.644e-04 |   5.800e-13 | 1.484e-05 | 8.896e-12 |   1.725e-22 | 1.250e-05 | 1.332e-08
  SNES converged via DOF-wise criteria:
    DOF 0: ABS (atol)
    DOF 1: ABS (atol) STOL (stol)
    DOF 2: ABS (atol) STOL (stol)
Max dt! can not Increase time step: 1.600e+04 -> 1.600e+04 
  BOUNDS: phi_ice [0.0000, 1.0000]  phi_air [0.0000, 1.0000]
  ===============================================================================
  >>> DOMAIN INTEGRALS (PER TIME STEP)
  ===============================================================================
  -------------------------------------------------------------------------------------------------------------
    STEP |     TIME [s] |    DT [s] |    TOT_ICE |    TOT_AIR |      TEMP |  TOT_RHOV | I-A INTERF | TOTAL_MASS
  -------------------------------------------------------------------------------------------------------------
   207 |  2.31198e+06 | 1.600e+04 |  1.379e-08 |  1.621e-08 | -6.000e-07 | 1.376e-11 |  1.028e-10 |  1.267e-05
       |              |           |    +0.000% |    -0.000% |           |   -0.001% |            |    +0.000%
    SNES DOF norms (2-norm) and ratios
    --------------------------------------------------------------------------------------------------------------------------------------
    it |       fnorm |          n0 |        r0 |        s0 |          n1 |        r1 |        s1 |          n2 |        r2 |        s2
    --------------------------------------------------------------------------------------------------------------------------------------
     0 |  3.8612e-08 |   1.485e-17 | 1.000e+00 | 5.644e-04 |   3.861e-08 | 1.000e+00 | 8.896e-12 |   1.363e-17 | 1.000e+00 | 1.332e-08
     1 |  5.6986e-13 |   3.192e-21 | 2.150e-04 | 5.575e-04 |   5.699e-13 | 1.476e-05 | 8.835e-12 |   1.683e-22 | 1.235e-05 | 1.315e-08
  SNES converged via DOF-wise criteria:
    DOF 0: ABS (atol)
    DOF 1: ABS (atol) STOL (stol)
    DOF 2: ABS (atol) STOL (stol)
Max dt! can not Increase time step: 1.600e+04 -> 1.600e+04 
  BOUNDS: phi_ice [0.0000, 1.0000]  phi_air [0.0000, 1.0000]
  ===============================================================================
  >>> DOMAIN INTEGRALS (PER TIME STEP)
  ===============================================================================
  -------------------------------------------------------------------------------------------------------------
    STEP |     TIME [s] |    DT [s] |    TOT_ICE |    TOT_AIR |      TEMP |  TOT_RHOV | I-A INTERF | TOTAL_MASS
  -------------------------------------------------------------------------------------------------------------
   208 |  2.32798e+06 | 1.600e+04 |  1.379e-08 |  1.621e-08 | -6.000e-07 | 1.376e-11 |  1.028e-10 |  1.267e-05
       |              |           |    +0.000% |    -0.000% |           |   -0.001% |            |    +0.000%
    SNES DOF norms (2-norm) and ratios
    --------------------------------------------------------------------------------------------------------------------------------------
    it |       fnorm |          n0 |        r0 |        s0 |          n1 |        r1 |        s1 |          n2 |        r2 |        s2
    --------------------------------------------------------------------------------------------------------------------------------------
     0 |  3.8145e-08 |   1.467e-17 | 1.000e+00 | 5.575e-04 |   3.815e-08 | 1.000e+00 | 8.835e-12 |   1.347e-17 | 1.000e+00 | 1.315e-08
     1 |  5.6078e-13 |   3.116e-21 | 2.124e-04 | 5.508e-04 |   5.608e-13 | 1.470e-05 | 8.772e-12 |   1.644e-22 | 1.221e-05 | 1.298e-08
  SNES converged via DOF-wise criteria:
    DOF 0: ABS (atol)
    DOF 1: ABS (atol) STOL (stol)
    DOF 2: ABS (atol) STOL (stol)
Max dt! can not Increase time step: 1.600e+04 -> 1.600e+04 
  BOUNDS: phi_ice [0.0000, 1.0000]  phi_air [0.0000, 1.0000]
  ===============================================================================
  >>> DOMAIN INTEGRALS (PER TIME STEP)
  ===============================================================================
  -------------------------------------------------------------------------------------------------------------
    STEP |     TIME [s] |    DT [s] |    TOT_ICE |    TOT_AIR |      TEMP |  TOT_RHOV | I-A INTERF | TOTAL_MASS
  -------------------------------------------------------------------------------------------------------------
   209 |  2.34398e+06 | 1.600e+04 |  1.379e-08 |  1.621e-08 | -6.000e-07 | 1.376e-11 |  1.028e-10 |  1.267e-05
       |              |           |    +0.000% |    -0.000% |           |   -0.001% |            |    +0.000%
    SNES DOF norms (2-norm) and ratios
    --------------------------------------------------------------------------------------------------------------------------------------
    it |       fnorm |          n0 |        r0 |        s0 |          n1 |        r1 |        s1 |          n2 |        r2 |        s2
    --------------------------------------------------------------------------------------------------------------------------------------
     0 |  3.7684e-08 |   1.449e-17 | 1.000e+00 | 5.508e-04 |   3.768e-08 | 1.000e+00 | 8.772e-12 |   1.330e-17 | 1.000e+00 | 1.298e-08
     1 |  5.4911e-13 |   3.041e-21 | 2.098e-04 | 5.442e-04 |   5.491e-13 | 1.457e-05 | 8.724e-12 |   1.602e-22 | 1.204e-05 | 1.282e-08
  SNES converged via DOF-wise criteria:
    DOF 0: ABS (atol)
    DOF 1: ABS (atol) STOL (stol)
    DOF 2: ABS (atol) STOL (stol)
Max dt! can not Increase time step: 1.600e+04 -> 1.600e+04 
  BOUNDS: phi_ice [0.0000, 1.0000]  phi_air [0.0000, 1.0000]
  ===============================================================================
  >>> DOMAIN INTEGRALS (PER TIME STEP)
  ===============================================================================
  -------------------------------------------------------------------------------------------------------------
    STEP |     TIME [s] |    DT [s] |    TOT_ICE |    TOT_AIR |      TEMP |  TOT_RHOV | I-A INTERF | TOTAL_MASS
  -------------------------------------------------------------------------------------------------------------
   210 |  2.35998e+06 | 1.600e+04 |  1.379e-08 |  1.621e-08 | -6.000e-07 | 1.376e-11 |  1.028e-10 |  1.267e-05
       |              |           |    +0.000% |    -0.000% |           |   -0.001% |            |    +0.000%
    SNES DOF norms (2-norm) and ratios
    --------------------------------------------------------------------------------------------------------------------------------------
    it |       fnorm |          n0 |        r0 |        s0 |          n1 |        r1 |        s1 |          n2 |        r2 |        s2
    --------------------------------------------------------------------------------------------------------------------------------------
     0 |  3.7229e-08 |   1.431e-17 | 1.000e+00 | 5.442e-04 |   3.723e-08 | 1.000e+00 | 8.724e-12 |   1.314e-17 | 1.000e+00 | 1.282e-08
     1 |  5.4582e-13 |   2.967e-21 | 2.073e-04 | 5.376e-04 |   5.458e-13 | 1.466e-05 | 8.664e-12 |   1.562e-22 | 1.188e-05 | 1.266e-08
  SNES converged via DOF-wise criteria:
    DOF 0: ABS (atol)
    DOF 1: ABS (atol) STOL (stol)
    DOF 2: ABS (atol) STOL (stol)
Max dt! can not Increase time step: 1.600e+04 -> 1.600e+04 
  BOUNDS: phi_ice [0.0000, 1.0000]  phi_air [0.0000, 1.0000]
  ===============================================================================
  >>> DOMAIN INTEGRALS (PER TIME STEP)
  ===============================================================================
  -------------------------------------------------------------------------------------------------------------
    STEP |     TIME [s] |    DT [s] |    TOT_ICE |    TOT_AIR |      TEMP |  TOT_RHOV | I-A INTERF | TOTAL_MASS
  -------------------------------------------------------------------------------------------------------------
   211 |  2.37598e+06 | 1.600e+04 |  1.379e-08 |  1.621e-08 | -6.000e-07 | 1.376e-11 |  1.028e-10 |  1.267e-05
       |              |           |    +0.000% |    -0.000% |           |   -0.001% |            |    +0.000%
    SNES DOF norms (2-norm) and ratios
    --------------------------------------------------------------------------------------------------------------------------------------
    it |       fnorm |          n0 |        r0 |        s0 |          n1 |        r1 |        s1 |          n2 |        r2 |        s2
    --------------------------------------------------------------------------------------------------------------------------------------
     0 |  3.6780e-08 |   1.414e-17 | 1.000e+00 | 5.376e-04 |   3.678e-08 | 1.000e+00 | 8.664e-12 |   1.298e-17 | 1.000e+00 | 1.266e-08
     1 |  5.3551e-13 |   2.896e-21 | 2.048e-04 | 5.311e-04 |   5.355e-13 | 1.456e-05 | 8.608e-12 |   1.523e-22 | 1.173e-05 | 1.250e-08
  SNES converged via DOF-wise criteria:
    DOF 0: ABS (atol)
    DOF 1: ABS (atol) STOL (stol)
    DOF 2: ABS (atol) STOL (stol)
Max dt! can not Increase time step: 1.600e+04 -> 1.600e+04 
  BOUNDS: phi_ice [0.0000, 1.0000]  phi_air [0.0000, 1.0000]
  ===============================================================================
  >>> DOMAIN INTEGRALS (PER TIME STEP)
  ===============================================================================
  -------------------------------------------------------------------------------------------------------------
    STEP |     TIME [s] |    DT [s] |    TOT_ICE |    TOT_AIR |      TEMP |  TOT_RHOV | I-A INTERF | TOTAL_MASS
  -------------------------------------------------------------------------------------------------------------
   212 |  2.39198e+06 | 1.600e+04 |  1.379e-08 |  1.621e-08 | -6.000e-07 | 1.376e-11 |  1.028e-10 |  1.267e-05
       |              |           |    +0.000% |    -0.000% |           |   -0.001% |            |    +0.000%
OUTPUT print!
    SNES DOF norms (2-norm) and ratios
    --------------------------------------------------------------------------------------------------------------------------------------
    it |       fnorm |          n0 |        r0 |        s0 |          n1 |        r1 |        s1 |          n2 |        r2 |        s2
    --------------------------------------------------------------------------------------------------------------------------------------
     0 |  3.6336e-08 |   1.397e-17 | 1.000e+00 | 5.311e-04 |   3.634e-08 | 1.000e+00 | 8.608e-12 |   1.283e-17 | 1.000e+00 | 1.250e-08
     1 |  5.2280e-13 |   2.827e-21 | 2.023e-04 | 5.247e-04 |   5.228e-13 | 1.439e-05 | 8.551e-12 |   1.485e-22 | 1.158e-05 | 1.234e-08
  SNES converged via DOF-wise criteria:
    DOF 0: ABS (atol)
    DOF 1: ABS (atol) STOL (stol)
    DOF 2: ABS (atol) STOL (stol)
Max dt! can not Increase time step: 1.600e+04 -> 1.600e+04 
  BOUNDS: phi_ice [0.0000, 1.0000]  phi_air [0.0000, 1.0000]
  ===============================================================================
  >>> DOMAIN INTEGRALS (PER TIME STEP)
  ===============================================================================
  -------------------------------------------------------------------------------------------------------------
    STEP |     TIME [s] |    DT [s] |    TOT_ICE |    TOT_AIR |      TEMP |  TOT_RHOV | I-A INTERF | TOTAL_MASS
  -------------------------------------------------------------------------------------------------------------
   213 |  2.40798e+06 | 1.600e+04 |  1.379e-08 |  1.621e-08 | -6.000e-07 | 1.376e-11 |  1.029e-10 |  1.267e-05
       |              |           |    +0.000% |    -0.000% |           |   -0.001% |            |    +0.000%
    SNES DOF norms (2-norm) and ratios
    --------------------------------------------------------------------------------------------------------------------------------------
    it |       fnorm |          n0 |        r0 |        s0 |          n1 |        r1 |        s1 |          n2 |        r2 |        s2
    --------------------------------------------------------------------------------------------------------------------------------------
     0 |  3.5898e-08 |   1.380e-17 | 1.000e+00 | 5.247e-04 |   3.590e-08 | 1.000e+00 | 8.551e-12 |   1.267e-17 | 1.000e+00 | 1.234e-08
     1 |  5.1671e-13 |   2.759e-21 | 1.999e-04 | 5.184e-04 |   5.167e-13 | 1.439e-05 | 8.496e-12 |   1.449e-22 | 1.143e-05 | 1.219e-08
  SNES converged via DOF-wise criteria:
    DOF 0: ABS (atol)
    DOF 1: ABS (atol) STOL (stol)
    DOF 2: ABS (atol) STOL (stol)
Max dt! can not Increase time step: 1.600e+04 -> 1.600e+04 
  BOUNDS: phi_ice [0.0000, 1.0000]  phi_air [0.0000, 1.0000]
  ===============================================================================
  >>> DOMAIN INTEGRALS (PER TIME STEP)
  ===============================================================================
  -------------------------------------------------------------------------------------------------------------
    STEP |     TIME [s] |    DT [s] |    TOT_ICE |    TOT_AIR |      TEMP |  TOT_RHOV | I-A INTERF | TOTAL_MASS
  -------------------------------------------------------------------------------------------------------------
   214 |  2.42398e+06 | 1.600e+04 |  1.379e-08 |  1.621e-08 | -6.000e-07 | 1.376e-11 |  1.029e-10 |  1.267e-05
       |              |           |    +0.000% |    -0.000% |           |   -0.001% |            |    +0.000%
    SNES DOF norms (2-norm) and ratios
    --------------------------------------------------------------------------------------------------------------------------------------
    it |       fnorm |          n0 |        r0 |        s0 |          n1 |        r1 |        s1 |          n2 |        r2 |        s2
    --------------------------------------------------------------------------------------------------------------------------------------
     0 |  3.5465e-08 |   1.364e-17 | 1.000e+00 | 5.184e-04 |   3.547e-08 | 1.000e+00 | 8.496e-12 |   1.252e-17 | 1.000e+00 | 1.219e-08
     1 |  5.0441e-13 |   2.692e-21 | 1.974e-04 | 5.121e-04 |   5.044e-13 | 1.422e-05 | 8.441e-12 |   1.413e-22 | 1.129e-05 | 1.204e-08
  SNES converged via DOF-wise criteria:
    DOF 0: ABS (atol)
    DOF 1: ABS (atol) STOL (stol)
    DOF 2: ABS (atol) STOL (stol)
Max dt! can not Increase time step: 1.600e+04 -> 1.600e+04 
  BOUNDS: phi_ice [0.0000, 1.0000]  phi_air [0.0000, 1.0000]
  ===============================================================================
  >>> DOMAIN INTEGRALS (PER TIME STEP)
  ===============================================================================
  -------------------------------------------------------------------------------------------------------------
    STEP |     TIME [s] |    DT [s] |    TOT_ICE |    TOT_AIR |      TEMP |  TOT_RHOV | I-A INTERF | TOTAL_MASS
  -------------------------------------------------------------------------------------------------------------
   215 |  2.43998e+06 | 1.600e+04 |  1.379e-08 |  1.621e-08 | -6.000e-07 | 1.376e-11 |  1.029e-10 |  1.267e-05
       |              |           |    +0.000% |    -0.000% |           |   -0.001% |            |    +0.000%
    SNES DOF norms (2-norm) and ratios
    --------------------------------------------------------------------------------------------------------------------------------------
    it |       fnorm |          n0 |        r0 |        s0 |          n1 |        r1 |        s1 |          n2 |        r2 |        s2
    --------------------------------------------------------------------------------------------------------------------------------------
     0 |  3.5038e-08 |   1.347e-17 | 1.000e+00 | 5.121e-04 |   3.504e-08 | 1.000e+00 | 8.441e-12 |   1.237e-17 | 1.000e+00 | 1.204e-08
     1 |  4.9769e-13 |   2.628e-21 | 1.951e-04 | 5.060e-04 |   4.977e-13 | 1.420e-05 | 8.387e-12 |   1.379e-22 | 1.114e-05 | 1.189e-08
  SNES converged via DOF-wise criteria:
    DOF 0: ABS (atol)
    DOF 1: ABS (atol) STOL (stol)
    DOF 2: ABS (atol) STOL (stol)
Max dt! can not Increase time step: 1.600e+04 -> 1.600e+04 
  BOUNDS: phi_ice [0.0000, 1.0000]  phi_air [0.0000, 1.0000]
  ===============================================================================
  >>> DOMAIN INTEGRALS (PER TIME STEP)
  ===============================================================================
  -------------------------------------------------------------------------------------------------------------
    STEP |     TIME [s] |    DT [s] |    TOT_ICE |    TOT_AIR |      TEMP |  TOT_RHOV | I-A INTERF | TOTAL_MASS
  -------------------------------------------------------------------------------------------------------------
   216 |  2.45598e+06 | 1.600e+04 |  1.379e-08 |  1.621e-08 | -6.000e-07 | 1.376e-11 |  1.029e-10 |  1.267e-05
       |              |           |    +0.000% |    -0.000% |           |   -0.001% |            |    +0.000%
    SNES DOF norms (2-norm) and ratios
    --------------------------------------------------------------------------------------------------------------------------------------
    it |       fnorm |          n0 |        r0 |        s0 |          n1 |        r1 |        s1 |          n2 |        r2 |        s2
    --------------------------------------------------------------------------------------------------------------------------------------
     0 |  3.4616e-08 |   1.331e-17 | 1.000e+00 | 5.060e-04 |   3.462e-08 | 1.000e+00 | 8.387e-12 |   1.222e-17 | 1.000e+00 | 1.189e-08
     1 |  4.8875e-13 |   2.565e-21 | 1.927e-04 | 4.999e-04 |   4.887e-13 | 1.412e-05 | 8.332e-12 |   1.345e-22 | 1.100e-05 | 1.175e-08
  SNES converged via DOF-wise criteria:
    DOF 0: ABS (atol)
    DOF 1: ABS (atol) STOL (stol)
    DOF 2: ABS (atol) STOL (stol)
Max dt! can not Increase time step: 1.600e+04 -> 1.600e+04 
  BOUNDS: phi_ice [0.0000, 1.0000]  phi_air [0.0000, 1.0000]
  ===============================================================================
  >>> DOMAIN INTEGRALS (PER TIME STEP)
  ===============================================================================
  -------------------------------------------------------------------------------------------------------------
    STEP |     TIME [s] |    DT [s] |    TOT_ICE |    TOT_AIR |      TEMP |  TOT_RHOV | I-A INTERF | TOTAL_MASS
  -------------------------------------------------------------------------------------------------------------
   217 |  2.47198e+06 | 1.600e+04 |  1.379e-08 |  1.621e-08 | -6.000e-07 | 1.376e-11 |  1.029e-10 |  1.267e-05
       |              |           |    +0.000% |    -0.000% |           |   -0.001% |            |    +0.000%
    SNES DOF norms (2-norm) and ratios
    --------------------------------------------------------------------------------------------------------------------------------------
    it |       fnorm |          n0 |        r0 |        s0 |          n1 |        r1 |        s1 |          n2 |        r2 |        s2
    --------------------------------------------------------------------------------------------------------------------------------------
     0 |  3.4199e-08 |   1.315e-17 | 1.000e+00 | 4.999e-04 |   3.420e-08 | 1.000e+00 | 8.332e-12 |   1.207e-17 | 1.000e+00 | 1.175e-08
     1 |  4.8748e-13 |   2.503e-21 | 1.904e-04 | 4.939e-04 |   4.875e-13 | 1.425e-05 | 8.279e-12 |   1.312e-22 | 1.086e-05 | 1.161e-08
  SNES converged via DOF-wise criteria:
    DOF 0: ABS (atol)
    DOF 1: ABS (atol) STOL (stol)
    DOF 2: ABS (atol) STOL (stol)
Max dt! can not Increase time step: 1.600e+04 -> 1.600e+04 
  BOUNDS: phi_ice [0.0000, 1.0000]  phi_air [0.0000, 1.0000]
  ===============================================================================
  >>> DOMAIN INTEGRALS (PER TIME STEP)
  ===============================================================================
  -------------------------------------------------------------------------------------------------------------
    STEP |     TIME [s] |    DT [s] |    TOT_ICE |    TOT_AIR |      TEMP |  TOT_RHOV | I-A INTERF | TOTAL_MASS
  -------------------------------------------------------------------------------------------------------------
   218 |  2.48798e+06 | 1.600e+04 |  1.379e-08 |  1.621e-08 | -6.000e-07 | 1.376e-11 |  1.029e-10 |  1.267e-05
       |              |           |    +0.000% |    -0.000% |           |   -0.001% |            |    +0.000%
OUTPUT print!
    SNES DOF norms (2-norm) and ratios
    --------------------------------------------------------------------------------------------------------------------------------------
    it |       fnorm |          n0 |        r0 |        s0 |          n1 |        r1 |        s1 |          n2 |        r2 |        s2
    --------------------------------------------------------------------------------------------------------------------------------------
     0 |  3.3788e-08 |   1.299e-17 | 1.000e+00 | 4.939e-04 |   3.379e-08 | 1.000e+00 | 8.279e-12 |   1.193e-17 | 1.000e+00 | 1.161e-08
     1 |  4.8121e-13 |   2.443e-21 | 1.881e-04 | 4.879e-04 |   4.812e-13 | 1.424e-05 | 8.225e-12 |   1.279e-22 | 1.072e-05 | 1.146e-08
  SNES converged via DOF-wise criteria:
    DOF 0: ABS (atol)
    DOF 1: ABS (atol) STOL (stol)
    DOF 2: ABS (atol) STOL (stol)
Max dt! can not Increase time step: 1.600e+04 -> 1.600e+04 
  BOUNDS: phi_ice [0.0000, 1.0000]  phi_air [0.0000, 1.0000]
  ===============================================================================
  >>> DOMAIN INTEGRALS (PER TIME STEP)
  ===============================================================================
  -------------------------------------------------------------------------------------------------------------
    STEP |     TIME [s] |    DT [s] |    TOT_ICE |    TOT_AIR |      TEMP |  TOT_RHOV | I-A INTERF | TOTAL_MASS
  -------------------------------------------------------------------------------------------------------------
   219 |  2.50398e+06 | 1.600e+04 |  1.379e-08 |  1.621e-08 | -6.000e-07 | 1.376e-11 |  1.030e-10 |  1.267e-05
       |              |           |    +0.000% |    -0.000% |           |   -0.001% |            |    +0.000%
    SNES DOF norms (2-norm) and ratios
    --------------------------------------------------------------------------------------------------------------------------------------
    it |       fnorm |          n0 |        r0 |        s0 |          n1 |        r1 |        s1 |          n2 |        r2 |        s2
    --------------------------------------------------------------------------------------------------------------------------------------
     0 |  3.3381e-08 |   1.284e-17 | 1.000e+00 | 4.879e-04 |   3.338e-08 | 1.000e+00 | 8.225e-12 |   1.178e-17 | 1.000e+00 | 1.146e-08
     1 |  4.7214e-13 |   2.385e-21 | 1.858e-04 | 4.821e-04 |   4.721e-13 | 1.414e-05 | 8.172e-12 |   1.248e-22 | 1.059e-05 | 1.133e-08
  SNES converged via DOF-wise criteria:
    DOF 0: ABS (atol)
    DOF 1: ABS (atol) STOL (stol)
    DOF 2: ABS (atol) STOL (stol)
Max dt! can not Increase time step: 1.600e+04 -> 1.600e+04 
  BOUNDS: phi_ice [0.0000, 1.0000]  phi_air [0.0000, 1.0000]
  ===============================================================================
  >>> DOMAIN INTEGRALS (PER TIME STEP)
  ===============================================================================
  -------------------------------------------------------------------------------------------------------------
    STEP |     TIME [s] |    DT [s] |    TOT_ICE |    TOT_AIR |      TEMP |  TOT_RHOV | I-A INTERF | TOTAL_MASS
  -------------------------------------------------------------------------------------------------------------
   220 |  2.51998e+06 | 1.600e+04 |  1.379e-08 |  1.621e-08 | -6.000e-07 | 1.376e-11 |  1.030e-10 |  1.267e-05
       |              |           |    +0.000% |    -0.000% |           |   -0.001% |            |    +0.000%
    SNES DOF norms (2-norm) and ratios
    --------------------------------------------------------------------------------------------------------------------------------------
    it |       fnorm |          n0 |        r0 |        s0 |          n1 |        r1 |        s1 |          n2 |        r2 |        s2
    --------------------------------------------------------------------------------------------------------------------------------------
     0 |  3.2980e-08 |   1.268e-17 | 1.000e+00 | 4.821e-04 |   3.298e-08 | 1.000e+00 | 8.172e-12 |   1.164e-17 | 1.000e+00 | 1.133e-08
     1 |  4.6667e-13 |   2.328e-21 | 1.836e-04 | 4.763e-04 |   4.667e-13 | 1.415e-05 | 8.119e-12 |   1.217e-22 | 1.045e-05 | 1.119e-08
  SNES converged via DOF-wise criteria:
    DOF 0: ABS (atol)
    DOF 1: ABS (atol) STOL (stol)
    DOF 2: ABS (atol) STOL (stol)
Max dt! can not Increase time step: 1.600e+04 -> 1.600e+04 
  BOUNDS: phi_ice [0.0000, 1.0000]  phi_air [0.0000, 1.0000]
  ===============================================================================
  >>> DOMAIN INTEGRALS (PER TIME STEP)
  ===============================================================================
  -------------------------------------------------------------------------------------------------------------
    STEP |     TIME [s] |    DT [s] |    TOT_ICE |    TOT_AIR |      TEMP |  TOT_RHOV | I-A INTERF | TOTAL_MASS
  -------------------------------------------------------------------------------------------------------------
   221 |  2.53598e+06 | 1.600e+04 |  1.379e-08 |  1.621e-08 | -6.000e-07 | 1.376e-11 |  1.030e-10 |  1.267e-05
       |              |           |    +0.000% |    -0.000% |           |   -0.001% |            |    +0.000%
    SNES DOF norms (2-norm) and ratios
    --------------------------------------------------------------------------------------------------------------------------------------
    it |       fnorm |          n0 |        r0 |        s0 |          n1 |        r1 |        s1 |          n2 |        r2 |        s2
    --------------------------------------------------------------------------------------------------------------------------------------
     0 |  3.2584e-08 |   1.253e-17 | 1.000e+00 | 4.763e-04 |   3.258e-08 | 1.000e+00 | 8.119e-12 |   1.150e-17 | 1.000e+00 | 1.119e-08
     1 |  4.5783e-13 |   2.272e-21 | 1.814e-04 | 4.705e-04 |   4.578e-13 | 1.405e-05 | 8.066e-12 |   1.187e-22 | 1.032e-05 | 1.106e-08
  SNES converged via DOF-wise criteria:
    DOF 0: ABS (atol)
    DOF 1: ABS (atol) STOL (stol)
    DOF 2: ABS (atol) STOL (stol)
Max dt! can not Increase time step: 1.600e+04 -> 1.600e+04 
  BOUNDS: phi_ice [0.0000, 1.0000]  phi_air [0.0000, 1.0000]
  ===============================================================================
  >>> DOMAIN INTEGRALS (PER TIME STEP)
  ===============================================================================
  -------------------------------------------------------------------------------------------------------------
    STEP |     TIME [s] |    DT [s] |    TOT_ICE |    TOT_AIR |      TEMP |  TOT_RHOV | I-A INTERF | TOTAL_MASS
  -------------------------------------------------------------------------------------------------------------
   222 |  2.55198e+06 | 1.600e+04 |  1.379e-08 |  1.621e-08 | -6.000e-07 | 1.376e-11 |  1.030e-10 |  1.267e-05
       |              |           |    +0.000% |    -0.000% |           |   -0.001% |            |    +0.000%
    SNES DOF norms (2-norm) and ratios
    --------------------------------------------------------------------------------------------------------------------------------------
    it |       fnorm |          n0 |        r0 |        s0 |          n1 |        r1 |        s1 |          n2 |        r2 |        s2
    --------------------------------------------------------------------------------------------------------------------------------------
     0 |  3.2192e-08 |   1.238e-17 | 1.000e+00 | 4.705e-04 |   3.219e-08 | 1.000e+00 | 8.066e-12 |   1.136e-17 | 1.000e+00 | 1.106e-08
     1 |  4.5611e-13 |   2.218e-21 | 1.792e-04 | 4.649e-04 |   4.561e-13 | 1.417e-05 | 8.014e-12 |   1.158e-22 | 1.019e-05 | 1.093e-08
  SNES converged via DOF-wise criteria:
    DOF 0: ABS (atol)
    DOF 1: ABS (atol) STOL (stol)
    DOF 2: ABS (atol) STOL (stol)
Max dt! can not Increase time step: 1.600e+04 -> 1.600e+04 
  BOUNDS: phi_ice [0.0000, 1.0000]  phi_air [0.0000, 1.0000]
  ===============================================================================
  >>> DOMAIN INTEGRALS (PER TIME STEP)
  ===============================================================================
  -------------------------------------------------------------------------------------------------------------
    STEP |     TIME [s] |    DT [s] |    TOT_ICE |    TOT_AIR |      TEMP |  TOT_RHOV | I-A INTERF | TOTAL_MASS
  -------------------------------------------------------------------------------------------------------------
   223 |  2.56798e+06 | 1.600e+04 |  1.379e-08 |  1.621e-08 | -6.000e-07 | 1.376e-11 |  1.030e-10 |  1.267e-05
       |              |           |    +0.000% |    -0.000% |           |   -0.001% |            |    +0.000%
    SNES DOF norms (2-norm) and ratios
    --------------------------------------------------------------------------------------------------------------------------------------
    it |       fnorm |          n0 |        r0 |        s0 |          n1 |        r1 |        s1 |          n2 |        r2 |        s2
    --------------------------------------------------------------------------------------------------------------------------------------
     0 |  3.1806e-08 |   1.223e-17 | 1.000e+00 | 4.649e-04 |   3.181e-08 | 1.000e+00 | 8.014e-12 |   1.123e-17 | 1.000e+00 | 1.093e-08
     1 |  4.4680e-13 |   2.165e-21 | 1.770e-04 | 4.593e-04 |   4.468e-13 | 1.405e-05 | 7.961e-12 |   1.130e-22 | 1.006e-05 | 1.080e-08
  SNES converged via DOF-wise criteria:
    DOF 0: ABS (atol)
    DOF 1: ABS (atol) STOL (stol)
    DOF 2: ABS (atol) STOL (stol)
Max dt! can not Increase time step: 1.600e+04 -> 1.600e+04 
  BOUNDS: phi_ice [0.0000, 1.0000]  phi_air [0.0000, 1.0000]
  ===============================================================================
  >>> DOMAIN INTEGRALS (PER TIME STEP)
  ===============================================================================
  -------------------------------------------------------------------------------------------------------------
    STEP |     TIME [s] |    DT [s] |    TOT_ICE |    TOT_AIR |      TEMP |  TOT_RHOV | I-A INTERF | TOTAL_MASS
  -------------------------------------------------------------------------------------------------------------
   224 |  2.58398e+06 | 1.600e+04 |  1.379e-08 |  1.621e-08 | -6.000e-07 | 1.376e-11 |  1.030e-10 |  1.267e-05
       |              |           |    +0.000% |    -0.000% |           |   -0.001% |            |    +0.000%
OUTPUT print!
    SNES DOF norms (2-norm) and ratios
    --------------------------------------------------------------------------------------------------------------------------------------
    it |       fnorm |          n0 |        r0 |        s0 |          n1 |        r1 |        s1 |          n2 |        r2 |        s2
    --------------------------------------------------------------------------------------------------------------------------------------
     0 |  3.1424e-08 |   1.208e-17 | 1.000e+00 | 4.593e-04 |   3.142e-08 | 1.000e+00 | 7.961e-12 |   1.109e-17 | 1.000e+00 | 1.080e-08
     1 |  4.4387e-13 |   2.113e-21 | 1.749e-04 | 4.538e-04 |   4.439e-13 | 1.413e-05 | 7.909e-12 |   1.102e-22 | 9.935e-06 | 1.068e-08
  SNES converged via DOF-wise criteria:
    DOF 0: ABS (atol)
    DOF 1: ABS (atol) STOL (stol)
    DOF 2: ABS (atol) STOL (stol)
Max dt! can not Increase time step: 1.600e+04 -> 1.600e+04 
  BOUNDS: phi_ice [0.0000, 1.0000]  phi_air [0.0000, 1.0000]
  ===============================================================================
  >>> DOMAIN INTEGRALS (PER TIME STEP)
  ===============================================================================
  -------------------------------------------------------------------------------------------------------------
    STEP |     TIME [s] |    DT [s] |    TOT_ICE |    TOT_AIR |      TEMP |  TOT_RHOV | I-A INTERF | TOTAL_MASS
  -------------------------------------------------------------------------------------------------------------
   225 |  2.59998e+06 | 1.600e+04 |  1.379e-08 |  1.621e-08 | -6.000e-07 | 1.376e-11 |  1.030e-10 |  1.267e-05
       |              |           |    +0.000% |    -0.000% |           |   -0.001% |            |    +0.000%
    SNES DOF norms (2-norm) and ratios
    --------------------------------------------------------------------------------------------------------------------------------------
    it |       fnorm |          n0 |        r0 |        s0 |          n1 |        r1 |        s1 |          n2 |        r2 |        s2
    --------------------------------------------------------------------------------------------------------------------------------------
     0 |  3.1047e-08 |   1.194e-17 | 1.000e+00 | 4.538e-04 |   3.105e-08 | 1.000e+00 | 7.909e-12 |   1.096e-17 | 1.000e+00 | 1.068e-08
     1 |  4.3346e-13 |   2.063e-21 | 1.728e-04 | 4.484e-04 |   4.335e-13 | 1.396e-05 | 7.857e-12 |   1.075e-22 | 9.808e-06 | 1.056e-08
  SNES converged via DOF-wise criteria:
    DOF 0: ABS (atol)
    DOF 1: ABS (atol) STOL (stol)
    DOF 2: ABS (atol) STOL (stol)
Max dt! can not Increase time step: 1.600e+04 -> 1.600e+04 
  BOUNDS: phi_ice [0.0000, 1.0000]  phi_air [0.0000, 1.0000]
  ===============================================================================
  >>> DOMAIN INTEGRALS (PER TIME STEP)
  ===============================================================================
  -------------------------------------------------------------------------------------------------------------
    STEP |     TIME [s] |    DT [s] |    TOT_ICE |    TOT_AIR |      TEMP |  TOT_RHOV | I-A INTERF | TOTAL_MASS
  -------------------------------------------------------------------------------------------------------------
   226 |  2.61598e+06 | 1.600e+04 |  1.379e-08 |  1.621e-08 | -6.000e-07 | 1.376e-11 |  1.031e-10 |  1.267e-05
       |              |           |    +0.000% |    -0.000% |           |   -0.001% |            |    +0.000%
    SNES DOF norms (2-norm) and ratios
    --------------------------------------------------------------------------------------------------------------------------------------
    it |       fnorm |          n0 |        r0 |        s0 |          n1 |        r1 |        s1 |          n2 |        r2 |        s2
    --------------------------------------------------------------------------------------------------------------------------------------
     0 |  3.0675e-08 |   1.179e-17 | 1.000e+00 | 4.484e-04 |   3.068e-08 | 1.000e+00 | 7.857e-12 |   1.083e-17 | 1.000e+00 | 1.056e-08
     1 |  4.3009e-13 |   2.013e-21 | 1.707e-04 | 4.430e-04 |   4.301e-13 | 1.402e-05 | 7.805e-12 |   1.049e-22 | 9.683e-06 | 1.043e-08
  SNES converged via DOF-wise criteria:
    DOF 0: ABS (atol)
    DOF 1: ABS (atol) STOL (stol)
    DOF 2: ABS (atol) STOL (stol)
Max dt! can not Increase time step: 1.600e+04 -> 1.600e+04 
  BOUNDS: phi_ice [0.0000, 1.0000]  phi_air [0.0000, 1.0000]
  ===============================================================================
  >>> DOMAIN INTEGRALS (PER TIME STEP)
  ===============================================================================
  -------------------------------------------------------------------------------------------------------------
    STEP |     TIME [s] |    DT [s] |    TOT_ICE |    TOT_AIR |      TEMP |  TOT_RHOV | I-A INTERF | TOTAL_MASS
  -------------------------------------------------------------------------------------------------------------
   227 |  2.63198e+06 | 1.600e+04 |  1.379e-08 |  1.621e-08 | -6.000e-07 | 1.376e-11 |  1.031e-10 |  1.267e-05
       |              |           |    +0.000% |    -0.000% |           |   -0.001% |            |    +0.000%
    SNES DOF norms (2-norm) and ratios
    --------------------------------------------------------------------------------------------------------------------------------------
    it |       fnorm |          n0 |        r0 |        s0 |          n1 |        r1 |        s1 |          n2 |        r2 |        s2
    --------------------------------------------------------------------------------------------------------------------------------------
     0 |  3.0308e-08 |   1.165e-17 | 1.000e+00 | 4.430e-04 |   3.031e-08 | 1.000e+00 | 7.805e-12 |   1.070e-17 | 1.000e+00 | 1.043e-08
     1 |  4.1850e-13 |   1.965e-21 | 1.686e-04 | 4.377e-04 |   4.185e-13 | 1.381e-05 | 7.753e-12 |   1.023e-22 | 9.559e-06 | 1.031e-08
  SNES converged via DOF-wise criteria:
    DOF 0: ABS (atol)
    DOF 1: ABS (atol) STOL (stol)
    DOF 2: ABS (atol) STOL (stol)
Max dt! can not Increase time step: 1.600e+04 -> 1.600e+04 
  BOUNDS: phi_ice [0.0000, 1.0000]  phi_air [0.0000, 1.0000]
  ===============================================================================
  >>> DOMAIN INTEGRALS (PER TIME STEP)
  ===============================================================================
  -------------------------------------------------------------------------------------------------------------
    STEP |     TIME [s] |    DT [s] |    TOT_ICE |    TOT_AIR |      TEMP |  TOT_RHOV | I-A INTERF | TOTAL_MASS
  -------------------------------------------------------------------------------------------------------------
   228 |  2.64798e+06 | 1.600e+04 |  1.379e-08 |  1.621e-08 | -6.000e-07 | 1.376e-11 |  1.031e-10 |  1.267e-05
       |              |           |    +0.000% |    -0.000% |           |   -0.001% |            |    +0.000%
    SNES DOF norms (2-norm) and ratios
    --------------------------------------------------------------------------------------------------------------------------------------
    it |       fnorm |          n0 |        r0 |        s0 |          n1 |        r1 |        s1 |          n2 |        r2 |        s2
    --------------------------------------------------------------------------------------------------------------------------------------
     0 |  2.9945e-08 |   1.151e-17 | 1.000e+00 | 4.377e-04 |   2.994e-08 | 1.000e+00 | 7.753e-12 |   1.057e-17 | 1.000e+00 | 1.031e-08
     1 |  4.1495e-13 |   1.918e-21 | 1.666e-04 | 4.325e-04 |   4.150e-13 | 1.386e-05 | 7.701e-12 |   9.976e-23 | 9.437e-06 | 1.020e-08
  SNES converged via DOF-wise criteria:
    DOF 0: ABS (atol)
    DOF 1: ABS (atol) STOL (stol)
    DOF 2: ABS (atol) STOL (stol)
Max dt! can not Increase time step: 1.600e+04 -> 1.600e+04 
  BOUNDS: phi_ice [0.0000, 1.0000]  phi_air [0.0000, 1.0000]
  ===============================================================================
  >>> DOMAIN INTEGRALS (PER TIME STEP)
  ===============================================================================
  -------------------------------------------------------------------------------------------------------------
    STEP |     TIME [s] |    DT [s] |    TOT_ICE |    TOT_AIR |      TEMP |  TOT_RHOV | I-A INTERF | TOTAL_MASS
  -------------------------------------------------------------------------------------------------------------
   229 |  2.66398e+06 | 1.600e+04 |  1.379e-08 |  1.621e-08 | -6.000e-07 | 1.376e-11 |  1.031e-10 |  1.267e-05
       |              |           |    +0.000% |    -0.000% |           |   -0.001% |            |    +0.000%
    SNES DOF norms (2-norm) and ratios
    --------------------------------------------------------------------------------------------------------------------------------------
    it |       fnorm |          n0 |        r0 |        s0 |          n1 |        r1 |        s1 |          n2 |        r2 |        s2
    --------------------------------------------------------------------------------------------------------------------------------------
     0 |  2.9586e-08 |   1.138e-17 | 1.000e+00 | 4.325e-04 |   2.959e-08 | 1.000e+00 | 7.701e-12 |   1.044e-17 | 1.000e+00 | 1.020e-08
     1 |  4.1654e-13 |   1.873e-21 | 1.646e-04 | 4.273e-04 |   4.165e-13 | 1.408e-05 | 7.650e-12 |   9.731e-23 | 9.317e-06 | 1.008e-08
  SNES converged via DOF-wise criteria:
    DOF 0: ABS (atol)
    DOF 1: ABS (atol) STOL (stol)
    DOF 2: ABS (atol) STOL (stol)
Max dt! can not Increase time step: 1.600e+04 -> 1.600e+04 
  BOUNDS: phi_ice [0.0000, 1.0000]  phi_air [0.0000, 1.0000]
  ===============================================================================
  >>> DOMAIN INTEGRALS (PER TIME STEP)
  ===============================================================================
  -------------------------------------------------------------------------------------------------------------
    STEP |     TIME [s] |    DT [s] |    TOT_ICE |    TOT_AIR |      TEMP |  TOT_RHOV | I-A INTERF | TOTAL_MASS
  -------------------------------------------------------------------------------------------------------------
   230 |  2.67998e+06 | 1.600e+04 |  1.379e-08 |  1.621e-08 | -6.000e-07 | 1.376e-11 |  1.031e-10 |  1.267e-05
       |              |           |    +0.000% |    -0.000% |           |   -0.001% |            |    +0.000%
OUTPUT print!
    SNES DOF norms (2-norm) and ratios
    --------------------------------------------------------------------------------------------------------------------------------------
    it |       fnorm |          n0 |        r0 |        s0 |          n1 |        r1 |        s1 |          n2 |        r2 |        s2
    --------------------------------------------------------------------------------------------------------------------------------------
     0 |  2.9232e-08 |   1.124e-17 | 1.000e+00 | 4.273e-04 |   2.923e-08 | 1.000e+00 | 7.650e-12 |   1.032e-17 | 1.000e+00 | 1.008e-08
     1 |  4.0824e-13 |   1.828e-21 | 1.626e-04 | 4.222e-04 |   4.082e-13 | 1.397e-05 | 7.598e-12 |   9.493e-23 | 9.199e-06 | 9.966e-09
  SNES converged via DOF-wise criteria:
    DOF 0: ABS (atol)
    DOF 1: ABS (atol) STOL (stol)
    DOF 2: ABS (atol) STOL (stol)
Max dt! can not Increase time step: 1.600e+04 -> 1.600e+04 
  BOUNDS: phi_ice [0.0000, 1.0000]  phi_air [0.0000, 1.0000]
  ===============================================================================
  >>> DOMAIN INTEGRALS (PER TIME STEP)
  ===============================================================================
  -------------------------------------------------------------------------------------------------------------
    STEP |     TIME [s] |    DT [s] |    TOT_ICE |    TOT_AIR |      TEMP |  TOT_RHOV | I-A INTERF | TOTAL_MASS
  -------------------------------------------------------------------------------------------------------------
   231 |  2.69598e+06 | 1.600e+04 |  1.379e-08 |  1.621e-08 | -6.000e-07 | 1.376e-11 |  1.031e-10 |  1.267e-05
       |              |           |    +0.000% |    -0.000% |           |   -0.001% |            |    +0.000%
    SNES DOF norms (2-norm) and ratios
    --------------------------------------------------------------------------------------------------------------------------------------
    it |       fnorm |          n0 |        r0 |        s0 |          n1 |        r1 |        s1 |          n2 |        r2 |        s2
    --------------------------------------------------------------------------------------------------------------------------------------
     0 |  2.8882e-08 |   1.111e-17 | 1.000e+00 | 4.222e-04 |   2.888e-08 | 1.000e+00 | 7.598e-12 |   1.020e-17 | 1.000e+00 | 9.966e-09
     1 |  4.0856e-13 |   1.784e-21 | 1.607e-04 | 4.171e-04 |   4.086e-13 | 1.415e-05 | 7.546e-12 |   9.261e-23 | 9.083e-06 | 9.854e-09
  SNES converged via DOF-wise criteria:
    DOF 0: ABS (atol)
    DOF 1: ABS (atol) STOL (stol)
    DOF 2: ABS (atol) STOL (stol)
Max dt! can not Increase time step: 1.600e+04 -> 1.600e+04 
  BOUNDS: phi_ice [0.0000, 1.0000]  phi_air [0.0000, 1.0000]
  ===============================================================================
  >>> DOMAIN INTEGRALS (PER TIME STEP)
  ===============================================================================
  -------------------------------------------------------------------------------------------------------------
    STEP |     TIME [s] |    DT [s] |    TOT_ICE |    TOT_AIR |      TEMP |  TOT_RHOV | I-A INTERF | TOTAL_MASS
  -------------------------------------------------------------------------------------------------------------
   232 |  2.71198e+06 | 1.600e+04 |  1.379e-08 |  1.621e-08 | -6.000e-07 | 1.376e-11 |  1.032e-10 |  1.267e-05
       |              |           |    +0.000% |    -0.000% |           |   -0.001% |            |    +0.000%
    SNES DOF norms (2-norm) and ratios
    --------------------------------------------------------------------------------------------------------------------------------------
    it |       fnorm |          n0 |        r0 |        s0 |          n1 |        r1 |        s1 |          n2 |        r2 |        s2
    --------------------------------------------------------------------------------------------------------------------------------------
     0 |  2.8537e-08 |   1.097e-17 | 1.000e+00 | 4.171e-04 |   2.854e-08 | 1.000e+00 | 7.546e-12 |   1.007e-17 | 1.000e+00 | 9.854e-09
     1 |  3.9954e-13 |   1.742e-21 | 1.588e-04 | 4.122e-04 |   3.995e-13 | 1.400e-05 | 7.495e-12 |   9.036e-23 | 8.969e-06 | 9.743e-09
  SNES converged via DOF-wise criteria:
    DOF 0: ABS (atol)
    DOF 1: ABS (atol) STOL (stol)
    DOF 2: ABS (atol) STOL (stol)
Max dt! can not Increase time step: 1.600e+04 -> 1.600e+04 
  BOUNDS: phi_ice [0.0000, 1.0000]  phi_air [0.0000, 1.0000]
  ===============================================================================
  >>> DOMAIN INTEGRALS (PER TIME STEP)
  ===============================================================================
  -------------------------------------------------------------------------------------------------------------
    STEP |     TIME [s] |    DT [s] |    TOT_ICE |    TOT_AIR |      TEMP |  TOT_RHOV | I-A INTERF | TOTAL_MASS
  -------------------------------------------------------------------------------------------------------------
   233 |  2.72798e+06 | 1.600e+04 |  1.379e-08 |  1.621e-08 | -6.000e-07 | 1.376e-11 |  1.032e-10 |  1.267e-05
       |              |           |    +0.000% |    -0.000% |           |   -0.001% |            |    +0.000%
    SNES DOF norms (2-norm) and ratios
    --------------------------------------------------------------------------------------------------------------------------------------
    it |       fnorm |          n0 |        r0 |        s0 |          n1 |        r1 |        s1 |          n2 |        r2 |        s2
    --------------------------------------------------------------------------------------------------------------------------------------
     0 |  2.8196e-08 |   1.084e-17 | 1.000e+00 | 4.122e-04 |   2.820e-08 | 1.000e+00 | 7.495e-12 |   9.954e-18 | 1.000e+00 | 9.743e-09
     1 |  3.9642e-13 |   1.701e-21 | 1.569e-04 | 4.072e-04 |   3.964e-13 | 1.406e-05 | 7.443e-12 |   8.817e-23 | 8.858e-06 | 9.634e-09
  SNES converged via DOF-wise criteria:
    DOF 0: ABS (atol)
    DOF 1: ABS (atol) STOL (stol)
    DOF 2: ABS (atol) STOL (stol)
Max dt! can not Increase time step: 1.600e+04 -> 1.600e+04 
  BOUNDS: phi_ice [0.0000, 1.0000]  phi_air [0.0000, 1.0000]
  ===============================================================================
  >>> DOMAIN INTEGRALS (PER TIME STEP)
  ===============================================================================
  -------------------------------------------------------------------------------------------------------------
    STEP |     TIME [s] |    DT [s] |    TOT_ICE |    TOT_AIR |      TEMP |  TOT_RHOV | I-A INTERF | TOTAL_MASS
  -------------------------------------------------------------------------------------------------------------
   234 |  2.74398e+06 | 1.600e+04 |  1.379e-08 |  1.621e-08 | -6.000e-07 | 1.376e-11 |  1.032e-10 |  1.267e-05
       |              |           |    +0.000% |    -0.000% |           |   -0.001% |            |    +0.000%
    SNES DOF norms (2-norm) and ratios
    --------------------------------------------------------------------------------------------------------------------------------------
    it |       fnorm |          n0 |        r0 |        s0 |          n1 |        r1 |        s1 |          n2 |        r2 |        s2
    --------------------------------------------------------------------------------------------------------------------------------------
     0 |  2.7859e-08 |   1.071e-17 | 1.000e+00 | 4.072e-04 |   2.786e-08 | 1.000e+00 | 7.443e-12 |   9.835e-18 | 1.000e+00 | 9.634e-09
     1 |  3.9177e-13 |   1.660e-21 | 1.550e-04 | 4.024e-04 |   3.918e-13 | 1.406e-05 | 7.392e-12 |   8.604e-23 | 8.749e-06 | 9.526e-09
  SNES converged via DOF-wise criteria:
    DOF 0: ABS (atol)
    DOF 1: ABS (atol) STOL (stol)
    DOF 2: ABS (atol) STOL (stol)
Max dt! can not Increase time step: 1.600e+04 -> 1.600e+04 
  BOUNDS: phi_ice [0.0000, 1.0000]  phi_air [0.0000, 1.0000]
  ===============================================================================
  >>> DOMAIN INTEGRALS (PER TIME STEP)
  ===============================================================================
  -------------------------------------------------------------------------------------------------------------
    STEP |     TIME [s] |    DT [s] |    TOT_ICE |    TOT_AIR |      TEMP |  TOT_RHOV | I-A INTERF | TOTAL_MASS
  -------------------------------------------------------------------------------------------------------------
   235 |  2.75998e+06 | 1.600e+04 |  1.379e-08 |  1.621e-08 | -6.000e-07 | 1.376e-11 |  1.032e-10 |  1.267e-05
       |              |           |    +0.000% |    -0.000% |           |   -0.001% |            |    +0.000%
    SNES DOF norms (2-norm) and ratios
    --------------------------------------------------------------------------------------------------------------------------------------
    it |       fnorm |          n0 |        r0 |        s0 |          n1 |        r1 |        s1 |          n2 |        r2 |        s2
    --------------------------------------------------------------------------------------------------------------------------------------
     0 |  2.7526e-08 |   1.058e-17 | 1.000e+00 | 4.024e-04 |   2.753e-08 | 1.000e+00 | 7.392e-12 |   9.718e-18 | 1.000e+00 | 9.526e-09
     1 |  3.8821e-13 |   1.621e-21 | 1.531e-04 | 3.976e-04 |   3.882e-13 | 1.410e-05 | 7.340e-12 |   8.397e-23 | 8.641e-06 | 9.420e-09
  SNES converged via DOF-wise criteria:
    DOF 0: ABS (atol)
    DOF 1: ABS (atol) STOL (stol)
    DOF 2: ABS (atol) STOL (stol)
Max dt! can not Increase time step: 1.600e+04 -> 1.600e+04 
  BOUNDS: phi_ice [0.0000, 1.0000]  phi_air [0.0000, 1.0000]
  ===============================================================================
  >>> DOMAIN INTEGRALS (PER TIME STEP)
  ===============================================================================
  -------------------------------------------------------------------------------------------------------------
    STEP |     TIME [s] |    DT [s] |    TOT_ICE |    TOT_AIR |      TEMP |  TOT_RHOV | I-A INTERF | TOTAL_MASS
  -------------------------------------------------------------------------------------------------------------
   236 |  2.77598e+06 | 1.600e+04 |  1.379e-08 |  1.621e-08 | -6.000e-07 | 1.376e-11 |  1.032e-10 |  1.267e-05
       |              |           |    +0.000% |    -0.000% |           |   -0.001% |            |    +0.000%
OUTPUT print!
    SNES DOF norms (2-norm) and ratios
    --------------------------------------------------------------------------------------------------------------------------------------
    it |       fnorm |          n0 |        r0 |        s0 |          n1 |        r1 |        s1 |          n2 |        r2 |        s2
    --------------------------------------------------------------------------------------------------------------------------------------
     0 |  2.7198e-08 |   1.046e-17 | 1.000e+00 | 3.976e-04 |   2.720e-08 | 1.000e+00 | 7.340e-12 |   9.602e-18 | 1.000e+00 | 9.420e-09
     1 |  3.8376e-13 |   1.582e-21 | 1.513e-04 | 3.928e-04 |   3.838e-13 | 1.411e-05 | 7.289e-12 |   8.195e-23 | 8.534e-06 | 9.315e-09
  SNES converged via DOF-wise criteria:
    DOF 0: ABS (atol)
    DOF 1: ABS (atol) STOL (stol)
    DOF 2: ABS (atol) STOL (stol)
Max dt! can not Increase time step: 1.600e+04 -> 1.600e+04 
  BOUNDS: phi_ice [0.0000, 1.0000]  phi_air [0.0000, 1.0000]
  ===============================================================================
  >>> DOMAIN INTEGRALS (PER TIME STEP)
  ===============================================================================
  -------------------------------------------------------------------------------------------------------------
    STEP |     TIME [s] |    DT [s] |    TOT_ICE |    TOT_AIR |      TEMP |  TOT_RHOV | I-A INTERF | TOTAL_MASS
  -------------------------------------------------------------------------------------------------------------
   237 |  2.79198e+06 | 1.600e+04 |  1.379e-08 |  1.621e-08 | -6.000e-07 | 1.376e-11 |  1.032e-10 |  1.267e-05
       |              |           |    +0.000% |    -0.000% |           |   -0.001% |            |    +0.000%
    SNES DOF norms (2-norm) and ratios
    --------------------------------------------------------------------------------------------------------------------------------------
    it |       fnorm |          n0 |        r0 |        s0 |          n1 |        r1 |        s1 |          n2 |        r2 |        s2
    --------------------------------------------------------------------------------------------------------------------------------------
     0 |  2.6873e-08 |   1.033e-17 | 1.000e+00 | 3.928e-04 |   2.687e-08 | 1.000e+00 | 7.289e-12 |   9.487e-18 | 1.000e+00 | 9.315e-09
     1 |  3.8472e-13 |   1.545e-21 | 1.495e-04 | 3.881e-04 |   3.847e-13 | 1.432e-05 | 7.237e-12 |   7.997e-23 | 8.429e-06 | 9.212e-09
  SNES converged via DOF-wise criteria:
    DOF 0: ABS (atol)
    DOF 1: ABS (atol) STOL (stol)
    DOF 2: ABS (atol) STOL (stol)
Max dt! can not Increase time step: 1.600e+04 -> 1.600e+04 
  BOUNDS: phi_ice [0.0000, 1.0000]  phi_air [0.0000, 1.0000]
  ===============================================================================
  >>> DOMAIN INTEGRALS (PER TIME STEP)
  ===============================================================================
  -------------------------------------------------------------------------------------------------------------
    STEP |     TIME [s] |    DT [s] |    TOT_ICE |    TOT_AIR |      TEMP |  TOT_RHOV | I-A INTERF | TOTAL_MASS
  -------------------------------------------------------------------------------------------------------------
   238 |  2.80798e+06 | 1.600e+04 |  1.379e-08 |  1.621e-08 | -6.000e-07 | 1.376e-11 |  1.032e-10 |  1.267e-05
       |              |           |    +0.000% |    -0.000% |           |   -0.001% |            |    +0.000%
    SNES DOF norms (2-norm) and ratios
    --------------------------------------------------------------------------------------------------------------------------------------
    it |       fnorm |          n0 |        r0 |        s0 |          n1 |        r1 |        s1 |          n2 |        r2 |        s2
    --------------------------------------------------------------------------------------------------------------------------------------
     0 |  2.6553e-08 |   1.021e-17 | 1.000e+00 | 3.881e-04 |   2.655e-08 | 1.000e+00 | 7.237e-12 |   9.374e-18 | 1.000e+00 | 9.212e-09
     1 |  3.7944e-13 |   1.508e-21 | 1.477e-04 | 3.835e-04 |   3.794e-13 | 1.429e-05 | 7.186e-12 |   7.804e-23 | 8.325e-06 | 9.110e-09
  SNES converged via DOF-wise criteria:
    DOF 0: ABS (atol)
    DOF 1: ABS (atol) STOL (stol)
    DOF 2: ABS (atol) STOL (stol)
Max dt! can not Increase time step: 1.600e+04 -> 1.600e+04 
  BOUNDS: phi_ice [0.0000, 1.0000]  phi_air [0.0000, 1.0000]
  ===============================================================================
  >>> DOMAIN INTEGRALS (PER TIME STEP)
  ===============================================================================
  -------------------------------------------------------------------------------------------------------------
    STEP |     TIME [s] |    DT [s] |    TOT_ICE |    TOT_AIR |      TEMP |  TOT_RHOV | I-A INTERF | TOTAL_MASS
  -------------------------------------------------------------------------------------------------------------
   239 |  2.82398e+06 | 1.600e+04 |  1.379e-08 |  1.621e-08 | -6.000e-07 | 1.376e-11 |  1.033e-10 |  1.267e-05
       |              |           |    +0.000% |    -0.000% |           |   -0.001% |            |    +0.000%
    SNES DOF norms (2-norm) and ratios
    --------------------------------------------------------------------------------------------------------------------------------------
    it |       fnorm |          n0 |        r0 |        s0 |          n1 |        r1 |        s1 |          n2 |        r2 |        s2
    --------------------------------------------------------------------------------------------------------------------------------------
     0 |  2.6236e-08 |   1.009e-17 | 1.000e+00 | 3.835e-04 |   2.624e-08 | 1.000e+00 | 7.186e-12 |   9.262e-18 | 1.000e+00 | 9.110e-09
     1 |  3.7120e-13 |   1.472e-21 | 1.459e-04 | 3.790e-04 |   3.712e-13 | 1.415e-05 | 7.135e-12 |   7.615e-23 | 8.222e-06 | 9.009e-09
  SNES converged via DOF-wise criteria:
    DOF 0: ABS (atol)
    DOF 1: ABS (atol) STOL (stol)
    DOF 2: ABS (atol) STOL (stol)
Max dt! can not Increase time step: 1.600e+04 -> 1.600e+04 
  BOUNDS: phi_ice [0.0000, 1.0000]  phi_air [0.0000, 1.0000]
  ===============================================================================
  >>> DOMAIN INTEGRALS (PER TIME STEP)
  ===============================================================================
  -------------------------------------------------------------------------------------------------------------
    STEP |     TIME [s] |    DT [s] |    TOT_ICE |    TOT_AIR |      TEMP |  TOT_RHOV | I-A INTERF | TOTAL_MASS
  -------------------------------------------------------------------------------------------------------------
   240 |  2.83998e+06 | 1.600e+04 |  1.379e-08 |  1.621e-08 | -6.000e-07 | 1.376e-11 |  1.033e-10 |  1.267e-05
       |              |           |    +0.000% |    -0.000% |           |   -0.001% |            |    +0.000%
    SNES DOF norms (2-norm) and ratios
    --------------------------------------------------------------------------------------------------------------------------------------
    it |       fnorm |          n0 |        r0 |        s0 |          n1 |        r1 |        s1 |          n2 |        r2 |        s2
    --------------------------------------------------------------------------------------------------------------------------------------
     0 |  2.5924e-08 |   9.968e-18 | 1.000e+00 | 3.790e-04 |   2.592e-08 | 1.000e+00 | 7.135e-12 |   9.152e-18 | 1.000e+00 | 9.009e-09
     1 |  3.7347e-13 |   1.437e-21 | 1.442e-04 | 3.744e-04 |   3.735e-13 | 1.441e-05 | 7.084e-12 |   7.431e-23 | 8.120e-06 | 8.909e-09
  SNES converged via DOF-wise criteria:
    DOF 0: ABS (atol)
    DOF 1: ABS (atol) STOL (stol)
    DOF 2: ABS (atol) STOL (stol)
Max dt! can not Increase time step: 1.600e+04 -> 1.600e+04 
  BOUNDS: phi_ice [0.0000, 1.0000]  phi_air [0.0000, 1.0000]
  ===============================================================================
  >>> DOMAIN INTEGRALS (PER TIME STEP)
  ===============================================================================
  -------------------------------------------------------------------------------------------------------------
    STEP |     TIME [s] |    DT [s] |    TOT_ICE |    TOT_AIR |      TEMP |  TOT_RHOV | I-A INTERF | TOTAL_MASS
  -------------------------------------------------------------------------------------------------------------
   241 |  2.85598e+06 | 1.600e+04 |  1.379e-08 |  1.621e-08 | -6.000e-07 | 1.376e-11 |  1.033e-10 |  1.267e-05
       |              |           |    +0.000% |    -0.000% |           |   -0.001% |            |    +0.000%
OUTPUT print!
    SNES DOF norms (2-norm) and ratios
    --------------------------------------------------------------------------------------------------------------------------------------
    it |       fnorm |          n0 |        r0 |        s0 |          n1 |        r1 |        s1 |          n2 |        r2 |        s2
    --------------------------------------------------------------------------------------------------------------------------------------
     0 |  2.5615e-08 |   9.849e-18 | 1.000e+00 | 3.744e-04 |   2.561e-08 | 1.000e+00 | 7.084e-12 |   9.043e-18 | 1.000e+00 | 8.909e-09
     1 |  3.7311e-13 |   1.403e-21 | 1.425e-04 | 3.700e-04 |   3.731e-13 | 1.457e-05 | 7.032e-12 |   7.251e-23 | 8.019e-06 | 8.811e-09
  SNES converged via DOF-wise criteria:
    DOF 0: ABS (atol)
    DOF 1: ABS (atol) STOL (stol)
    DOF 2: ABS (atol) STOL (stol)
Max dt! can not Increase time step: 1.600e+04 -> 1.600e+04 
  BOUNDS: phi_ice [0.0000, 1.0000]  phi_air [0.0000, 1.0000]
  ===============================================================================
  >>> DOMAIN INTEGRALS (PER TIME STEP)
  ===============================================================================
  -------------------------------------------------------------------------------------------------------------
    STEP |     TIME [s] |    DT [s] |    TOT_ICE |    TOT_AIR |      TEMP |  TOT_RHOV | I-A INTERF | TOTAL_MASS
  -------------------------------------------------------------------------------------------------------------
   242 |  2.87198e+06 | 1.600e+04 |  1.379e-08 |  1.621e-08 | -6.000e-07 | 1.376e-11 |  1.033e-10 |  1.267e-05
       |              |           |    +0.000% |    -0.000% |           |   -0.001% |            |    +0.000%
    SNES DOF norms (2-norm) and ratios
    --------------------------------------------------------------------------------------------------------------------------------------
    it |       fnorm |          n0 |        r0 |        s0 |          n1 |        r1 |        s1 |          n2 |        r2 |        s2
    --------------------------------------------------------------------------------------------------------------------------------------
     0 |  2.5310e-08 |   9.732e-18 | 1.000e+00 | 3.700e-04 |   2.531e-08 | 1.000e+00 | 7.032e-12 |   8.935e-18 | 1.000e+00 | 8.811e-09
     1 |  3.6559e-13 |   1.370e-21 | 1.408e-04 | 3.656e-04 |   3.656e-13 | 1.444e-05 | 6.981e-12 |   7.076e-23 | 7.919e-06 | 8.714e-09
  SNES converged via DOF-wise criteria:
    DOF 0: ABS (atol)
    DOF 1: ABS (atol) STOL (stol)
    DOF 2: ABS (atol) STOL (stol)
Max dt! can not Increase time step: 1.600e+04 -> 1.600e+04 
  BOUNDS: phi_ice [0.0000, 1.0000]  phi_air [0.0000, 1.0000]
  ===============================================================================
  >>> DOMAIN INTEGRALS (PER TIME STEP)
  ===============================================================================
  -------------------------------------------------------------------------------------------------------------
    STEP |     TIME [s] |    DT [s] |    TOT_ICE |    TOT_AIR |      TEMP |  TOT_RHOV | I-A INTERF | TOTAL_MASS
  -------------------------------------------------------------------------------------------------------------
   243 |  2.88798e+06 | 1.600e+04 |  1.379e-08 |  1.621e-08 | -6.000e-07 | 1.376e-11 |  1.033e-10 |  1.267e-05
       |              |           |    +0.000% |    -0.000% |           |   -0.001% |            |    +0.000%
    SNES DOF norms (2-norm) and ratios
    --------------------------------------------------------------------------------------------------------------------------------------
    it |       fnorm |          n0 |        r0 |        s0 |          n1 |        r1 |        s1 |          n2 |        r2 |        s2
    --------------------------------------------------------------------------------------------------------------------------------------
     0 |  2.5009e-08 |   9.616e-18 | 1.000e+00 | 3.656e-04 |   2.501e-08 | 1.000e+00 | 6.981e-12 |   8.829e-18 | 1.000e+00 | 8.714e-09
     1 |  3.6340e-13 |   1.337e-21 | 1.391e-04 | 3.612e-04 |   3.634e-13 | 1.453e-05 | 6.930e-12 |   6.904e-23 | 7.820e-06 | 8.618e-09
  SNES converged via DOF-wise criteria:
    DOF 0: ABS (atol)
    DOF 1: ABS (atol) STOL (stol)
    DOF 2: ABS (atol) STOL (stol)
Max dt! can not Increase time step: 1.600e+04 -> 1.600e+04 
  BOUNDS: phi_ice [0.0000, 1.0000]  phi_air [0.0000, 1.0000]
  ===============================================================================
  >>> DOMAIN INTEGRALS (PER TIME STEP)
  ===============================================================================
  -------------------------------------------------------------------------------------------------------------
    STEP |     TIME [s] |    DT [s] |    TOT_ICE |    TOT_AIR |      TEMP |  TOT_RHOV | I-A INTERF | TOTAL_MASS
  -------------------------------------------------------------------------------------------------------------
   244 |  2.90398e+06 | 1.600e+04 |  1.379e-08 |  1.621e-08 | -6.000e-07 | 1.376e-11 |  1.033e-10 |  1.267e-05
       |              |           |    +0.000% |    -0.000% |           |   -0.001% |            |    +0.000%
    SNES DOF norms (2-norm) and ratios
    --------------------------------------------------------------------------------------------------------------------------------------
    it |       fnorm |          n0 |        r0 |        s0 |          n1 |        r1 |        s1 |          n2 |        r2 |        s2
    --------------------------------------------------------------------------------------------------------------------------------------
     0 |  2.4711e-08 |   9.502e-18 | 1.000e+00 | 3.612e-04 |   2.471e-08 | 1.000e+00 | 6.930e-12 |   8.724e-18 | 1.000e+00 | 8.618e-09
     1 |  3.6732e-13 |   1.306e-21 | 1.374e-04 | 3.569e-04 |   3.673e-13 | 1.486e-05 | 6.879e-12 |   6.737e-23 | 7.722e-06 | 8.524e-09
  SNES converged via DOF-wise criteria:
    DOF 0: ABS (atol)
    DOF 1: ABS (atol) STOL (stol)
    DOF 2: ABS (atol) STOL (stol)
Max dt! can not Increase time step: 1.600e+04 -> 1.600e+04 
  BOUNDS: phi_ice [0.0000, 1.0000]  phi_air [0.0000, 1.0000]
  ===============================================================================
  >>> DOMAIN INTEGRALS (PER TIME STEP)
  ===============================================================================
  -------------------------------------------------------------------------------------------------------------
    STEP |     TIME [s] |    DT [s] |    TOT_ICE |    TOT_AIR |      TEMP |  TOT_RHOV | I-A INTERF | TOTAL_MASS
  -------------------------------------------------------------------------------------------------------------
   245 |  2.91998e+06 | 1.600e+04 |  1.379e-08 |  1.621e-08 | -6.000e-07 | 1.376e-11 |  1.033e-10 |  1.267e-05
       |              |           |    +0.000% |    -0.000% |           |   -0.001% |            |    +0.000%
    SNES DOF norms (2-norm) and ratios
    --------------------------------------------------------------------------------------------------------------------------------------
    it |       fnorm |          n0 |        r0 |        s0 |          n1 |        r1 |        s1 |          n2 |        r2 |        s2
    --------------------------------------------------------------------------------------------------------------------------------------
     0 |  2.4417e-08 |   9.389e-18 | 1.000e+00 | 3.569e-04 |   2.442e-08 | 1.000e+00 | 6.879e-12 |   8.620e-18 | 1.000e+00 | 8.524e-09
     1 |  3.5571e-13 |   1.275e-21 | 1.358e-04 | 3.527e-04 |   3.557e-13 | 1.457e-05 | 6.828e-12 |   6.573e-23 | 7.626e-06 | 8.431e-09
  SNES converged via DOF-wise criteria:
    DOF 0: ABS (atol)
    DOF 1: ABS (atol) STOL (stol)
    DOF 2: ABS (atol) STOL (stol)
Max dt! can not Increase time step: 1.600e+04 -> 1.600e+04 
  BOUNDS: phi_ice [0.0000, 1.0000]  phi_air [0.0000, 1.0000]
  ===============================================================================
  >>> DOMAIN INTEGRALS (PER TIME STEP)
  ===============================================================================
  -------------------------------------------------------------------------------------------------------------
    STEP |     TIME [s] |    DT [s] |    TOT_ICE |    TOT_AIR |      TEMP |  TOT_RHOV | I-A INTERF | TOTAL_MASS
  -------------------------------------------------------------------------------------------------------------
   246 |  2.93598e+06 | 1.600e+04 |  1.379e-08 |  1.621e-08 | -6.000e-07 | 1.376e-11 |  1.034e-10 |  1.267e-05
       |              |           |    +0.000% |    -0.000% |           |   -0.001% |            |    +0.000%
    SNES DOF norms (2-norm) and ratios
    --------------------------------------------------------------------------------------------------------------------------------------
    it |       fnorm |          n0 |        r0 |        s0 |          n1 |        r1 |        s1 |          n2 |        r2 |        s2
    --------------------------------------------------------------------------------------------------------------------------------------
     0 |  2.4127e-08 |   9.277e-18 | 1.000e+00 | 3.527e-04 |   2.413e-08 | 1.000e+00 | 6.828e-12 |   8.518e-18 | 1.000e+00 | 8.431e-09
     1 |  3.4671e-13 |   1.245e-21 | 1.342e-04 | 3.485e-04 |   3.467e-13 | 1.437e-05 | 6.777e-12 |   6.414e-23 | 7.530e-06 | 8.339e-09
  SNES converged via DOF-wise criteria:
    DOF 0: ABS (atol)
    DOF 1: ABS (atol) STOL (stol)
    DOF 2: ABS (atol) STOL (stol)
Max dt! can not Increase time step: 1.600e+04 -> 1.600e+04 
  BOUNDS: phi_ice [0.0000, 1.0000]  phi_air [0.0000, 1.0000]
  ===============================================================================
  >>> DOMAIN INTEGRALS (PER TIME STEP)
  ===============================================================================
  -------------------------------------------------------------------------------------------------------------
    STEP |     TIME [s] |    DT [s] |    TOT_ICE |    TOT_AIR |      TEMP |  TOT_RHOV | I-A INTERF | TOTAL_MASS
  -------------------------------------------------------------------------------------------------------------
   247 |  2.95198e+06 | 1.600e+04 |  1.379e-08 |  1.621e-08 | -6.000e-07 | 1.376e-11 |  1.034e-10 |  1.267e-05
       |              |           |    +0.000% |    -0.000% |           |   -0.001% |            |    +0.000%
OUTPUT print!
    SNES DOF norms (2-norm) and ratios
    --------------------------------------------------------------------------------------------------------------------------------------
    it |       fnorm |          n0 |        r0 |        s0 |          n1 |        r1 |        s1 |          n2 |        r2 |        s2
    --------------------------------------------------------------------------------------------------------------------------------------
     0 |  2.3841e-08 |   9.167e-18 | 1.000e+00 | 3.485e-04 |   2.384e-08 | 1.000e+00 | 6.777e-12 |   8.416e-18 | 1.000e+00 | 8.339e-09
     1 |  3.5309e-13 |   1.215e-21 | 1.326e-04 | 3.444e-04 |   3.531e-13 | 1.481e-05 | 6.726e-12 |   6.259e-23 | 7.436e-06 | 8.249e-09
  SNES converged via DOF-wise criteria:
    DOF 0: ABS (atol)
    DOF 1: ABS (atol) STOL (stol)
    DOF 2: ABS (atol) STOL (stol)
Max dt! can not Increase time step: 1.600e+04 -> 1.600e+04 
  BOUNDS: phi_ice [0.0000, 1.0000]  phi_air [0.0000, 1.0000]
  ===============================================================================
  >>> DOMAIN INTEGRALS (PER TIME STEP)
  ===============================================================================
  -------------------------------------------------------------------------------------------------------------
    STEP |     TIME [s] |    DT [s] |    TOT_ICE |    TOT_AIR |      TEMP |  TOT_RHOV | I-A INTERF | TOTAL_MASS
  -------------------------------------------------------------------------------------------------------------
   248 |  2.96798e+06 | 1.600e+04 |  1.379e-08 |  1.621e-08 | -6.000e-07 | 1.376e-11 |  1.034e-10 |  1.267e-05
       |              |           |    +0.000% |    -0.000% |           |   -0.001% |            |    +0.000%
    SNES DOF norms (2-norm) and ratios
    --------------------------------------------------------------------------------------------------------------------------------------
    it |       fnorm |          n0 |        r0 |        s0 |          n1 |        r1 |        s1 |          n2 |        r2 |        s2
    --------------------------------------------------------------------------------------------------------------------------------------
     0 |  2.3557e-08 |   9.058e-18 | 1.000e+00 | 3.444e-04 |   2.356e-08 | 1.000e+00 | 6.726e-12 |   8.316e-18 | 1.000e+00 | 8.249e-09
     1 |  3.5921e-13 |   1.186e-21 | 1.310e-04 | 3.403e-04 |   3.592e-13 | 1.525e-05 | 6.675e-12 |   6.107e-23 | 7.343e-06 | 8.159e-09
  SNES converged via DOF-wise criteria:
    DOF 0: ABS (atol)
    DOF 1: ABS (atol) STOL (stol)
    DOF 2: ABS (atol) STOL (stol)
Max dt! can not Increase time step: 1.600e+04 -> 1.600e+04 
  BOUNDS: phi_ice [0.0000, 1.0000]  phi_air [0.0000, 1.0000]
  ===============================================================================
  >>> DOMAIN INTEGRALS (PER TIME STEP)
  ===============================================================================
  -------------------------------------------------------------------------------------------------------------
    STEP |     TIME [s] |    DT [s] |    TOT_ICE |    TOT_AIR |      TEMP |  TOT_RHOV | I-A INTERF | TOTAL_MASS
  -------------------------------------------------------------------------------------------------------------
   249 |  2.98398e+06 | 1.600e+04 |  1.379e-08 |  1.621e-08 | -6.000e-07 | 1.376e-11 |  1.034e-10 |  1.267e-05
       |              |           |    +0.000% |    -0.000% |           |   -0.001% |            |    +0.000%
    SNES DOF norms (2-norm) and ratios
    --------------------------------------------------------------------------------------------------------------------------------------
    it |       fnorm |          n0 |        r0 |        s0 |          n1 |        r1 |        s1 |          n2 |        r2 |        s2
    --------------------------------------------------------------------------------------------------------------------------------------
     0 |  2.3278e-08 |   8.950e-18 | 1.000e+00 | 3.403e-04 |   2.328e-08 | 1.000e+00 | 6.675e-12 |   8.218e-18 | 1.000e+00 | 8.159e-09
     1 |  3.4905e-13 |   1.158e-21 | 1.294e-04 | 3.363e-04 |   3.491e-13 | 1.500e-05 | 6.625e-12 |   5.960e-23 | 7.252e-06 | 8.071e-09
  SNES converged via DOF-wise criteria:
    DOF 0: ABS (atol)
    DOF 1: ABS (atol) STOL (stol)
    DOF 2: ABS (atol) STOL (stol)
Max dt! can not Increase time step: 1.600e+04 -> 1.600e+04 
  BOUNDS: phi_ice [0.0000, 1.0000]  phi_air [0.0000, 1.0000]
  ===============================================================================
  >>> DOMAIN INTEGRALS (PER TIME STEP)
  ===============================================================================
  -------------------------------------------------------------------------------------------------------------
    STEP |     TIME [s] |    DT [s] |    TOT_ICE |    TOT_AIR |      TEMP |  TOT_RHOV | I-A INTERF | TOTAL_MASS
  -------------------------------------------------------------------------------------------------------------
   250 |  2.99998e+06 | 1.600e+04 |  1.379e-08 |  1.621e-08 | -6.000e-07 | 1.376e-11 |  1.034e-10 |  1.267e-05
       |              |           |    +0.000% |    -0.000% |           |   -0.001% |            |    +0.000%
    SNES DOF norms (2-norm) and ratios
    --------------------------------------------------------------------------------------------------------------------------------------
    it |       fnorm |          n0 |        r0 |        s0 |          n1 |        r1 |        s1 |          n2 |        r2 |        s2
    --------------------------------------------------------------------------------------------------------------------------------------
     0 |  2.3001e-08 |   8.844e-18 | 1.000e+00 | 3.363e-04 |   2.300e-08 | 1.000e+00 | 6.625e-12 |   8.120e-18 | 1.000e+00 | 8.071e-09
     1 |  3.4478e-13 |   1.131e-21 | 1.279e-04 | 3.323e-04 |   3.448e-13 | 1.499e-05 | 6.574e-12 |   5.815e-23 | 7.162e-06 | 7.983e-09
  SNES converged via DOF-wise criteria:
    DOF 0: ABS (atol)
    DOF 1: ABS (atol) STOL (stol)
    DOF 2: ABS (atol) STOL (stol)
Max dt! can not Increase time step: 1.600e+04 -> 1.600e+04 
  BOUNDS: phi_ice [0.0000, 1.0000]  phi_air [0.0000, 1.0000]
  ===============================================================================
  >>> DOMAIN INTEGRALS (PER TIME STEP)
  ===============================================================================
  -------------------------------------------------------------------------------------------------------------
    STEP |     TIME [s] |    DT [s] |    TOT_ICE |    TOT_AIR |      TEMP |  TOT_RHOV | I-A INTERF | TOTAL_MASS
  -------------------------------------------------------------------------------------------------------------
   251 |  3.01598e+06 | 1.600e+04 |  1.379e-08 |  1.621e-08 | -6.000e-07 | 1.376e-11 |  1.034e-10 |  1.267e-05
       |              |           |    +0.000% |    -0.000% |           |   -0.001% |            |    +0.000%
    SNES DOF norms (2-norm) and ratios
    --------------------------------------------------------------------------------------------------------------------------------------
    it |       fnorm |          n0 |        r0 |        s0 |          n1 |        r1 |        s1 |          n2 |        r2 |        s2
    --------------------------------------------------------------------------------------------------------------------------------------
     0 |  2.2729e-08 |   8.739e-18 | 1.000e+00 | 3.323e-04 |   2.273e-08 | 1.000e+00 | 6.574e-12 |   8.024e-18 | 1.000e+00 | 7.983e-09
     1 |  3.5005e-13 |   1.104e-21 | 1.264e-04 | 3.283e-04 |   3.501e-13 | 1.540e-05 | 6.539e-12 |   5.684e-23 | 7.084e-06 | 7.897e-09
  SNES converged via DOF-wise criteria:
    DOF 0: ABS (atol)
    DOF 1: ABS (atol) STOL (stol)
    DOF 2: ABS (atol) STOL (stol)
Max dt! can not Increase time step: 1.600e+04 -> 1.600e+04 
  BOUNDS: phi_ice [0.0000, 1.0000]  phi_air [0.0000, 1.0000]
  ===============================================================================
  >>> DOMAIN INTEGRALS (PER TIME STEP)
  ===============================================================================
  -------------------------------------------------------------------------------------------------------------
    STEP |     TIME [s] |    DT [s] |    TOT_ICE |    TOT_AIR |      TEMP |  TOT_RHOV | I-A INTERF | TOTAL_MASS
  -------------------------------------------------------------------------------------------------------------
   252 |  3.03198e+06 | 1.600e+04 |  1.379e-08 |  1.621e-08 | -6.000e-07 | 1.376e-11 |  1.034e-10 |  1.267e-05
       |              |           |    +0.000% |    -0.000% |           |   -0.001% |            |    +0.000%
    SNES DOF norms (2-norm) and ratios
    --------------------------------------------------------------------------------------------------------------------------------------
    it |       fnorm |          n0 |        r0 |        s0 |          n1 |        r1 |        s1 |          n2 |        r2 |        s2
    --------------------------------------------------------------------------------------------------------------------------------------
     0 |  2.2459e-08 |   8.636e-18 | 1.000e+00 | 3.283e-04 |   2.246e-08 | 1.000e+00 | 6.539e-12 |   7.929e-18 | 1.000e+00 | 7.897e-09
     1 |  3.4629e-13 |   1.078e-21 | 1.249e-04 | 3.244e-04 |   3.463e-13 | 1.542e-05 | 6.466e-12 |   5.548e-23 | 6.997e-06 | 7.812e-09
  SNES converged via DOF-wise criteria:
    DOF 0: ABS (atol)
    DOF 1: ABS (atol) STOL (stol)
    DOF 2: ABS (atol) STOL (stol)
Max dt! can not Increase time step: 1.600e+04 -> 1.600e+04 
  BOUNDS: phi_ice [0.0000, 1.0000]  phi_air [0.0000, 1.0000]
  ===============================================================================
  >>> DOMAIN INTEGRALS (PER TIME STEP)
  ===============================================================================
  -------------------------------------------------------------------------------------------------------------
    STEP |     TIME [s] |    DT [s] |    TOT_ICE |    TOT_AIR |      TEMP |  TOT_RHOV | I-A INTERF | TOTAL_MASS
  -------------------------------------------------------------------------------------------------------------
   253 |  3.04798e+06 | 1.600e+04 |  1.379e-08 |  1.621e-08 | -6.000e-07 | 1.376e-11 |  1.034e-10 |  1.267e-05
       |              |           |    +0.000% |    -0.000% |           |   -0.001% |            |    +0.000%
OUTPUT print!
    SNES DOF norms (2-norm) and ratios
    --------------------------------------------------------------------------------------------------------------------------------------
    it |       fnorm |          n0 |        r0 |        s0 |          n1 |        r1 |        s1 |          n2 |        r2 |        s2
    --------------------------------------------------------------------------------------------------------------------------------------
     0 |  2.2193e-08 |   8.533e-18 | 1.000e+00 | 3.244e-04 |   2.219e-08 | 1.000e+00 | 6.466e-12 |   7.835e-18 | 1.000e+00 | 7.812e-09
     1 |  3.4082e-13 |   1.053e-21 | 1.234e-04 | 3.206e-04 |   3.408e-13 | 1.536e-05 | 6.427e-12 |   5.415e-23 | 6.911e-06 | 7.727e-09
  SNES converged via DOF-wise criteria:
    DOF 0: ABS (atol)
    DOF 1: ABS (atol) STOL (stol)
    DOF 2: ABS (atol) STOL (stol)
Max dt! can not Increase time step: 1.600e+04 -> 1.600e+04 
  BOUNDS: phi_ice [0.0000, 1.0000]  phi_air [0.0000, 1.0000]
  ===============================================================================
  >>> DOMAIN INTEGRALS (PER TIME STEP)
  ===============================================================================
  -------------------------------------------------------------------------------------------------------------
    STEP |     TIME [s] |    DT [s] |    TOT_ICE |    TOT_AIR |      TEMP |  TOT_RHOV | I-A INTERF | TOTAL_MASS
  -------------------------------------------------------------------------------------------------------------
   254 |  3.06398e+06 | 1.600e+04 |  1.379e-08 |  1.621e-08 | -6.000e-07 | 1.376e-11 |  1.035e-10 |  1.267e-05
       |              |           |    +0.000% |    -0.000% |           |   -0.001% |            |    +0.000%
    SNES DOF norms (2-norm) and ratios
    --------------------------------------------------------------------------------------------------------------------------------------
    it |       fnorm |          n0 |        r0 |        s0 |          n1 |        r1 |        s1 |          n2 |        r2 |        s2
    --------------------------------------------------------------------------------------------------------------------------------------
     0 |  2.1930e-08 |   8.432e-18 | 1.000e+00 | 3.206e-04 |   2.193e-08 | 1.000e+00 | 6.427e-12 |   7.742e-18 | 1.000e+00 | 7.727e-09
     1 |  3.3709e-13 |   1.028e-21 | 1.219e-04 | 3.168e-04 |   3.371e-13 | 1.537e-05 | 6.371e-12 |   5.285e-23 | 6.826e-06 | 7.644e-09
  SNES converged via DOF-wise criteria:
    DOF 0: ABS (atol)
    DOF 1: ABS (atol) STOL (stol)
    DOF 2: ABS (atol) STOL (stol)
Max dt! can not Increase time step: 1.600e+04 -> 1.600e+04 
  BOUNDS: phi_ice [0.0000, 1.0000]  phi_air [0.0000, 1.0000]
  ===============================================================================
  >>> DOMAIN INTEGRALS (PER TIME STEP)
  ===============================================================================
  -------------------------------------------------------------------------------------------------------------
    STEP |     TIME [s] |    DT [s] |    TOT_ICE |    TOT_AIR |      TEMP |  TOT_RHOV | I-A INTERF | TOTAL_MASS
  -------------------------------------------------------------------------------------------------------------
   255 |  3.07998e+06 | 1.600e+04 |  1.379e-08 |  1.621e-08 | -6.000e-07 | 1.376e-11 |  1.035e-10 |  1.267e-05
       |              |           |    +0.000% |    -0.000% |           |   -0.001% |            |    +0.000%
    SNES DOF norms (2-norm) and ratios
    --------------------------------------------------------------------------------------------------------------------------------------
    it |       fnorm |          n0 |        r0 |        s0 |          n1 |        r1 |        s1 |          n2 |        r2 |        s2
    --------------------------------------------------------------------------------------------------------------------------------------
     0 |  2.1670e-08 |   8.332e-18 | 1.000e+00 | 3.168e-04 |   2.167e-08 | 1.000e+00 | 6.371e-12 |   7.650e-18 | 1.000e+00 | 7.644e-09
     1 |  3.3921e-13 |   1.004e-21 | 1.205e-04 | 3.131e-04 |   3.392e-13 | 1.565e-05 | 6.324e-12 |   5.158e-23 | 6.743e-06 | 7.562e-09
  SNES converged via DOF-wise criteria:
    DOF 0: ABS (atol)
    DOF 1: ABS (atol) STOL (stol)
    DOF 2: ABS (atol) STOL (stol)
Max dt! can not Increase time step: 1.600e+04 -> 1.600e+04 
  BOUNDS: phi_ice [0.0000, 1.0000]  phi_air [0.0000, 1.0000]
  ===============================================================================
  >>> DOMAIN INTEGRALS (PER TIME STEP)
  ===============================================================================
  -------------------------------------------------------------------------------------------------------------
    STEP |     TIME [s] |    DT [s] |    TOT_ICE |    TOT_AIR |      TEMP |  TOT_RHOV | I-A INTERF | TOTAL_MASS
  -------------------------------------------------------------------------------------------------------------
   256 |  3.09598e+06 | 1.600e+04 |  1.379e-08 |  1.621e-08 | -6.000e-07 | 1.376e-11 |  1.035e-10 |  1.267e-05
       |              |           |    +0.000% |    -0.000% |           |   -0.001% |            |    +0.000%
    SNES DOF norms (2-norm) and ratios
    --------------------------------------------------------------------------------------------------------------------------------------
    it |       fnorm |          n0 |        r0 |        s0 |          n1 |        r1 |        s1 |          n2 |        r2 |        s2
    --------------------------------------------------------------------------------------------------------------------------------------
     0 |  2.1414e-08 |   8.234e-18 | 1.000e+00 | 3.131e-04 |   2.141e-08 | 1.000e+00 | 6.324e-12 |   7.560e-18 | 1.000e+00 | 7.562e-09
     1 |  3.3043e-13 |   9.800e-22 | 1.190e-04 | 3.093e-04 |   3.304e-13 | 1.543e-05 | 6.272e-12 |   5.035e-23 | 6.660e-06 | 7.481e-09
  SNES converged via DOF-wise criteria:
    DOF 0: ABS (atol)
    DOF 1: ABS (atol) STOL (stol)
    DOF 2: ABS (atol) STOL (stol)
Max dt! can not Increase time step: 1.600e+04 -> 1.600e+04 
  BOUNDS: phi_ice [0.0000, 1.0000]  phi_air [0.0000, 1.0000]
  ===============================================================================
  >>> DOMAIN INTEGRALS (PER TIME STEP)
  ===============================================================================
  -------------------------------------------------------------------------------------------------------------
    STEP |     TIME [s] |    DT [s] |    TOT_ICE |    TOT_AIR |      TEMP |  TOT_RHOV | I-A INTERF | TOTAL_MASS
  -------------------------------------------------------------------------------------------------------------
   257 |  3.11198e+06 | 1.600e+04 |  1.379e-08 |  1.621e-08 | -6.000e-07 | 1.376e-11 |  1.035e-10 |  1.267e-05
       |              |           |    +0.000% |    -0.000% |           |   -0.001% |            |    +0.000%
    SNES DOF norms (2-norm) and ratios
    --------------------------------------------------------------------------------------------------------------------------------------
    it |       fnorm |          n0 |        r0 |        s0 |          n1 |        r1 |        s1 |          n2 |        r2 |        s2
    --------------------------------------------------------------------------------------------------------------------------------------
     0 |  2.1160e-08 |   8.136e-18 | 1.000e+00 | 3.093e-04 |   2.116e-08 | 1.000e+00 | 6.272e-12 |   7.470e-18 | 1.000e+00 | 7.481e-09
     1 |  3.3402e-13 |   9.569e-22 | 1.176e-04 | 3.057e-04 |   3.340e-13 | 1.579e-05 | 6.223e-12 |   4.914e-23 | 6.578e-06 | 7.400e-09
  SNES converged via DOF-wise criteria:
    DOF 0: ABS (atol)
    DOF 1: ABS (atol) STOL (stol)
    DOF 2: ABS (atol) STOL (stol)
Max dt! can not Increase time step: 1.600e+04 -> 1.600e+04 
  BOUNDS: phi_ice [0.0000, 1.0000]  phi_air [0.0000, 1.0000]
  ===============================================================================
  >>> DOMAIN INTEGRALS (PER TIME STEP)
  ===============================================================================
  -------------------------------------------------------------------------------------------------------------
    STEP |     TIME [s] |    DT [s] |    TOT_ICE |    TOT_AIR |      TEMP |  TOT_RHOV | I-A INTERF | TOTAL_MASS
  -------------------------------------------------------------------------------------------------------------
   258 |  3.12798e+06 | 1.600e+04 |  1.379e-08 |  1.621e-08 | -6.000e-07 | 1.376e-11 |  1.035e-10 |  1.267e-05
       |              |           |    +0.000% |    -0.000% |           |   -0.001% |            |    +0.000%
    SNES DOF norms (2-norm) and ratios
    --------------------------------------------------------------------------------------------------------------------------------------
    it |       fnorm |          n0 |        r0 |        s0 |          n1 |        r1 |        s1 |          n2 |        r2 |        s2
    --------------------------------------------------------------------------------------------------------------------------------------
     0 |  2.0910e-08 |   8.040e-18 | 1.000e+00 | 3.057e-04 |   2.091e-08 | 1.000e+00 | 6.223e-12 |   7.382e-18 | 1.000e+00 | 7.400e-09
     1 |  3.3405e-13 |   9.344e-22 | 1.162e-04 | 3.021e-04 |   3.340e-13 | 1.598e-05 | 6.173e-12 |   4.796e-23 | 6.497e-06 | 7.321e-09
  SNES converged via DOF-wise criteria:
    DOF 0: ABS (atol)
    DOF 1: ABS (atol) STOL (stol)
    DOF 2: ABS (atol) STOL (stol)
Max dt! can not Increase time step: 1.600e+04 -> 1.600e+04 
  BOUNDS: phi_ice [0.0000, 1.0000]  phi_air [0.0000, 1.0000]
  ===============================================================================
  >>> DOMAIN INTEGRALS (PER TIME STEP)
  ===============================================================================
  -------------------------------------------------------------------------------------------------------------
    STEP |     TIME [s] |    DT [s] |    TOT_ICE |    TOT_AIR |      TEMP |  TOT_RHOV | I-A INTERF | TOTAL_MASS
  -------------------------------------------------------------------------------------------------------------
   259 |  3.14398e+06 | 1.600e+04 |  1.379e-08 |  1.621e-08 | -6.000e-07 | 1.376e-11 |  1.035e-10 |  1.267e-05
       |              |           |    +0.000% |    -0.000% |           |   -0.001% |            |    +0.000%
OUTPUT print!
    SNES DOF norms (2-norm) and ratios
    --------------------------------------------------------------------------------------------------------------------------------------
    it |       fnorm |          n0 |        r0 |        s0 |          n1 |        r1 |        s1 |          n2 |        r2 |        s2
    --------------------------------------------------------------------------------------------------------------------------------------
     0 |  2.0662e-08 |   7.945e-18 | 1.000e+00 | 3.021e-04 |   2.066e-08 | 1.000e+00 | 6.173e-12 |   7.294e-18 | 1.000e+00 | 7.321e-09
     1 |  3.3041e-13 |   9.124e-22 | 1.148e-04 | 2.985e-04 |   3.304e-13 | 1.599e-05 | 6.123e-12 |   4.681e-23 | 6.417e-06 | 7.242e-09
  SNES converged via DOF-wise criteria:
    DOF 0: ABS (atol)
    DOF 1: ABS (atol) STOL (stol)
    DOF 2: ABS (atol) STOL (stol)
Max dt! can not Increase time step: 1.600e+04 -> 1.600e+04 
  BOUNDS: phi_ice [0.0000, 1.0000]  phi_air [0.0000, 1.0000]
  ===============================================================================
  >>> DOMAIN INTEGRALS (PER TIME STEP)
  ===============================================================================
  -------------------------------------------------------------------------------------------------------------
    STEP |     TIME [s] |    DT [s] |    TOT_ICE |    TOT_AIR |      TEMP |  TOT_RHOV | I-A INTERF | TOTAL_MASS
  -------------------------------------------------------------------------------------------------------------
   260 |  3.15998e+06 | 1.600e+04 |  1.379e-08 |  1.621e-08 | -6.000e-07 | 1.376e-11 |  1.035e-10 |  1.267e-05
       |              |           |    +0.000% |    -0.000% |           |   -0.001% |            |    +0.000%
    SNES DOF norms (2-norm) and ratios
    --------------------------------------------------------------------------------------------------------------------------------------
    it |       fnorm |          n0 |        r0 |        s0 |          n1 |        r1 |        s1 |          n2 |        r2 |        s2
    --------------------------------------------------------------------------------------------------------------------------------------
     0 |  2.0418e-08 |   7.851e-18 | 1.000e+00 | 2.985e-04 |   2.042e-08 | 1.000e+00 | 6.123e-12 |   7.208e-18 | 1.000e+00 | 7.242e-09
     1 |  3.3660e-13 |   8.909e-22 | 1.135e-04 | 2.950e-04 |   3.366e-13 | 1.649e-05 | 6.073e-12 |   4.569e-23 | 6.338e-06 | 7.164e-09
  SNES converged via DOF-wise criteria:
    DOF 0: ABS (atol)
    DOF 1: ABS (atol) STOL (stol)
    DOF 2: ABS (atol) STOL (stol)
Max dt! can not Increase time step: 1.600e+04 -> 1.600e+04 
  BOUNDS: phi_ice [0.0000, 1.0000]  phi_air [0.0000, 1.0000]
  ===============================================================================
  >>> DOMAIN INTEGRALS (PER TIME STEP)
  ===============================================================================
  -------------------------------------------------------------------------------------------------------------
    STEP |     TIME [s] |    DT [s] |    TOT_ICE |    TOT_AIR |      TEMP |  TOT_RHOV | I-A INTERF | TOTAL_MASS
  -------------------------------------------------------------------------------------------------------------
   261 |  3.17598e+06 | 1.600e+04 |  1.379e-08 |  1.621e-08 | -6.000e-07 | 1.376e-11 |  1.035e-10 |  1.267e-05
       |              |           |    +0.000% |    -0.000% |           |   -0.001% |            |    +0.000%
    SNES DOF norms (2-norm) and ratios
    --------------------------------------------------------------------------------------------------------------------------------------
    it |       fnorm |          n0 |        r0 |        s0 |          n1 |        r1 |        s1 |          n2 |        r2 |        s2
    --------------------------------------------------------------------------------------------------------------------------------------
     0 |  2.0177e-08 |   7.758e-18 | 1.000e+00 | 2.950e-04 |   2.018e-08 | 1.000e+00 | 6.073e-12 |   7.123e-18 | 1.000e+00 | 7.164e-09
     1 |  3.2546e-13 |   8.699e-22 | 1.121e-04 | 2.915e-04 |   3.255e-13 | 1.613e-05 | 6.024e-12 |   4.459e-23 | 6.260e-06 | 7.088e-09
  SNES converged via DOF-wise criteria:
    DOF 0: ABS (atol)
    DOF 1: ABS (atol) STOL (stol)
    DOF 2: ABS (atol) STOL (stol)
Max dt! can not Increase time step: 1.600e+04 -> 1.600e+04 
  BOUNDS: phi_ice [0.0000, 1.0000]  phi_air [0.0000, 1.0000]
  ===============================================================================
  >>> DOMAIN INTEGRALS (PER TIME STEP)
  ===============================================================================
  -------------------------------------------------------------------------------------------------------------
    STEP |     TIME [s] |    DT [s] |    TOT_ICE |    TOT_AIR |      TEMP |  TOT_RHOV | I-A INTERF | TOTAL_MASS
  -------------------------------------------------------------------------------------------------------------
   262 |  3.19198e+06 | 1.600e+04 |  1.379e-08 |  1.621e-08 | -6.000e-07 | 1.376e-11 |  1.036e-10 |  1.267e-05
       |              |           |    +0.000% |    -0.000% |           |   -0.001% |            |    +0.000%
    SNES DOF norms (2-norm) and ratios
    --------------------------------------------------------------------------------------------------------------------------------------
    it |       fnorm |          n0 |        r0 |        s0 |          n1 |        r1 |        s1 |          n2 |        r2 |        s2
    --------------------------------------------------------------------------------------------------------------------------------------
     0 |  1.9938e-08 |   7.666e-18 | 1.000e+00 | 2.915e-04 |   1.994e-08 | 1.000e+00 | 6.024e-12 |   7.039e-18 | 1.000e+00 | 7.088e-09
     1 |  3.3165e-13 |   8.495e-22 | 1.108e-04 | 2.881e-04 |   3.317e-13 | 1.663e-05 | 5.975e-12 |   4.352e-23 | 6.183e-06 | 7.012e-09
  SNES converged via DOF-wise criteria:
    DOF 0: ABS (atol)
    DOF 1: ABS (atol) STOL (stol)
    DOF 2: ABS (atol) STOL (stol)
Max dt! can not Increase time step: 1.600e+04 -> 1.600e+04 
  BOUNDS: phi_ice [0.0000, 1.0000]  phi_air [0.0000, 1.0000]
  ===============================================================================
  >>> DOMAIN INTEGRALS (PER TIME STEP)
  ===============================================================================
  -------------------------------------------------------------------------------------------------------------
    STEP |     TIME [s] |    DT [s] |    TOT_ICE |    TOT_AIR |      TEMP |  TOT_RHOV | I-A INTERF | TOTAL_MASS
  -------------------------------------------------------------------------------------------------------------
   263 |  3.20798e+06 | 1.600e+04 |  1.379e-08 |  1.621e-08 | -6.000e-07 | 1.376e-11 |  1.036e-10 |  1.267e-05
       |              |           |    +0.000% |    -0.000% |           |   -0.001% |            |    +0.000%
    SNES DOF norms (2-norm) and ratios
    --------------------------------------------------------------------------------------------------------------------------------------
    it |       fnorm |          n0 |        r0 |        s0 |          n1 |        r1 |        s1 |          n2 |        r2 |        s2
    --------------------------------------------------------------------------------------------------------------------------------------
     0 |  1.9703e-08 |   7.576e-18 | 1.000e+00 | 2.881e-04 |   1.970e-08 | 1.000e+00 | 5.975e-12 |   6.956e-18 | 1.000e+00 | 7.012e-09
     1 |  3.2603e-13 |   8.295e-22 | 1.095e-04 | 2.847e-04 |   3.260e-13 | 1.655e-05 | 5.926e-12 |   4.248e-23 | 6.107e-06 | 6.936e-09
  SNES converged via DOF-wise criteria:
    DOF 0: ABS (atol)
    DOF 1: ABS (atol) STOL (stol)
    DOF 2: ABS (atol) STOL (stol)
Max dt! can not Increase time step: 1.600e+04 -> 1.600e+04 
  BOUNDS: phi_ice [0.0000, 1.0000]  phi_air [0.0000, 1.0000]
  ===============================================================================
  >>> DOMAIN INTEGRALS (PER TIME STEP)
  ===============================================================================
  -------------------------------------------------------------------------------------------------------------
    STEP |     TIME [s] |    DT [s] |    TOT_ICE |    TOT_AIR |      TEMP |  TOT_RHOV | I-A INTERF | TOTAL_MASS
  -------------------------------------------------------------------------------------------------------------
   264 |  3.22398e+06 | 1.600e+04 |  1.379e-08 |  1.621e-08 | -6.000e-07 | 1.376e-11 |  1.036e-10 |  1.267e-05
       |              |           |    +0.000% |    -0.000% |           |   -0.001% |            |    +0.000%
    SNES DOF norms (2-norm) and ratios
    --------------------------------------------------------------------------------------------------------------------------------------
    it |       fnorm |          n0 |        r0 |        s0 |          n1 |        r1 |        s1 |          n2 |        r2 |        s2
    --------------------------------------------------------------------------------------------------------------------------------------
     0 |  1.9470e-08 |   7.486e-18 | 1.000e+00 | 2.847e-04 |   1.947e-08 | 1.000e+00 | 5.926e-12 |   6.874e-18 | 1.000e+00 | 6.936e-09
     1 |  3.2545e-13 |   8.100e-22 | 1.082e-04 | 2.813e-04 |   3.254e-13 | 1.671e-05 | 5.877e-12 |   4.146e-23 | 6.032e-06 | 6.862e-09
  SNES converged via DOF-wise criteria:
    DOF 0: ABS (atol)
    DOF 1: ABS (atol) STOL (stol)
    DOF 2: ABS (atol) STOL (stol)
Max dt! can not Increase time step: 1.600e+04 -> 1.600e+04 
  BOUNDS: phi_ice [0.0000, 1.0000]  phi_air [0.0000, 1.0000]
  ===============================================================================
  >>> DOMAIN INTEGRALS (PER TIME STEP)
  ===============================================================================
  -------------------------------------------------------------------------------------------------------------
    STEP |     TIME [s] |    DT [s] |    TOT_ICE |    TOT_AIR |      TEMP |  TOT_RHOV | I-A INTERF | TOTAL_MASS
  -------------------------------------------------------------------------------------------------------------
   265 |  3.23998e+06 | 1.600e+04 |  1.379e-08 |  1.621e-08 | -6.000e-07 | 1.376e-11 |  1.036e-10 |  1.267e-05
       |              |           |    +0.000% |    -0.000% |           |   -0.001% |            |    +0.000%
OUTPUT print!
    SNES DOF norms (2-norm) and ratios
    --------------------------------------------------------------------------------------------------------------------------------------
    it |       fnorm |          n0 |        r0 |        s0 |          n1 |        r1 |        s1 |          n2 |        r2 |        s2
    --------------------------------------------------------------------------------------------------------------------------------------
     0 |  1.9241e-08 |   7.398e-18 | 1.000e+00 | 2.813e-04 |   1.924e-08 | 1.000e+00 | 5.877e-12 |   6.793e-18 | 1.000e+00 | 6.862e-09
     1 |  3.2028e-13 |   7.910e-22 | 1.069e-04 | 2.780e-04 |   3.203e-13 | 1.665e-05 | 5.828e-12 |   4.047e-23 | 5.957e-06 | 6.789e-09
  SNES converged via DOF-wise criteria:
    DOF 0: ABS (atol)
    DOF 1: ABS (atol) STOL (stol)
    DOF 2: ABS (atol) STOL (stol)
Max dt! can not Increase time step: 1.600e+04 -> 1.600e+04 
  BOUNDS: phi_ice [0.0000, 1.0000]  phi_air [0.0000, 1.0000]
  ===============================================================================
  >>> DOMAIN INTEGRALS (PER TIME STEP)
  ===============================================================================
  -------------------------------------------------------------------------------------------------------------
    STEP |     TIME [s] |    DT [s] |    TOT_ICE |    TOT_AIR |      TEMP |  TOT_RHOV | I-A INTERF | TOTAL_MASS
  -------------------------------------------------------------------------------------------------------------
   266 |  3.25598e+06 | 1.600e+04 |  1.379e-08 |  1.621e-08 | -6.000e-07 | 1.376e-11 |  1.036e-10 |  1.267e-05
       |              |           |    +0.000% |    -0.000% |           |   -0.001% |            |    +0.000%
    SNES DOF norms (2-norm) and ratios
    --------------------------------------------------------------------------------------------------------------------------------------
    it |       fnorm |          n0 |        r0 |        s0 |          n1 |        r1 |        s1 |          n2 |        r2 |        s2
    --------------------------------------------------------------------------------------------------------------------------------------
     0 |  1.9014e-08 |   7.311e-18 | 1.000e+00 | 2.780e-04 |   1.901e-08 | 1.000e+00 | 5.828e-12 |   6.712e-18 | 1.000e+00 | 6.789e-09
     1 |  3.1863e-13 |   7.724e-22 | 1.057e-04 | 2.747e-04 |   3.186e-13 | 1.676e-05 | 5.779e-12 |   3.950e-23 | 5.884e-06 | 6.716e-09
  SNES converged via DOF-wise criteria:
    DOF 0: ABS (atol)
    DOF 1: ABS (atol) STOL (stol)
    DOF 2: ABS (atol) STOL (stol)
Max dt! can not Increase time step: 1.600e+04 -> 1.600e+04 
  BOUNDS: phi_ice [0.0000, 1.0000]  phi_air [0.0000, 1.0000]
  ===============================================================================
  >>> DOMAIN INTEGRALS (PER TIME STEP)
  ===============================================================================
  -------------------------------------------------------------------------------------------------------------
    STEP |     TIME [s] |    DT [s] |    TOT_ICE |    TOT_AIR |      TEMP |  TOT_RHOV | I-A INTERF | TOTAL_MASS
  -------------------------------------------------------------------------------------------------------------
   267 |  3.27198e+06 | 1.600e+04 |  1.379e-08 |  1.621e-08 | -6.000e-07 | 1.376e-11 |  1.036e-10 |  1.267e-05
       |              |           |    +0.000% |    -0.000% |           |   -0.001% |            |    +0.000%
    SNES DOF norms (2-norm) and ratios
    --------------------------------------------------------------------------------------------------------------------------------------
    it |       fnorm |          n0 |        r0 |        s0 |          n1 |        r1 |        s1 |          n2 |        r2 |        s2
    --------------------------------------------------------------------------------------------------------------------------------------
     0 |  1.8789e-08 |   7.225e-18 | 1.000e+00 | 2.747e-04 |   1.879e-08 | 1.000e+00 | 5.779e-12 |   6.633e-18 | 1.000e+00 | 6.716e-09
     1 |  3.2304e-13 |   7.543e-22 | 1.044e-04 | 2.715e-04 |   3.230e-13 | 1.719e-05 | 5.731e-12 |   3.855e-23 | 5.812e-06 | 6.644e-09
  SNES converged via DOF-wise criteria:
    DOF 0: ABS (atol)
    DOF 1: ABS (atol) STOL (stol)
    DOF 2: ABS (atol) STOL (stol)
Max dt! can not Increase time step: 1.600e+04 -> 1.600e+04 
  BOUNDS: phi_ice [0.0000, 1.0000]  phi_air [0.0000, 1.0000]
  ===============================================================================
  >>> DOMAIN INTEGRALS (PER TIME STEP)
  ===============================================================================
  -------------------------------------------------------------------------------------------------------------
    STEP |     TIME [s] |    DT [s] |    TOT_ICE |    TOT_AIR |      TEMP |  TOT_RHOV | I-A INTERF | TOTAL_MASS
  -------------------------------------------------------------------------------------------------------------
   268 |  3.28798e+06 | 1.600e+04 |  1.379e-08 |  1.621e-08 | -6.000e-07 | 1.376e-11 |  1.036e-10 |  1.267e-05
       |              |           |    +0.000% |    -0.000% |           |   -0.001% |            |    +0.000%
    SNES DOF norms (2-norm) and ratios
    --------------------------------------------------------------------------------------------------------------------------------------
    it |       fnorm |          n0 |        r0 |        s0 |          n1 |        r1 |        s1 |          n2 |        r2 |        s2
    --------------------------------------------------------------------------------------------------------------------------------------
     0 |  1.8568e-08 |   7.139e-18 | 1.000e+00 | 2.715e-04 |   1.857e-08 | 1.000e+00 | 5.731e-12 |   6.555e-18 | 1.000e+00 | 6.644e-09
     1 |  3.2120e-13 |   7.366e-22 | 1.032e-04 | 2.683e-04 |   3.212e-13 | 1.730e-05 | 5.682e-12 |   3.763e-23 | 5.740e-06 | 6.573e-09
  SNES converged via DOF-wise criteria:
    DOF 0: ABS (atol)
    DOF 1: ABS (atol) STOL (stol)
    DOF 2: ABS (atol) STOL (stol)
Max dt! can not Increase time step: 1.600e+04 -> 1.600e+04 
  BOUNDS: phi_ice [0.0000, 1.0000]  phi_air [0.0000, 1.0000]
  ===============================================================================
  >>> DOMAIN INTEGRALS (PER TIME STEP)
  ===============================================================================
  -------------------------------------------------------------------------------------------------------------
    STEP |     TIME [s] |    DT [s] |    TOT_ICE |    TOT_AIR |      TEMP |  TOT_RHOV | I-A INTERF | TOTAL_MASS
  -------------------------------------------------------------------------------------------------------------
   269 |  3.30398e+06 | 1.600e+04 |  1.379e-08 |  1.621e-08 | -6.000e-07 | 1.376e-11 |  1.036e-10 |  1.267e-05
       |              |           |    +0.000% |    -0.000% |           |   -0.001% |            |    +0.000%
    SNES DOF norms (2-norm) and ratios
    --------------------------------------------------------------------------------------------------------------------------------------
    it |       fnorm |          n0 |        r0 |        s0 |          n1 |        r1 |        s1 |          n2 |        r2 |        s2
    --------------------------------------------------------------------------------------------------------------------------------------
     0 |  1.8349e-08 |   7.055e-18 | 1.000e+00 | 2.683e-04 |   1.835e-08 | 1.000e+00 | 5.682e-12 |   6.478e-18 | 1.000e+00 | 6.573e-09
     1 |  3.1696e-13 |   7.193e-22 | 1.020e-04 | 2.651e-04 |   3.170e-13 | 1.727e-05 | 5.634e-12 |   3.673e-23 | 5.670e-06 | 6.502e-09
  SNES converged via DOF-wise criteria:
    DOF 0: ABS (atol)
    DOF 1: ABS (atol) STOL (stol)
    DOF 2: ABS (atol) STOL (stol)
Max dt! can not Increase time step: 1.600e+04 -> 1.600e+04 
  BOUNDS: phi_ice [0.0000, 1.0000]  phi_air [0.0000, 1.0000]
  ===============================================================================
  >>> DOMAIN INTEGRALS (PER TIME STEP)
  ===============================================================================
  -------------------------------------------------------------------------------------------------------------
    STEP |     TIME [s] |    DT [s] |    TOT_ICE |    TOT_AIR |      TEMP |  TOT_RHOV | I-A INTERF | TOTAL_MASS
  -------------------------------------------------------------------------------------------------------------
   270 |  3.31998e+06 | 1.600e+04 |  1.379e-08 |  1.621e-08 | -6.000e-07 | 1.376e-11 |  1.036e-10 |  1.267e-05
       |              |           |    +0.000% |    -0.000% |           |   -0.001% |            |    +0.000%
    SNES DOF norms (2-norm) and ratios
    --------------------------------------------------------------------------------------------------------------------------------------
    it |       fnorm |          n0 |        r0 |        s0 |          n1 |        r1 |        s1 |          n2 |        r2 |        s2
    --------------------------------------------------------------------------------------------------------------------------------------
     0 |  1.8133e-08 |   6.972e-18 | 1.000e+00 | 2.651e-04 |   1.813e-08 | 1.000e+00 | 5.634e-12 |   6.401e-18 | 1.000e+00 | 6.502e-09
     1 |  3.2401e-13 |   7.024e-22 | 1.007e-04 | 2.620e-04 |   3.240e-13 | 1.787e-05 | 5.586e-12 |   3.585e-23 | 5.600e-06 | 6.433e-09
  SNES converged via DOF-wise criteria:
    DOF 0: ABS (atol)
    DOF 1: ABS (atol) STOL (stol)
    DOF 2: ABS (atol) STOL (stol)
Max dt! can not Increase time step: 1.600e+04 -> 1.600e+04 
  BOUNDS: phi_ice [0.0000, 1.0000]  phi_air [0.0000, 1.0000]
  ===============================================================================
  >>> DOMAIN INTEGRALS (PER TIME STEP)
  ===============================================================================
  -------------------------------------------------------------------------------------------------------------
    STEP |     TIME [s] |    DT [s] |    TOT_ICE |    TOT_AIR |      TEMP |  TOT_RHOV | I-A INTERF | TOTAL_MASS
  -------------------------------------------------------------------------------------------------------------
   271 |  3.33598e+06 | 1.600e+04 |  1.379e-08 |  1.621e-08 | -6.000e-07 | 1.376e-11 |  1.037e-10 |  1.267e-05
       |              |           |    +0.000% |    -0.000% |           |   -0.001% |            |    +0.000%
OUTPUT print!
    SNES DOF norms (2-norm) and ratios
    --------------------------------------------------------------------------------------------------------------------------------------
    it |       fnorm |          n0 |        r0 |        s0 |          n1 |        r1 |        s1 |          n2 |        r2 |        s2
    --------------------------------------------------------------------------------------------------------------------------------------
     0 |  1.7919e-08 |   6.890e-18 | 1.000e+00 | 2.620e-04 |   1.792e-08 | 1.000e+00 | 5.586e-12 |   6.326e-18 | 1.000e+00 | 6.433e-09
     1 |  3.2389e-13 |   6.860e-22 | 9.956e-05 | 2.589e-04 |   3.239e-13 | 1.807e-05 | 5.539e-12 |   3.499e-23 | 5.532e-06 | 6.364e-09
  SNES converged via DOF-wise criteria:
    DOF 0: ABS (atol)
    DOF 1: ABS (atol) STOL (stol)
    DOF 2: ABS (atol) STOL (stol)
Max dt! can not Increase time step: 1.600e+04 -> 1.600e+04 
  BOUNDS: phi_ice [0.0000, 1.0000]  phi_air [0.0000, 1.0000]
  ===============================================================================
  >>> DOMAIN INTEGRALS (PER TIME STEP)
  ===============================================================================
  -------------------------------------------------------------------------------------------------------------
    STEP |     TIME [s] |    DT [s] |    TOT_ICE |    TOT_AIR |      TEMP |  TOT_RHOV | I-A INTERF | TOTAL_MASS
  -------------------------------------------------------------------------------------------------------------
   272 |  3.35198e+06 | 1.600e+04 |  1.379e-08 |  1.621e-08 | -6.000e-07 | 1.376e-11 |  1.037e-10 |  1.267e-05
       |              |           |    +0.000% |    -0.000% |           |   -0.001% |            |    +0.000%
    SNES DOF norms (2-norm) and ratios
    --------------------------------------------------------------------------------------------------------------------------------------
    it |       fnorm |          n0 |        r0 |        s0 |          n1 |        r1 |        s1 |          n2 |        r2 |        s2
    --------------------------------------------------------------------------------------------------------------------------------------
     0 |  1.7708e-08 |   6.809e-18 | 1.000e+00 | 2.589e-04 |   1.771e-08 | 1.000e+00 | 5.539e-12 |   6.252e-18 | 1.000e+00 | 6.364e-09
     1 |  3.1947e-13 |   6.699e-22 | 9.838e-05 | 2.559e-04 |   3.195e-13 | 1.804e-05 | 5.491e-12 |   3.416e-23 | 5.464e-06 | 6.296e-09
  SNES converged via DOF-wise criteria:
    DOF 0: ABS (atol)
    DOF 1: ABS (atol) STOL (stol)
    DOF 2: ABS (atol) STOL (stol)
Max dt! can not Increase time step: 1.600e+04 -> 1.600e+04 
  BOUNDS: phi_ice [0.0000, 1.0000]  phi_air [0.0000, 1.0000]
  ===============================================================================
  >>> DOMAIN INTEGRALS (PER TIME STEP)
  ===============================================================================
  -------------------------------------------------------------------------------------------------------------
    STEP |     TIME [s] |    DT [s] |    TOT_ICE |    TOT_AIR |      TEMP |  TOT_RHOV | I-A INTERF | TOTAL_MASS
  -------------------------------------------------------------------------------------------------------------
   273 |  3.36798e+06 | 1.600e+04 |  1.379e-08 |  1.621e-08 | -6.000e-07 | 1.376e-11 |  1.037e-10 |  1.267e-05
       |              |           |    +0.000% |    -0.000% |           |   -0.001% |            |    +0.000%
    SNES DOF norms (2-norm) and ratios
    --------------------------------------------------------------------------------------------------------------------------------------
    it |       fnorm |          n0 |        r0 |        s0 |          n1 |        r1 |        s1 |          n2 |        r2 |        s2
    --------------------------------------------------------------------------------------------------------------------------------------
     0 |  1.7500e-08 |   6.729e-18 | 1.000e+00 | 2.559e-04 |   1.750e-08 | 1.000e+00 | 5.491e-12 |   6.178e-18 | 1.000e+00 | 6.296e-09
     1 |  3.2466e-13 |   6.542e-22 | 9.722e-05 | 2.529e-04 |   3.247e-13 | 1.855e-05 | 5.444e-12 |   3.334e-23 | 5.397e-06 | 6.228e-09
  SNES converged via DOF-wise criteria:
    DOF 0: ABS (atol)
    DOF 1: ABS (atol) STOL (stol)
    DOF 2: ABS (atol) STOL (stol)
Max dt! can not Increase time step: 1.600e+04 -> 1.600e+04 
  BOUNDS: phi_ice [0.0000, 1.0000]  phi_air [0.0000, 1.0000]
  ===============================================================================
  >>> DOMAIN INTEGRALS (PER TIME STEP)
  ===============================================================================
  -------------------------------------------------------------------------------------------------------------
    STEP |     TIME [s] |    DT [s] |    TOT_ICE |    TOT_AIR |      TEMP |  TOT_RHOV | I-A INTERF | TOTAL_MASS
  -------------------------------------------------------------------------------------------------------------
   274 |  3.38398e+06 | 1.600e+04 |  1.379e-08 |  1.621e-08 | -6.000e-07 | 1.376e-11 |  1.037e-10 |  1.267e-05
       |              |           |    +0.000% |    -0.000% |           |   -0.001% |            |    +0.000%
    SNES DOF norms (2-norm) and ratios
    --------------------------------------------------------------------------------------------------------------------------------------
    it |       fnorm |          n0 |        r0 |        s0 |          n1 |        r1 |        s1 |          n2 |        r2 |        s2
    --------------------------------------------------------------------------------------------------------------------------------------
     0 |  1.7294e-08 |   6.650e-18 | 1.000e+00 | 2.529e-04 |   1.729e-08 | 1.000e+00 | 5.444e-12 |   6.105e-18 | 1.000e+00 | 6.228e-09
     1 |  3.2466e-13 |   6.389e-22 | 9.607e-05 | 2.499e-04 |   3.247e-13 | 1.877e-05 | 5.397e-12 |   3.255e-23 | 5.331e-06 | 6.162e-09
  SNES converged via DOF-wise criteria:
    DOF 0: ABS (atol)
    DOF 1: ABS (atol) STOL (stol)
    DOF 2: ABS (atol) STOL (stol)
Max dt! can not Increase time step: 1.600e+04 -> 1.600e+04 
  BOUNDS: phi_ice [0.0000, 1.0000]  phi_air [0.0000, 1.0000]
  ===============================================================================
  >>> DOMAIN INTEGRALS (PER TIME STEP)
  ===============================================================================
  -------------------------------------------------------------------------------------------------------------
    STEP |     TIME [s] |    DT [s] |    TOT_ICE |    TOT_AIR |      TEMP |  TOT_RHOV | I-A INTERF | TOTAL_MASS
  -------------------------------------------------------------------------------------------------------------
   275 |  3.39998e+06 | 1.600e+04 |  1.379e-08 |  1.621e-08 | -6.000e-07 | 1.376e-11 |  1.037e-10 |  1.267e-05
       |              |           |    +0.000% |    -0.000% |           |   -0.001% |            |    +0.000%
    SNES DOF norms (2-norm) and ratios
    --------------------------------------------------------------------------------------------------------------------------------------
    it |       fnorm |          n0 |        r0 |        s0 |          n1 |        r1 |        s1 |          n2 |        r2 |        s2
    --------------------------------------------------------------------------------------------------------------------------------------
     0 |  1.7091e-08 |   6.571e-18 | 1.000e+00 | 2.499e-04 |   1.709e-08 | 1.000e+00 | 5.397e-12 |   6.034e-18 | 1.000e+00 | 6.162e-09
     1 |  3.1863e-13 |   6.239e-22 | 9.494e-05 | 2.469e-04 |   3.186e-13 | 1.864e-05 | 5.350e-12 |   3.177e-23 | 5.266e-06 | 6.096e-09
  SNES converged via DOF-wise criteria:
    DOF 0: ABS (atol)
    DOF 1: ABS (atol) STOL (stol)
    DOF 2: ABS (atol) STOL (stol)
Max dt! can not Increase time step: 1.600e+04 -> 1.600e+04 
  BOUNDS: phi_ice [0.0000, 1.0000]  phi_air [0.0000, 1.0000]
  ===============================================================================
  >>> DOMAIN INTEGRALS (PER TIME STEP)
  ===============================================================================
  -------------------------------------------------------------------------------------------------------------
    STEP |     TIME [s] |    DT [s] |    TOT_ICE |    TOT_AIR |      TEMP |  TOT_RHOV | I-A INTERF | TOTAL_MASS
  -------------------------------------------------------------------------------------------------------------
   276 |  3.41598e+06 | 1.600e+04 |  1.379e-08 |  1.621e-08 | -6.000e-07 | 1.376e-11 |  1.037e-10 |  1.267e-05
       |              |           |    +0.000% |    -0.000% |           |   -0.001% |            |    +0.000%
    SNES DOF norms (2-norm) and ratios
    --------------------------------------------------------------------------------------------------------------------------------------
    it |       fnorm |          n0 |        r0 |        s0 |          n1 |        r1 |        s1 |          n2 |        r2 |        s2
    --------------------------------------------------------------------------------------------------------------------------------------
     0 |  1.6890e-08 |   6.494e-18 | 1.000e+00 | 2.469e-04 |   1.689e-08 | 1.000e+00 | 5.350e-12 |   5.963e-18 | 1.000e+00 | 6.096e-09
     1 |  3.1244e-13 |   6.093e-22 | 9.382e-05 | 2.440e-04 |   3.124e-13 | 1.850e-05 | 5.303e-12 |   3.101e-23 | 5.202e-06 | 6.031e-09
  SNES converged via DOF-wise criteria:
    DOF 0: ABS (atol)
    DOF 1: ABS (atol) STOL (stol)
    DOF 2: ABS (atol) STOL (stol)
Max dt! can not Increase time step: 1.600e+04 -> 1.600e+04 
  BOUNDS: phi_ice [0.0000, 1.0000]  phi_air [0.0000, 1.0000]
  ===============================================================================
  >>> DOMAIN INTEGRALS (PER TIME STEP)
  ===============================================================================
  -------------------------------------------------------------------------------------------------------------
    STEP |     TIME [s] |    DT [s] |    TOT_ICE |    TOT_AIR |      TEMP |  TOT_RHOV | I-A INTERF | TOTAL_MASS
  -------------------------------------------------------------------------------------------------------------
   277 |  3.43198e+06 | 1.600e+04 |  1.379e-08 |  1.621e-08 | -6.000e-07 | 1.376e-11 |  1.037e-10 |  1.267e-05
       |              |           |    +0.000% |    -0.000% |           |   -0.001% |            |    +0.000%
OUTPUT print!
    SNES DOF norms (2-norm) and ratios
    --------------------------------------------------------------------------------------------------------------------------------------
    it |       fnorm |          n0 |        r0 |        s0 |          n1 |        r1 |        s1 |          n2 |        r2 |        s2
    --------------------------------------------------------------------------------------------------------------------------------------
     0 |  1.6691e-08 |   6.418e-18 | 1.000e+00 | 2.440e-04 |   1.669e-08 | 1.000e+00 | 5.303e-12 |   5.892e-18 | 1.000e+00 | 6.031e-09
     1 |  3.1537e-13 |   5.950e-22 | 9.272e-05 | 2.412e-04 |   3.154e-13 | 1.889e-05 | 5.257e-12 |   3.028e-23 | 5.138e-06 | 5.966e-09
  SNES converged via DOF-wise criteria:
    DOF 0: ABS (atol)
    DOF 1: ABS (atol) STOL (stol)
    DOF 2: ABS (atol) STOL (stol)
Max dt! can not Increase time step: 1.600e+04 -> 1.600e+04 
  BOUNDS: phi_ice [0.0000, 1.0000]  phi_air [0.0000, 1.0000]
  ===============================================================================
  >>> DOMAIN INTEGRALS (PER TIME STEP)
  ===============================================================================
  -------------------------------------------------------------------------------------------------------------
    STEP |     TIME [s] |    DT [s] |    TOT_ICE |    TOT_AIR |      TEMP |  TOT_RHOV | I-A INTERF | TOTAL_MASS
  -------------------------------------------------------------------------------------------------------------
   278 |  3.44798e+06 | 1.600e+04 |  1.379e-08 |  1.621e-08 | -6.000e-07 | 1.376e-11 |  1.037e-10 |  1.267e-05
       |              |           |    +0.000% |    -0.000% |           |   -0.001% |            |    +0.000%
    SNES DOF norms (2-norm) and ratios
    --------------------------------------------------------------------------------------------------------------------------------------
    it |       fnorm |          n0 |        r0 |        s0 |          n1 |        r1 |        s1 |          n2 |        r2 |        s2
    --------------------------------------------------------------------------------------------------------------------------------------
     0 |  1.6495e-08 |   6.342e-18 | 1.000e+00 | 2.412e-04 |   1.650e-08 | 1.000e+00 | 5.257e-12 |   5.823e-18 | 1.000e+00 | 5.966e-09
     1 |  3.1145e-13 |   5.811e-22 | 9.163e-05 | 2.383e-04 |   3.114e-13 | 1.888e-05 | 5.210e-12 |   2.956e-23 | 5.076e-06 | 5.902e-09
  SNES converged via DOF-wise criteria:
    DOF 0: ABS (atol)
    DOF 1: ABS (atol) STOL (stol)
    DOF 2: ABS (atol) STOL (stol)
Max dt! can not Increase time step: 1.600e+04 -> 1.600e+04 
  BOUNDS: phi_ice [0.0000, 1.0000]  phi_air [0.0000, 1.0000]
  ===============================================================================
  >>> DOMAIN INTEGRALS (PER TIME STEP)
  ===============================================================================
  -------------------------------------------------------------------------------------------------------------
    STEP |     TIME [s] |    DT [s] |    TOT_ICE |    TOT_AIR |      TEMP |  TOT_RHOV | I-A INTERF | TOTAL_MASS
  -------------------------------------------------------------------------------------------------------------
   279 |  3.46398e+06 | 1.600e+04 |  1.379e-08 |  1.621e-08 | -6.000e-07 | 1.376e-11 |  1.037e-10 |  1.267e-05
       |              |           |    +0.000% |    -0.000% |           |   -0.001% |            |    +0.000%
    SNES DOF norms (2-norm) and ratios
    --------------------------------------------------------------------------------------------------------------------------------------
    it |       fnorm |          n0 |        r0 |        s0 |          n1 |        r1 |        s1 |          n2 |        r2 |        s2
    --------------------------------------------------------------------------------------------------------------------------------------
     0 |  1.6301e-08 |   6.268e-18 | 1.000e+00 | 2.383e-04 |   1.630e-08 | 1.000e+00 | 5.210e-12 |   5.755e-18 | 1.000e+00 | 5.902e-09
     1 |  3.1804e-13 |   5.675e-22 | 9.055e-05 | 2.355e-04 |   3.180e-13 | 1.951e-05 | 5.164e-12 |   2.885e-23 | 5.014e-06 | 5.839e-09
  SNES converged via DOF-wise criteria:
    DOF 0: ABS (atol)
    DOF 1: ABS (atol) STOL (stol)
    DOF 2: ABS (atol) STOL (stol)
Max dt! can not Increase time step: 1.600e+04 -> 1.600e+04 
  BOUNDS: phi_ice [0.0000, 1.0000]  phi_air [0.0000, 1.0000]
  ===============================================================================
  >>> DOMAIN INTEGRALS (PER TIME STEP)
  ===============================================================================
  -------------------------------------------------------------------------------------------------------------
    STEP |     TIME [s] |    DT [s] |    TOT_ICE |    TOT_AIR |      TEMP |  TOT_RHOV | I-A INTERF | TOTAL_MASS
  -------------------------------------------------------------------------------------------------------------
   280 |  3.47998e+06 | 1.600e+04 |  1.379e-08 |  1.621e-08 | -6.000e-07 | 1.376e-11 |  1.038e-10 |  1.267e-05
       |              |           |    +0.000% |    -0.000% |           |   -0.001% |            |    +0.000%
    SNES DOF norms (2-norm) and ratios
    --------------------------------------------------------------------------------------------------------------------------------------
    it |       fnorm |          n0 |        r0 |        s0 |          n1 |        r1 |        s1 |          n2 |        r2 |        s2
    --------------------------------------------------------------------------------------------------------------------------------------
     0 |  1.6110e-08 |   6.194e-18 | 1.000e+00 | 2.355e-04 |   1.611e-08 | 1.000e+00 | 5.164e-12 |   5.687e-18 | 1.000e+00 | 5.839e-09
     1 |  3.0893e-13 |   5.543e-22 | 8.948e-05 | 2.328e-04 |   3.089e-13 | 1.918e-05 | 5.094e-12 |   2.817e-23 | 4.952e-06 | 5.776e-09
  SNES converged via DOF-wise criteria:
    DOF 0: ABS (atol)
    DOF 1: ABS (atol) STOL (stol)
    DOF 2: ABS (atol) STOL (stol)
Max dt! can not Increase time step: 1.600e+04 -> 1.600e+04 
  BOUNDS: phi_ice [0.0000, 1.0000]  phi_air [0.0000, 1.0000]
  ===============================================================================
  >>> DOMAIN INTEGRALS (PER TIME STEP)
  ===============================================================================
  -------------------------------------------------------------------------------------------------------------
    STEP |     TIME [s] |    DT [s] |    TOT_ICE |    TOT_AIR |      TEMP |  TOT_RHOV | I-A INTERF | TOTAL_MASS
  -------------------------------------------------------------------------------------------------------------
   281 |  3.49598e+06 | 1.600e+04 |  1.379e-08 |  1.621e-08 | -6.000e-07 | 1.376e-11 |  1.038e-10 |  1.267e-05
       |              |           |    +0.000% |    -0.000% |           |   -0.001% |            |    +0.000%
    SNES DOF norms (2-norm) and ratios
    --------------------------------------------------------------------------------------------------------------------------------------
    it |       fnorm |          n0 |        r0 |        s0 |          n1 |        r1 |        s1 |          n2 |        r2 |        s2
    --------------------------------------------------------------------------------------------------------------------------------------
     0 |  1.5921e-08 |   6.122e-18 | 1.000e+00 | 2.328e-04 |   1.592e-08 | 1.000e+00 | 5.094e-12 |   5.621e-18 | 1.000e+00 | 5.776e-09
     1 |  3.1448e-13 |   5.413e-22 | 8.843e-05 | 2.301e-04 |   3.145e-13 | 1.975e-05 | 5.084e-12 |   2.750e-23 | 4.892e-06 | 5.714e-09
  SNES converged via DOF-wise criteria:
    DOF 0: ABS (atol)
    DOF 1: ABS (atol) STOL (stol)
    DOF 2: ABS (atol) STOL (stol)
Max dt! can not Increase time step: 1.600e+04 -> 1.600e+04 
  BOUNDS: phi_ice [0.0000, 1.0000]  phi_air [0.0000, 1.0000]
  ===============================================================================
  >>> DOMAIN INTEGRALS (PER TIME STEP)
  ===============================================================================
  -------------------------------------------------------------------------------------------------------------
    STEP |     TIME [s] |    DT [s] |    TOT_ICE |    TOT_AIR |      TEMP |  TOT_RHOV | I-A INTERF | TOTAL_MASS
  -------------------------------------------------------------------------------------------------------------
   282 |  3.51198e+06 | 1.600e+04 |  1.379e-08 |  1.621e-08 | -6.000e-07 | 1.376e-11 |  1.038e-10 |  1.267e-05
       |              |           |    +0.000% |    -0.000% |           |   -0.001% |            |    +0.000%
    SNES DOF norms (2-norm) and ratios
    --------------------------------------------------------------------------------------------------------------------------------------
    it |       fnorm |          n0 |        r0 |        s0 |          n1 |        r1 |        s1 |          n2 |        r2 |        s2
    --------------------------------------------------------------------------------------------------------------------------------------
     0 |  1.5734e-08 |   6.050e-18 | 1.000e+00 | 2.301e-04 |   1.573e-08 | 1.000e+00 | 5.084e-12 |   5.555e-18 | 1.000e+00 | 5.714e-09
     1 |  3.1796e-13 |   5.287e-22 | 8.739e-05 | 2.274e-04 |   3.180e-13 | 2.021e-05 | 5.022e-12 |   2.685e-23 | 4.834e-06 | 5.653e-09
  SNES converged via DOF-wise criteria:
    DOF 0: ABS (atol)
    DOF 1: ABS (atol) STOL (stol)
    DOF 2: ABS (atol) STOL (stol)
Max dt! can not Increase time step: 1.600e+04 -> 1.600e+04 
  BOUNDS: phi_ice [0.0000, 1.0000]  phi_air [0.0000, 1.0000]
  ===============================================================================
  >>> DOMAIN INTEGRALS (PER TIME STEP)
  ===============================================================================
  -------------------------------------------------------------------------------------------------------------
    STEP |     TIME [s] |    DT [s] |    TOT_ICE |    TOT_AIR |      TEMP |  TOT_RHOV | I-A INTERF | TOTAL_MASS
  -------------------------------------------------------------------------------------------------------------
   283 |  3.52798e+06 | 1.600e+04 |  1.379e-08 |  1.621e-08 | -6.000e-07 | 1.376e-11 |  1.038e-10 |  1.267e-05
       |              |           |    +0.000% |    -0.000% |           |   -0.001% |            |    +0.000%
OUTPUT print!
    SNES DOF norms (2-norm) and ratios
    --------------------------------------------------------------------------------------------------------------------------------------
    it |       fnorm |          n0 |        r0 |        s0 |          n1 |        r1 |        s1 |          n2 |        r2 |        s2
    --------------------------------------------------------------------------------------------------------------------------------------
     0 |  1.5549e-08 |   5.979e-18 | 1.000e+00 | 2.274e-04 |   1.555e-08 | 1.000e+00 | 5.022e-12 |   5.489e-18 | 1.000e+00 | 5.653e-09
     1 |  3.1152e-13 |   5.163e-22 | 8.636e-05 | 2.247e-04 |   3.115e-13 | 2.003e-05 | 4.985e-12 |   2.621e-23 | 4.775e-06 | 5.592e-09
  SNES converged via DOF-wise criteria:
    DOF 0: ABS (atol)
    DOF 1: ABS (atol) STOL (stol)
    DOF 2: ABS (atol) STOL (stol)
Max dt! can not Increase time step: 1.600e+04 -> 1.600e+04 
  BOUNDS: phi_ice [0.0000, 1.0000]  phi_air [0.0000, 1.0000]
  ===============================================================================
  >>> DOMAIN INTEGRALS (PER TIME STEP)
  ===============================================================================
  -------------------------------------------------------------------------------------------------------------
    STEP |     TIME [s] |    DT [s] |    TOT_ICE |    TOT_AIR |      TEMP |  TOT_RHOV | I-A INTERF | TOTAL_MASS
  -------------------------------------------------------------------------------------------------------------
   284 |  3.54398e+06 | 1.600e+04 |  1.379e-08 |  1.621e-08 | -6.000e-07 | 1.376e-11 |  1.038e-10 |  1.267e-05
       |              |           |    +0.000% |    -0.000% |           |   -0.001% |            |    +0.000%
    SNES DOF norms (2-norm) and ratios
    --------------------------------------------------------------------------------------------------------------------------------------
    it |       fnorm |          n0 |        r0 |        s0 |          n1 |        r1 |        s1 |          n2 |        r2 |        s2
    --------------------------------------------------------------------------------------------------------------------------------------
     0 |  1.5367e-08 |   5.909e-18 | 1.000e+00 | 2.247e-04 |   1.537e-08 | 1.000e+00 | 4.985e-12 |   5.425e-18 | 1.000e+00 | 5.592e-09
     1 |  3.0969e-13 |   5.043e-22 | 8.535e-05 | 2.221e-04 |   3.097e-13 | 2.015e-05 | 4.936e-12 |   2.559e-23 | 4.718e-06 | 5.532e-09
  SNES converged via DOF-wise criteria:
    DOF 0: ABS (atol)
    DOF 1: ABS (atol) STOL (stol)
    DOF 2: ABS (atol) STOL (stol)
Max dt! can not Increase time step: 1.600e+04 -> 1.600e+04 
  BOUNDS: phi_ice [0.0000, 1.0000]  phi_air [0.0000, 1.0000]
  ===============================================================================
  >>> DOMAIN INTEGRALS (PER TIME STEP)
  ===============================================================================
  -------------------------------------------------------------------------------------------------------------
    STEP |     TIME [s] |    DT [s] |    TOT_ICE |    TOT_AIR |      TEMP |  TOT_RHOV | I-A INTERF | TOTAL_MASS
  -------------------------------------------------------------------------------------------------------------
   285 |  3.55998e+06 | 1.600e+04 |  1.379e-08 |  1.621e-08 | -6.000e-07 | 1.376e-11 |  1.038e-10 |  1.267e-05
       |              |           |    +0.000% |    -0.000% |           |   -0.001% |            |    +0.000%
    SNES DOF norms (2-norm) and ratios
    --------------------------------------------------------------------------------------------------------------------------------------
    it |       fnorm |          n0 |        r0 |        s0 |          n1 |        r1 |        s1 |          n2 |        r2 |        s2
    --------------------------------------------------------------------------------------------------------------------------------------
     0 |  1.5187e-08 |   5.839e-18 | 1.000e+00 | 2.221e-04 |   1.519e-08 | 1.000e+00 | 4.936e-12 |   5.361e-18 | 1.000e+00 | 5.532e-09
     1 |  3.1345e-13 |   4.925e-22 | 8.434e-05 | 2.195e-04 |   3.135e-13 | 2.064e-05 | 4.894e-12 |   2.499e-23 | 4.661e-06 | 5.473e-09
  SNES converged via DOF-wise criteria:
    DOF 0: ABS (atol)
    DOF 1: ABS (atol) STOL (stol)
    DOF 2: ABS (atol) STOL (stol)
Max dt! can not Increase time step: 1.600e+04 -> 1.600e+04 
  BOUNDS: phi_ice [0.0000, 1.0000]  phi_air [0.0000, 1.0000]
  ===============================================================================
  >>> DOMAIN INTEGRALS (PER TIME STEP)
  ===============================================================================
  -------------------------------------------------------------------------------------------------------------
    STEP |     TIME [s] |    DT [s] |    TOT_ICE |    TOT_AIR |      TEMP |  TOT_RHOV | I-A INTERF | TOTAL_MASS
  -------------------------------------------------------------------------------------------------------------
   286 |  3.57598e+06 | 1.600e+04 |  1.379e-08 |  1.621e-08 | -6.000e-07 | 1.376e-11 |  1.038e-10 |  1.267e-05
       |              |           |    +0.000% |    -0.000% |           |   -0.001% |            |    +0.000%
    SNES DOF norms (2-norm) and ratios
    --------------------------------------------------------------------------------------------------------------------------------------
    it |       fnorm |          n0 |        r0 |        s0 |          n1 |        r1 |        s1 |          n2 |        r2 |        s2
    --------------------------------------------------------------------------------------------------------------------------------------
     0 |  1.5009e-08 |   5.771e-18 | 1.000e+00 | 2.195e-04 |   1.501e-08 | 1.000e+00 | 4.894e-12 |   5.299e-18 | 1.000e+00 | 5.473e-09
     1 |  3.1258e-13 |   4.810e-22 | 8.335e-05 | 2.169e-04 |   3.126e-13 | 2.083e-05 | 4.848e-12 |   2.440e-23 | 4.605e-06 | 5.414e-09
  SNES converged via DOF-wise criteria:
    DOF 0: ABS (atol)
    DOF 1: ABS (atol) STOL (stol)
    DOF 2: ABS (atol) STOL (stol)
Max dt! can not Increase time step: 1.600e+04 -> 1.600e+04 
  BOUNDS: phi_ice [0.0000, 1.0000]  phi_air [0.0000, 1.0000]
  ===============================================================================
  >>> DOMAIN INTEGRALS (PER TIME STEP)
  ===============================================================================
  -------------------------------------------------------------------------------------------------------------
    STEP |     TIME [s] |    DT [s] |    TOT_ICE |    TOT_AIR |      TEMP |  TOT_RHOV | I-A INTERF | TOTAL_MASS
  -------------------------------------------------------------------------------------------------------------
   287 |  3.59198e+06 | 1.600e+04 |  1.379e-08 |  1.621e-08 | -6.000e-07 | 1.376e-11 |  1.038e-10 |  1.267e-05
       |              |           |    +0.000% |    -0.000% |           |   -0.001% |            |    +0.000%
    SNES DOF norms (2-norm) and ratios
    --------------------------------------------------------------------------------------------------------------------------------------
    it |       fnorm |          n0 |        r0 |        s0 |          n1 |        r1 |        s1 |          n2 |        r2 |        s2
    --------------------------------------------------------------------------------------------------------------------------------------
     0 |  1.4833e-08 |   5.703e-18 | 1.000e+00 | 2.169e-04 |   1.483e-08 | 1.000e+00 | 4.848e-12 |   5.236e-18 | 1.000e+00 | 5.414e-09
     1 |  3.1109e-13 |   4.698e-22 | 8.237e-05 | 2.143e-04 |   3.111e-13 | 2.097e-05 | 4.805e-12 |   2.383e-23 | 4.550e-06 | 5.356e-09
  SNES converged via DOF-wise criteria:
    DOF 0: ABS (atol)
    DOF 1: ABS (atol) STOL (stol)
    DOF 2: ABS (atol) STOL (stol)
Max dt! can not Increase time step: 1.600e+04 -> 1.600e+04 
  BOUNDS: phi_ice [0.0000, 1.0000]  phi_air [0.0000, 1.0000]
  ===============================================================================
  >>> DOMAIN INTEGRALS (PER TIME STEP)
  ===============================================================================
  -------------------------------------------------------------------------------------------------------------
    STEP |     TIME [s] |    DT [s] |    TOT_ICE |    TOT_AIR |      TEMP |  TOT_RHOV | I-A INTERF | TOTAL_MASS
  -------------------------------------------------------------------------------------------------------------
   288 |  3.60798e+06 | 1.600e+04 |  1.379e-08 |  1.621e-08 | -6.000e-07 | 1.376e-11 |  1.038e-10 |  1.267e-05
       |              |           |    +0.000% |    -0.000% |           |   -0.001% |            |    +0.000%
    SNES DOF norms (2-norm) and ratios
    --------------------------------------------------------------------------------------------------------------------------------------
    it |       fnorm |          n0 |        r0 |        s0 |          n1 |        r1 |        s1 |          n2 |        r2 |        s2
    --------------------------------------------------------------------------------------------------------------------------------------
     0 |  1.4659e-08 |   5.636e-18 | 1.000e+00 | 2.143e-04 |   1.466e-08 | 1.000e+00 | 4.805e-12 |   5.175e-18 | 1.000e+00 | 5.356e-09
     1 |  3.0823e-13 |   4.588e-22 | 8.141e-05 | 2.118e-04 |   3.082e-13 | 2.103e-05 | 4.761e-12 |   2.326e-23 | 4.495e-06 | 5.299e-09
  SNES converged via DOF-wise criteria:
    DOF 0: ABS (atol)
    DOF 1: ABS (atol) STOL (stol)
    DOF 2: ABS (atol) STOL (stol)
Max dt! can not Increase time step: 1.600e+04 -> 1.600e+04 
  BOUNDS: phi_ice [0.0000, 1.0000]  phi_air [0.0000, 1.0000]
  ===============================================================================
  >>> DOMAIN INTEGRALS (PER TIME STEP)
  ===============================================================================
  -------------------------------------------------------------------------------------------------------------
    STEP |     TIME [s] |    DT [s] |    TOT_ICE |    TOT_AIR |      TEMP |  TOT_RHOV | I-A INTERF | TOTAL_MASS
  -------------------------------------------------------------------------------------------------------------
   289 |  3.62398e+06 | 1.600e+04 |  1.379e-08 |  1.621e-08 | -6.000e-07 | 1.376e-11 |  1.038e-10 |  1.267e-05
       |              |           |    +0.000% |    -0.000% |           |   -0.001% |            |    +0.000%
OUTPUT print!
    SNES DOF norms (2-norm) and ratios
    --------------------------------------------------------------------------------------------------------------------------------------
    it |       fnorm |          n0 |        r0 |        s0 |          n1 |        r1 |        s1 |          n2 |        r2 |        s2
    --------------------------------------------------------------------------------------------------------------------------------------
     0 |  1.4487e-08 |   5.570e-18 | 1.000e+00 | 2.118e-04 |   1.449e-08 | 1.000e+00 | 4.761e-12 |   5.115e-18 | 1.000e+00 | 5.299e-09
     1 |  3.0860e-13 |   4.481e-22 | 8.045e-05 | 2.094e-04 |   3.086e-13 | 2.130e-05 | 4.717e-12 |   2.272e-23 | 4.441e-06 | 5.242e-09
  SNES converged via DOF-wise criteria:
    DOF 0: ABS (atol)
    DOF 1: ABS (atol) STOL (stol)
    DOF 2: ABS (atol) STOL (stol)
Max dt! can not Increase time step: 1.600e+04 -> 1.600e+04 
  BOUNDS: phi_ice [0.0000, 1.0000]  phi_air [0.0000, 1.0000]
  ===============================================================================
  >>> DOMAIN INTEGRALS (PER TIME STEP)
  ===============================================================================
  -------------------------------------------------------------------------------------------------------------
    STEP |     TIME [s] |    DT [s] |    TOT_ICE |    TOT_AIR |      TEMP |  TOT_RHOV | I-A INTERF | TOTAL_MASS
  -------------------------------------------------------------------------------------------------------------
   290 |  3.63998e+06 | 1.600e+04 |  1.379e-08 |  1.621e-08 | -6.000e-07 | 1.376e-11 |  1.039e-10 |  1.267e-05
       |              |           |    +0.000% |    -0.000% |           |   -0.001% |            |    +0.000%
    SNES DOF norms (2-norm) and ratios
    --------------------------------------------------------------------------------------------------------------------------------------
    it |       fnorm |          n0 |        r0 |        s0 |          n1 |        r1 |        s1 |          n2 |        r2 |        s2
    --------------------------------------------------------------------------------------------------------------------------------------
     0 |  1.4318e-08 |   5.505e-18 | 1.000e+00 | 2.094e-04 |   1.432e-08 | 1.000e+00 | 4.717e-12 |   5.055e-18 | 1.000e+00 | 5.242e-09
     1 |  3.0757e-13 |   4.377e-22 | 7.951e-05 | 2.069e-04 |   3.076e-13 | 2.148e-05 | 4.674e-12 |   2.218e-23 | 4.388e-06 | 5.185e-09
  SNES converged via DOF-wise criteria:
    DOF 0: ABS (atol)
    DOF 1: ABS (atol) STOL (stol)
    DOF 2: ABS (atol) STOL (stol)
Max dt! can not Increase time step: 1.600e+04 -> 1.600e+04 
  BOUNDS: phi_ice [0.0000, 1.0000]  phi_air [0.0000, 1.0000]
  ===============================================================================
  >>> DOMAIN INTEGRALS (PER TIME STEP)
  ===============================================================================
  -------------------------------------------------------------------------------------------------------------
    STEP |     TIME [s] |    DT [s] |    TOT_ICE |    TOT_AIR |      TEMP |  TOT_RHOV | I-A INTERF | TOTAL_MASS
  -------------------------------------------------------------------------------------------------------------
   291 |  3.65598e+06 | 1.600e+04 |  1.379e-08 |  1.621e-08 | -6.000e-07 | 1.376e-11 |  1.039e-10 |  1.267e-05
       |              |           |    +0.000% |    -0.000% |           |   -0.001% |            |    +0.000%
    SNES DOF norms (2-norm) and ratios
    --------------------------------------------------------------------------------------------------------------------------------------
    it |       fnorm |          n0 |        r0 |        s0 |          n1 |        r1 |        s1 |          n2 |        r2 |        s2
    --------------------------------------------------------------------------------------------------------------------------------------
     0 |  1.4150e-08 |   5.441e-18 | 1.000e+00 | 2.069e-04 |   1.415e-08 | 1.000e+00 | 4.674e-12 |   4.995e-18 | 1.000e+00 | 5.185e-09
     1 |  3.1221e-13 |   4.275e-22 | 7.857e-05 | 2.045e-04 |   3.122e-13 | 2.206e-05 | 4.631e-12 |   2.166e-23 | 4.335e-06 | 5.129e-09
  SNES converged via DOF-wise criteria:
    DOF 0: ABS (atol)
    DOF 1: ABS (atol) STOL (stol)
    DOF 2: ABS (atol) STOL (stol)
Max dt! can not Increase time step: 1.600e+04 -> 1.600e+04 
  BOUNDS: phi_ice [0.0000, 1.0000]  phi_air [0.0000, 1.0000]
  ===============================================================================
  >>> DOMAIN INTEGRALS (PER TIME STEP)
  ===============================================================================
  -------------------------------------------------------------------------------------------------------------
    STEP |     TIME [s] |    DT [s] |    TOT_ICE |    TOT_AIR |      TEMP |  TOT_RHOV | I-A INTERF | TOTAL_MASS
  -------------------------------------------------------------------------------------------------------------
   292 |  3.67198e+06 | 1.600e+04 |  1.379e-08 |  1.621e-08 | -6.000e-07 | 1.376e-11 |  1.039e-10 |  1.267e-05
       |              |           |    +0.000% |    -0.000% |           |   -0.001% |            |    +0.000%
    SNES DOF norms (2-norm) and ratios
    --------------------------------------------------------------------------------------------------------------------------------------
    it |       fnorm |          n0 |        r0 |        s0 |          n1 |        r1 |        s1 |          n2 |        r2 |        s2
    --------------------------------------------------------------------------------------------------------------------------------------
     0 |  1.3985e-08 |   5.377e-18 | 1.000e+00 | 2.045e-04 |   1.398e-08 | 1.000e+00 | 4.631e-12 |   4.937e-18 | 1.000e+00 | 5.129e-09
     1 |  3.1680e-13 |   4.176e-22 | 7.765e-05 | 2.021e-04 |   3.168e-13 | 2.265e-05 | 4.588e-12 |   2.115e-23 | 4.283e-06 | 5.074e-09
  SNES converged via DOF-wise criteria:
    DOF 0: ABS (atol)
    DOF 1: ABS (atol) STOL (stol)
    DOF 2: ABS (atol) STOL (stol)
Max dt! can not Increase time step: 1.600e+04 -> 1.600e+04 
  BOUNDS: phi_ice [0.0000, 1.0000]  phi_air [0.0000, 1.0000]
  ===============================================================================
  >>> DOMAIN INTEGRALS (PER TIME STEP)
  ===============================================================================
  -------------------------------------------------------------------------------------------------------------
    STEP |     TIME [s] |    DT [s] |    TOT_ICE |    TOT_AIR |      TEMP |  TOT_RHOV | I-A INTERF | TOTAL_MASS
  -------------------------------------------------------------------------------------------------------------
   293 |  3.68798e+06 | 1.600e+04 |  1.379e-08 |  1.621e-08 | -6.000e-07 | 1.376e-11 |  1.039e-10 |  1.267e-05
       |              |           |    +0.000% |    -0.000% |           |   -0.001% |            |    +0.000%
    SNES DOF norms (2-norm) and ratios
    --------------------------------------------------------------------------------------------------------------------------------------
    it |       fnorm |          n0 |        r0 |        s0 |          n1 |        r1 |        s1 |          n2 |        r2 |        s2
    --------------------------------------------------------------------------------------------------------------------------------------
     0 |  1.3821e-08 |   5.314e-18 | 1.000e+00 | 2.021e-04 |   1.382e-08 | 1.000e+00 | 4.588e-12 |   4.879e-18 | 1.000e+00 | 5.074e-09
     1 |  3.0751e-13 |   4.078e-22 | 7.674e-05 | 1.997e-04 |   3.075e-13 | 2.225e-05 | 4.545e-12 |   2.065e-23 | 4.232e-06 | 5.020e-09
  SNES converged via DOF-wise criteria:
    DOF 0: ABS (atol)
    DOF 1: ABS (atol) STOL (stol)
    DOF 2: ABS (atol) STOL (stol)
Max dt! can not Increase time step: 1.600e+04 -> 1.600e+04 
  BOUNDS: phi_ice [0.0000, 1.0000]  phi_air [0.0000, 1.0000]
  ===============================================================================
  >>> DOMAIN INTEGRALS (PER TIME STEP)
  ===============================================================================
  -------------------------------------------------------------------------------------------------------------
    STEP |     TIME [s] |    DT [s] |    TOT_ICE |    TOT_AIR |      TEMP |  TOT_RHOV | I-A INTERF | TOTAL_MASS
  -------------------------------------------------------------------------------------------------------------
   294 |  3.70398e+06 | 1.600e+04 |  1.379e-08 |  1.621e-08 | -6.000e-07 | 1.376e-11 |  1.039e-10 |  1.267e-05
       |              |           |    +0.000% |    -0.000% |           |   -0.001% |            |    +0.000%
    SNES DOF norms (2-norm) and ratios
    --------------------------------------------------------------------------------------------------------------------------------------
    it |       fnorm |          n0 |        r0 |        s0 |          n1 |        r1 |        s1 |          n2 |        r2 |        s2
    --------------------------------------------------------------------------------------------------------------------------------------
     0 |  1.3659e-08 |   5.252e-18 | 1.000e+00 | 1.997e-04 |   1.366e-08 | 1.000e+00 | 4.545e-12 |   4.822e-18 | 1.000e+00 | 5.020e-09
     1 |  3.0150e-13 |   3.983e-22 | 7.584e-05 | 1.974e-04 |   3.015e-13 | 2.207e-05 | 4.503e-12 |   2.016e-23 | 4.182e-06 | 4.966e-09
  SNES converged via DOF-wise criteria:
    DOF 0: ABS (atol)
    DOF 1: ABS (atol) STOL (stol)
    DOF 2: ABS (atol) STOL (stol)
Max dt! can not Increase time step: 1.600e+04 -> 1.600e+04 
  BOUNDS: phi_ice [0.0000, 1.0000]  phi_air [0.0000, 1.0000]
  ===============================================================================
  >>> DOMAIN INTEGRALS (PER TIME STEP)
  ===============================================================================
  -------------------------------------------------------------------------------------------------------------
    STEP |     TIME [s] |    DT [s] |    TOT_ICE |    TOT_AIR |      TEMP |  TOT_RHOV | I-A INTERF | TOTAL_MASS
  -------------------------------------------------------------------------------------------------------------
   295 |  3.71998e+06 | 1.600e+04 |  1.379e-08 |  1.621e-08 | -6.000e-07 | 1.376e-11 |  1.039e-10 |  1.267e-05
       |              |           |    +0.000% |    -0.000% |           |   -0.001% |            |    +0.000%
OUTPUT print!
    SNES DOF norms (2-norm) and ratios
    --------------------------------------------------------------------------------------------------------------------------------------
    it |       fnorm |          n0 |        r0 |        s0 |          n1 |        r1 |        s1 |          n2 |        r2 |        s2
    --------------------------------------------------------------------------------------------------------------------------------------
     0 |  1.3500e-08 |   5.191e-18 | 1.000e+00 | 1.974e-04 |   1.350e-08 | 1.000e+00 | 4.503e-12 |   4.766e-18 | 1.000e+00 | 4.966e-09
     1 |  3.0767e-13 |   3.891e-22 | 7.495e-05 | 1.951e-04 |   3.077e-13 | 2.279e-05 | 4.461e-12 |   1.969e-23 | 4.132e-06 | 4.912e-09
  SNES converged via DOF-wise criteria:
    DOF 0: ABS (atol)
    DOF 1: ABS (atol) STOL (stol)
    DOF 2: ABS (atol) STOL (stol)
Max dt! can not Increase time step: 1.600e+04 -> 1.600e+04 
  BOUNDS: phi_ice [0.0000, 1.0000]  phi_air [0.0000, 1.0000]
  ===============================================================================
  >>> DOMAIN INTEGRALS (PER TIME STEP)
  ===============================================================================
  -------------------------------------------------------------------------------------------------------------
    STEP |     TIME [s] |    DT [s] |    TOT_ICE |    TOT_AIR |      TEMP |  TOT_RHOV | I-A INTERF | TOTAL_MASS
  -------------------------------------------------------------------------------------------------------------
   296 |  3.73598e+06 | 1.600e+04 |  1.379e-08 |  1.621e-08 | -6.000e-07 | 1.376e-11 |  1.039e-10 |  1.267e-05
       |              |           |    +0.000% |    -0.000% |           |   -0.001% |            |    +0.000%
    SNES DOF norms (2-norm) and ratios
    --------------------------------------------------------------------------------------------------------------------------------------
    it |       fnorm |          n0 |        r0 |        s0 |          n1 |        r1 |        s1 |          n2 |        r2 |        s2
    --------------------------------------------------------------------------------------------------------------------------------------
     0 |  1.3342e-08 |   5.130e-18 | 1.000e+00 | 1.951e-04 |   1.334e-08 | 1.000e+00 | 4.461e-12 |   4.710e-18 | 1.000e+00 | 4.912e-09
     1 |  3.0553e-13 |   3.800e-22 | 7.408e-05 | 1.928e-04 |   3.055e-13 | 2.290e-05 | 4.419e-12 |   1.923e-23 | 4.082e-06 | 4.859e-09
  SNES converged via DOF-wise criteria:
    DOF 0: ABS (atol)
    DOF 1: ABS (atol) STOL (stol)
    DOF 2: ABS (atol) STOL (stol)
Max dt! can not Increase time step: 1.600e+04 -> 1.600e+04 
  BOUNDS: phi_ice [0.0000, 1.0000]  phi_air [0.0000, 1.0000]
  ===============================================================================
  >>> DOMAIN INTEGRALS (PER TIME STEP)
  ===============================================================================
  -------------------------------------------------------------------------------------------------------------
    STEP |     TIME [s] |    DT [s] |    TOT_ICE |    TOT_AIR |      TEMP |  TOT_RHOV | I-A INTERF | TOTAL_MASS
  -------------------------------------------------------------------------------------------------------------
   297 |  3.75198e+06 | 1.600e+04 |  1.379e-08 |  1.621e-08 | -6.000e-07 | 1.376e-11 |  1.039e-10 |  1.267e-05
       |              |           |    +0.000% |    -0.000% |           |   -0.001% |            |    +0.000%
    SNES DOF norms (2-norm) and ratios
    --------------------------------------------------------------------------------------------------------------------------------------
    it |       fnorm |          n0 |        r0 |        s0 |          n1 |        r1 |        s1 |          n2 |        r2 |        s2
    --------------------------------------------------------------------------------------------------------------------------------------
     0 |  1.3186e-08 |   5.070e-18 | 1.000e+00 | 1.928e-04 |   1.319e-08 | 1.000e+00 | 4.419e-12 |   4.655e-18 | 1.000e+00 | 4.859e-09
     1 |  3.0927e-13 |   3.712e-22 | 7.321e-05 | 1.906e-04 |   3.093e-13 | 2.345e-05 | 4.378e-12 |   1.878e-23 | 4.034e-06 | 4.807e-09
  SNES converged via DOF-wise criteria:
    DOF 0: ABS (atol)
    DOF 1: ABS (atol) STOL (stol)
    DOF 2: ABS (atol) STOL (stol)
Max dt! can not Increase time step: 1.600e+04 -> 1.600e+04 
  BOUNDS: phi_ice [0.0000, 1.0000]  phi_air [0.0000, 1.0000]
  ===============================================================================
  >>> DOMAIN INTEGRALS (PER TIME STEP)
  ===============================================================================
  -------------------------------------------------------------------------------------------------------------
    STEP |     TIME [s] |    DT [s] |    TOT_ICE |    TOT_AIR |      TEMP |  TOT_RHOV | I-A INTERF | TOTAL_MASS
  -------------------------------------------------------------------------------------------------------------
   298 |  3.76798e+06 | 1.600e+04 |  1.379e-08 |  1.621e-08 | -6.000e-07 | 1.376e-11 |  1.039e-10 |  1.267e-05
       |              |           |    +0.000% |    -0.000% |           |   -0.001% |            |    +0.000%
    SNES DOF norms (2-norm) and ratios
    --------------------------------------------------------------------------------------------------------------------------------------
    it |       fnorm |          n0 |        r0 |        s0 |          n1 |        r1 |        s1 |          n2 |        r2 |        s2
    --------------------------------------------------------------------------------------------------------------------------------------
     0 |  1.3032e-08 |   5.011e-18 | 1.000e+00 | 1.906e-04 |   1.303e-08 | 1.000e+00 | 4.378e-12 |   4.601e-18 | 1.000e+00 | 4.807e-09
     1 |  3.1288e-13 |   3.625e-22 | 7.235e-05 | 1.883e-04 |   3.129e-13 | 2.401e-05 | 4.336e-12 |   1.834e-23 | 3.986e-06 | 4.755e-09
  SNES converged via DOF-wise criteria:
    DOF 0: ABS (atol)
    DOF 1: ABS (atol) STOL (stol)
    DOF 2: ABS (atol) STOL (stol)
Max dt! can not Increase time step: 1.600e+04 -> 1.600e+04 
  BOUNDS: phi_ice [0.0000, 1.0000]  phi_air [0.0000, 1.0000]
  ===============================================================================
  >>> DOMAIN INTEGRALS (PER TIME STEP)
  ===============================================================================
  -------------------------------------------------------------------------------------------------------------
    STEP |     TIME [s] |    DT [s] |    TOT_ICE |    TOT_AIR |      TEMP |  TOT_RHOV | I-A INTERF | TOTAL_MASS
  -------------------------------------------------------------------------------------------------------------
   299 |  3.78398e+06 | 1.600e+04 |  1.379e-08 |  1.621e-08 | -6.000e-07 | 1.376e-11 |  1.039e-10 |  1.267e-05
       |              |           |    +0.000% |    -0.000% |           |   -0.001% |            |    +0.000%
    SNES DOF norms (2-norm) and ratios
    --------------------------------------------------------------------------------------------------------------------------------------
    it |       fnorm |          n0 |        r0 |        s0 |          n1 |        r1 |        s1 |          n2 |        r2 |        s2
    --------------------------------------------------------------------------------------------------------------------------------------
     0 |  1.2880e-08 |   4.952e-18 | 1.000e+00 | 1.883e-04 |   1.288e-08 | 1.000e+00 | 4.336e-12 |   4.547e-18 | 1.000e+00 | 4.755e-09
     1 |  3.1053e-13 |   3.541e-22 | 7.151e-05 | 1.861e-04 |   3.105e-13 | 2.411e-05 | 4.295e-12 |   1.791e-23 | 3.938e-06 | 4.704e-09
  SNES converged via DOF-wise criteria:
    DOF 0: ABS (atol)
    DOF 1: ABS (atol) STOL (stol)
    DOF 2: ABS (atol) STOL (stol)
Max dt! can not Increase time step: 1.600e+04 -> 1.600e+04 
  BOUNDS: phi_ice [0.0000, 1.0000]  phi_air [0.0000, 1.0000]
  ===============================================================================
  >>> DOMAIN INTEGRALS (PER TIME STEP)
  ===============================================================================
  -------------------------------------------------------------------------------------------------------------
    STEP |     TIME [s] |    DT [s] |    TOT_ICE |    TOT_AIR |      TEMP |  TOT_RHOV | I-A INTERF | TOTAL_MASS
  -------------------------------------------------------------------------------------------------------------
   300 |  3.79998e+06 | 1.600e+04 |  1.379e-08 |  1.621e-08 | -6.000e-07 | 1.376e-11 |  1.039e-10 |  1.267e-05
       |              |           |    +0.000% |    -0.000% |           |   -0.001% |            |    +0.000%
    SNES DOF norms (2-norm) and ratios
    --------------------------------------------------------------------------------------------------------------------------------------
    it |       fnorm |          n0 |        r0 |        s0 |          n1 |        r1 |        s1 |          n2 |        r2 |        s2
    --------------------------------------------------------------------------------------------------------------------------------------
     0 |  1.2729e-08 |   4.894e-18 | 1.000e+00 | 1.861e-04 |   1.273e-08 | 1.000e+00 | 4.295e-12 |   4.494e-18 | 1.000e+00 | 4.704e-09
     1 |  3.0338e-13 |   3.459e-22 | 7.067e-05 | 1.840e-04 |   3.034e-13 | 2.383e-05 | 4.255e-12 |   1.749e-23 | 3.891e-06 | 4.653e-09
  SNES converged via DOF-wise criteria:
    DOF 0: ABS (atol)
    DOF 1: ABS (atol) STOL (stol)
    DOF 2: ABS (atol) STOL (stol)
Max dt! can not Increase time step: 1.600e+04 -> 1.600e+04 
  BOUNDS: phi_ice [0.0000, 1.0000]  phi_air [0.0000, 1.0000]
  ===============================================================================
  >>> DOMAIN INTEGRALS (PER TIME STEP)
  ===============================================================================
  -------------------------------------------------------------------------------------------------------------
    STEP |     TIME [s] |    DT [s] |    TOT_ICE |    TOT_AIR |      TEMP |  TOT_RHOV | I-A INTERF | TOTAL_MASS
  -------------------------------------------------------------------------------------------------------------
   301 |  3.81598e+06 | 1.600e+04 |  1.379e-08 |  1.621e-08 | -6.000e-07 | 1.376e-11 |  1.039e-10 |  1.267e-05
       |              |           |    +0.000% |    -0.000% |           |   -0.001% |            |    +0.000%
OUTPUT print!
    SNES DOF norms (2-norm) and ratios
    --------------------------------------------------------------------------------------------------------------------------------------
    it |       fnorm |          n0 |        r0 |        s0 |          n1 |        r1 |        s1 |          n2 |        r2 |        s2
    --------------------------------------------------------------------------------------------------------------------------------------
     0 |  1.2581e-08 |   4.837e-18 | 1.000e+00 | 1.840e-04 |   1.258e-08 | 1.000e+00 | 4.255e-12 |   4.441e-18 | 1.000e+00 | 4.653e-09
     1 |  3.0917e-13 |   3.379e-22 | 6.984e-05 | 1.818e-04 |   3.092e-13 | 2.457e-05 | 4.214e-12 |   1.708e-23 | 3.845e-06 | 4.603e-09
  SNES converged via DOF-wise criteria:
    DOF 0: ABS (atol)
    DOF 1: ABS (atol) STOL (stol)
    DOF 2: ABS (atol) STOL (stol)
Max dt! can not Increase time step: 1.600e+04 -> 1.600e+04 
  BOUNDS: phi_ice [0.0000, 1.0000]  phi_air [0.0000, 1.0000]
  ===============================================================================
  >>> DOMAIN INTEGRALS (PER TIME STEP)
  ===============================================================================
  -------------------------------------------------------------------------------------------------------------
    STEP |     TIME [s] |    DT [s] |    TOT_ICE |    TOT_AIR |      TEMP |  TOT_RHOV | I-A INTERF | TOTAL_MASS
  -------------------------------------------------------------------------------------------------------------
   302 |  3.83198e+06 | 1.600e+04 |  1.379e-08 |  1.621e-08 | -6.000e-07 | 1.376e-11 |  1.040e-10 |  1.267e-05
       |              |           |    +0.000% |    -0.000% |           |   -0.001% |            |    +0.000%
    SNES DOF norms (2-norm) and ratios
    --------------------------------------------------------------------------------------------------------------------------------------
    it |       fnorm |          n0 |        r0 |        s0 |          n1 |        r1 |        s1 |          n2 |        r2 |        s2
    --------------------------------------------------------------------------------------------------------------------------------------
     0 |  1.2434e-08 |   4.781e-18 | 1.000e+00 | 1.818e-04 |   1.243e-08 | 1.000e+00 | 4.214e-12 |   4.390e-18 | 1.000e+00 | 4.603e-09
     1 |  3.1007e-13 |   3.300e-22 | 6.903e-05 | 1.797e-04 |   3.101e-13 | 2.494e-05 | 4.174e-12 |   1.668e-23 | 3.799e-06 | 4.553e-09
  SNES converged via DOF-wise criteria:
    DOF 0: ABS (atol)
    DOF 1: ABS (atol) STOL (stol)
    DOF 2: ABS (atol) STOL (stol)
Max dt! can not Increase time step: 1.600e+04 -> 1.600e+04 
  BOUNDS: phi_ice [0.0000, 1.0000]  phi_air [0.0000, 1.0000]
  ===============================================================================
  >>> DOMAIN INTEGRALS (PER TIME STEP)
  ===============================================================================
  -------------------------------------------------------------------------------------------------------------
    STEP |     TIME [s] |    DT [s] |    TOT_ICE |    TOT_AIR |      TEMP |  TOT_RHOV | I-A INTERF | TOTAL_MASS
  -------------------------------------------------------------------------------------------------------------
   303 |  3.84798e+06 | 1.600e+04 |  1.379e-08 |  1.621e-08 | -6.000e-07 | 1.376e-11 |  1.040e-10 |  1.267e-05
       |              |           |    +0.000% |    -0.000% |           |   -0.001% |            |    +0.000%
    SNES DOF norms (2-norm) and ratios
    --------------------------------------------------------------------------------------------------------------------------------------
    it |       fnorm |          n0 |        r0 |        s0 |          n1 |        r1 |        s1 |          n2 |        r2 |        s2
    --------------------------------------------------------------------------------------------------------------------------------------
     0 |  1.2289e-08 |   4.725e-18 | 1.000e+00 | 1.797e-04 |   1.229e-08 | 1.000e+00 | 4.174e-12 |   4.338e-18 | 1.000e+00 | 4.553e-09
     1 |  3.0677e-13 |   3.223e-22 | 6.822e-05 | 1.776e-04 |   3.068e-13 | 2.496e-05 | 4.134e-12 |   1.628e-23 | 3.754e-06 | 4.504e-09
  SNES converged via DOF-wise criteria:
    DOF 0: ABS (atol)
    DOF 1: ABS (atol) STOL (stol)
    DOF 2: ABS (atol) STOL (stol)
Max dt! can not Increase time step: 1.600e+04 -> 1.600e+04 
  BOUNDS: phi_ice [0.0000, 1.0000]  phi_air [0.0000, 1.0000]
  ===============================================================================
  >>> DOMAIN INTEGRALS (PER TIME STEP)
  ===============================================================================
  -------------------------------------------------------------------------------------------------------------
    STEP |     TIME [s] |    DT [s] |    TOT_ICE |    TOT_AIR |      TEMP |  TOT_RHOV | I-A INTERF | TOTAL_MASS
  -------------------------------------------------------------------------------------------------------------
   304 |  3.86398e+06 | 1.600e+04 |  1.379e-08 |  1.621e-08 | -6.000e-07 | 1.376e-11 |  1.040e-10 |  1.267e-05
       |              |           |    +0.000% |    -0.000% |           |   -0.001% |            |    +0.000%
    SNES DOF norms (2-norm) and ratios
    --------------------------------------------------------------------------------------------------------------------------------------
    it |       fnorm |          n0 |        r0 |        s0 |          n1 |        r1 |        s1 |          n2 |        r2 |        s2
    --------------------------------------------------------------------------------------------------------------------------------------
     0 |  1.2146e-08 |   4.670e-18 | 1.000e+00 | 1.776e-04 |   1.215e-08 | 1.000e+00 | 4.134e-12 |   4.288e-18 | 1.000e+00 | 4.504e-09
     1 |  3.0735e-13 |   3.149e-22 | 6.742e-05 | 1.755e-04 |   3.074e-13 | 2.531e-05 | 4.095e-12 |   1.590e-23 | 3.709e-06 | 4.455e-09
  SNES converged via DOF-wise criteria:
    DOF 0: ABS (atol)
    DOF 1: ABS (atol) STOL (stol)
    DOF 2: ABS (atol) STOL (stol)
Max dt! can not Increase time step: 1.600e+04 -> 1.600e+04 
  BOUNDS: phi_ice [0.0000, 1.0000]  phi_air [0.0000, 1.0000]
  ===============================================================================
  >>> DOMAIN INTEGRALS (PER TIME STEP)
  ===============================================================================
  -------------------------------------------------------------------------------------------------------------
    STEP |     TIME [s] |    DT [s] |    TOT_ICE |    TOT_AIR |      TEMP |  TOT_RHOV | I-A INTERF | TOTAL_MASS
  -------------------------------------------------------------------------------------------------------------
   305 |  3.87998e+06 | 1.600e+04 |  1.379e-08 |  1.621e-08 | -6.000e-07 | 1.376e-11 |  1.040e-10 |  1.267e-05
       |              |           |    +0.000% |    -0.000% |           |   -0.001% |            |    +0.000%
    SNES DOF norms (2-norm) and ratios
    --------------------------------------------------------------------------------------------------------------------------------------
    it |       fnorm |          n0 |        r0 |        s0 |          n1 |        r1 |        s1 |          n2 |        r2 |        s2
    --------------------------------------------------------------------------------------------------------------------------------------
     0 |  1.2004e-08 |   4.616e-18 | 1.000e+00 | 1.755e-04 |   1.200e-08 | 1.000e+00 | 4.095e-12 |   4.238e-18 | 1.000e+00 | 4.455e-09
     1 |  3.0555e-13 |   3.076e-22 | 6.663e-05 | 1.735e-04 |   3.055e-13 | 2.545e-05 | 4.055e-12 |   1.553e-23 | 3.665e-06 | 4.406e-09
  SNES converged via DOF-wise criteria:
    DOF 0: ABS (atol)
    DOF 1: ABS (atol) STOL (stol)
    DOF 2: ABS (atol) STOL (stol)
Max dt! can not Increase time step: 1.600e+04 -> 1.600e+04 
  BOUNDS: phi_ice [0.0000, 1.0000]  phi_air [0.0000, 1.0000]
  ===============================================================================
  >>> DOMAIN INTEGRALS (PER TIME STEP)
  ===============================================================================
  -------------------------------------------------------------------------------------------------------------
    STEP |     TIME [s] |    DT [s] |    TOT_ICE |    TOT_AIR |      TEMP |  TOT_RHOV | I-A INTERF | TOTAL_MASS
  -------------------------------------------------------------------------------------------------------------
   306 |  3.89598e+06 | 1.600e+04 |  1.379e-08 |  1.621e-08 | -6.000e-07 | 1.376e-11 |  1.040e-10 |  1.267e-05
       |              |           |    +0.000% |    -0.000% |           |   -0.001% |            |    +0.000%
    SNES DOF norms (2-norm) and ratios
    --------------------------------------------------------------------------------------------------------------------------------------
    it |       fnorm |          n0 |        r0 |        s0 |          n1 |        r1 |        s1 |          n2 |        r2 |        s2
    --------------------------------------------------------------------------------------------------------------------------------------
     0 |  1.1864e-08 |   4.562e-18 | 1.000e+00 | 1.735e-04 |   1.186e-08 | 1.000e+00 | 4.055e-12 |   4.188e-18 | 1.000e+00 | 4.406e-09
     1 |  3.0886e-13 |   3.004e-22 | 6.586e-05 | 1.715e-04 |   3.089e-13 | 2.603e-05 | 4.016e-12 |   1.517e-23 | 3.621e-06 | 4.359e-09
  SNES converged via DOF-wise criteria:
    DOF 0: ABS (atol)
    DOF 1: ABS (atol) STOL (stol)
    DOF 2: ABS (atol) STOL (stol)
Max dt! can not Increase time step: 1.600e+04 -> 1.600e+04 
  BOUNDS: phi_ice [0.0000, 1.0000]  phi_air [0.0000, 1.0000]
  ===============================================================================
  >>> DOMAIN INTEGRALS (PER TIME STEP)
  ===============================================================================
  -------------------------------------------------------------------------------------------------------------
    STEP |     TIME [s] |    DT [s] |    TOT_ICE |    TOT_AIR |      TEMP |  TOT_RHOV | I-A INTERF | TOTAL_MASS
  -------------------------------------------------------------------------------------------------------------
   307 |  3.91198e+06 | 1.600e+04 |  1.379e-08 |  1.621e-08 | -6.000e-07 | 1.376e-11 |  1.040e-10 |  1.267e-05
       |              |           |    +0.000% |    -0.000% |           |   -0.001% |            |    +0.000%
OUTPUT print!
    SNES DOF norms (2-norm) and ratios
    --------------------------------------------------------------------------------------------------------------------------------------
    it |       fnorm |          n0 |        r0 |        s0 |          n1 |        r1 |        s1 |          n2 |        r2 |        s2
    --------------------------------------------------------------------------------------------------------------------------------------
     0 |  1.1726e-08 |   4.509e-18 | 1.000e+00 | 1.715e-04 |   1.173e-08 | 1.000e+00 | 4.016e-12 |   4.140e-18 | 1.000e+00 | 4.359e-09
     1 |  3.0604e-13 |   2.934e-22 | 6.509e-05 | 1.695e-04 |   3.060e-13 | 2.610e-05 | 3.978e-12 |   1.481e-23 | 3.578e-06 | 4.312e-09
  SNES converged via DOF-wise criteria:
    DOF 0: ABS (atol)
    DOF 1: ABS (atol) STOL (stol)
    DOF 2: ABS (atol) STOL (stol)
Max dt! can not Increase time step: 1.600e+04 -> 1.600e+04 
  BOUNDS: phi_ice [0.0000, 1.0000]  phi_air [0.0000, 1.0000]
  ===============================================================================
  >>> DOMAIN INTEGRALS (PER TIME STEP)
  ===============================================================================
  -------------------------------------------------------------------------------------------------------------
    STEP |     TIME [s] |    DT [s] |    TOT_ICE |    TOT_AIR |      TEMP |  TOT_RHOV | I-A INTERF | TOTAL_MASS
  -------------------------------------------------------------------------------------------------------------
   308 |  3.92798e+06 | 1.600e+04 |  1.379e-08 |  1.621e-08 | -6.000e-07 | 1.376e-11 |  1.040e-10 |  1.267e-05
       |              |           |    +0.000% |    -0.000% |           |   -0.001% |            |    +0.000%
    SNES DOF norms (2-norm) and ratios
    --------------------------------------------------------------------------------------------------------------------------------------
    it |       fnorm |          n0 |        r0 |        s0 |          n1 |        r1 |        s1 |          n2 |        r2 |        s2
    --------------------------------------------------------------------------------------------------------------------------------------
     0 |  1.1589e-08 |   4.456e-18 | 1.000e+00 | 1.695e-04 |   1.159e-08 | 1.000e+00 | 3.978e-12 |   4.091e-18 | 1.000e+00 | 4.312e-09
     1 |  3.1566e-13 |   2.866e-22 | 6.433e-05 | 1.675e-04 |   3.157e-13 | 2.724e-05 | 3.939e-12 |   1.447e-23 | 3.536e-06 | 4.265e-09
  SNES converged via DOF-wise criteria:
    DOF 0: ABS (atol)
    DOF 1: ABS (atol) STOL (stol)
    DOF 2: ABS (atol) STOL (stol)
Max dt! can not Increase time step: 1.600e+04 -> 1.600e+04 
  BOUNDS: phi_ice [0.0000, 1.0000]  phi_air [0.0000, 1.0000]
  ===============================================================================
  >>> DOMAIN INTEGRALS (PER TIME STEP)
  ===============================================================================
  -------------------------------------------------------------------------------------------------------------
    STEP |     TIME [s] |    DT [s] |    TOT_ICE |    TOT_AIR |      TEMP |  TOT_RHOV | I-A INTERF | TOTAL_MASS
  -------------------------------------------------------------------------------------------------------------
   309 |  3.94398e+06 | 1.600e+04 |  1.379e-08 |  1.621e-08 | -6.000e-07 | 1.376e-11 |  1.040e-10 |  1.267e-05
       |              |           |    +0.000% |    -0.000% |           |   -0.001% |            |    +0.000%
    SNES DOF norms (2-norm) and ratios
    --------------------------------------------------------------------------------------------------------------------------------------
    it |       fnorm |          n0 |        r0 |        s0 |          n1 |        r1 |        s1 |          n2 |        r2 |        s2
    --------------------------------------------------------------------------------------------------------------------------------------
     0 |  1.1454e-08 |   4.404e-18 | 1.000e+00 | 1.675e-04 |   1.145e-08 | 1.000e+00 | 3.939e-12 |   4.044e-18 | 1.000e+00 | 4.265e-09
     1 |  3.0586e-13 |   2.800e-22 | 6.358e-05 | 1.655e-04 |   3.059e-13 | 2.670e-05 | 3.901e-12 |   1.413e-23 | 3.494e-06 | 4.219e-09
  SNES converged via DOF-wise criteria:
    DOF 0: ABS (atol)
    DOF 1: ABS (atol) STOL (stol)
    DOF 2: ABS (atol) STOL (stol)
Max dt! can not Increase time step: 1.600e+04 -> 1.600e+04 
  BOUNDS: phi_ice [0.0000, 1.0000]  phi_air [0.0000, 1.0000]
  ===============================================================================
  >>> DOMAIN INTEGRALS (PER TIME STEP)
  ===============================================================================
  -------------------------------------------------------------------------------------------------------------
    STEP |     TIME [s] |    DT [s] |    TOT_ICE |    TOT_AIR |      TEMP |  TOT_RHOV | I-A INTERF | TOTAL_MASS
  -------------------------------------------------------------------------------------------------------------
   310 |  3.95998e+06 | 1.600e+04 |  1.379e-08 |  1.621e-08 | -6.000e-07 | 1.376e-11 |  1.040e-10 |  1.267e-05
       |              |           |    +0.000% |    -0.000% |           |   -0.001% |            |    +0.000%
    SNES DOF norms (2-norm) and ratios
    --------------------------------------------------------------------------------------------------------------------------------------
    it |       fnorm |          n0 |        r0 |        s0 |          n1 |        r1 |        s1 |          n2 |        r2 |        s2
    --------------------------------------------------------------------------------------------------------------------------------------
     0 |  1.1321e-08 |   4.353e-18 | 1.000e+00 | 1.655e-04 |   1.132e-08 | 1.000e+00 | 3.901e-12 |   3.997e-18 | 1.000e+00 | 4.219e-09
     1 |  3.0258e-13 |   2.735e-22 | 6.284e-05 | 1.636e-04 |   3.026e-13 | 2.673e-05 | 3.863e-12 |   1.380e-23 | 3.453e-06 | 4.173e-09
  SNES converged via DOF-wise criteria:
    DOF 0: ABS (atol)
    DOF 1: ABS (atol) STOL (stol)
    DOF 2: ABS (atol) STOL (stol)
Max dt! can not Increase time step: 1.600e+04 -> 1.600e+04 
  BOUNDS: phi_ice [0.0000, 1.0000]  phi_air [0.0000, 1.0000]
  ===============================================================================
  >>> DOMAIN INTEGRALS (PER TIME STEP)
  ===============================================================================
  -------------------------------------------------------------------------------------------------------------
    STEP |     TIME [s] |    DT [s] |    TOT_ICE |    TOT_AIR |      TEMP |  TOT_RHOV | I-A INTERF | TOTAL_MASS
  -------------------------------------------------------------------------------------------------------------
   311 |  3.97598e+06 | 1.600e+04 |  1.379e-08 |  1.621e-08 | -6.000e-07 | 1.376e-11 |  1.040e-10 |  1.267e-05
       |              |           |    +0.000% |    -0.000% |           |   -0.001% |            |    +0.000%
    SNES DOF norms (2-norm) and ratios
    --------------------------------------------------------------------------------------------------------------------------------------
    it |       fnorm |          n0 |        r0 |        s0 |          n1 |        r1 |        s1 |          n2 |        r2 |        s2
    --------------------------------------------------------------------------------------------------------------------------------------
     0 |  1.1189e-08 |   4.302e-18 | 1.000e+00 | 1.636e-04 |   1.119e-08 | 1.000e+00 | 3.863e-12 |   3.950e-18 | 1.000e+00 | 4.173e-09
     1 |  3.0381e-13 |   2.672e-22 | 6.210e-05 | 1.617e-04 |   3.038e-13 | 2.715e-05 | 3.826e-12 |   1.348e-23 | 3.412e-06 | 4.128e-09
  SNES converged via DOF-wise criteria:
    DOF 0: ABS (atol)
    DOF 1: ABS (atol) STOL (stol)
    DOF 2: ABS (atol) STOL (stol)
Max dt! can not Increase time step: 1.600e+04 -> 1.600e+04 
  BOUNDS: phi_ice [0.0000, 1.0000]  phi_air [0.0000, 1.0000]
  ===============================================================================
  >>> DOMAIN INTEGRALS (PER TIME STEP)
  ===============================================================================
  -------------------------------------------------------------------------------------------------------------
    STEP |     TIME [s] |    DT [s] |    TOT_ICE |    TOT_AIR |      TEMP |  TOT_RHOV | I-A INTERF | TOTAL_MASS
  -------------------------------------------------------------------------------------------------------------
   312 |  3.99198e+06 | 1.600e+04 |  1.379e-08 |  1.621e-08 | -6.000e-07 | 1.376e-11 |  1.040e-10 |  1.267e-05
       |              |           |    +0.000% |    -0.000% |           |   -0.001% |            |    +0.000%
    SNES DOF norms (2-norm) and ratios
    --------------------------------------------------------------------------------------------------------------------------------------
    it |       fnorm |          n0 |        r0 |        s0 |          n1 |        r1 |        s1 |          n2 |        r2 |        s2
    --------------------------------------------------------------------------------------------------------------------------------------
     0 |  1.1058e-08 |   4.252e-18 | 1.000e+00 | 1.617e-04 |   1.106e-08 | 1.000e+00 | 3.826e-12 |   3.904e-18 | 1.000e+00 | 4.128e-09
     1 |  3.0658e-13 |   2.610e-22 | 6.138e-05 | 1.598e-04 |   3.066e-13 | 2.772e-05 | 3.788e-12 |   1.316e-23 | 3.372e-06 | 4.083e-09
  SNES converged via DOF-wise criteria:
    DOF 0: ABS (atol)
    DOF 1: ABS (atol) STOL (stol)
    DOF 2: ABS (atol) STOL (stol)
Max dt! can not Increase time step: 1.600e+04 -> 1.600e+04 
  BOUNDS: phi_ice [0.0000, 1.0000]  phi_air [0.0000, 1.0000]
  ===============================================================================
  >>> DOMAIN INTEGRALS (PER TIME STEP)
  ===============================================================================
  -------------------------------------------------------------------------------------------------------------
    STEP |     TIME [s] |    DT [s] |    TOT_ICE |    TOT_AIR |      TEMP |  TOT_RHOV | I-A INTERF | TOTAL_MASS
  -------------------------------------------------------------------------------------------------------------
   313 |  4.00798e+06 | 1.600e+04 |  1.379e-08 |  1.621e-08 | -6.000e-07 | 1.376e-11 |  1.040e-10 |  1.267e-05
       |              |           |    +0.000% |    -0.000% |           |   -0.001% |            |    +0.000%
OUTPUT print!
    SNES DOF norms (2-norm) and ratios
    --------------------------------------------------------------------------------------------------------------------------------------
    it |       fnorm |          n0 |        r0 |        s0 |          n1 |        r1 |        s1 |          n2 |        r2 |        s2
    --------------------------------------------------------------------------------------------------------------------------------------
     0 |  1.0930e-08 |   4.203e-18 | 1.000e+00 | 1.598e-04 |   1.093e-08 | 1.000e+00 | 3.788e-12 |   3.859e-18 | 1.000e+00 | 4.083e-09
     1 |  2.9840e-13 |   2.549e-22 | 6.066e-05 | 1.580e-04 |   2.984e-13 | 2.730e-05 | 3.751e-12 |   1.286e-23 | 3.332e-06 | 4.038e-09
  SNES converged via DOF-wise criteria:
    DOF 0: ABS (atol)
    DOF 1: ABS (atol) STOL (stol)
    DOF 2: ABS (atol) STOL (stol)
Max dt! can not Increase time step: 1.600e+04 -> 1.600e+04 
  BOUNDS: phi_ice [0.0000, 1.0000]  phi_air [0.0000, 1.0000]
  ===============================================================================
  >>> DOMAIN INTEGRALS (PER TIME STEP)
  ===============================================================================
  -------------------------------------------------------------------------------------------------------------
    STEP |     TIME [s] |    DT [s] |    TOT_ICE |    TOT_AIR |      TEMP |  TOT_RHOV | I-A INTERF | TOTAL_MASS
  -------------------------------------------------------------------------------------------------------------
   314 |  4.02398e+06 | 1.600e+04 |  1.379e-08 |  1.621e-08 | -6.000e-07 | 1.376e-11 |  1.040e-10 |  1.267e-05
       |              |           |    +0.000% |    -0.000% |           |   -0.001% |            |    +0.000%
    SNES DOF norms (2-norm) and ratios
    --------------------------------------------------------------------------------------------------------------------------------------
    it |       fnorm |          n0 |        r0 |        s0 |          n1 |        r1 |        s1 |          n2 |        r2 |        s2
    --------------------------------------------------------------------------------------------------------------------------------------
     0 |  1.0803e-08 |   4.154e-18 | 1.000e+00 | 1.580e-04 |   1.080e-08 | 1.000e+00 | 3.751e-12 |   3.814e-18 | 1.000e+00 | 4.038e-09
     1 |  3.0597e-13 |   2.490e-22 | 5.996e-05 | 1.561e-04 |   3.060e-13 | 2.832e-05 | 3.714e-12 |   1.256e-23 | 3.292e-06 | 3.994e-09
  SNES converged via DOF-wise criteria:
    DOF 0: ABS (atol)
    DOF 1: ABS (atol) STOL (stol)
    DOF 2: ABS (atol) STOL (stol)
Max dt! can not Increase time step: 1.600e+04 -> 1.600e+04 
  BOUNDS: phi_ice [0.0000, 1.0000]  phi_air [0.0000, 1.0000]
  ===============================================================================
  >>> DOMAIN INTEGRALS (PER TIME STEP)
  ===============================================================================
  -------------------------------------------------------------------------------------------------------------
    STEP |     TIME [s] |    DT [s] |    TOT_ICE |    TOT_AIR |      TEMP |  TOT_RHOV | I-A INTERF | TOTAL_MASS
  -------------------------------------------------------------------------------------------------------------
   315 |  4.03998e+06 | 1.600e+04 |  1.379e-08 |  1.621e-08 | -6.000e-07 | 1.376e-11 |  1.041e-10 |  1.267e-05
       |              |           |    +0.000% |    -0.000% |           |   -0.001% |            |    +0.000%
    SNES DOF norms (2-norm) and ratios
    --------------------------------------------------------------------------------------------------------------------------------------
    it |       fnorm |          n0 |        r0 |        s0 |          n1 |        r1 |        s1 |          n2 |        r2 |        s2
    --------------------------------------------------------------------------------------------------------------------------------------
     0 |  1.0677e-08 |   4.105e-18 | 1.000e+00 | 1.561e-04 |   1.068e-08 | 1.000e+00 | 3.714e-12 |   3.769e-18 | 1.000e+00 | 3.994e-09
     1 |  3.0476e-13 |   2.433e-22 | 5.926e-05 | 1.543e-04 |   3.048e-13 | 2.854e-05 | 3.678e-12 |   1.226e-23 | 3.253e-06 | 3.951e-09
  SNES converged via DOF-wise criteria:
    DOF 0: ABS (atol)
    DOF 1: ABS (atol) STOL (stol)
    DOF 2: ABS (atol) STOL (stol)
Max dt! can not Increase time step: 1.600e+04 -> 1.600e+04 
  BOUNDS: phi_ice [0.0000, 1.0000]  phi_air [0.0000, 1.0000]
  ===============================================================================
  >>> DOMAIN INTEGRALS (PER TIME STEP)
  ===============================================================================
  -------------------------------------------------------------------------------------------------------------
    STEP |     TIME [s] |    DT [s] |    TOT_ICE |    TOT_AIR |      TEMP |  TOT_RHOV | I-A INTERF | TOTAL_MASS
  -------------------------------------------------------------------------------------------------------------
   316 |  4.05598e+06 | 1.600e+04 |  1.379e-08 |  1.621e-08 | -6.000e-07 | 1.376e-11 |  1.041e-10 |  1.267e-05
       |              |           |    +0.000% |    -0.000% |           |   -0.001% |            |    +0.000%
    SNES DOF norms (2-norm) and ratios
    --------------------------------------------------------------------------------------------------------------------------------------
    it |       fnorm |          n0 |        r0 |        s0 |          n1 |        r1 |        s1 |          n2 |        r2 |        s2
    --------------------------------------------------------------------------------------------------------------------------------------
     0 |  1.0553e-08 |   4.058e-18 | 1.000e+00 | 1.543e-04 |   1.055e-08 | 1.000e+00 | 3.678e-12 |   3.725e-18 | 1.000e+00 | 3.951e-09
     1 |  3.0330e-13 |   2.376e-22 | 5.857e-05 | 1.525e-04 |   3.033e-13 | 2.874e-05 | 3.642e-12 |   1.198e-23 | 3.215e-06 | 3.908e-09
  SNES converged via DOF-wise criteria:
    DOF 0: ABS (atol)
    DOF 1: ABS (atol) STOL (stol)
    DOF 2: ABS (atol) STOL (stol)
Max dt! can not Increase time step: 1.600e+04 -> 1.600e+04 
  BOUNDS: phi_ice [0.0000, 1.0000]  phi_air [0.0000, 1.0000]
  ===============================================================================
  >>> DOMAIN INTEGRALS (PER TIME STEP)
  ===============================================================================
  -------------------------------------------------------------------------------------------------------------
    STEP |     TIME [s] |    DT [s] |    TOT_ICE |    TOT_AIR |      TEMP |  TOT_RHOV | I-A INTERF | TOTAL_MASS
  -------------------------------------------------------------------------------------------------------------
   317 |  4.07198e+06 | 1.600e+04 |  1.379e-08 |  1.621e-08 | -6.000e-07 | 1.376e-11 |  1.041e-10 |  1.267e-05
       |              |           |    +0.000% |    -0.000% |           |   -0.001% |            |    +0.000%
    SNES DOF norms (2-norm) and ratios
    --------------------------------------------------------------------------------------------------------------------------------------
    it |       fnorm |          n0 |        r0 |        s0 |          n1 |        r1 |        s1 |          n2 |        r2 |        s2
    --------------------------------------------------------------------------------------------------------------------------------------
     0 |  1.0430e-08 |   4.010e-18 | 1.000e+00 | 1.525e-04 |   1.043e-08 | 1.000e+00 | 3.642e-12 |   3.682e-18 | 1.000e+00 | 3.908e-09
     1 |  3.0547e-13 |   2.321e-22 | 5.788e-05 | 1.508e-04 |   3.055e-13 | 2.929e-05 | 3.606e-12 |   1.170e-23 | 3.177e-06 | 3.866e-09
  SNES converged via DOF-wise criteria:
    DOF 0: ABS (atol)
    DOF 1: ABS (atol) STOL (stol)
    DOF 2: ABS (atol) STOL (stol)
Max dt! can not Increase time step: 1.600e+04 -> 1.600e+04 
  BOUNDS: phi_ice [0.0000, 1.0000]  phi_air [0.0000, 1.0000]
  ===============================================================================
  >>> DOMAIN INTEGRALS (PER TIME STEP)
  ===============================================================================
  -------------------------------------------------------------------------------------------------------------
    STEP |     TIME [s] |    DT [s] |    TOT_ICE |    TOT_AIR |      TEMP |  TOT_RHOV | I-A INTERF | TOTAL_MASS
  -------------------------------------------------------------------------------------------------------------
   318 |  4.08798e+06 | 1.600e+04 |  1.379e-08 |  1.621e-08 | -6.000e-07 | 1.376e-11 |  1.041e-10 |  1.267e-05
       |              |           |    +0.000% |    -0.000% |           |   -0.001% |            |    +0.000%
    SNES DOF norms (2-norm) and ratios
    --------------------------------------------------------------------------------------------------------------------------------------
    it |       fnorm |          n0 |        r0 |        s0 |          n1 |        r1 |        s1 |          n2 |        r2 |        s2
    --------------------------------------------------------------------------------------------------------------------------------------
     0 |  1.0309e-08 |   3.964e-18 | 1.000e+00 | 1.508e-04 |   1.031e-08 | 1.000e+00 | 3.606e-12 |   3.639e-18 | 1.000e+00 | 3.866e-09
     1 |  3.0355e-13 |   2.268e-22 | 5.721e-05 | 1.490e-04 |   3.035e-13 | 2.945e-05 | 3.570e-12 |   1.143e-23 | 3.140e-06 | 3.824e-09
  SNES converged via DOF-wise criteria:
    DOF 0: ABS (atol)
    DOF 1: ABS (atol) STOL (stol)
    DOF 2: ABS (atol) STOL (stol)
Max dt! can not Increase time step: 1.600e+04 -> 1.600e+04 
  BOUNDS: phi_ice [0.0000, 1.0000]  phi_air [0.0000, 1.0000]
  ===============================================================================
  >>> DOMAIN INTEGRALS (PER TIME STEP)
  ===============================================================================
  -------------------------------------------------------------------------------------------------------------
    STEP |     TIME [s] |    DT [s] |    TOT_ICE |    TOT_AIR |      TEMP |  TOT_RHOV | I-A INTERF | TOTAL_MASS
  -------------------------------------------------------------------------------------------------------------
   319 |  4.10398e+06 | 1.600e+04 |  1.379e-08 |  1.621e-08 | -6.000e-07 | 1.376e-11 |  1.041e-10 |  1.267e-05
       |              |           |    +0.000% |    -0.000% |           |   -0.001% |            |    +0.000%
OUTPUT print!
    SNES DOF norms (2-norm) and ratios
    --------------------------------------------------------------------------------------------------------------------------------------
    it |       fnorm |          n0 |        r0 |        s0 |          n1 |        r1 |        s1 |          n2 |        r2 |        s2
    --------------------------------------------------------------------------------------------------------------------------------------
     0 |  1.0189e-08 |   3.918e-18 | 1.000e+00 | 1.490e-04 |   1.019e-08 | 1.000e+00 | 3.570e-12 |   3.597e-18 | 1.000e+00 | 3.824e-09
     1 |  3.0607e-13 |   2.215e-22 | 5.654e-05 | 1.473e-04 |   3.061e-13 | 3.004e-05 | 3.535e-12 |   1.116e-23 | 3.103e-06 | 3.782e-09
  SNES converged via DOF-wise criteria:
    DOF 0: ABS (atol)
    DOF 1: ABS (atol) STOL (stol)
    DOF 2: ABS (atol) STOL (stol)
Max dt! can not Increase time step: 1.600e+04 -> 1.600e+04 
  BOUNDS: phi_ice [0.0000, 1.0000]  phi_air [0.0000, 1.0000]
  ===============================================================================
  >>> DOMAIN INTEGRALS (PER TIME STEP)
  ===============================================================================
  -------------------------------------------------------------------------------------------------------------
    STEP |     TIME [s] |    DT [s] |    TOT_ICE |    TOT_AIR |      TEMP |  TOT_RHOV | I-A INTERF | TOTAL_MASS
  -------------------------------------------------------------------------------------------------------------
   320 |  4.11998e+06 | 1.600e+04 |  1.379e-08 |  1.621e-08 | -6.000e-07 | 1.376e-11 |  1.041e-10 |  1.267e-05
       |              |           |    +0.000% |    -0.000% |           |   -0.001% |            |    +0.000%
    SNES DOF norms (2-norm) and ratios
    --------------------------------------------------------------------------------------------------------------------------------------
    it |       fnorm |          n0 |        r0 |        s0 |          n1 |        r1 |        s1 |          n2 |        r2 |        s2
    --------------------------------------------------------------------------------------------------------------------------------------
     0 |  1.0070e-08 |   3.872e-18 | 1.000e+00 | 1.473e-04 |   1.007e-08 | 1.000e+00 | 3.535e-12 |   3.555e-18 | 1.000e+00 | 3.782e-09
     1 |  3.0268e-13 |   2.164e-22 | 5.589e-05 | 1.456e-04 |   3.027e-13 | 3.006e-05 | 3.500e-12 |   1.090e-23 | 3.066e-06 | 3.741e-09
  SNES converged via DOF-wise criteria:
    DOF 0: ABS (atol)
    DOF 1: ABS (atol) STOL (stol)
    DOF 2: ABS (atol) STOL (stol)
Max dt! can not Increase time step: 1.600e+04 -> 1.600e+04 
  BOUNDS: phi_ice [0.0000, 1.0000]  phi_air [0.0000, 1.0000]
  ===============================================================================
  >>> DOMAIN INTEGRALS (PER TIME STEP)
  ===============================================================================
  -------------------------------------------------------------------------------------------------------------
    STEP |     TIME [s] |    DT [s] |    TOT_ICE |    TOT_AIR |      TEMP |  TOT_RHOV | I-A INTERF | TOTAL_MASS
  -------------------------------------------------------------------------------------------------------------
   321 |  4.13598e+06 | 1.600e+04 |  1.379e-08 |  1.621e-08 | -6.000e-07 | 1.376e-11 |  1.041e-10 |  1.267e-05
       |              |           |    +0.000% |    -0.000% |           |   -0.001% |            |    +0.000%
    SNES DOF norms (2-norm) and ratios
    --------------------------------------------------------------------------------------------------------------------------------------
    it |       fnorm |          n0 |        r0 |        s0 |          n1 |        r1 |        s1 |          n2 |        r2 |        s2
    --------------------------------------------------------------------------------------------------------------------------------------
     0 |  9.9535e-09 |   3.827e-18 | 1.000e+00 | 1.456e-04 |   9.953e-09 | 1.000e+00 | 3.500e-12 |   3.514e-18 | 1.000e+00 | 3.741e-09
     1 |  3.1077e-13 |   2.114e-22 | 5.524e-05 | 1.439e-04 |   3.108e-13 | 3.122e-05 | 3.465e-12 |   1.065e-23 | 3.030e-06 | 3.700e-09
  SNES converged via DOF-wise criteria:
    DOF 0: ABS (atol)
    DOF 1: ABS (atol) STOL (stol)
    DOF 2: ABS (atol) STOL (stol)
Max dt! can not Increase time step: 1.600e+04 -> 1.600e+04 
  BOUNDS: phi_ice [0.0000, 1.0000]  phi_air [0.0000, 1.0000]
  ===============================================================================
  >>> DOMAIN INTEGRALS (PER TIME STEP)
  ===============================================================================
  -------------------------------------------------------------------------------------------------------------
    STEP |     TIME [s] |    DT [s] |    TOT_ICE |    TOT_AIR |      TEMP |  TOT_RHOV | I-A INTERF | TOTAL_MASS
  -------------------------------------------------------------------------------------------------------------
   322 |  4.15198e+06 | 1.600e+04 |  1.379e-08 |  1.621e-08 | -6.000e-07 | 1.376e-11 |  1.041e-10 |  1.267e-05
       |              |           |    +0.000% |    -0.000% |           |   -0.001% |            |    +0.000%
    SNES DOF norms (2-norm) and ratios
    --------------------------------------------------------------------------------------------------------------------------------------
    it |       fnorm |          n0 |        r0 |        s0 |          n1 |        r1 |        s1 |          n2 |        r2 |        s2
    --------------------------------------------------------------------------------------------------------------------------------------
     0 |  9.8378e-09 |   3.783e-18 | 1.000e+00 | 1.439e-04 |   9.838e-09 | 1.000e+00 | 3.465e-12 |   3.473e-18 | 1.000e+00 | 3.700e-09
     1 |  3.0257e-13 |   2.065e-22 | 5.459e-05 | 1.422e-04 |   3.026e-13 | 3.076e-05 | 3.430e-12 |   1.040e-23 | 2.995e-06 | 3.660e-09
  SNES converged via DOF-wise criteria:
    DOF 0: ABS (atol)
    DOF 1: ABS (atol) STOL (stol)
    DOF 2: ABS (atol) STOL (stol)
Max dt! can not Increase time step: 1.600e+04 -> 1.600e+04 
  BOUNDS: phi_ice [0.0000, 1.0000]  phi_air [0.0000, 1.0000]
  ===============================================================================
  >>> DOMAIN INTEGRALS (PER TIME STEP)
  ===============================================================================
  -------------------------------------------------------------------------------------------------------------
    STEP |     TIME [s] |    DT [s] |    TOT_ICE |    TOT_AIR |      TEMP |  TOT_RHOV | I-A INTERF | TOTAL_MASS
  -------------------------------------------------------------------------------------------------------------
   323 |  4.16798e+06 | 1.600e+04 |  1.379e-08 |  1.621e-08 | -6.000e-07 | 1.376e-11 |  1.041e-10 |  1.267e-05
       |              |           |    +0.000% |    -0.000% |           |   -0.001% |            |    +0.000%
    SNES DOF norms (2-norm) and ratios
    --------------------------------------------------------------------------------------------------------------------------------------
    it |       fnorm |          n0 |        r0 |        s0 |          n1 |        r1 |        s1 |          n2 |        r2 |        s2
    --------------------------------------------------------------------------------------------------------------------------------------
     0 |  9.7236e-09 |   3.739e-18 | 1.000e+00 | 1.422e-04 |   9.724e-09 | 1.000e+00 | 3.430e-12 |   3.433e-18 | 1.000e+00 | 3.660e-09
     1 |  2.9509e-13 |   2.017e-22 | 5.396e-05 | 1.405e-04 |   2.951e-13 | 3.035e-05 | 3.396e-12 |   1.016e-23 | 2.960e-06 | 3.620e-09
  SNES converged via DOF-wise criteria:
    DOF 0: ABS (atol)
    DOF 1: ABS (atol) STOL (stol)
    DOF 2: ABS (atol) STOL (stol)
Max dt! can not Increase time step: 1.600e+04 -> 1.600e+04 
  BOUNDS: phi_ice [0.0000, 1.0000]  phi_air [0.0000, 1.0000]
  ===============================================================================
  >>> DOMAIN INTEGRALS (PER TIME STEP)
  ===============================================================================
  -------------------------------------------------------------------------------------------------------------
    STEP |     TIME [s] |    DT [s] |    TOT_ICE |    TOT_AIR |      TEMP |  TOT_RHOV | I-A INTERF | TOTAL_MASS
  -------------------------------------------------------------------------------------------------------------
   324 |  4.18398e+06 | 1.600e+04 |  1.379e-08 |  1.621e-08 | -6.000e-07 | 1.376e-11 |  1.041e-10 |  1.267e-05
       |              |           |    +0.000% |    -0.000% |           |   -0.001% |            |    +0.000%
    SNES DOF norms (2-norm) and ratios
    --------------------------------------------------------------------------------------------------------------------------------------
    it |       fnorm |          n0 |        r0 |        s0 |          n1 |        r1 |        s1 |          n2 |        r2 |        s2
    --------------------------------------------------------------------------------------------------------------------------------------
     0 |  9.6107e-09 |   3.695e-18 | 1.000e+00 | 1.405e-04 |   9.611e-09 | 1.000e+00 | 3.396e-12 |   3.393e-18 | 1.000e+00 | 3.620e-09
     1 |  3.0231e-13 |   1.971e-22 | 5.333e-05 | 1.389e-04 |   3.023e-13 | 3.146e-05 | 3.362e-12 |   9.924e-24 | 2.925e-06 | 3.580e-09
  SNES converged via DOF-wise criteria:
    DOF 0: ABS (atol)
    DOF 1: ABS (atol) STOL (stol)
    DOF 2: ABS (atol) STOL (stol)
Max dt! can not Increase time step: 1.600e+04 -> 1.600e+04 
  BOUNDS: phi_ice [0.0000, 1.0000]  phi_air [0.0000, 1.0000]
  ===============================================================================
  >>> DOMAIN INTEGRALS (PER TIME STEP)
  ===============================================================================
  -------------------------------------------------------------------------------------------------------------
    STEP |     TIME [s] |    DT [s] |    TOT_ICE |    TOT_AIR |      TEMP |  TOT_RHOV | I-A INTERF | TOTAL_MASS
  -------------------------------------------------------------------------------------------------------------
   325 |  4.19998e+06 | 1.600e+04 |  1.379e-08 |  1.621e-08 | -6.000e-07 | 1.376e-11 |  1.041e-10 |  1.267e-05
       |              |           |    +0.000% |    -0.000% |           |   -0.001% |            |    +0.000%
OUTPUT print!
    SNES DOF norms (2-norm) and ratios
    --------------------------------------------------------------------------------------------------------------------------------------
    it |       fnorm |          n0 |        r0 |        s0 |          n1 |        r1 |        s1 |          n2 |        r2 |        s2
    --------------------------------------------------------------------------------------------------------------------------------------
     0 |  9.4991e-09 |   3.652e-18 | 1.000e+00 | 1.389e-04 |   9.499e-09 | 1.000e+00 | 3.362e-12 |   3.353e-18 | 1.000e+00 | 3.580e-09
     1 |  3.0097e-13 |   1.925e-22 | 5.271e-05 | 1.373e-04 |   3.010e-13 | 3.168e-05 | 3.329e-12 |   9.694e-24 | 2.891e-06 | 3.541e-09
  SNES converged via DOF-wise criteria:
    DOF 0: ABS (atol)
    DOF 1: ABS (atol) STOL (stol)
    DOF 2: ABS (atol) STOL (stol)
Max dt! can not Increase time step: 1.600e+04 -> 1.600e+04 
  BOUNDS: phi_ice [0.0000, 1.0000]  phi_air [0.0000, 1.0000]
  ===============================================================================
  >>> DOMAIN INTEGRALS (PER TIME STEP)
  ===============================================================================
  -------------------------------------------------------------------------------------------------------------
    STEP |     TIME [s] |    DT [s] |    TOT_ICE |    TOT_AIR |      TEMP |  TOT_RHOV | I-A INTERF | TOTAL_MASS
  -------------------------------------------------------------------------------------------------------------
   326 |  4.21598e+06 | 1.600e+04 |  1.379e-08 |  1.621e-08 | -6.000e-07 | 1.376e-11 |  1.041e-10 |  1.267e-05
       |              |           |    +0.000% |    -0.000% |           |   -0.001% |            |    +0.000%
    SNES DOF norms (2-norm) and ratios
    --------------------------------------------------------------------------------------------------------------------------------------
    it |       fnorm |          n0 |        r0 |        s0 |          n1 |        r1 |        s1 |          n2 |        r2 |        s2
    --------------------------------------------------------------------------------------------------------------------------------------
     0 |  9.3888e-09 |   3.610e-18 | 1.000e+00 | 1.373e-04 |   9.389e-09 | 1.000e+00 | 3.329e-12 |   3.315e-18 | 1.000e+00 | 3.541e-09
     1 |  3.0723e-13 |   1.881e-22 | 5.210e-05 | 1.357e-04 |   3.072e-13 | 3.272e-05 | 3.295e-12 |   9.469e-24 | 2.857e-06 | 3.503e-09
  SNES converged via DOF-wise criteria:
    DOF 0: ABS (atol)
    DOF 1: ABS (atol) STOL (stol)
    DOF 2: ABS (atol) STOL (stol)
Max dt! can not Increase time step: 1.600e+04 -> 1.600e+04 
  BOUNDS: phi_ice [0.0000, 1.0000]  phi_air [0.0000, 1.0000]
  ===============================================================================
  >>> DOMAIN INTEGRALS (PER TIME STEP)
  ===============================================================================
  -------------------------------------------------------------------------------------------------------------
    STEP |     TIME [s] |    DT [s] |    TOT_ICE |    TOT_AIR |      TEMP |  TOT_RHOV | I-A INTERF | TOTAL_MASS
  -------------------------------------------------------------------------------------------------------------
   327 |  4.23198e+06 | 1.600e+04 |  1.379e-08 |  1.621e-08 | -6.000e-07 | 1.376e-11 |  1.041e-10 |  1.267e-05
       |              |           |    +0.000% |    -0.000% |           |   -0.001% |            |    +0.000%
    SNES DOF norms (2-norm) and ratios
    --------------------------------------------------------------------------------------------------------------------------------------
    it |       fnorm |          n0 |        r0 |        s0 |          n1 |        r1 |        s1 |          n2 |        r2 |        s2
    --------------------------------------------------------------------------------------------------------------------------------------
     0 |  9.2799e-09 |   3.568e-18 | 1.000e+00 | 1.357e-04 |   9.280e-09 | 1.000e+00 | 3.295e-12 |   3.276e-18 | 1.000e+00 | 3.503e-09
     1 |  2.9916e-13 |   1.837e-22 | 5.149e-05 | 1.341e-04 |   2.992e-13 | 3.224e-05 | 3.262e-12 |   9.249e-24 | 2.823e-06 | 3.464e-09
  SNES converged via DOF-wise criteria:
    DOF 0: ABS (atol)
    DOF 1: ABS (atol) STOL (stol)
    DOF 2: ABS (atol) STOL (stol)
Max dt! can not Increase time step: 1.600e+04 -> 1.600e+04 
  BOUNDS: phi_ice [0.0000, 1.0000]  phi_air [0.0000, 1.0000]
  ===============================================================================
  >>> DOMAIN INTEGRALS (PER TIME STEP)
  ===============================================================================
  -------------------------------------------------------------------------------------------------------------
    STEP |     TIME [s] |    DT [s] |    TOT_ICE |    TOT_AIR |      TEMP |  TOT_RHOV | I-A INTERF | TOTAL_MASS
  -------------------------------------------------------------------------------------------------------------
   328 |  4.24798e+06 | 1.600e+04 |  1.379e-08 |  1.621e-08 | -6.000e-07 | 1.376e-11 |  1.041e-10 |  1.267e-05
       |              |           |    +0.000% |    -0.000% |           |   -0.001% |            |    +0.000%
    SNES DOF norms (2-norm) and ratios
    --------------------------------------------------------------------------------------------------------------------------------------
    it |       fnorm |          n0 |        r0 |        s0 |          n1 |        r1 |        s1 |          n2 |        r2 |        s2
    --------------------------------------------------------------------------------------------------------------------------------------
     0 |  9.1722e-09 |   3.527e-18 | 1.000e+00 | 1.341e-04 |   9.172e-09 | 1.000e+00 | 3.262e-12 |   3.238e-18 | 1.000e+00 | 3.464e-09
     1 |  3.0446e-13 |   1.795e-22 | 5.089e-05 | 1.326e-04 |   3.045e-13 | 3.319e-05 | 3.229e-12 |   9.036e-24 | 2.790e-06 | 3.426e-09
  SNES converged via DOF-wise criteria:
    DOF 0: ABS (atol)
    DOF 1: ABS (atol) STOL (stol)
    DOF 2: ABS (atol) STOL (stol)
Max dt! can not Increase time step: 1.600e+04 -> 1.600e+04 
  BOUNDS: phi_ice [0.0000, 1.0000]  phi_air [0.0000, 1.0000]
  ===============================================================================
  >>> DOMAIN INTEGRALS (PER TIME STEP)
  ===============================================================================
  -------------------------------------------------------------------------------------------------------------
    STEP |     TIME [s] |    DT [s] |    TOT_ICE |    TOT_AIR |      TEMP |  TOT_RHOV | I-A INTERF | TOTAL_MASS
  -------------------------------------------------------------------------------------------------------------
   329 |  4.26398e+06 | 1.600e+04 |  1.379e-08 |  1.621e-08 | -6.000e-07 | 1.376e-11 |  1.042e-10 |  1.267e-05
       |              |           |    +0.000% |    -0.000% |           |   -0.001% |            |    +0.000%
    SNES DOF norms (2-norm) and ratios
    --------------------------------------------------------------------------------------------------------------------------------------
    it |       fnorm |          n0 |        r0 |        s0 |          n1 |        r1 |        s1 |          n2 |        r2 |        s2
    --------------------------------------------------------------------------------------------------------------------------------------
     0 |  9.0658e-09 |   3.486e-18 | 1.000e+00 | 1.326e-04 |   9.066e-09 | 1.000e+00 | 3.229e-12 |   3.201e-18 | 1.000e+00 | 3.426e-09
     1 |  3.0508e-13 |   1.753e-22 | 5.030e-05 | 1.310e-04 |   3.051e-13 | 3.365e-05 | 3.197e-12 |   8.827e-24 | 2.758e-06 | 3.389e-09
  SNES converged via DOF-wise criteria:
    DOF 0: ABS (atol)
    DOF 1: ABS (atol) STOL (stol)
    DOF 2: ABS (atol) STOL (stol)
Max dt! can not Increase time step: 1.600e+04 -> 1.600e+04 
  BOUNDS: phi_ice [0.0000, 1.0000]  phi_air [0.0000, 1.0000]
  ===============================================================================
  >>> DOMAIN INTEGRALS (PER TIME STEP)
  ===============================================================================
  -------------------------------------------------------------------------------------------------------------
    STEP |     TIME [s] |    DT [s] |    TOT_ICE |    TOT_AIR |      TEMP |  TOT_RHOV | I-A INTERF | TOTAL_MASS
  -------------------------------------------------------------------------------------------------------------
   330 |  4.27998e+06 | 1.600e+04 |  1.379e-08 |  1.621e-08 | -6.000e-07 | 1.376e-11 |  1.042e-10 |  1.267e-05
       |              |           |    +0.000% |    -0.000% |           |   -0.001% |            |    +0.000%
    SNES DOF norms (2-norm) and ratios
    --------------------------------------------------------------------------------------------------------------------------------------
    it |       fnorm |          n0 |        r0 |        s0 |          n1 |        r1 |        s1 |          n2 |        r2 |        s2
    --------------------------------------------------------------------------------------------------------------------------------------
     0 |  8.9607e-09 |   3.445e-18 | 1.000e+00 | 1.310e-04 |   8.961e-09 | 1.000e+00 | 3.197e-12 |   3.163e-18 | 1.000e+00 | 3.389e-09
     1 |  3.0419e-13 |   1.713e-22 | 4.972e-05 | 1.295e-04 |   3.042e-13 | 3.395e-05 | 3.164e-12 |   8.622e-24 | 2.726e-06 | 3.352e-09
  SNES converged via DOF-wise criteria:
    DOF 0: ABS (atol)
    DOF 1: ABS (atol) STOL (stol)
    DOF 2: ABS (atol) STOL (stol)
Max dt! can not Increase time step: 1.600e+04 -> 1.600e+04 
  BOUNDS: phi_ice [0.0000, 1.0000]  phi_air [0.0000, 1.0000]
  ===============================================================================
  >>> DOMAIN INTEGRALS (PER TIME STEP)
  ===============================================================================
  -------------------------------------------------------------------------------------------------------------
    STEP |     TIME [s] |    DT [s] |    TOT_ICE |    TOT_AIR |      TEMP |  TOT_RHOV | I-A INTERF | TOTAL_MASS
  -------------------------------------------------------------------------------------------------------------
   331 |  4.29598e+06 | 1.600e+04 |  1.379e-08 |  1.621e-08 | -6.000e-07 | 1.376e-11 |  1.042e-10 |  1.267e-05
       |              |           |    +0.000% |    -0.000% |           |   -0.001% |            |    +0.000%
OUTPUT print!
    SNES DOF norms (2-norm) and ratios
    --------------------------------------------------------------------------------------------------------------------------------------
    it |       fnorm |          n0 |        r0 |        s0 |          n1 |        r1 |        s1 |          n2 |        r2 |        s2
    --------------------------------------------------------------------------------------------------------------------------------------
     0 |  8.8567e-09 |   3.405e-18 | 1.000e+00 | 1.295e-04 |   8.857e-09 | 1.000e+00 | 3.164e-12 |   3.127e-18 | 1.000e+00 | 3.352e-09
     1 |  3.0801e-13 |   1.673e-22 | 4.914e-05 | 1.280e-04 |   3.080e-13 | 3.478e-05 | 3.132e-12 |   8.423e-24 | 2.694e-06 | 3.315e-09
  SNES converged via DOF-wise criteria:
    DOF 0: ABS (atol)
    DOF 1: ABS (atol) STOL (stol)
    DOF 2: ABS (atol) STOL (stol)
Max dt! can not Increase time step: 1.600e+04 -> 1.600e+04 
  BOUNDS: phi_ice [0.0000, 1.0000]  phi_air [0.0000, 1.0000]
  ===============================================================================
  >>> DOMAIN INTEGRALS (PER TIME STEP)
  ===============================================================================
  -------------------------------------------------------------------------------------------------------------
    STEP |     TIME [s] |    DT [s] |    TOT_ICE |    TOT_AIR |      TEMP |  TOT_RHOV | I-A INTERF | TOTAL_MASS
  -------------------------------------------------------------------------------------------------------------
   332 |  4.31198e+06 | 1.600e+04 |  1.379e-08 |  1.621e-08 | -6.000e-07 | 1.376e-11 |  1.042e-10 |  1.267e-05
       |              |           |    +0.000% |    -0.000% |           |   -0.001% |            |    +0.000%
    SNES DOF norms (2-norm) and ratios
    --------------------------------------------------------------------------------------------------------------------------------------
    it |       fnorm |          n0 |        r0 |        s0 |          n1 |        r1 |        s1 |          n2 |        r2 |        s2
    --------------------------------------------------------------------------------------------------------------------------------------
     0 |  8.7541e-09 |   3.366e-18 | 1.000e+00 | 1.280e-04 |   8.754e-09 | 1.000e+00 | 3.132e-12 |   3.090e-18 | 1.000e+00 | 3.315e-09
     1 |  2.9891e-13 |   1.635e-22 | 4.857e-05 | 1.265e-04 |   2.989e-13 | 3.415e-05 | 3.100e-12 |   8.228e-24 | 2.663e-06 | 3.279e-09
  SNES converged via DOF-wise criteria:
    DOF 0: ABS (atol)
    DOF 1: ABS (atol) STOL (stol)
    DOF 2: ABS (atol) STOL (stol)
Max dt! can not Increase time step: 1.600e+04 -> 1.600e+04 
  BOUNDS: phi_ice [0.0000, 1.0000]  phi_air [0.0000, 1.0000]
  ===============================================================================
  >>> DOMAIN INTEGRALS (PER TIME STEP)
  ===============================================================================
  -------------------------------------------------------------------------------------------------------------
    STEP |     TIME [s] |    DT [s] |    TOT_ICE |    TOT_AIR |      TEMP |  TOT_RHOV | I-A INTERF | TOTAL_MASS
  -------------------------------------------------------------------------------------------------------------
   333 |  4.32798e+06 | 1.600e+04 |  1.379e-08 |  1.621e-08 | -6.000e-07 | 1.376e-11 |  1.042e-10 |  1.267e-05
       |              |           |    +0.000% |    -0.000% |           |   -0.001% |            |    +0.000%
    SNES DOF norms (2-norm) and ratios
    --------------------------------------------------------------------------------------------------------------------------------------
    it |       fnorm |          n0 |        r0 |        s0 |          n1 |        r1 |        s1 |          n2 |        r2 |        s2
    --------------------------------------------------------------------------------------------------------------------------------------
     0 |  8.6526e-09 |   3.327e-18 | 1.000e+00 | 1.265e-04 |   8.653e-09 | 1.000e+00 | 3.100e-12 |   3.055e-18 | 1.000e+00 | 3.279e-09
     1 |  3.0672e-13 |   1.597e-22 | 4.801e-05 | 1.251e-04 |   3.067e-13 | 3.545e-05 | 3.069e-12 |   8.038e-24 | 2.632e-06 | 3.243e-09
  SNES converged via DOF-wise criteria:
    DOF 0: ABS (atol)
    DOF 1: ABS (atol) STOL (stol)
    DOF 2: ABS (atol) STOL (stol)
Max dt! can not Increase time step: 1.600e+04 -> 1.600e+04 
  BOUNDS: phi_ice [0.0000, 1.0000]  phi_air [0.0000, 1.0000]
  ===============================================================================
  >>> DOMAIN INTEGRALS (PER TIME STEP)
  ===============================================================================
  -------------------------------------------------------------------------------------------------------------
    STEP |     TIME [s] |    DT [s] |    TOT_ICE |    TOT_AIR |      TEMP |  TOT_RHOV | I-A INTERF | TOTAL_MASS
  -------------------------------------------------------------------------------------------------------------
   334 |  4.34398e+06 | 1.600e+04 |  1.379e-08 |  1.621e-08 | -6.000e-07 | 1.376e-11 |  1.042e-10 |  1.267e-05
       |              |           |    +0.000% |    -0.000% |           |   -0.001% |            |    +0.000%
    SNES DOF norms (2-norm) and ratios
    --------------------------------------------------------------------------------------------------------------------------------------
    it |       fnorm |          n0 |        r0 |        s0 |          n1 |        r1 |        s1 |          n2 |        r2 |        s2
    --------------------------------------------------------------------------------------------------------------------------------------
     0 |  8.5523e-09 |   3.288e-18 | 1.000e+00 | 1.251e-04 |   8.552e-09 | 1.000e+00 | 3.069e-12 |   3.019e-18 | 1.000e+00 | 3.243e-09
     1 |  2.9971e-13 |   1.560e-22 | 4.745e-05 | 1.236e-04 |   2.997e-13 | 3.504e-05 | 3.038e-12 |   7.854e-24 | 2.601e-06 | 3.208e-09
  SNES converged via DOF-wise criteria:
    DOF 0: ABS (atol)
    DOF 1: ABS (atol) STOL (stol)
    DOF 2: ABS (atol) STOL (stol)
Max dt! can not Increase time step: 1.600e+04 -> 1.600e+04 
  BOUNDS: phi_ice [0.0000, 1.0000]  phi_air [0.0000, 1.0000]
  ===============================================================================
  >>> DOMAIN INTEGRALS (PER TIME STEP)
  ===============================================================================
  -------------------------------------------------------------------------------------------------------------
    STEP |     TIME [s] |    DT [s] |    TOT_ICE |    TOT_AIR |      TEMP |  TOT_RHOV | I-A INTERF | TOTAL_MASS
  -------------------------------------------------------------------------------------------------------------
   335 |  4.35998e+06 | 1.600e+04 |  1.379e-08 |  1.621e-08 | -6.000e-07 | 1.376e-11 |  1.042e-10 |  1.267e-05
       |              |           |    +0.000% |    -0.000% |           |   -0.001% |            |    +0.000%
    SNES DOF norms (2-norm) and ratios
    --------------------------------------------------------------------------------------------------------------------------------------
    it |       fnorm |          n0 |        r0 |        s0 |          n1 |        r1 |        s1 |          n2 |        r2 |        s2
    --------------------------------------------------------------------------------------------------------------------------------------
     0 |  8.4532e-09 |   3.250e-18 | 1.000e+00 | 1.236e-04 |   8.453e-09 | 1.000e+00 | 3.038e-12 |   2.984e-18 | 1.000e+00 | 3.208e-09
     1 |  3.0648e-13 |   1.524e-22 | 4.690e-05 | 1.222e-04 |   3.065e-13 | 3.626e-05 | 3.007e-12 |   7.673e-24 | 2.571e-06 | 3.172e-09
  SNES converged via DOF-wise criteria:
    DOF 0: ABS (atol)
    DOF 1: ABS (atol) STOL (stol)
    DOF 2: ABS (atol) STOL (stol)
Max dt! can not Increase time step: 1.600e+04 -> 1.600e+04 
  BOUNDS: phi_ice [0.0000, 1.0000]  phi_air [0.0000, 1.0000]
  ===============================================================================
  >>> DOMAIN INTEGRALS (PER TIME STEP)
  ===============================================================================
  -------------------------------------------------------------------------------------------------------------
    STEP |     TIME [s] |    DT [s] |    TOT_ICE |    TOT_AIR |      TEMP |  TOT_RHOV | I-A INTERF | TOTAL_MASS
  -------------------------------------------------------------------------------------------------------------
   336 |  4.37598e+06 | 1.600e+04 |  1.379e-08 |  1.621e-08 | -6.000e-07 | 1.376e-11 |  1.042e-10 |  1.267e-05
       |              |           |    +0.000% |    -0.000% |           |   -0.001% |            |    +0.000%
    SNES DOF norms (2-norm) and ratios
    --------------------------------------------------------------------------------------------------------------------------------------
    it |       fnorm |          n0 |        r0 |        s0 |          n1 |        r1 |        s1 |          n2 |        r2 |        s2
    --------------------------------------------------------------------------------------------------------------------------------------
     0 |  8.3553e-09 |   3.213e-18 | 1.000e+00 | 1.222e-04 |   8.355e-09 | 1.000e+00 | 3.007e-12 |   2.950e-18 | 1.000e+00 | 3.172e-09
     1 |  3.0189e-13 |   1.489e-22 | 4.635e-05 | 1.208e-04 |   3.019e-13 | 3.613e-05 | 2.976e-12 |   7.495e-24 | 2.541e-06 | 3.138e-09
  SNES converged via DOF-wise criteria:
    DOF 0: ABS (atol)
    DOF 1: ABS (atol) STOL (stol)
    DOF 2: ABS (atol) STOL (stol)
Max dt! can not Increase time step: 1.600e+04 -> 1.600e+04 
  BOUNDS: phi_ice [0.0000, 1.0000]  phi_air [0.0000, 1.0000]
  ===============================================================================
  >>> DOMAIN INTEGRALS (PER TIME STEP)
  ===============================================================================
  -------------------------------------------------------------------------------------------------------------
    STEP |     TIME [s] |    DT [s] |    TOT_ICE |    TOT_AIR |      TEMP |  TOT_RHOV | I-A INTERF | TOTAL_MASS
  -------------------------------------------------------------------------------------------------------------
   337 |  4.39198e+06 | 1.600e+04 |  1.379e-08 |  1.621e-08 | -6.000e-07 | 1.376e-11 |  1.042e-10 |  1.267e-05
       |              |           |    +0.000% |    -0.000% |           |   -0.001% |            |    +0.000%
OUTPUT print!
    SNES DOF norms (2-norm) and ratios
    --------------------------------------------------------------------------------------------------------------------------------------
    it |       fnorm |          n0 |        r0 |        s0 |          n1 |        r1 |        s1 |          n2 |        r2 |        s2
    --------------------------------------------------------------------------------------------------------------------------------------
     0 |  8.2585e-09 |   3.175e-18 | 1.000e+00 | 1.208e-04 |   8.258e-09 | 1.000e+00 | 2.976e-12 |   2.916e-18 | 1.000e+00 | 3.138e-09
     1 |  2.9525e-13 |   1.455e-22 | 4.582e-05 | 1.194e-04 |   2.952e-13 | 3.575e-05 | 2.946e-12 |   7.323e-24 | 2.512e-06 | 3.103e-09
  SNES converged via DOF-wise criteria:
    DOF 0: ABS (atol)
    DOF 1: ABS (atol) STOL (stol)
    DOF 2: ABS (atol) STOL (stol)
Max dt! can not Increase time step: 1.600e+04 -> 1.600e+04 
  BOUNDS: phi_ice [0.0000, 1.0000]  phi_air [0.0000, 1.0000]
  ===============================================================================
  >>> DOMAIN INTEGRALS (PER TIME STEP)
  ===============================================================================
  -------------------------------------------------------------------------------------------------------------
    STEP |     TIME [s] |    DT [s] |    TOT_ICE |    TOT_AIR |      TEMP |  TOT_RHOV | I-A INTERF | TOTAL_MASS
  -------------------------------------------------------------------------------------------------------------
   338 |  4.40798e+06 | 1.600e+04 |  1.379e-08 |  1.621e-08 | -6.000e-07 | 1.376e-11 |  1.042e-10 |  1.267e-05
       |              |           |    +0.000% |    -0.000% |           |   -0.001% |            |    +0.000%
    SNES DOF norms (2-norm) and ratios
    --------------------------------------------------------------------------------------------------------------------------------------
    it |       fnorm |          n0 |        r0 |        s0 |          n1 |        r1 |        s1 |          n2 |        r2 |        s2
    --------------------------------------------------------------------------------------------------------------------------------------
     0 |  8.1629e-09 |   3.139e-18 | 1.000e+00 | 1.194e-04 |   8.163e-09 | 1.000e+00 | 2.946e-12 |   2.882e-18 | 1.000e+00 | 3.103e-09
     1 |  3.0558e-13 |   1.421e-22 | 4.529e-05 | 1.180e-04 |   3.056e-13 | 3.744e-05 | 2.916e-12 |   7.154e-24 | 2.483e-06 | 3.069e-09
  SNES converged via DOF-wise criteria:
    DOF 0: ABS (atol)
    DOF 1: ABS (atol) STOL (stol)
    DOF 2: ABS (atol) STOL (stol)
Max dt! can not Increase time step: 1.600e+04 -> 1.600e+04 
  BOUNDS: phi_ice [0.0000, 1.0000]  phi_air [0.0000, 1.0000]
  ===============================================================================
  >>> DOMAIN INTEGRALS (PER TIME STEP)
  ===============================================================================
  -------------------------------------------------------------------------------------------------------------
    STEP |     TIME [s] |    DT [s] |    TOT_ICE |    TOT_AIR |      TEMP |  TOT_RHOV | I-A INTERF | TOTAL_MASS
  -------------------------------------------------------------------------------------------------------------
   339 |  4.42398e+06 | 1.600e+04 |  1.379e-08 |  1.621e-08 | -6.000e-07 | 1.376e-11 |  1.042e-10 |  1.267e-05
       |              |           |    +0.000% |    -0.000% |           |   -0.001% |            |    +0.000%
    SNES DOF norms (2-norm) and ratios
    --------------------------------------------------------------------------------------------------------------------------------------
    it |       fnorm |          n0 |        r0 |        s0 |          n1 |        r1 |        s1 |          n2 |        r2 |        s2
    --------------------------------------------------------------------------------------------------------------------------------------
     0 |  8.0683e-09 |   3.102e-18 | 1.000e+00 | 1.180e-04 |   8.068e-09 | 1.000e+00 | 2.916e-12 |   2.848e-18 | 1.000e+00 | 3.069e-09
     1 |  2.9827e-13 |   1.389e-22 | 4.476e-05 | 1.166e-04 |   2.983e-13 | 3.697e-05 | 2.886e-12 |   6.990e-24 | 2.454e-06 | 3.035e-09
  SNES converged via DOF-wise criteria:
    DOF 0: ABS (atol)
    DOF 1: ABS (atol) STOL (stol)
    DOF 2: ABS (atol) STOL (stol)
Max dt! can not Increase time step: 1.600e+04 -> 1.600e+04 
  BOUNDS: phi_ice [0.0000, 1.0000]  phi_air [0.0000, 1.0000]
  ===============================================================================
  >>> DOMAIN INTEGRALS (PER TIME STEP)
  ===============================================================================
  -------------------------------------------------------------------------------------------------------------
    STEP |     TIME [s] |    DT [s] |    TOT_ICE |    TOT_AIR |      TEMP |  TOT_RHOV | I-A INTERF | TOTAL_MASS
  -------------------------------------------------------------------------------------------------------------
   340 |  4.43998e+06 | 1.600e+04 |  1.379e-08 |  1.621e-08 | -6.000e-07 | 1.376e-11 |  1.042e-10 |  1.267e-05
       |              |           |    +0.000% |    -0.000% |           |   -0.001% |            |    +0.000%
    SNES DOF norms (2-norm) and ratios
    --------------------------------------------------------------------------------------------------------------------------------------
    it |       fnorm |          n0 |        r0 |        s0 |          n1 |        r1 |        s1 |          n2 |        r2 |        s2
    --------------------------------------------------------------------------------------------------------------------------------------
     0 |  7.9749e-09 |   3.066e-18 | 1.000e+00 | 1.166e-04 |   7.975e-09 | 1.000e+00 | 2.886e-12 |   2.815e-18 | 1.000e+00 | 3.035e-09
     1 |  2.9669e-13 |   1.357e-22 | 4.424e-05 | 1.153e-04 |   2.967e-13 | 3.720e-05 | 2.856e-12 |   6.829e-24 | 2.426e-06 | 3.002e-09
  SNES converged via DOF-wise criteria:
    DOF 0: ABS (atol)
    DOF 1: ABS (atol) STOL (stol)
    DOF 2: ABS (atol) STOL (stol)
Max dt! can not Increase time step: 1.600e+04 -> 1.600e+04 
  BOUNDS: phi_ice [0.0000, 1.0000]  phi_air [0.0000, 1.0000]
  ===============================================================================
  >>> DOMAIN INTEGRALS (PER TIME STEP)
  ===============================================================================
  -------------------------------------------------------------------------------------------------------------
    STEP |     TIME [s] |    DT [s] |    TOT_ICE |    TOT_AIR |      TEMP |  TOT_RHOV | I-A INTERF | TOTAL_MASS
  -------------------------------------------------------------------------------------------------------------
   341 |  4.45598e+06 | 1.600e+04 |  1.379e-08 |  1.621e-08 | -6.000e-07 | 1.376e-11 |  1.042e-10 |  1.267e-05
       |              |           |    +0.000% |    -0.000% |           |   -0.001% |            |    +0.000%
    SNES DOF norms (2-norm) and ratios
    --------------------------------------------------------------------------------------------------------------------------------------
    it |       fnorm |          n0 |        r0 |        s0 |          n1 |        r1 |        s1 |          n2 |        r2 |        s2
    --------------------------------------------------------------------------------------------------------------------------------------
     0 |  7.8826e-09 |   3.031e-18 | 1.000e+00 | 1.153e-04 |   7.883e-09 | 1.000e+00 | 2.856e-12 |   2.783e-18 | 1.000e+00 | 3.002e-09
     1 |  3.0034e-13 |   1.325e-22 | 4.373e-05 | 1.139e-04 |   3.003e-13 | 3.810e-05 | 2.827e-12 |   6.673e-24 | 2.398e-06 | 2.969e-09
  SNES converged via DOF-wise criteria:
    DOF 0: ABS (atol)
    DOF 1: ABS (atol) STOL (stol)
    DOF 2: ABS (atol) STOL (stol)
Max dt! can not Increase time step: 1.600e+04 -> 1.600e+04 
  BOUNDS: phi_ice [0.0000, 1.0000]  phi_air [0.0000, 1.0000]
  ===============================================================================
  >>> DOMAIN INTEGRALS (PER TIME STEP)
  ===============================================================================
  -------------------------------------------------------------------------------------------------------------
    STEP |     TIME [s] |    DT [s] |    TOT_ICE |    TOT_AIR |      TEMP |  TOT_RHOV | I-A INTERF | TOTAL_MASS
  -------------------------------------------------------------------------------------------------------------
   342 |  4.47198e+06 | 1.600e+04 |  1.379e-08 |  1.621e-08 | -6.000e-07 | 1.376e-11 |  1.042e-10 |  1.267e-05
       |              |           |    +0.000% |    -0.000% |           |   -0.001% |            |    +0.000%
    SNES DOF norms (2-norm) and ratios
    --------------------------------------------------------------------------------------------------------------------------------------
    it |       fnorm |          n0 |        r0 |        s0 |          n1 |        r1 |        s1 |          n2 |        r2 |        s2
    --------------------------------------------------------------------------------------------------------------------------------------
     0 |  7.7914e-09 |   2.996e-18 | 1.000e+00 | 1.139e-04 |   7.791e-09 | 1.000e+00 | 2.827e-12 |   2.751e-18 | 1.000e+00 | 2.969e-09
     1 |  2.9520e-13 |   1.295e-22 | 4.322e-05 | 1.126e-04 |   2.952e-13 | 3.789e-05 | 2.798e-12 |   6.520e-24 | 2.370e-06 | 2.936e-09
  SNES converged via DOF-wise criteria:
    DOF 0: ABS (atol)
    DOF 1: ABS (atol) STOL (stol)
    DOF 2: ABS (atol) STOL (stol)
Max dt! can not Increase time step: 1.600e+04 -> 1.600e+04 
  BOUNDS: phi_ice [0.0000, 1.0000]  phi_air [0.0000, 1.0000]
  ===============================================================================
  >>> DOMAIN INTEGRALS (PER TIME STEP)
  ===============================================================================
  -------------------------------------------------------------------------------------------------------------
    STEP |     TIME [s] |    DT [s] |    TOT_ICE |    TOT_AIR |      TEMP |  TOT_RHOV | I-A INTERF | TOTAL_MASS
  -------------------------------------------------------------------------------------------------------------
   343 |  4.48798e+06 | 1.600e+04 |  1.379e-08 |  1.621e-08 | -6.000e-07 | 1.376e-11 |  1.042e-10 |  1.267e-05
       |              |           |    +0.000% |    -0.000% |           |   -0.001% |            |    +0.000%
OUTPUT print!
    SNES DOF norms (2-norm) and ratios
    --------------------------------------------------------------------------------------------------------------------------------------
    it |       fnorm |          n0 |        r0 |        s0 |          n1 |        r1 |        s1 |          n2 |        r2 |        s2
    --------------------------------------------------------------------------------------------------------------------------------------
     0 |  7.7012e-09 |   2.961e-18 | 1.000e+00 | 1.126e-04 |   7.701e-09 | 1.000e+00 | 2.798e-12 |   2.719e-18 | 1.000e+00 | 2.936e-09
     1 |  3.0876e-13 |   1.265e-22 | 4.272e-05 | 1.113e-04 |   3.088e-13 | 4.009e-05 | 2.769e-12 |   6.370e-24 | 2.343e-06 | 2.904e-09
  SNES converged via DOF-wise criteria:
    DOF 0: ABS (atol)
    DOF 1: ABS (atol) STOL (stol)
    DOF 2: ABS (atol) STOL (stol)
Max dt! can not Increase time step: 1.600e+04 -> 1.600e+04 
  BOUNDS: phi_ice [0.0000, 1.0000]  phi_air [0.0000, 1.0000]
  ===============================================================================
  >>> DOMAIN INTEGRALS (PER TIME STEP)
  ===============================================================================
  -------------------------------------------------------------------------------------------------------------
    STEP |     TIME [s] |    DT [s] |    TOT_ICE |    TOT_AIR |      TEMP |  TOT_RHOV | I-A INTERF | TOTAL_MASS
  -------------------------------------------------------------------------------------------------------------
   344 |  4.50398e+06 | 1.600e+04 |  1.379e-08 |  1.621e-08 | -6.000e-07 | 1.376e-11 |  1.042e-10 |  1.267e-05
       |              |           |    +0.000% |    -0.000% |           |   -0.001% |            |    +0.000%
    SNES DOF norms (2-norm) and ratios
    --------------------------------------------------------------------------------------------------------------------------------------
    it |       fnorm |          n0 |        r0 |        s0 |          n1 |        r1 |        s1 |          n2 |        r2 |        s2
    --------------------------------------------------------------------------------------------------------------------------------------
     0 |  7.6121e-09 |   2.927e-18 | 1.000e+00 | 1.113e-04 |   7.612e-09 | 1.000e+00 | 2.769e-12 |   2.687e-18 | 1.000e+00 | 2.904e-09
     1 |  3.0155e-13 |   1.236e-22 | 4.223e-05 | 1.100e-04 |   3.016e-13 | 3.961e-05 | 2.740e-12 |   6.224e-24 | 2.316e-06 | 2.872e-09
  SNES converged via DOF-wise criteria:
    DOF 0: ABS (atol)
    DOF 1: ABS (atol) STOL (stol)
    DOF 2: ABS (atol) STOL (stol)
Max dt! can not Increase time step: 1.600e+04 -> 1.600e+04 
  BOUNDS: phi_ice [0.0000, 1.0000]  phi_air [0.0000, 1.0000]
  ===============================================================================
  >>> DOMAIN INTEGRALS (PER TIME STEP)
  ===============================================================================
  -------------------------------------------------------------------------------------------------------------
    STEP |     TIME [s] |    DT [s] |    TOT_ICE |    TOT_AIR |      TEMP |  TOT_RHOV | I-A INTERF | TOTAL_MASS
  -------------------------------------------------------------------------------------------------------------
   345 |  4.51998e+06 | 1.600e+04 |  1.379e-08 |  1.621e-08 | -6.000e-07 | 1.376e-11 |  1.042e-10 |  1.267e-05
       |              |           |    +0.000% |    -0.000% |           |   -0.001% |            |    +0.000%
    SNES DOF norms (2-norm) and ratios
    --------------------------------------------------------------------------------------------------------------------------------------
    it |       fnorm |          n0 |        r0 |        s0 |          n1 |        r1 |        s1 |          n2 |        r2 |        s2
    --------------------------------------------------------------------------------------------------------------------------------------
     0 |  7.5241e-09 |   2.893e-18 | 1.000e+00 | 1.100e-04 |   7.524e-09 | 1.000e+00 | 2.740e-12 |   2.656e-18 | 1.000e+00 | 2.872e-09
     1 |  3.1059e-13 |   1.207e-22 | 4.174e-05 | 1.088e-04 |   3.106e-13 | 4.128e-05 | 2.712e-12 |   6.082e-24 | 2.290e-06 | 2.841e-09
  SNES converged via DOF-wise criteria:
    DOF 0: ABS (atol)
    DOF 1: ABS (atol) STOL (stol)
    DOF 2: ABS (atol) STOL (stol)
Max dt! can not Increase time step: 1.600e+04 -> 1.600e+04 
  BOUNDS: phi_ice [0.0000, 1.0000]  phi_air [0.0000, 1.0000]
  ===============================================================================
  >>> DOMAIN INTEGRALS (PER TIME STEP)
  ===============================================================================
  -------------------------------------------------------------------------------------------------------------
    STEP |     TIME [s] |    DT [s] |    TOT_ICE |    TOT_AIR |      TEMP |  TOT_RHOV | I-A INTERF | TOTAL_MASS
  -------------------------------------------------------------------------------------------------------------
   346 |  4.53598e+06 | 1.600e+04 |  1.379e-08 |  1.621e-08 | -6.000e-07 | 1.376e-11 |  1.042e-10 |  1.267e-05
       |              |           |    +0.000% |    -0.000% |           |   -0.001% |            |    +0.000%
    SNES DOF norms (2-norm) and ratios
    --------------------------------------------------------------------------------------------------------------------------------------
    it |       fnorm |          n0 |        r0 |        s0 |          n1 |        r1 |        s1 |          n2 |        r2 |        s2
    --------------------------------------------------------------------------------------------------------------------------------------
     0 |  7.4371e-09 |   2.860e-18 | 1.000e+00 | 1.088e-04 |   7.437e-09 | 1.000e+00 | 2.712e-12 |   2.626e-18 | 1.000e+00 | 2.841e-09
     1 |  3.0601e-13 |   1.180e-22 | 4.125e-05 | 1.075e-04 |   3.060e-13 | 4.115e-05 | 2.684e-12 |   5.943e-24 | 2.264e-06 | 2.809e-09
  SNES converged via DOF-wise criteria:
    DOF 0: ABS (atol)
    DOF 1: ABS (atol) STOL (stol)
    DOF 2: ABS (atol) STOL (stol)
Max dt! can not Increase time step: 1.600e+04 -> 1.600e+04 
  BOUNDS: phi_ice [0.0000, 1.0000]  phi_air [0.0000, 1.0000]
  ===============================================================================
  >>> DOMAIN INTEGRALS (PER TIME STEP)
  ===============================================================================
  -------------------------------------------------------------------------------------------------------------
    STEP |     TIME [s] |    DT [s] |    TOT_ICE |    TOT_AIR |      TEMP |  TOT_RHOV | I-A INTERF | TOTAL_MASS
  -------------------------------------------------------------------------------------------------------------
   347 |  4.55198e+06 | 1.600e+04 |  1.379e-08 |  1.621e-08 | -6.000e-07 | 1.376e-11 |  1.043e-10 |  1.267e-05
       |              |           |    +0.000% |    -0.000% |           |   -0.001% |            |    +0.000%
    SNES DOF norms (2-norm) and ratios
    --------------------------------------------------------------------------------------------------------------------------------------
    it |       fnorm |          n0 |        r0 |        s0 |          n1 |        r1 |        s1 |          n2 |        r2 |        s2
    --------------------------------------------------------------------------------------------------------------------------------------
     0 |  7.3511e-09 |   2.827e-18 | 1.000e+00 | 1.075e-04 |   7.351e-09 | 1.000e+00 | 2.684e-12 |   2.595e-18 | 1.000e+00 | 2.809e-09
     1 |  3.0231e-13 |   1.153e-22 | 4.078e-05 | 1.063e-04 |   3.023e-13 | 4.112e-05 | 2.656e-12 |   5.808e-24 | 2.238e-06 | 2.778e-09
  SNES converged via DOF-wise criteria:
    DOF 0: ABS (atol)
    DOF 1: ABS (atol) STOL (stol)
    DOF 2: ABS (atol) STOL (stol)
Max dt! can not Increase time step: 1.600e+04 -> 1.600e+04 
  BOUNDS: phi_ice [0.0000, 1.0000]  phi_air [0.0000, 1.0000]
  ===============================================================================
  >>> DOMAIN INTEGRALS (PER TIME STEP)
  ===============================================================================
  -------------------------------------------------------------------------------------------------------------
    STEP |     TIME [s] |    DT [s] |    TOT_ICE |    TOT_AIR |      TEMP |  TOT_RHOV | I-A INTERF | TOTAL_MASS
  -------------------------------------------------------------------------------------------------------------
   348 |  4.56798e+06 | 1.600e+04 |  1.379e-08 |  1.621e-08 | -6.000e-07 | 1.376e-11 |  1.043e-10 |  1.267e-05
       |              |           |    +0.000% |    -0.000% |           |   -0.001% |            |    +0.000%
    SNES DOF norms (2-norm) and ratios
    --------------------------------------------------------------------------------------------------------------------------------------
    it |       fnorm |          n0 |        r0 |        s0 |          n1 |        r1 |        s1 |          n2 |        r2 |        s2
    --------------------------------------------------------------------------------------------------------------------------------------
     0 |  7.2661e-09 |   2.794e-18 | 1.000e+00 | 1.063e-04 |   7.266e-09 | 1.000e+00 | 2.656e-12 |   2.565e-18 | 1.000e+00 | 2.778e-09
     1 |  2.9620e-13 |   1.126e-22 | 4.030e-05 | 1.050e-04 |   2.962e-13 | 4.076e-05 | 2.628e-12 |   5.675e-24 | 2.212e-06 | 2.748e-09
  SNES converged via DOF-wise criteria:
    DOF 0: ABS (atol)
    DOF 1: ABS (atol) STOL (stol)
    DOF 2: ABS (atol) STOL (stol)
Max dt! can not Increase time step: 1.600e+04 -> 1.600e+04 
  BOUNDS: phi_ice [0.0000, 1.0000]  phi_air [0.0000, 1.0000]
  ===============================================================================
  >>> DOMAIN INTEGRALS (PER TIME STEP)
  ===============================================================================
  -------------------------------------------------------------------------------------------------------------
    STEP |     TIME [s] |    DT [s] |    TOT_ICE |    TOT_AIR |      TEMP |  TOT_RHOV | I-A INTERF | TOTAL_MASS
  -------------------------------------------------------------------------------------------------------------
   349 |  4.58398e+06 | 1.600e+04 |  1.379e-08 |  1.621e-08 | -6.000e-07 | 1.376e-11 |  1.043e-10 |  1.267e-05
       |              |           |    +0.000% |    -0.000% |           |   -0.001% |            |    +0.000%
OUTPUT print!
    SNES DOF norms (2-norm) and ratios
    --------------------------------------------------------------------------------------------------------------------------------------
    it |       fnorm |          n0 |        r0 |        s0 |          n1 |        r1 |        s1 |          n2 |        r2 |        s2
    --------------------------------------------------------------------------------------------------------------------------------------
     0 |  7.1821e-09 |   2.762e-18 | 1.000e+00 | 1.050e-04 |   7.182e-09 | 1.000e+00 | 2.628e-12 |   2.535e-18 | 1.000e+00 | 2.748e-09
     1 |  2.9985e-13 |   1.100e-22 | 3.984e-05 | 1.038e-04 |   2.999e-13 | 4.175e-05 | 2.601e-12 |   5.545e-24 | 2.187e-06 | 2.718e-09
  SNES converged via DOF-wise criteria:
    DOF 0: ABS (atol)
    DOF 1: ABS (atol) STOL (stol)
    DOF 2: ABS (atol) STOL (stol)
Max dt! can not Increase time step: 1.600e+04 -> 1.600e+04 
  BOUNDS: phi_ice [0.0000, 1.0000]  phi_air [0.0000, 1.0000]
  ===============================================================================
  >>> DOMAIN INTEGRALS (PER TIME STEP)
  ===============================================================================
  -------------------------------------------------------------------------------------------------------------
    STEP |     TIME [s] |    DT [s] |    TOT_ICE |    TOT_AIR |      TEMP |  TOT_RHOV | I-A INTERF | TOTAL_MASS
  -------------------------------------------------------------------------------------------------------------
   350 |  4.59998e+06 | 1.600e+04 |  1.379e-08 |  1.621e-08 | -6.000e-07 | 1.376e-11 |  1.043e-10 |  1.267e-05
       |              |           |    +0.000% |    -0.000% |           |   -0.001% |            |    +0.000%
    SNES DOF norms (2-norm) and ratios
    --------------------------------------------------------------------------------------------------------------------------------------
    it |       fnorm |          n0 |        r0 |        s0 |          n1 |        r1 |        s1 |          n2 |        r2 |        s2
    --------------------------------------------------------------------------------------------------------------------------------------
     0 |  7.0991e-09 |   2.730e-18 | 1.000e+00 | 1.038e-04 |   7.099e-09 | 1.000e+00 | 2.601e-12 |   2.506e-18 | 1.000e+00 | 2.718e-09
     1 |  3.0098e-13 |   1.075e-22 | 3.938e-05 | 1.026e-04 |   3.010e-13 | 4.240e-05 | 2.574e-12 |   5.419e-24 | 2.162e-06 | 2.688e-09
  SNES converged via DOF-wise criteria:
    DOF 0: ABS (atol)
    DOF 1: ABS (atol) STOL (stol)
    DOF 2: ABS (atol) STOL (stol)
Max dt! can not Increase time step: 1.600e+04 -> 1.600e+04 
  BOUNDS: phi_ice [0.0000, 1.0000]  phi_air [0.0000, 1.0000]
  ===============================================================================
  >>> DOMAIN INTEGRALS (PER TIME STEP)
  ===============================================================================
  -------------------------------------------------------------------------------------------------------------
    STEP |     TIME [s] |    DT [s] |    TOT_ICE |    TOT_AIR |      TEMP |  TOT_RHOV | I-A INTERF | TOTAL_MASS
  -------------------------------------------------------------------------------------------------------------
   351 |  4.61598e+06 | 1.600e+04 |  1.379e-08 |  1.621e-08 | -6.000e-07 | 1.376e-11 |  1.043e-10 |  1.267e-05
       |              |           |    +0.000% |    -0.000% |           |   -0.001% |            |    +0.000%
    SNES DOF norms (2-norm) and ratios
    --------------------------------------------------------------------------------------------------------------------------------------
    it |       fnorm |          n0 |        r0 |        s0 |          n1 |        r1 |        s1 |          n2 |        r2 |        s2
    --------------------------------------------------------------------------------------------------------------------------------------
     0 |  7.0170e-09 |   2.698e-18 | 1.000e+00 | 1.026e-04 |   7.017e-09 | 1.000e+00 | 2.574e-12 |   2.477e-18 | 1.000e+00 | 2.688e-09
     1 |  3.0669e-13 |   1.050e-22 | 3.892e-05 | 1.014e-04 |   3.067e-13 | 4.371e-05 | 2.547e-12 |   5.296e-24 | 2.138e-06 | 2.658e-09
  SNES converged via DOF-wise criteria:
    DOF 0: ABS (atol)
    DOF 1: ABS (atol) STOL (stol)
    DOF 2: ABS (atol) STOL (stol)
Max dt! can not Increase time step: 1.600e+04 -> 1.600e+04 
  BOUNDS: phi_ice [0.0000, 1.0000]  phi_air [0.0000, 1.0000]
  ===============================================================================
  >>> DOMAIN INTEGRALS (PER TIME STEP)
  ===============================================================================
  -------------------------------------------------------------------------------------------------------------
    STEP |     TIME [s] |    DT [s] |    TOT_ICE |    TOT_AIR |      TEMP |  TOT_RHOV | I-A INTERF | TOTAL_MASS
  -------------------------------------------------------------------------------------------------------------
   352 |  4.63198e+06 | 1.600e+04 |  1.379e-08 |  1.621e-08 | -6.000e-07 | 1.376e-11 |  1.043e-10 |  1.267e-05
       |              |           |    +0.000% |    -0.000% |           |   -0.001% |            |    +0.000%
    SNES DOF norms (2-norm) and ratios
    --------------------------------------------------------------------------------------------------------------------------------------
    it |       fnorm |          n0 |        r0 |        s0 |          n1 |        r1 |        s1 |          n2 |        r2 |        s2
    --------------------------------------------------------------------------------------------------------------------------------------
     0 |  6.9360e-09 |   2.667e-18 | 1.000e+00 | 1.014e-04 |   6.936e-09 | 1.000e+00 | 2.547e-12 |   2.449e-18 | 1.000e+00 | 2.658e-09
     1 |  3.0788e-13 |   1.026e-22 | 3.847e-05 | 1.003e-04 |   3.079e-13 | 4.439e-05 | 2.521e-12 |   5.176e-24 | 2.114e-06 | 2.629e-09
  SNES converged via DOF-wise criteria:
    DOF 0: ABS (atol)
    DOF 1: ABS (atol) STOL (stol)
    DOF 2: ABS (atol) STOL (stol)
Max dt! can not Increase time step: 1.600e+04 -> 1.600e+04 
  BOUNDS: phi_ice [0.0000, 1.0000]  phi_air [0.0000, 1.0000]
  ===============================================================================
  >>> DOMAIN INTEGRALS (PER TIME STEP)
  ===============================================================================
  -------------------------------------------------------------------------------------------------------------
    STEP |     TIME [s] |    DT [s] |    TOT_ICE |    TOT_AIR |      TEMP |  TOT_RHOV | I-A INTERF | TOTAL_MASS
  -------------------------------------------------------------------------------------------------------------
   353 |  4.64798e+06 | 1.600e+04 |  1.379e-08 |  1.621e-08 | -6.000e-07 | 1.376e-11 |  1.043e-10 |  1.267e-05
       |              |           |    +0.000% |    -0.000% |           |   -0.001% |            |    +0.000%
    SNES DOF norms (2-norm) and ratios
    --------------------------------------------------------------------------------------------------------------------------------------
    it |       fnorm |          n0 |        r0 |        s0 |          n1 |        r1 |        s1 |          n2 |        r2 |        s2
    --------------------------------------------------------------------------------------------------------------------------------------
     0 |  6.8558e-09 |   2.636e-18 | 1.000e+00 | 1.003e-04 |   6.856e-09 | 1.000e+00 | 2.521e-12 |   2.420e-18 | 1.000e+00 | 2.629e-09
     1 |  2.9931e-13 |   1.002e-22 | 3.803e-05 | 9.911e-05 |   2.993e-13 | 4.366e-05 | 2.499e-12 |   5.000e-24 | 2.066e-06 | 2.600e-09
  SNES converged via DOF-wise criteria:
    DOF 0: ABS (atol)
    DOF 1: ABS (atol) STOL (stol)
    DOF 2: ABS (atol) STOL (stol)
Max dt! can not Increase time step: 1.600e+04 -> 1.600e+04 
  BOUNDS: phi_ice [0.0000, 1.0000]  phi_air [0.0000, 1.0000]
  ===============================================================================
  >>> DOMAIN INTEGRALS (PER TIME STEP)
  ===============================================================================
  -------------------------------------------------------------------------------------------------------------
    STEP |     TIME [s] |    DT [s] |    TOT_ICE |    TOT_AIR |      TEMP |  TOT_RHOV | I-A INTERF | TOTAL_MASS
  -------------------------------------------------------------------------------------------------------------
   354 |  4.66398e+06 | 1.600e+04 |  1.379e-08 |  1.621e-08 | -6.000e-07 | 1.376e-11 |  1.043e-10 |  1.267e-05
       |              |           |    +0.000% |    -0.000% |           |   -0.001% |            |    +0.000%
    SNES DOF norms (2-norm) and ratios
    --------------------------------------------------------------------------------------------------------------------------------------
    it |       fnorm |          n0 |        r0 |        s0 |          n1 |        r1 |        s1 |          n2 |        r2 |        s2
    --------------------------------------------------------------------------------------------------------------------------------------
     0 |  6.7766e-09 |   2.606e-18 | 1.000e+00 | 9.911e-05 |   6.777e-09 | 1.000e+00 | 2.499e-12 |   2.392e-18 | 1.000e+00 | 2.600e-09
     1 |  3.0467e-13 |   9.794e-23 | 3.759e-05 | 9.797e-05 |   3.047e-13 | 4.496e-05 | 2.466e-12 |   4.885e-24 | 2.042e-06 | 2.571e-09
  SNES converged via DOF-wise criteria:
    DOF 0: ABS (atol)
    DOF 1: ABS (atol) STOL (stol)
    DOF 2: ABS (atol) STOL (stol)
Max dt! can not Increase time step: 1.600e+04 -> 1.600e+04 
  BOUNDS: phi_ice [0.0000, 1.0000]  phi_air [0.0000, 1.0000]
  ===============================================================================
  >>> DOMAIN INTEGRALS (PER TIME STEP)
  ===============================================================================
  -------------------------------------------------------------------------------------------------------------
    STEP |     TIME [s] |    DT [s] |    TOT_ICE |    TOT_AIR |      TEMP |  TOT_RHOV | I-A INTERF | TOTAL_MASS
  -------------------------------------------------------------------------------------------------------------
   355 |  4.67998e+06 | 1.600e+04 |  1.379e-08 |  1.621e-08 | -6.000e-07 | 1.376e-11 |  1.043e-10 |  1.267e-05
       |              |           |    +0.000% |    -0.000% |           |   -0.001% |            |    +0.000%
OUTPUT print!
    SNES DOF norms (2-norm) and ratios
    --------------------------------------------------------------------------------------------------------------------------------------
    it |       fnorm |          n0 |        r0 |        s0 |          n1 |        r1 |        s1 |          n2 |        r2 |        s2
    --------------------------------------------------------------------------------------------------------------------------------------
     0 |  6.6984e-09 |   2.576e-18 | 1.000e+00 | 9.797e-05 |   6.698e-09 | 1.000e+00 | 2.466e-12 |   2.365e-18 | 1.000e+00 | 2.571e-09
     1 |  3.0040e-13 |   9.569e-23 | 3.715e-05 | 9.684e-05 |   3.004e-13 | 4.485e-05 | 2.444e-12 |   4.772e-24 | 2.018e-06 | 2.543e-09
  SNES converged via DOF-wise criteria:
    DOF 0: ABS (atol)
    DOF 1: ABS (atol) STOL (stol)
    DOF 2: ABS (atol) STOL (stol)
Max dt! can not Increase time step: 1.600e+04 -> 1.600e+04 
  BOUNDS: phi_ice [0.0000, 1.0000]  phi_air [0.0000, 1.0000]
  ===============================================================================
  >>> DOMAIN INTEGRALS (PER TIME STEP)
  ===============================================================================
  -------------------------------------------------------------------------------------------------------------
    STEP |     TIME [s] |    DT [s] |    TOT_ICE |    TOT_AIR |      TEMP |  TOT_RHOV | I-A INTERF | TOTAL_MASS
  -------------------------------------------------------------------------------------------------------------
   356 |  4.69598e+06 | 1.600e+04 |  1.379e-08 |  1.621e-08 | -6.000e-07 | 1.376e-11 |  1.043e-10 |  1.267e-05
       |              |           |    +0.000% |    -0.000% |           |   -0.001% |            |    +0.000%
    SNES DOF norms (2-norm) and ratios
    --------------------------------------------------------------------------------------------------------------------------------------
    it |       fnorm |          n0 |        r0 |        s0 |          n1 |        r1 |        s1 |          n2 |        r2 |        s2
    --------------------------------------------------------------------------------------------------------------------------------------
     0 |  6.6210e-09 |   2.546e-18 | 1.000e+00 | 9.684e-05 |   6.621e-09 | 1.000e+00 | 2.444e-12 |   2.337e-18 | 1.000e+00 | 2.543e-09
     1 |  2.9469e-13 |   9.349e-23 | 3.672e-05 | 9.572e-05 |   2.947e-13 | 4.451e-05 | 2.416e-12 |   4.661e-24 | 1.994e-06 | 2.514e-09
  SNES converged via DOF-wise criteria:
    DOF 0: ABS (atol)
    DOF 1: ABS (atol) STOL (stol)
    DOF 2: ABS (atol) STOL (stol)
Max dt! can not Increase time step: 1.600e+04 -> 1.600e+04 
  BOUNDS: phi_ice [0.0000, 1.0000]  phi_air [0.0000, 1.0000]
  ===============================================================================
  >>> DOMAIN INTEGRALS (PER TIME STEP)
  ===============================================================================
  -------------------------------------------------------------------------------------------------------------
    STEP |     TIME [s] |    DT [s] |    TOT_ICE |    TOT_AIR |      TEMP |  TOT_RHOV | I-A INTERF | TOTAL_MASS
  -------------------------------------------------------------------------------------------------------------
   357 |  4.71198e+06 | 1.600e+04 |  1.379e-08 |  1.621e-08 | -6.000e-07 | 1.376e-11 |  1.043e-10 |  1.267e-05
       |              |           |    +0.000% |    -0.000% |           |   -0.001% |            |    +0.000%
    SNES DOF norms (2-norm) and ratios
    --------------------------------------------------------------------------------------------------------------------------------------
    it |       fnorm |          n0 |        r0 |        s0 |          n1 |        r1 |        s1 |          n2 |        r2 |        s2
    --------------------------------------------------------------------------------------------------------------------------------------
     0 |  6.5446e-09 |   2.516e-18 | 1.000e+00 | 9.572e-05 |   6.545e-09 | 1.000e+00 | 2.416e-12 |   2.310e-18 | 1.000e+00 | 2.514e-09
     1 |  3.0495e-13 |   9.134e-23 | 3.630e-05 | 9.461e-05 |   3.050e-13 | 4.660e-05 | 2.392e-12 |   4.554e-24 | 1.971e-06 | 2.487e-09
  SNES converged via DOF-wise criteria:
    DOF 0: ABS (atol)
    DOF 1: ABS (atol) STOL (stol)
    DOF 2: ABS (atol) STOL (stol)
Max dt! can not Increase time step: 1.600e+04 -> 1.600e+04 
  BOUNDS: phi_ice [0.0000, 1.0000]  phi_air [0.0000, 1.0000]
  ===============================================================================
  >>> DOMAIN INTEGRALS (PER TIME STEP)
  ===============================================================================
  -------------------------------------------------------------------------------------------------------------
    STEP |     TIME [s] |    DT [s] |    TOT_ICE |    TOT_AIR |      TEMP |  TOT_RHOV | I-A INTERF | TOTAL_MASS
  -------------------------------------------------------------------------------------------------------------
   358 |  4.72798e+06 | 1.600e+04 |  1.379e-08 |  1.621e-08 | -6.000e-07 | 1.376e-11 |  1.043e-10 |  1.267e-05
       |              |           |    +0.000% |    -0.000% |           |   -0.001% |            |    +0.000%
    SNES DOF norms (2-norm) and ratios
    --------------------------------------------------------------------------------------------------------------------------------------
    it |       fnorm |          n0 |        r0 |        s0 |          n1 |        r1 |        s1 |          n2 |        r2 |        s2
    --------------------------------------------------------------------------------------------------------------------------------------
     0 |  6.4690e-09 |   2.487e-18 | 1.000e+00 | 9.461e-05 |   6.469e-09 | 1.000e+00 | 2.392e-12 |   2.284e-18 | 1.000e+00 | 2.487e-09
     1 |  3.0765e-13 |   8.924e-23 | 3.588e-05 | 9.352e-05 |   3.076e-13 | 4.756e-05 | 2.366e-12 |   4.448e-24 | 1.948e-06 | 2.459e-09
  SNES converged via DOF-wise criteria:
    DOF 0: ABS (atol)
    DOF 1: ABS (atol) STOL (stol)
    DOF 2: ABS (atol) STOL (stol)
Max dt! can not Increase time step: 1.600e+04 -> 1.600e+04 
  BOUNDS: phi_ice [0.0000, 1.0000]  phi_air [0.0000, 1.0000]
  ===============================================================================
  >>> DOMAIN INTEGRALS (PER TIME STEP)
  ===============================================================================
  -------------------------------------------------------------------------------------------------------------
    STEP |     TIME [s] |    DT [s] |    TOT_ICE |    TOT_AIR |      TEMP |  TOT_RHOV | I-A INTERF | TOTAL_MASS
  -------------------------------------------------------------------------------------------------------------
   359 |  4.74398e+06 | 1.600e+04 |  1.379e-08 |  1.621e-08 | -6.000e-07 | 1.376e-11 |  1.043e-10 |  1.267e-05
       |              |           |    +0.000% |    -0.000% |           |   -0.001% |            |    +0.000%
    SNES DOF norms (2-norm) and ratios
    --------------------------------------------------------------------------------------------------------------------------------------
    it |       fnorm |          n0 |        r0 |        s0 |          n1 |        r1 |        s1 |          n2 |        r2 |        s2
    --------------------------------------------------------------------------------------------------------------------------------------
     0 |  6.3944e-09 |   2.459e-18 | 1.000e+00 | 9.352e-05 |   6.394e-09 | 1.000e+00 | 2.366e-12 |   2.257e-18 | 1.000e+00 | 2.459e-09
     1 |  3.0262e-13 |   8.719e-23 | 3.546e-05 | 9.244e-05 |   3.026e-13 | 4.733e-05 | 2.342e-12 |   4.346e-24 | 1.925e-06 | 2.432e-09
  SNES converged via DOF-wise criteria:
    DOF 0: ABS (atol)
    DOF 1: ABS (atol) STOL (stol)
    DOF 2: ABS (atol) STOL (stol)
Max dt! can not Increase time step: 1.600e+04 -> 1.600e+04 
  BOUNDS: phi_ice [0.0000, 1.0000]  phi_air [0.0000, 1.0000]
  ===============================================================================
  >>> DOMAIN INTEGRALS (PER TIME STEP)
  ===============================================================================
  -------------------------------------------------------------------------------------------------------------
    STEP |     TIME [s] |    DT [s] |    TOT_ICE |    TOT_AIR |      TEMP |  TOT_RHOV | I-A INTERF | TOTAL_MASS
  -------------------------------------------------------------------------------------------------------------
   360 |  4.75998e+06 | 1.600e+04 |  1.379e-08 |  1.621e-08 | -6.000e-07 | 1.376e-11 |  1.043e-10 |  1.267e-05
       |              |           |    +0.000% |    -0.000% |           |   -0.001% |            |    +0.000%
OUTPUT print!
    SNES DOF norms (2-norm) and ratios
    --------------------------------------------------------------------------------------------------------------------------------------
    it |       fnorm |          n0 |        r0 |        s0 |          n1 |        r1 |        s1 |          n2 |        r2 |        s2
    --------------------------------------------------------------------------------------------------------------------------------------
     0 |  6.3206e-09 |   2.430e-18 | 1.000e+00 | 9.244e-05 |   6.321e-09 | 1.000e+00 | 2.342e-12 |   2.231e-18 | 1.000e+00 | 2.432e-09
     1 |  3.0573e-13 |   8.519e-23 | 3.505e-05 | 9.138e-05 |   3.057e-13 | 4.837e-05 | 2.317e-12 |   4.245e-24 | 1.902e-06 | 2.405e-09
  SNES converged via DOF-wise criteria:
    DOF 0: ABS (atol)
    DOF 1: ABS (atol) STOL (stol)
    DOF 2: ABS (atol) STOL (stol)
Max dt! can not Increase time step: 1.600e+04 -> 1.600e+04 
  BOUNDS: phi_ice [0.0000, 1.0000]  phi_air [0.0000, 1.0000]
  ===============================================================================
  >>> DOMAIN INTEGRALS (PER TIME STEP)
  ===============================================================================
  -------------------------------------------------------------------------------------------------------------
    STEP |     TIME [s] |    DT [s] |    TOT_ICE |    TOT_AIR |      TEMP |  TOT_RHOV | I-A INTERF | TOTAL_MASS
  -------------------------------------------------------------------------------------------------------------
   361 |  4.77598e+06 | 1.600e+04 |  1.379e-08 |  1.621e-08 | -6.000e-07 | 1.376e-11 |  1.043e-10 |  1.267e-05
       |              |           |    +0.000% |    -0.000% |           |   -0.001% |            |    +0.000%
    SNES DOF norms (2-norm) and ratios
    --------------------------------------------------------------------------------------------------------------------------------------
    it |       fnorm |          n0 |        r0 |        s0 |          n1 |        r1 |        s1 |          n2 |        r2 |        s2
    --------------------------------------------------------------------------------------------------------------------------------------
     0 |  6.2476e-09 |   2.402e-18 | 1.000e+00 | 9.138e-05 |   6.248e-09 | 1.000e+00 | 2.317e-12 |   2.206e-18 | 1.000e+00 | 2.405e-09
     1 |  3.0606e-13 |   8.324e-23 | 3.465e-05 | 9.032e-05 |   3.061e-13 | 4.899e-05 | 2.292e-12 |   4.147e-24 | 1.880e-06 | 2.378e-09
  SNES converged via DOF-wise criteria:
    DOF 0: ABS (atol)
    DOF 1: ABS (atol) STOL (stol)
    DOF 2: ABS (atol) STOL (stol)
Max dt! can not Increase time step: 1.600e+04 -> 1.600e+04 
  BOUNDS: phi_ice [0.0000, 1.0000]  phi_air [0.0000, 1.0000]
  ===============================================================================
  >>> DOMAIN INTEGRALS (PER TIME STEP)
  ===============================================================================
  -------------------------------------------------------------------------------------------------------------
    STEP |     TIME [s] |    DT [s] |    TOT_ICE |    TOT_AIR |      TEMP |  TOT_RHOV | I-A INTERF | TOTAL_MASS
  -------------------------------------------------------------------------------------------------------------
   362 |  4.79198e+06 | 1.600e+04 |  1.379e-08 |  1.621e-08 | -6.000e-07 | 1.376e-11 |  1.043e-10 |  1.267e-05
       |              |           |    +0.000% |    -0.000% |           |   -0.001% |            |    +0.000%
    SNES DOF norms (2-norm) and ratios
    --------------------------------------------------------------------------------------------------------------------------------------
    it |       fnorm |          n0 |        r0 |        s0 |          n1 |        r1 |        s1 |          n2 |        r2 |        s2
    --------------------------------------------------------------------------------------------------------------------------------------
     0 |  6.1756e-09 |   2.375e-18 | 1.000e+00 | 9.032e-05 |   6.176e-09 | 1.000e+00 | 2.292e-12 |   2.180e-18 | 1.000e+00 | 2.378e-09
     1 |  3.0326e-13 |   8.133e-23 | 3.425e-05 | 8.928e-05 |   3.033e-13 | 4.911e-05 | 2.268e-12 |   4.052e-24 | 1.858e-06 | 2.352e-09
  SNES converged via DOF-wise criteria:
    DOF 0: ABS (atol)
    DOF 1: ABS (atol) STOL (stol)
    DOF 2: ABS (atol) STOL (stol)
Max dt! can not Increase time step: 1.600e+04 -> 1.600e+04 
  BOUNDS: phi_ice [0.0000, 1.0000]  phi_air [0.0000, 1.0000]
  ===============================================================================
  >>> DOMAIN INTEGRALS (PER TIME STEP)
  ===============================================================================
  -------------------------------------------------------------------------------------------------------------
    STEP |     TIME [s] |    DT [s] |    TOT_ICE |    TOT_AIR |      TEMP |  TOT_RHOV | I-A INTERF | TOTAL_MASS
  -------------------------------------------------------------------------------------------------------------
   363 |  4.80798e+06 | 1.600e+04 |  1.379e-08 |  1.621e-08 | -6.000e-07 | 1.376e-11 |  1.043e-10 |  1.267e-05
       |              |           |    +0.000% |    -0.000% |           |   -0.001% |            |    +0.000%
    SNES DOF norms (2-norm) and ratios
    --------------------------------------------------------------------------------------------------------------------------------------
    it |       fnorm |          n0 |        r0 |        s0 |          n1 |        r1 |        s1 |          n2 |        r2 |        s2
    --------------------------------------------------------------------------------------------------------------------------------------
     0 |  6.1043e-09 |   2.347e-18 | 1.000e+00 | 8.928e-05 |   6.104e-09 | 1.000e+00 | 2.268e-12 |   2.155e-18 | 1.000e+00 | 2.352e-09
     1 |  3.0564e-13 |   7.946e-23 | 3.385e-05 | 8.825e-05 |   3.056e-13 | 5.007e-05 | 2.244e-12 |   3.958e-24 | 1.837e-06 | 2.326e-09
  SNES converged via DOF-wise criteria:
    DOF 0: ABS (atol)
    DOF 1: ABS (atol) STOL (stol)
    DOF 2: ABS (atol) STOL (stol)
Max dt! can not Increase time step: 1.600e+04 -> 1.600e+04 
  BOUNDS: phi_ice [0.0000, 1.0000]  phi_air [0.0000, 1.0000]
  ===============================================================================
  >>> DOMAIN INTEGRALS (PER TIME STEP)
  ===============================================================================
  -------------------------------------------------------------------------------------------------------------
    STEP |     TIME [s] |    DT [s] |    TOT_ICE |    TOT_AIR |      TEMP |  TOT_RHOV | I-A INTERF | TOTAL_MASS
  -------------------------------------------------------------------------------------------------------------
   364 |  4.82398e+06 | 1.600e+04 |  1.379e-08 |  1.621e-08 | -6.000e-07 | 1.376e-11 |  1.043e-10 |  1.267e-05
       |              |           |    +0.000% |    -0.000% |           |   -0.001% |            |    +0.000%
    SNES DOF norms (2-norm) and ratios
    --------------------------------------------------------------------------------------------------------------------------------------
    it |       fnorm |          n0 |        r0 |        s0 |          n1 |        r1 |        s1 |          n2 |        r2 |        s2
    --------------------------------------------------------------------------------------------------------------------------------------
     0 |  6.0339e-09 |   2.320e-18 | 1.000e+00 | 8.825e-05 |   6.034e-09 | 1.000e+00 | 2.244e-12 |   2.130e-18 | 1.000e+00 | 2.326e-09
     1 |  3.0216e-13 |   7.764e-23 | 3.346e-05 | 8.723e-05 |   3.022e-13 | 5.008e-05 | 2.221e-12 |   3.867e-24 | 1.815e-06 | 2.300e-09
  SNES converged via DOF-wise criteria:
    DOF 0: ABS (atol)
    DOF 1: ABS (atol) STOL (stol)
    DOF 2: ABS (atol) STOL (stol)
Max dt! can not Increase time step: 1.600e+04 -> 1.600e+04 
  BOUNDS: phi_ice [0.0000, 1.0000]  phi_air [0.0000, 1.0000]
  ===============================================================================
  >>> DOMAIN INTEGRALS (PER TIME STEP)
  ===============================================================================
  -------------------------------------------------------------------------------------------------------------
    STEP |     TIME [s] |    DT [s] |    TOT_ICE |    TOT_AIR |      TEMP |  TOT_RHOV | I-A INTERF | TOTAL_MASS
  -------------------------------------------------------------------------------------------------------------
   365 |  4.83998e+06 | 1.600e+04 |  1.379e-08 |  1.621e-08 | -6.000e-07 | 1.376e-11 |  1.043e-10 |  1.267e-05
       |              |           |    +0.000% |    -0.000% |           |   -0.001% |            |    +0.000%
    SNES DOF norms (2-norm) and ratios
    --------------------------------------------------------------------------------------------------------------------------------------
    it |       fnorm |          n0 |        r0 |        s0 |          n1 |        r1 |        s1 |          n2 |        r2 |        s2
    --------------------------------------------------------------------------------------------------------------------------------------
     0 |  5.9643e-09 |   2.293e-18 | 1.000e+00 | 8.723e-05 |   5.964e-09 | 1.000e+00 | 2.221e-12 |   2.106e-18 | 1.000e+00 | 2.300e-09
     1 |  2.9812e-13 |   7.585e-23 | 3.308e-05 | 8.623e-05 |   2.981e-13 | 4.998e-05 | 2.197e-12 |   3.778e-24 | 1.794e-06 | 2.275e-09
  SNES converged via DOF-wise criteria:
    DOF 0: ABS (atol)
    DOF 1: ABS (atol) STOL (stol)
    DOF 2: ABS (atol) STOL (stol)
Max dt! can not Increase time step: 1.600e+04 -> 1.600e+04 
  BOUNDS: phi_ice [0.0000, 1.0000]  phi_air [0.0000, 1.0000]
  ===============================================================================
  >>> DOMAIN INTEGRALS (PER TIME STEP)
  ===============================================================================
  -------------------------------------------------------------------------------------------------------------
    STEP |     TIME [s] |    DT [s] |    TOT_ICE |    TOT_AIR |      TEMP |  TOT_RHOV | I-A INTERF | TOTAL_MASS
  -------------------------------------------------------------------------------------------------------------
   366 |  4.85598e+06 | 1.600e+04 |  1.379e-08 |  1.621e-08 | -6.000e-07 | 1.376e-11 |  1.043e-10 |  1.267e-05
       |              |           |    +0.000% |    -0.000% |           |   -0.001% |            |    +0.000%
OUTPUT print!
    SNES DOF norms (2-norm) and ratios
    --------------------------------------------------------------------------------------------------------------------------------------
    it |       fnorm |          n0 |        r0 |        s0 |          n1 |        r1 |        s1 |          n2 |        r2 |        s2
    --------------------------------------------------------------------------------------------------------------------------------------
     0 |  5.8955e-09 |   2.267e-18 | 1.000e+00 | 8.623e-05 |   5.896e-09 | 1.000e+00 | 2.197e-12 |   2.081e-18 | 1.000e+00 | 2.275e-09
     1 |  3.0741e-13 |   7.411e-23 | 3.270e-05 | 8.523e-05 |   3.074e-13 | 5.214e-05 | 2.174e-12 |   3.690e-24 | 1.773e-06 | 2.250e-09
  SNES converged via DOF-wise criteria:
    DOF 0: ABS (atol)
    DOF 1: ABS (atol) STOL (stol)
    DOF 2: ABS (atol) STOL (stol)
Max dt! can not Increase time step: 1.600e+04 -> 1.600e+04 
  BOUNDS: phi_ice [0.0000, 1.0000]  phi_air [0.0000, 1.0000]
  ===============================================================================
  >>> DOMAIN INTEGRALS (PER TIME STEP)
  ===============================================================================
  -------------------------------------------------------------------------------------------------------------
    STEP |     TIME [s] |    DT [s] |    TOT_ICE |    TOT_AIR |      TEMP |  TOT_RHOV | I-A INTERF | TOTAL_MASS
  -------------------------------------------------------------------------------------------------------------
   367 |  4.87198e+06 | 1.600e+04 |  1.379e-08 |  1.621e-08 | -6.000e-07 | 1.376e-11 |  1.043e-10 |  1.267e-05
       |              |           |    +0.000% |    -0.000% |           |   -0.001% |            |    +0.000%
    SNES DOF norms (2-norm) and ratios
    --------------------------------------------------------------------------------------------------------------------------------------
    it |       fnorm |          n0 |        r0 |        s0 |          n1 |        r1 |        s1 |          n2 |        r2 |        s2
    --------------------------------------------------------------------------------------------------------------------------------------
     0 |  5.8276e-09 |   2.241e-18 | 1.000e+00 | 8.523e-05 |   5.828e-09 | 1.000e+00 | 2.174e-12 |   2.057e-18 | 1.000e+00 | 2.250e-09
     1 |  3.1321e-13 |   7.241e-23 | 3.232e-05 | 8.425e-05 |   3.132e-13 | 5.375e-05 | 2.151e-12 |   3.605e-24 | 1.752e-06 | 2.225e-09
  SNES converged via DOF-wise criteria:
    DOF 0: ABS (atol)
    DOF 1: ABS (atol) STOL (stol)
    DOF 2: ABS (atol) STOL (stol)
Max dt! can not Increase time step: 1.600e+04 -> 1.600e+04 
  BOUNDS: phi_ice [0.0000, 1.0000]  phi_air [0.0000, 1.0000]
  ===============================================================================
  >>> DOMAIN INTEGRALS (PER TIME STEP)
  ===============================================================================
  -------------------------------------------------------------------------------------------------------------
    STEP |     TIME [s] |    DT [s] |    TOT_ICE |    TOT_AIR |      TEMP |  TOT_RHOV | I-A INTERF | TOTAL_MASS
  -------------------------------------------------------------------------------------------------------------
   368 |  4.88798e+06 | 1.600e+04 |  1.379e-08 |  1.621e-08 | -6.000e-07 | 1.376e-11 |  1.044e-10 |  1.267e-05
       |              |           |    +0.000% |    -0.000% |           |   -0.001% |            |    +0.000%
    SNES DOF norms (2-norm) and ratios
    --------------------------------------------------------------------------------------------------------------------------------------
    it |       fnorm |          n0 |        r0 |        s0 |          n1 |        r1 |        s1 |          n2 |        r2 |        s2
    --------------------------------------------------------------------------------------------------------------------------------------
     0 |  5.7604e-09 |   2.215e-18 | 1.000e+00 | 8.425e-05 |   5.760e-09 | 1.000e+00 | 2.151e-12 |   2.034e-18 | 1.000e+00 | 2.225e-09
     1 |  3.0675e-13 |   7.075e-23 | 3.194e-05 | 8.328e-05 |   3.067e-13 | 5.325e-05 | 2.128e-12 |   3.522e-24 | 1.732e-06 | 2.200e-09
  SNES converged via DOF-wise criteria:
    DOF 0: ABS (atol)
    DOF 1: ABS (atol) STOL (stol)
    DOF 2: ABS (atol) STOL (stol)
Max dt! can not Increase time step: 1.600e+04 -> 1.600e+04 
  BOUNDS: phi_ice [0.0000, 1.0000]  phi_air [0.0000, 1.0000]
  ===============================================================================
  >>> DOMAIN INTEGRALS (PER TIME STEP)
  ===============================================================================
  -------------------------------------------------------------------------------------------------------------
    STEP |     TIME [s] |    DT [s] |    TOT_ICE |    TOT_AIR |      TEMP |  TOT_RHOV | I-A INTERF | TOTAL_MASS
  -------------------------------------------------------------------------------------------------------------
   369 |  4.90398e+06 | 1.600e+04 |  1.379e-08 |  1.621e-08 | -6.000e-07 | 1.376e-11 |  1.044e-10 |  1.267e-05
       |              |           |    +0.000% |    -0.000% |           |   -0.001% |            |    +0.000%
    SNES DOF norms (2-norm) and ratios
    --------------------------------------------------------------------------------------------------------------------------------------
    it |       fnorm |          n0 |        r0 |        s0 |          n1 |        r1 |        s1 |          n2 |        r2 |        s2
    --------------------------------------------------------------------------------------------------------------------------------------
     0 |  5.6940e-09 |   2.189e-18 | 1.000e+00 | 8.328e-05 |   5.694e-09 | 1.000e+00 | 2.128e-12 |   2.010e-18 | 1.000e+00 | 2.200e-09
     1 |  3.0191e-13 |   6.913e-23 | 3.158e-05 | 8.232e-05 |   3.019e-13 | 5.302e-05 | 2.105e-12 |   3.441e-24 | 1.712e-06 | 2.176e-09
  SNES converged via DOF-wise criteria:
    DOF 0: ABS (atol)
    DOF 1: ABS (atol) STOL (stol)
    DOF 2: ABS (atol) STOL (stol)
Max dt! can not Increase time step: 1.600e+04 -> 1.600e+04 
  BOUNDS: phi_ice [0.0000, 1.0000]  phi_air [0.0000, 1.0000]
  ===============================================================================
  >>> DOMAIN INTEGRALS (PER TIME STEP)
  ===============================================================================
  -------------------------------------------------------------------------------------------------------------
    STEP |     TIME [s] |    DT [s] |    TOT_ICE |    TOT_AIR |      TEMP |  TOT_RHOV | I-A INTERF | TOTAL_MASS
  -------------------------------------------------------------------------------------------------------------
   370 |  4.91998e+06 | 1.600e+04 |  1.379e-08 |  1.621e-08 | -6.000e-07 | 1.376e-11 |  1.044e-10 |  1.267e-05
       |              |           |    +0.000% |    -0.000% |           |   -0.001% |            |    +0.000%
    SNES DOF norms (2-norm) and ratios
    --------------------------------------------------------------------------------------------------------------------------------------
    it |       fnorm |          n0 |        r0 |        s0 |          n1 |        r1 |        s1 |          n2 |        r2 |        s2
    --------------------------------------------------------------------------------------------------------------------------------------
     0 |  5.6284e-09 |   2.164e-18 | 1.000e+00 | 8.232e-05 |   5.628e-09 | 1.000e+00 | 2.105e-12 |   1.987e-18 | 1.000e+00 | 2.176e-09
     1 |  3.0031e-13 |   6.755e-23 | 3.121e-05 | 8.137e-05 |   3.003e-13 | 5.336e-05 | 2.083e-12 |   3.362e-24 | 1.692e-06 | 2.151e-09
  SNES converged via DOF-wise criteria:
    DOF 0: ABS (atol)
    DOF 1: ABS (atol) STOL (stol)
    DOF 2: ABS (atol) STOL (stol)
Max dt! can not Increase time step: 1.600e+04 -> 1.600e+04 
  BOUNDS: phi_ice [0.0000, 1.0000]  phi_air [0.0000, 1.0000]
  ===============================================================================
  >>> DOMAIN INTEGRALS (PER TIME STEP)
  ===============================================================================
  -------------------------------------------------------------------------------------------------------------
    STEP |     TIME [s] |    DT [s] |    TOT_ICE |    TOT_AIR |      TEMP |  TOT_RHOV | I-A INTERF | TOTAL_MASS
  -------------------------------------------------------------------------------------------------------------
   371 |  4.93598e+06 | 1.600e+04 |  1.379e-08 |  1.621e-08 | -6.000e-07 | 1.376e-11 |  1.044e-10 |  1.267e-05
       |              |           |    +0.000% |    -0.000% |           |   -0.001% |            |    +0.000%
    SNES DOF norms (2-norm) and ratios
    --------------------------------------------------------------------------------------------------------------------------------------
    it |       fnorm |          n0 |        r0 |        s0 |          n1 |        r1 |        s1 |          n2 |        r2 |        s2
    --------------------------------------------------------------------------------------------------------------------------------------
     0 |  5.5635e-09 |   2.139e-18 | 1.000e+00 | 8.137e-05 |   5.563e-09 | 1.000e+00 | 2.083e-12 |   1.964e-18 | 1.000e+00 | 2.151e-09
     1 |  3.1018e-13 |   6.600e-23 | 3.085e-05 | 8.043e-05 |   3.102e-13 | 5.575e-05 | 2.061e-12 |   3.284e-24 | 1.672e-06 | 2.127e-09
  SNES converged via DOF-wise criteria:
    DOF 0: ABS (atol)
    DOF 1: ABS (atol) STOL (stol)
    DOF 2: ABS (atol) STOL (stol)
Max dt! can not Increase time step: 1.600e+04 -> 1.600e+04 
  BOUNDS: phi_ice [0.0000, 1.0000]  phi_air [0.0000, 1.0000]
  ===============================================================================
  >>> DOMAIN INTEGRALS (PER TIME STEP)
  ===============================================================================
  -------------------------------------------------------------------------------------------------------------
    STEP |     TIME [s] |    DT [s] |    TOT_ICE |    TOT_AIR |      TEMP |  TOT_RHOV | I-A INTERF | TOTAL_MASS
  -------------------------------------------------------------------------------------------------------------
   372 |  4.95198e+06 | 1.600e+04 |  1.379e-08 |  1.621e-08 | -6.000e-07 | 1.376e-11 |  1.044e-10 |  1.267e-05
       |              |           |    +0.000% |    -0.000% |           |   -0.001% |            |    +0.000%
OUTPUT print!
    SNES DOF norms (2-norm) and ratios
    --------------------------------------------------------------------------------------------------------------------------------------
    it |       fnorm |          n0 |        r0 |        s0 |          n1 |        r1 |        s1 |          n2 |        r2 |        s2
    --------------------------------------------------------------------------------------------------------------------------------------
     0 |  5.4994e-09 |   2.115e-18 | 1.000e+00 | 8.043e-05 |   5.499e-09 | 1.000e+00 | 2.061e-12 |   1.941e-18 | 1.000e+00 | 2.127e-09
     1 |  3.0380e-13 |   6.448e-23 | 3.050e-05 | 7.951e-05 |   3.038e-13 | 5.524e-05 | 2.039e-12 |   3.209e-24 | 1.653e-06 | 2.104e-09
  SNES converged via DOF-wise criteria:
    DOF 0: ABS (atol)
    DOF 1: ABS (atol) STOL (stol)
    DOF 2: ABS (atol) STOL (stol)
Max dt! can not Increase time step: 1.600e+04 -> 1.600e+04 
  BOUNDS: phi_ice [0.0000, 1.0000]  phi_air [0.0000, 1.0000]
  ===============================================================================
  >>> DOMAIN INTEGRALS (PER TIME STEP)
  ===============================================================================
  -------------------------------------------------------------------------------------------------------------
    STEP |     TIME [s] |    DT [s] |    TOT_ICE |    TOT_AIR |      TEMP |  TOT_RHOV | I-A INTERF | TOTAL_MASS
  -------------------------------------------------------------------------------------------------------------
   373 |  4.96798e+06 | 1.600e+04 |  1.379e-08 |  1.621e-08 | -6.000e-07 | 1.376e-11 |  1.044e-10 |  1.267e-05
       |              |           |    +0.000% |    -0.000% |           |   -0.001% |            |    +0.000%
    SNES DOF norms (2-norm) and ratios
    --------------------------------------------------------------------------------------------------------------------------------------
    it |       fnorm |          n0 |        r0 |        s0 |          n1 |        r1 |        s1 |          n2 |        r2 |        s2
    --------------------------------------------------------------------------------------------------------------------------------------
     0 |  5.4360e-09 |   2.090e-18 | 1.000e+00 | 7.951e-05 |   5.436e-09 | 1.000e+00 | 2.039e-12 |   1.919e-18 | 1.000e+00 | 2.104e-09
     1 |  3.0872e-13 |   6.301e-23 | 3.014e-05 | 7.859e-05 |   3.087e-13 | 5.679e-05 | 2.017e-12 |   3.135e-24 | 1.634e-06 | 2.080e-09
  SNES converged via DOF-wise criteria:
    DOF 0: ABS (atol)
    DOF 1: ABS (atol) STOL (stol)
    DOF 2: ABS (atol) STOL (stol)
Max dt! can not Increase time step: 1.600e+04 -> 1.600e+04 
  BOUNDS: phi_ice [0.0000, 1.0000]  phi_air [0.0000, 1.0000]
  ===============================================================================
  >>> DOMAIN INTEGRALS (PER TIME STEP)
  ===============================================================================
  -------------------------------------------------------------------------------------------------------------
    STEP |     TIME [s] |    DT [s] |    TOT_ICE |    TOT_AIR |      TEMP |  TOT_RHOV | I-A INTERF | TOTAL_MASS
  -------------------------------------------------------------------------------------------------------------
   374 |  4.98398e+06 | 1.600e+04 |  1.379e-08 |  1.621e-08 | -6.000e-07 | 1.376e-11 |  1.044e-10 |  1.267e-05
       |              |           |    +0.000% |    -0.000% |           |   -0.001% |            |    +0.000%
    SNES DOF norms (2-norm) and ratios
    --------------------------------------------------------------------------------------------------------------------------------------
    it |       fnorm |          n0 |        r0 |        s0 |          n1 |        r1 |        s1 |          n2 |        r2 |        s2
    --------------------------------------------------------------------------------------------------------------------------------------
     0 |  5.3734e-09 |   2.066e-18 | 1.000e+00 | 7.859e-05 |   5.373e-09 | 1.000e+00 | 2.017e-12 |   1.897e-18 | 1.000e+00 | 2.080e-09
     1 |  3.0462e-13 |   6.156e-23 | 2.980e-05 | 7.769e-05 |   3.046e-13 | 5.669e-05 | 1.996e-12 |   3.062e-24 | 1.614e-06 | 2.057e-09
  SNES converged via DOF-wise criteria:
    DOF 0: ABS (atol)
    DOF 1: ABS (atol) STOL (stol)
    DOF 2: ABS (atol) STOL (stol)
Max dt! can not Increase time step: 1.600e+04 -> 1.600e+04 
  BOUNDS: phi_ice [0.0000, 1.0000]  phi_air [0.0000, 1.0000]
  ===============================================================================
  >>> DOMAIN INTEGRALS (PER TIME STEP)
  ===============================================================================
  -------------------------------------------------------------------------------------------------------------
    STEP |     TIME [s] |    DT [s] |    TOT_ICE |    TOT_AIR |      TEMP |  TOT_RHOV | I-A INTERF | TOTAL_MASS
  -------------------------------------------------------------------------------------------------------------
   375 |  4.99998e+06 | 1.600e+04 |  1.379e-08 |  1.621e-08 | -6.000e-07 | 1.376e-11 |  1.044e-10 |  1.267e-05
       |              |           |    +0.000% |    -0.000% |           |   -0.001% |            |    +0.000%
    SNES DOF norms (2-norm) and ratios
    --------------------------------------------------------------------------------------------------------------------------------------
    it |       fnorm |          n0 |        r0 |        s0 |          n1 |        r1 |        s1 |          n2 |        r2 |        s2
    --------------------------------------------------------------------------------------------------------------------------------------
     0 |  5.3115e-09 |   2.042e-18 | 1.000e+00 | 7.769e-05 |   5.312e-09 | 1.000e+00 | 1.996e-12 |   1.875e-18 | 1.000e+00 | 2.057e-09
     1 |  3.0121e-13 |   6.015e-23 | 2.945e-05 | 7.679e-05 |   3.012e-13 | 5.671e-05 | 1.974e-12 |   2.992e-24 | 1.595e-06 | 2.035e-09
  SNES converged via DOF-wise criteria:
    DOF 0: ABS (atol)
    DOF 1: ABS (atol) STOL (stol)
    DOF 2: ABS (atol) STOL (stol)
Max dt! can not Increase time step: 1.600e+04 -> 1.600e+04 
  BOUNDS: phi_ice [0.0000, 1.0000]  phi_air [0.0000, 1.0000]
  ===============================================================================
  >>> DOMAIN INTEGRALS (PER TIME STEP)
  ===============================================================================
  -------------------------------------------------------------------------------------------------------------
    STEP |     TIME [s] |    DT [s] |    TOT_ICE |    TOT_AIR |      TEMP |  TOT_RHOV | I-A INTERF | TOTAL_MASS
  -------------------------------------------------------------------------------------------------------------
   376 |  5.01598e+06 | 1.600e+04 |  1.379e-08 |  1.621e-08 | -6.000e-07 | 1.376e-11 |  1.044e-10 |  1.267e-05
       |              |           |    +0.000% |    -0.000% |           |   -0.001% |            |    +0.000%
    SNES DOF norms (2-norm) and ratios
    --------------------------------------------------------------------------------------------------------------------------------------
    it |       fnorm |          n0 |        r0 |        s0 |          n1 |        r1 |        s1 |          n2 |        r2 |        s2
    --------------------------------------------------------------------------------------------------------------------------------------
     0 |  5.2503e-09 |   2.019e-18 | 1.000e+00 | 7.679e-05 |   5.250e-09 | 1.000e+00 | 1.974e-12 |   1.854e-18 | 1.000e+00 | 2.035e-09
     1 |  3.0129e-13 |   5.877e-23 | 2.911e-05 | 7.591e-05 |   3.013e-13 | 5.739e-05 | 1.953e-12 |   2.923e-24 | 1.577e-06 | 2.012e-09
  SNES converged via DOF-wise criteria:
    DOF 0: ABS (atol)
    DOF 1: ABS (atol) STOL (stol)
    DOF 2: ABS (atol) STOL (stol)
Max dt! can not Increase time step: 1.600e+04 -> 1.600e+04 
  BOUNDS: phi_ice [0.0000, 1.0000]  phi_air [0.0000, 1.0000]
  ===============================================================================
  >>> DOMAIN INTEGRALS (PER TIME STEP)
  ===============================================================================
  -------------------------------------------------------------------------------------------------------------
    STEP |     TIME [s] |    DT [s] |    TOT_ICE |    TOT_AIR |      TEMP |  TOT_RHOV | I-A INTERF | TOTAL_MASS
  -------------------------------------------------------------------------------------------------------------
   377 |  5.03198e+06 | 1.600e+04 |  1.379e-08 |  1.621e-08 | -6.000e-07 | 1.376e-11 |  1.044e-10 |  1.267e-05
       |              |           |    +0.000% |    -0.000% |           |   -0.001% |            |    +0.000%
    SNES DOF norms (2-norm) and ratios
    --------------------------------------------------------------------------------------------------------------------------------------
    it |       fnorm |          n0 |        r0 |        s0 |          n1 |        r1 |        s1 |          n2 |        r2 |        s2
    --------------------------------------------------------------------------------------------------------------------------------------
     0 |  5.1899e-09 |   1.996e-18 | 1.000e+00 | 7.591e-05 |   5.190e-09 | 1.000e+00 | 1.953e-12 |   1.832e-18 | 1.000e+00 | 2.012e-09
     1 |  3.0295e-13 |   5.743e-23 | 2.878e-05 | 7.503e-05 |   3.029e-13 | 5.837e-05 | 1.933e-12 |   2.856e-24 | 1.559e-06 | 1.990e-09
  SNES converged via DOF-wise criteria:
    DOF 0: ABS (atol)
    DOF 1: ABS (atol) STOL (stol)
    DOF 2: ABS (atol) STOL (stol)
Max dt! can not Increase time step: 1.600e+04 -> 1.600e+04 
  BOUNDS: phi_ice [0.0000, 1.0000]  phi_air [0.0000, 1.0000]
  ===============================================================================
  >>> DOMAIN INTEGRALS (PER TIME STEP)
  ===============================================================================
  -------------------------------------------------------------------------------------------------------------
    STEP |     TIME [s] |    DT [s] |    TOT_ICE |    TOT_AIR |      TEMP |  TOT_RHOV | I-A INTERF | TOTAL_MASS
  -------------------------------------------------------------------------------------------------------------
   378 |  5.04798e+06 | 1.600e+04 |  1.379e-08 |  1.621e-08 | -6.000e-07 | 1.376e-11 |  1.044e-10 |  1.267e-05
       |              |           |    +0.000% |    -0.000% |           |   -0.001% |            |    +0.000%
OUTPUT print!
    SNES DOF norms (2-norm) and ratios
    --------------------------------------------------------------------------------------------------------------------------------------
    it |       fnorm |          n0 |        r0 |        s0 |          n1 |        r1 |        s1 |          n2 |        r2 |        s2
    --------------------------------------------------------------------------------------------------------------------------------------
     0 |  5.1301e-09 |   1.973e-18 | 1.000e+00 | 7.503e-05 |   5.130e-09 | 1.000e+00 | 1.933e-12 |   1.811e-18 | 1.000e+00 | 1.990e-09
     1 |  3.0172e-13 |   5.611e-23 | 2.845e-05 | 7.417e-05 |   3.017e-13 | 5.881e-05 | 1.912e-12 |   2.790e-24 | 1.540e-06 | 1.967e-09
  SNES converged via DOF-wise criteria:
    DOF 0: ABS (atol)
    DOF 1: ABS (atol) STOL (stol)
    DOF 2: ABS (atol) STOL (stol)
Max dt! can not Increase time step: 1.600e+04 -> 1.600e+04 
  BOUNDS: phi_ice [0.0000, 1.0000]  phi_air [0.0000, 1.0000]
  ===============================================================================
  >>> DOMAIN INTEGRALS (PER TIME STEP)
  ===============================================================================
  -------------------------------------------------------------------------------------------------------------
    STEP |     TIME [s] |    DT [s] |    TOT_ICE |    TOT_AIR |      TEMP |  TOT_RHOV | I-A INTERF | TOTAL_MASS
  -------------------------------------------------------------------------------------------------------------
   379 |  5.06398e+06 | 1.600e+04 |  1.379e-08 |  1.621e-08 | -6.000e-07 | 1.376e-11 |  1.044e-10 |  1.267e-05
       |              |           |    +0.000% |    -0.000% |           |   -0.001% |            |    +0.000%
    SNES DOF norms (2-norm) and ratios
    --------------------------------------------------------------------------------------------------------------------------------------
    it |       fnorm |          n0 |        r0 |        s0 |          n1 |        r1 |        s1 |          n2 |        r2 |        s2
    --------------------------------------------------------------------------------------------------------------------------------------
     0 |  5.0711e-09 |   1.950e-18 | 1.000e+00 | 7.417e-05 |   5.071e-09 | 1.000e+00 | 1.912e-12 |   1.790e-18 | 1.000e+00 | 1.967e-09
     1 |  3.0138e-13 |   5.483e-23 | 2.812e-05 | 7.332e-05 |   3.014e-13 | 5.943e-05 | 1.891e-12 |   2.726e-24 | 1.523e-06 | 1.945e-09
  SNES converged via DOF-wise criteria:
    DOF 0: ABS (atol)
    DOF 1: ABS (atol) STOL (stol)
    DOF 2: ABS (atol) STOL (stol)
Max dt! can not Increase time step: 1.600e+04 -> 1.600e+04 
  BOUNDS: phi_ice [0.0000, 1.0000]  phi_air [0.0000, 1.0000]
  ===============================================================================
  >>> DOMAIN INTEGRALS (PER TIME STEP)
  ===============================================================================
  -------------------------------------------------------------------------------------------------------------
    STEP |     TIME [s] |    DT [s] |    TOT_ICE |    TOT_AIR |      TEMP |  TOT_RHOV | I-A INTERF | TOTAL_MASS
  -------------------------------------------------------------------------------------------------------------
   380 |  5.07998e+06 | 1.600e+04 |  1.379e-08 |  1.621e-08 | -6.000e-07 | 1.376e-11 |  1.044e-10 |  1.267e-05
       |              |           |    +0.000% |    -0.000% |           |   -0.001% |            |    +0.000%
    SNES DOF norms (2-norm) and ratios
    --------------------------------------------------------------------------------------------------------------------------------------
    it |       fnorm |          n0 |        r0 |        s0 |          n1 |        r1 |        s1 |          n2 |        r2 |        s2
    --------------------------------------------------------------------------------------------------------------------------------------
     0 |  5.0127e-09 |   1.927e-18 | 1.000e+00 | 7.332e-05 |   5.013e-09 | 1.000e+00 | 1.891e-12 |   1.770e-18 | 1.000e+00 | 1.945e-09
     1 |  3.0556e-13 |   5.357e-23 | 2.779e-05 | 7.247e-05 |   3.056e-13 | 6.096e-05 | 1.871e-12 |   2.663e-24 | 1.505e-06 | 1.924e-09
  SNES converged via DOF-wise criteria:
    DOF 0: ABS (atol)
    DOF 1: ABS (atol) STOL (stol)
    DOF 2: ABS (atol) STOL (stol)
Max dt! can not Increase time step: 1.600e+04 -> 1.600e+04 
  BOUNDS: phi_ice [0.0000, 1.0000]  phi_air [0.0000, 1.0000]
  ===============================================================================
  >>> DOMAIN INTEGRALS (PER TIME STEP)
  ===============================================================================
  -------------------------------------------------------------------------------------------------------------
    STEP |     TIME [s] |    DT [s] |    TOT_ICE |    TOT_AIR |      TEMP |  TOT_RHOV | I-A INTERF | TOTAL_MASS
  -------------------------------------------------------------------------------------------------------------
   381 |  5.09598e+06 | 1.600e+04 |  1.379e-08 |  1.621e-08 | -6.000e-07 | 1.376e-11 |  1.044e-10 |  1.267e-05
       |              |           |    +0.000% |    -0.000% |           |   -0.001% |            |    +0.000%
    SNES DOF norms (2-norm) and ratios
    --------------------------------------------------------------------------------------------------------------------------------------
    it |       fnorm |          n0 |        r0 |        s0 |          n1 |        r1 |        s1 |          n2 |        r2 |        s2
    --------------------------------------------------------------------------------------------------------------------------------------
     0 |  4.9550e-09 |   1.905e-18 | 1.000e+00 | 7.247e-05 |   4.955e-09 | 1.000e+00 | 1.871e-12 |   1.749e-18 | 1.000e+00 | 1.924e-09
     1 |  3.0009e-13 |   5.234e-23 | 2.747e-05 | 7.164e-05 |   3.001e-13 | 6.056e-05 | 1.851e-12 |   2.602e-24 | 1.487e-06 | 1.902e-09
  SNES converged via DOF-wise criteria:
    DOF 0: ABS (atol)
    DOF 1: ABS (atol) STOL (stol)
    DOF 2: ABS (atol) STOL (stol)
Max dt! can not Increase time step: 1.600e+04 -> 1.600e+04 
  BOUNDS: phi_ice [0.0000, 1.0000]  phi_air [0.0000, 1.0000]
  ===============================================================================
  >>> DOMAIN INTEGRALS (PER TIME STEP)
  ===============================================================================
  -------------------------------------------------------------------------------------------------------------
    STEP |     TIME [s] |    DT [s] |    TOT_ICE |    TOT_AIR |      TEMP |  TOT_RHOV | I-A INTERF | TOTAL_MASS
  -------------------------------------------------------------------------------------------------------------
   382 |  5.11198e+06 | 1.600e+04 |  1.379e-08 |  1.621e-08 | -6.000e-07 | 1.376e-11 |  1.044e-10 |  1.267e-05
       |              |           |    +0.000% |    -0.000% |           |   -0.001% |            |    +0.000%
    SNES DOF norms (2-norm) and ratios
    --------------------------------------------------------------------------------------------------------------------------------------
    it |       fnorm |          n0 |        r0 |        s0 |          n1 |        r1 |        s1 |          n2 |        r2 |        s2
    --------------------------------------------------------------------------------------------------------------------------------------
     0 |  4.8980e-09 |   1.883e-18 | 1.000e+00 | 7.164e-05 |   4.898e-09 | 1.000e+00 | 1.851e-12 |   1.729e-18 | 1.000e+00 | 1.902e-09
     1 |  3.0541e-13 |   5.115e-23 | 2.716e-05 | 7.081e-05 |   3.054e-13 | 6.235e-05 | 1.831e-12 |   2.542e-24 | 1.470e-06 | 1.881e-09
  SNES converged via DOF-wise criteria:
    DOF 0: ABS (atol)
    DOF 1: ABS (atol) STOL (stol)
    DOF 2: ABS (atol) STOL (stol)
Max dt! can not Increase time step: 1.600e+04 -> 1.600e+04 
  BOUNDS: phi_ice [0.0000, 1.0000]  phi_air [0.0000, 1.0000]
  ===============================================================================
  >>> DOMAIN INTEGRALS (PER TIME STEP)
  ===============================================================================
  -------------------------------------------------------------------------------------------------------------
    STEP |     TIME [s] |    DT [s] |    TOT_ICE |    TOT_AIR |      TEMP |  TOT_RHOV | I-A INTERF | TOTAL_MASS
  -------------------------------------------------------------------------------------------------------------
   383 |  5.12798e+06 | 1.600e+04 |  1.379e-08 |  1.621e-08 | -6.000e-07 | 1.376e-11 |  1.044e-10 |  1.267e-05
       |              |           |    +0.000% |    -0.000% |           |   -0.001% |            |    +0.000%
    SNES DOF norms (2-norm) and ratios
    --------------------------------------------------------------------------------------------------------------------------------------
    it |       fnorm |          n0 |        r0 |        s0 |          n1 |        r1 |        s1 |          n2 |        r2 |        s2
    --------------------------------------------------------------------------------------------------------------------------------------
     0 |  4.8416e-09 |   1.862e-18 | 1.000e+00 | 7.081e-05 |   4.842e-09 | 1.000e+00 | 1.831e-12 |   1.709e-18 | 1.000e+00 | 1.881e-09
     1 |  3.0689e-13 |   4.998e-23 | 2.685e-05 | 7.000e-05 |   3.069e-13 | 6.339e-05 | 1.811e-12 |   2.484e-24 | 1.453e-06 | 1.860e-09
  SNES converged via DOF-wise criteria:
    DOF 0: ABS (atol)
    DOF 1: ABS (atol) STOL (stol)
    DOF 2: ABS (atol) STOL (stol)
Max dt! can not Increase time step: 1.600e+04 -> 1.600e+04 
  BOUNDS: phi_ice [0.0000, 1.0000]  phi_air [0.0000, 1.0000]
  ===============================================================================
  >>> DOMAIN INTEGRALS (PER TIME STEP)
  ===============================================================================
  -------------------------------------------------------------------------------------------------------------
    STEP |     TIME [s] |    DT [s] |    TOT_ICE |    TOT_AIR |      TEMP |  TOT_RHOV | I-A INTERF | TOTAL_MASS
  -------------------------------------------------------------------------------------------------------------
   384 |  5.14398e+06 | 1.600e+04 |  1.379e-08 |  1.621e-08 | -6.000e-07 | 1.376e-11 |  1.044e-10 |  1.267e-05
       |              |           |    +0.000% |    -0.000% |           |   -0.001% |            |    +0.000%
OUTPUT print!
    SNES DOF norms (2-norm) and ratios
    --------------------------------------------------------------------------------------------------------------------------------------
    it |       fnorm |          n0 |        r0 |        s0 |          n1 |        r1 |        s1 |          n2 |        r2 |        s2
    --------------------------------------------------------------------------------------------------------------------------------------
     0 |  4.7859e-09 |   1.840e-18 | 1.000e+00 | 7.000e-05 |   4.786e-09 | 1.000e+00 | 1.811e-12 |   1.690e-18 | 1.000e+00 | 1.860e-09
     1 |  3.0064e-13 |   4.883e-23 | 2.654e-05 | 6.919e-05 |   3.006e-13 | 6.282e-05 | 1.792e-12 |   2.427e-24 | 1.436e-06 | 1.840e-09
  SNES converged via DOF-wise criteria:
    DOF 0: ABS (atol)
    DOF 1: ABS (atol) STOL (stol)
    DOF 2: ABS (atol) STOL (stol)
Max dt! can not Increase time step: 1.600e+04 -> 1.600e+04 
  BOUNDS: phi_ice [0.0000, 1.0000]  phi_air [0.0000, 1.0000]
  ===============================================================================
  >>> DOMAIN INTEGRALS (PER TIME STEP)
  ===============================================================================
  -------------------------------------------------------------------------------------------------------------
    STEP |     TIME [s] |    DT [s] |    TOT_ICE |    TOT_AIR |      TEMP |  TOT_RHOV | I-A INTERF | TOTAL_MASS
  -------------------------------------------------------------------------------------------------------------
   385 |  5.15998e+06 | 1.600e+04 |  1.379e-08 |  1.621e-08 | -6.000e-07 | 1.376e-11 |  1.044e-10 |  1.267e-05
       |              |           |    +0.000% |    -0.000% |           |   -0.001% |            |    +0.000%
    SNES DOF norms (2-norm) and ratios
    --------------------------------------------------------------------------------------------------------------------------------------
    it |       fnorm |          n0 |        r0 |        s0 |          n1 |        r1 |        s1 |          n2 |        r2 |        s2
    --------------------------------------------------------------------------------------------------------------------------------------
     0 |  4.7308e-09 |   1.819e-18 | 1.000e+00 | 6.919e-05 |   4.731e-09 | 1.000e+00 | 1.792e-12 |   1.670e-18 | 1.000e+00 | 1.840e-09
     1 |  3.0626e-13 |   4.771e-23 | 2.623e-05 | 6.840e-05 |   3.063e-13 | 6.474e-05 | 1.773e-12 |   2.371e-24 | 1.420e-06 | 1.819e-09
  SNES converged via DOF-wise criteria:
    DOF 0: ABS (atol)
    DOF 1: ABS (atol) STOL (stol)
    DOF 2: ABS (atol) STOL (stol)
Max dt! can not Increase time step: 1.600e+04 -> 1.600e+04 
  BOUNDS: phi_ice [0.0000, 1.0000]  phi_air [0.0000, 1.0000]
  ===============================================================================
  >>> DOMAIN INTEGRALS (PER TIME STEP)
  ===============================================================================
  -------------------------------------------------------------------------------------------------------------
    STEP |     TIME [s] |    DT [s] |    TOT_ICE |    TOT_AIR |      TEMP |  TOT_RHOV | I-A INTERF | TOTAL_MASS
  -------------------------------------------------------------------------------------------------------------
   386 |  5.17598e+06 | 1.600e+04 |  1.379e-08 |  1.621e-08 | -6.000e-07 | 1.376e-11 |  1.044e-10 |  1.267e-05
       |              |           |    +0.000% |    -0.000% |           |   -0.001% |            |    +0.000%
    SNES DOF norms (2-norm) and ratios
    --------------------------------------------------------------------------------------------------------------------------------------
    it |       fnorm |          n0 |        r0 |        s0 |          n1 |        r1 |        s1 |          n2 |        r2 |        s2
    --------------------------------------------------------------------------------------------------------------------------------------
     0 |  4.6764e-09 |   1.798e-18 | 1.000e+00 | 6.840e-05 |   4.676e-09 | 1.000e+00 | 1.773e-12 |   1.651e-18 | 1.000e+00 | 1.819e-09
     1 |  3.0740e-13 |   4.662e-23 | 2.593e-05 | 6.761e-05 |   3.074e-13 | 6.573e-05 | 1.754e-12 |   2.317e-24 | 1.403e-06 | 1.799e-09
  SNES converged via DOF-wise criteria:
    DOF 0: ABS (atol)
    DOF 1: ABS (atol) STOL (stol)
    DOF 2: ABS (atol) STOL (stol)
Max dt! can not Increase time step: 1.600e+04 -> 1.600e+04 
  BOUNDS: phi_ice [0.0000, 1.0000]  phi_air [0.0000, 1.0000]
  ===============================================================================
  >>> DOMAIN INTEGRALS (PER TIME STEP)
  ===============================================================================
  -------------------------------------------------------------------------------------------------------------
    STEP |     TIME [s] |    DT [s] |    TOT_ICE |    TOT_AIR |      TEMP |  TOT_RHOV | I-A INTERF | TOTAL_MASS
  -------------------------------------------------------------------------------------------------------------
   387 |  5.19198e+06 | 1.600e+04 |  1.379e-08 |  1.621e-08 | -6.000e-07 | 1.376e-11 |  1.044e-10 |  1.267e-05
       |              |           |    +0.000% |    -0.000% |           |   -0.001% |            |    +0.000%
    SNES DOF norms (2-norm) and ratios
    --------------------------------------------------------------------------------------------------------------------------------------
    it |       fnorm |          n0 |        r0 |        s0 |          n1 |        r1 |        s1 |          n2 |        r2 |        s2
    --------------------------------------------------------------------------------------------------------------------------------------
     0 |  4.6226e-09 |   1.777e-18 | 1.000e+00 | 6.761e-05 |   4.623e-09 | 1.000e+00 | 1.754e-12 |   1.632e-18 | 1.000e+00 | 1.799e-09
     1 |  3.0230e-13 |   4.556e-23 | 2.563e-05 | 6.683e-05 |   3.023e-13 | 6.540e-05 | 1.735e-12 |   2.264e-24 | 1.387e-06 | 1.779e-09
  SNES converged via DOF-wise criteria:
    DOF 0: ABS (atol)
    DOF 1: ABS (atol) STOL (stol)
    DOF 2: ABS (atol) STOL (stol)
Max dt! can not Increase time step: 1.600e+04 -> 1.600e+04 
  BOUNDS: phi_ice [0.0000, 1.0000]  phi_air [0.0000, 1.0000]
  ===============================================================================
  >>> DOMAIN INTEGRALS (PER TIME STEP)
  ===============================================================================
  -------------------------------------------------------------------------------------------------------------
    STEP |     TIME [s] |    DT [s] |    TOT_ICE |    TOT_AIR |      TEMP |  TOT_RHOV | I-A INTERF | TOTAL_MASS
  -------------------------------------------------------------------------------------------------------------
   388 |  5.20798e+06 | 1.600e+04 |  1.379e-08 |  1.621e-08 | -6.000e-07 | 1.376e-11 |  1.044e-10 |  1.267e-05
       |              |           |    +0.000% |    -0.000% |           |   -0.001% |            |    +0.000%
    SNES DOF norms (2-norm) and ratios
    --------------------------------------------------------------------------------------------------------------------------------------
    it |       fnorm |          n0 |        r0 |        s0 |          n1 |        r1 |        s1 |          n2 |        r2 |        s2
    --------------------------------------------------------------------------------------------------------------------------------------
     0 |  4.5694e-09 |   1.757e-18 | 1.000e+00 | 6.683e-05 |   4.569e-09 | 1.000e+00 | 1.735e-12 |   1.613e-18 | 1.000e+00 | 1.779e-09
     1 |  3.0509e-13 |   4.451e-23 | 2.534e-05 | 6.607e-05 |   3.051e-13 | 6.677e-05 | 1.716e-12 |   2.212e-24 | 1.371e-06 | 1.759e-09
  SNES converged via DOF-wise criteria:
    DOF 0: ABS (atol)
    DOF 1: ABS (atol) STOL (stol)
    DOF 2: ABS (atol) STOL (stol)
Max dt! can not Increase time step: 1.600e+04 -> 1.600e+04 
  BOUNDS: phi_ice [0.0000, 1.0000]  phi_air [0.0000, 1.0000]
  ===============================================================================
  >>> DOMAIN INTEGRALS (PER TIME STEP)
  ===============================================================================
  -------------------------------------------------------------------------------------------------------------
    STEP |     TIME [s] |    DT [s] |    TOT_ICE |    TOT_AIR |      TEMP |  TOT_RHOV | I-A INTERF | TOTAL_MASS
  -------------------------------------------------------------------------------------------------------------
   389 |  5.22398e+06 | 1.600e+04 |  1.379e-08 |  1.621e-08 | -6.000e-07 | 1.376e-11 |  1.044e-10 |  1.267e-05
       |              |           |    +0.000% |    -0.000% |           |   -0.001% |            |    +0.000%
    SNES DOF norms (2-norm) and ratios
    --------------------------------------------------------------------------------------------------------------------------------------
    it |       fnorm |          n0 |        r0 |        s0 |          n1 |        r1 |        s1 |          n2 |        r2 |        s2
    --------------------------------------------------------------------------------------------------------------------------------------
     0 |  4.5169e-09 |   1.737e-18 | 1.000e+00 | 6.607e-05 |   4.517e-09 | 1.000e+00 | 1.716e-12 |   1.595e-18 | 1.000e+00 | 1.759e-09
     1 |  3.0232e-13 |   4.349e-23 | 2.504e-05 | 6.531e-05 |   3.023e-13 | 6.693e-05 | 1.698e-12 |   2.161e-24 | 1.355e-06 | 1.739e-09
  SNES converged via DOF-wise criteria:
    DOF 0: ABS (atol)
    DOF 1: ABS (atol) STOL (stol)
    DOF 2: ABS (atol) STOL (stol)
Max dt! can not Increase time step: 1.600e+04 -> 1.600e+04 
  BOUNDS: phi_ice [0.0000, 1.0000]  phi_air [0.0000, 1.0000]
  ===============================================================================
  >>> DOMAIN INTEGRALS (PER TIME STEP)
  ===============================================================================
  -------------------------------------------------------------------------------------------------------------
    STEP |     TIME [s] |    DT [s] |    TOT_ICE |    TOT_AIR |      TEMP |  TOT_RHOV | I-A INTERF | TOTAL_MASS
  -------------------------------------------------------------------------------------------------------------
   390 |  5.23998e+06 | 1.600e+04 |  1.379e-08 |  1.621e-08 | -6.000e-07 | 1.376e-11 |  1.044e-10 |  1.267e-05
       |              |           |    +0.000% |    -0.000% |           |   -0.001% |            |    +0.000%
OUTPUT print!
    SNES DOF norms (2-norm) and ratios
    --------------------------------------------------------------------------------------------------------------------------------------
    it |       fnorm |          n0 |        r0 |        s0 |          n1 |        r1 |        s1 |          n2 |        r2 |        s2
    --------------------------------------------------------------------------------------------------------------------------------------
     0 |  4.4649e-09 |   1.717e-18 | 1.000e+00 | 6.531e-05 |   4.465e-09 | 1.000e+00 | 1.698e-12 |   1.576e-18 | 1.000e+00 | 1.739e-09
     1 |  2.9962e-13 |   4.250e-23 | 2.476e-05 | 6.456e-05 |   2.996e-13 | 6.711e-05 | 1.679e-12 |   2.111e-24 | 1.339e-06 | 1.720e-09
  SNES converged via DOF-wise criteria:
    DOF 0: ABS (atol)
    DOF 1: ABS (atol) STOL (stol)
    DOF 2: ABS (atol) STOL (stol)
Max dt! can not Increase time step: 1.600e+04 -> 1.600e+04 
  BOUNDS: phi_ice [0.0000, 1.0000]  phi_air [0.0000, 1.0000]
  ===============================================================================
  >>> DOMAIN INTEGRALS (PER TIME STEP)
  ===============================================================================
  -------------------------------------------------------------------------------------------------------------
    STEP |     TIME [s] |    DT [s] |    TOT_ICE |    TOT_AIR |      TEMP |  TOT_RHOV | I-A INTERF | TOTAL_MASS
  -------------------------------------------------------------------------------------------------------------
   391 |  5.25598e+06 | 1.600e+04 |  1.379e-08 |  1.621e-08 | -6.000e-07 | 1.376e-11 |  1.044e-10 |  1.267e-05
       |              |           |    +0.000% |    -0.000% |           |   -0.001% |            |    +0.000%
    SNES DOF norms (2-norm) and ratios
    --------------------------------------------------------------------------------------------------------------------------------------
    it |       fnorm |          n0 |        r0 |        s0 |          n1 |        r1 |        s1 |          n2 |        r2 |        s2
    --------------------------------------------------------------------------------------------------------------------------------------
     0 |  4.4136e-09 |   1.697e-18 | 1.000e+00 | 6.456e-05 |   4.414e-09 | 1.000e+00 | 1.679e-12 |   1.558e-18 | 1.000e+00 | 1.720e-09
     1 |  2.9764e-13 |   4.153e-23 | 2.447e-05 | 6.381e-05 |   2.976e-13 | 6.744e-05 | 1.661e-12 |   2.063e-24 | 1.324e-06 | 1.701e-09
  SNES converged via DOF-wise criteria:
    DOF 0: ABS (atol)
    DOF 1: ABS (atol) STOL (stol)
    DOF 2: ABS (atol) STOL (stol)
Max dt! can not Increase time step: 1.600e+04 -> 1.600e+04 
  BOUNDS: phi_ice [0.0000, 1.0000]  phi_air [0.0000, 1.0000]
  ===============================================================================
  >>> DOMAIN INTEGRALS (PER TIME STEP)
  ===============================================================================
  -------------------------------------------------------------------------------------------------------------
    STEP |     TIME [s] |    DT [s] |    TOT_ICE |    TOT_AIR |      TEMP |  TOT_RHOV | I-A INTERF | TOTAL_MASS
  -------------------------------------------------------------------------------------------------------------
   392 |  5.27198e+06 | 1.600e+04 |  1.379e-08 |  1.621e-08 | -6.000e-07 | 1.376e-11 |  1.044e-10 |  1.267e-05
       |              |           |    +0.000% |    -0.000% |           |   -0.001% |            |    +0.000%
    SNES DOF norms (2-norm) and ratios
    --------------------------------------------------------------------------------------------------------------------------------------
    it |       fnorm |          n0 |        r0 |        s0 |          n1 |        r1 |        s1 |          n2 |        r2 |        s2
    --------------------------------------------------------------------------------------------------------------------------------------
     0 |  4.3629e-09 |   1.678e-18 | 1.000e+00 | 6.381e-05 |   4.363e-09 | 1.000e+00 | 1.661e-12 |   1.540e-18 | 1.000e+00 | 1.701e-09
     1 |  3.0824e-13 |   4.058e-23 | 2.419e-05 | 6.308e-05 |   3.082e-13 | 7.065e-05 | 1.643e-12 |   2.015e-24 | 1.308e-06 | 1.682e-09
  SNES converged via DOF-wise criteria:
    DOF 0: ABS (atol)
    DOF 1: ABS (atol) STOL (stol)
    DOF 2: ABS (atol) STOL (stol)
Max dt! can not Increase time step: 1.600e+04 -> 1.600e+04 
  BOUNDS: phi_ice [0.0000, 1.0000]  phi_air [0.0000, 1.0000]
  ===============================================================================
  >>> DOMAIN INTEGRALS (PER TIME STEP)
  ===============================================================================
  -------------------------------------------------------------------------------------------------------------
    STEP |     TIME [s] |    DT [s] |    TOT_ICE |    TOT_AIR |      TEMP |  TOT_RHOV | I-A INTERF | TOTAL_MASS
  -------------------------------------------------------------------------------------------------------------
   393 |  5.28798e+06 | 1.600e+04 |  1.379e-08 |  1.621e-08 | -6.000e-07 | 1.376e-11 |  1.044e-10 |  1.267e-05
       |              |           |    +0.000% |    -0.000% |           |   -0.001% |            |    +0.000%
    SNES DOF norms (2-norm) and ratios
    --------------------------------------------------------------------------------------------------------------------------------------
    it |       fnorm |          n0 |        r0 |        s0 |          n1 |        r1 |        s1 |          n2 |        r2 |        s2
    --------------------------------------------------------------------------------------------------------------------------------------
     0 |  4.3127e-09 |   1.658e-18 | 1.000e+00 | 6.308e-05 |   4.313e-09 | 1.000e+00 | 1.643e-12 |   1.523e-18 | 1.000e+00 | 1.682e-09
     1 |  2.9306e-13 |   3.965e-23 | 2.391e-05 | 6.235e-05 |   2.931e-13 | 6.795e-05 | 1.625e-12 |   1.969e-24 | 1.293e-06 | 1.663e-09
  SNES converged via DOF-wise criteria:
    DOF 0: ABS (atol)
    DOF 1: ABS (atol) STOL (stol)
    DOF 2: ABS (atol) STOL (stol)
Max dt! can not Increase time step: 1.600e+04 -> 1.600e+04 
  BOUNDS: phi_ice [0.0000, 1.0000]  phi_air [0.0000, 1.0000]
  ===============================================================================
  >>> DOMAIN INTEGRALS (PER TIME STEP)
  ===============================================================================
  -------------------------------------------------------------------------------------------------------------
    STEP |     TIME [s] |    DT [s] |    TOT_ICE |    TOT_AIR |      TEMP |  TOT_RHOV | I-A INTERF | TOTAL_MASS
  -------------------------------------------------------------------------------------------------------------
   394 |  5.30398e+06 | 1.600e+04 |  1.379e-08 |  1.621e-08 | -6.000e-07 | 1.376e-11 |  1.044e-10 |  1.267e-05
       |              |           |    +0.000% |    -0.000% |           |   -0.001% |            |    +0.000%
    SNES DOF norms (2-norm) and ratios
    --------------------------------------------------------------------------------------------------------------------------------------
    it |       fnorm |          n0 |        r0 |        s0 |          n1 |        r1 |        s1 |          n2 |        r2 |        s2
    --------------------------------------------------------------------------------------------------------------------------------------
     0 |  4.2631e-09 |   1.639e-18 | 1.000e+00 | 6.235e-05 |   4.263e-09 | 1.000e+00 | 1.625e-12 |   1.505e-18 | 1.000e+00 | 1.663e-09
     1 |  3.0255e-13 |   3.874e-23 | 2.364e-05 | 6.164e-05 |   3.026e-13 | 7.097e-05 | 1.608e-12 |   1.924e-24 | 1.278e-06 | 1.644e-09
  SNES converged via DOF-wise criteria:
    DOF 0: ABS (atol)
    DOF 1: ABS (atol) STOL (stol)
    DOF 2: ABS (atol) STOL (stol)
Max dt! can not Increase time step: 1.600e+04 -> 1.600e+04 
  BOUNDS: phi_ice [0.0000, 1.0000]  phi_air [0.0000, 1.0000]
  ===============================================================================
  >>> DOMAIN INTEGRALS (PER TIME STEP)
  ===============================================================================
  -------------------------------------------------------------------------------------------------------------
    STEP |     TIME [s] |    DT [s] |    TOT_ICE |    TOT_AIR |      TEMP |  TOT_RHOV | I-A INTERF | TOTAL_MASS
  -------------------------------------------------------------------------------------------------------------
   395 |  5.31998e+06 | 1.600e+04 |  1.379e-08 |  1.621e-08 | -6.000e-07 | 1.376e-11 |  1.044e-10 |  1.267e-05
       |              |           |    +0.000% |    -0.000% |           |   -0.001% |            |    +0.000%
    SNES DOF norms (2-norm) and ratios
    --------------------------------------------------------------------------------------------------------------------------------------
    it |       fnorm |          n0 |        r0 |        s0 |          n1 |        r1 |        s1 |          n2 |        r2 |        s2
    --------------------------------------------------------------------------------------------------------------------------------------
     0 |  4.2141e-09 |   1.620e-18 | 1.000e+00 | 6.164e-05 |   4.214e-09 | 1.000e+00 | 1.608e-12 |   1.488e-18 | 1.000e+00 | 1.644e-09
     1 |  3.1071e-13 |   3.786e-23 | 2.336e-05 | 6.093e-05 |   3.107e-13 | 7.373e-05 | 1.590e-12 |   1.880e-24 | 1.264e-06 | 1.626e-09
  SNES converged via DOF-wise criteria:
    DOF 0: ABS (atol)
    DOF 1: ABS (atol) STOL (stol)
    DOF 2: ABS (atol) STOL (stol)
Max dt! can not Increase time step: 1.600e+04 -> 1.600e+04 
  BOUNDS: phi_ice [0.0000, 1.0000]  phi_air [0.0000, 1.0000]
  ===============================================================================
  >>> DOMAIN INTEGRALS (PER TIME STEP)
  ===============================================================================
  -------------------------------------------------------------------------------------------------------------
    STEP |     TIME [s] |    DT [s] |    TOT_ICE |    TOT_AIR |      TEMP |  TOT_RHOV | I-A INTERF | TOTAL_MASS
  -------------------------------------------------------------------------------------------------------------
   396 |  5.33598e+06 | 1.600e+04 |  1.379e-08 |  1.621e-08 | -6.000e-07 | 1.376e-11 |  1.045e-10 |  1.267e-05
       |              |           |    +0.000% |    -0.000% |           |   -0.001% |            |    +0.000%
OUTPUT print!
    SNES DOF norms (2-norm) and ratios
    --------------------------------------------------------------------------------------------------------------------------------------
    it |       fnorm |          n0 |        r0 |        s0 |          n1 |        r1 |        s1 |          n2 |        r2 |        s2
    --------------------------------------------------------------------------------------------------------------------------------------
     0 |  4.1657e-09 |   1.602e-18 | 1.000e+00 | 6.093e-05 |   4.166e-09 | 1.000e+00 | 1.590e-12 |   1.471e-18 | 1.000e+00 | 1.626e-09
     1 |  2.9896e-13 |   3.699e-23 | 2.310e-05 | 6.023e-05 |   2.990e-13 | 7.177e-05 | 1.573e-12 |   1.837e-24 | 1.249e-06 | 1.608e-09
  SNES converged via DOF-wise criteria:
    DOF 0: ABS (atol)
    DOF 1: ABS (atol) STOL (stol)
    DOF 2: ABS (atol) STOL (stol)
Max dt! can not Increase time step: 1.600e+04 -> 1.600e+04 
  BOUNDS: phi_ice [0.0000, 1.0000]  phi_air [0.0000, 1.0000]
  ===============================================================================
  >>> DOMAIN INTEGRALS (PER TIME STEP)
  ===============================================================================
  -------------------------------------------------------------------------------------------------------------
    STEP |     TIME [s] |    DT [s] |    TOT_ICE |    TOT_AIR |      TEMP |  TOT_RHOV | I-A INTERF | TOTAL_MASS
  -------------------------------------------------------------------------------------------------------------
   397 |  5.35198e+06 | 1.600e+04 |  1.379e-08 |  1.621e-08 | -6.000e-07 | 1.376e-11 |  1.045e-10 |  1.267e-05
       |              |           |    +0.000% |    -0.000% |           |   -0.001% |            |    +0.000%
    SNES DOF norms (2-norm) and ratios
    --------------------------------------------------------------------------------------------------------------------------------------
    it |       fnorm |          n0 |        r0 |        s0 |          n1 |        r1 |        s1 |          n2 |        r2 |        s2
    --------------------------------------------------------------------------------------------------------------------------------------
     0 |  4.1178e-09 |   1.583e-18 | 1.000e+00 | 6.023e-05 |   4.118e-09 | 1.000e+00 | 1.573e-12 |   1.454e-18 | 1.000e+00 | 1.608e-09
     1 |  3.0260e-13 |   3.615e-23 | 2.283e-05 | 5.954e-05 |   3.026e-13 | 7.349e-05 | 1.556e-12 |   1.795e-24 | 1.235e-06 | 1.590e-09
  SNES converged via DOF-wise criteria:
    DOF 0: ABS (atol)
    DOF 1: ABS (atol) STOL (stol)
    DOF 2: ABS (atol) STOL (stol)
Max dt! can not Increase time step: 1.600e+04 -> 1.600e+04 
  BOUNDS: phi_ice [0.0000, 1.0000]  phi_air [0.0000, 1.0000]
  ===============================================================================
  >>> DOMAIN INTEGRALS (PER TIME STEP)
  ===============================================================================
  -------------------------------------------------------------------------------------------------------------
    STEP |     TIME [s] |    DT [s] |    TOT_ICE |    TOT_AIR |      TEMP |  TOT_RHOV | I-A INTERF | TOTAL_MASS
  -------------------------------------------------------------------------------------------------------------
   398 |  5.36798e+06 | 1.600e+04 |  1.379e-08 |  1.621e-08 | -6.000e-07 | 1.376e-11 |  1.045e-10 |  1.267e-05
       |              |           |    +0.000% |    -0.000% |           |   -0.001% |            |    +0.000%
    SNES DOF norms (2-norm) and ratios
    --------------------------------------------------------------------------------------------------------------------------------------
    it |       fnorm |          n0 |        r0 |        s0 |          n1 |        r1 |        s1 |          n2 |        r2 |        s2
    --------------------------------------------------------------------------------------------------------------------------------------
     0 |  4.0705e-09 |   1.565e-18 | 1.000e+00 | 5.954e-05 |   4.071e-09 | 1.000e+00 | 1.556e-12 |   1.437e-18 | 1.000e+00 | 1.590e-09
     1 |  3.0432e-13 |   3.532e-23 | 2.257e-05 | 5.885e-05 |   3.043e-13 | 7.476e-05 | 1.539e-12 |   1.754e-24 | 1.221e-06 | 1.572e-09
  SNES converged via DOF-wise criteria:
    DOF 0: ABS (atol)
    DOF 1: ABS (atol) STOL (stol)
    DOF 2: ABS (atol) STOL (stol)
Max dt! can not Increase time step: 1.600e+04 -> 1.600e+04 
  BOUNDS: phi_ice [0.0000, 1.0000]  phi_air [0.0000, 1.0000]
  ===============================================================================
  >>> DOMAIN INTEGRALS (PER TIME STEP)
  ===============================================================================
  -------------------------------------------------------------------------------------------------------------
    STEP |     TIME [s] |    DT [s] |    TOT_ICE |    TOT_AIR |      TEMP |  TOT_RHOV | I-A INTERF | TOTAL_MASS
  -------------------------------------------------------------------------------------------------------------
   399 |  5.38398e+06 | 1.600e+04 |  1.379e-08 |  1.621e-08 | -6.000e-07 | 1.376e-11 |  1.045e-10 |  1.267e-05
       |              |           |    +0.000% |    -0.000% |           |   -0.001% |            |    +0.000%
    SNES DOF norms (2-norm) and ratios
    --------------------------------------------------------------------------------------------------------------------------------------
    it |       fnorm |          n0 |        r0 |        s0 |          n1 |        r1 |        s1 |          n2 |        r2 |        s2
    --------------------------------------------------------------------------------------------------------------------------------------
     0 |  4.0238e-09 |   1.547e-18 | 1.000e+00 | 5.885e-05 |   4.024e-09 | 1.000e+00 | 1.539e-12 |   1.421e-18 | 1.000e+00 | 1.572e-09
     1 |  3.0040e-13 |   3.451e-23 | 2.231e-05 | 5.818e-05 |   3.004e-13 | 7.466e-05 | 1.522e-12 |   1.714e-24 | 1.207e-06 | 1.554e-09
  SNES converged via DOF-wise criteria:
    DOF 0: ABS (atol)
    DOF 1: ABS (atol) STOL (stol)
    DOF 2: ABS (atol) STOL (stol)
Max dt! can not Increase time step: 1.600e+04 -> 1.600e+04 
  BOUNDS: phi_ice [0.0000, 1.0000]  phi_air [0.0000, 1.0000]
  ===============================================================================
  >>> DOMAIN INTEGRALS (PER TIME STEP)
  ===============================================================================
  -------------------------------------------------------------------------------------------------------------
    STEP |     TIME [s] |    DT [s] |    TOT_ICE |    TOT_AIR |      TEMP |  TOT_RHOV | I-A INTERF | TOTAL_MASS
  -------------------------------------------------------------------------------------------------------------
   400 |  5.39998e+06 | 1.600e+04 |  1.379e-08 |  1.621e-08 | -6.000e-07 | 1.376e-11 |  1.045e-10 |  1.267e-05
       |              |           |    +0.000% |    -0.000% |           |   -0.001% |            |    +0.000%
    SNES DOF norms (2-norm) and ratios
    --------------------------------------------------------------------------------------------------------------------------------------
    it |       fnorm |          n0 |        r0 |        s0 |          n1 |        r1 |        s1 |          n2 |        r2 |        s2
    --------------------------------------------------------------------------------------------------------------------------------------
     0 |  3.9775e-09 |   1.529e-18 | 1.000e+00 | 5.818e-05 |   3.978e-09 | 1.000e+00 | 1.522e-12 |   1.404e-18 | 1.000e+00 | 1.554e-09
     1 |  3.0934e-13 |   3.372e-23 | 2.205e-05 | 5.751e-05 |   3.093e-13 | 7.777e-05 | 1.506e-12 |   1.675e-24 | 1.193e-06 | 1.537e-09
  SNES converged via DOF-wise criteria:
    DOF 0: ABS (atol)
    DOF 1: ABS (atol) STOL (stol)
    DOF 2: ABS (atol) STOL (stol)
Max dt! can not Increase time step: 1.600e+04 -> 1.600e+04 
  BOUNDS: phi_ice [0.0000, 1.0000]  phi_air [0.0000, 1.0000]
  ===============================================================================
  >>> DOMAIN INTEGRALS (PER TIME STEP)
  ===============================================================================
  -------------------------------------------------------------------------------------------------------------
    STEP |     TIME [s] |    DT [s] |    TOT_ICE |    TOT_AIR |      TEMP |  TOT_RHOV | I-A INTERF | TOTAL_MASS
  -------------------------------------------------------------------------------------------------------------
   401 |  5.41598e+06 | 1.600e+04 |  1.379e-08 |  1.621e-08 | -6.000e-07 | 1.376e-11 |  1.045e-10 |  1.267e-05
       |              |           |    +0.000% |    -0.000% |           |   -0.001% |            |    +0.000%
    SNES DOF norms (2-norm) and ratios
    --------------------------------------------------------------------------------------------------------------------------------------
    it |       fnorm |          n0 |        r0 |        s0 |          n1 |        r1 |        s1 |          n2 |        r2 |        s2
    --------------------------------------------------------------------------------------------------------------------------------------
     0 |  3.9318e-09 |   1.512e-18 | 1.000e+00 | 5.751e-05 |   3.932e-09 | 1.000e+00 | 1.506e-12 |   1.388e-18 | 1.000e+00 | 1.537e-09
     1 |  3.0497e-13 |   3.295e-23 | 2.180e-05 | 5.685e-05 |   3.050e-13 | 7.756e-05 | 1.490e-12 |   1.637e-24 | 1.179e-06 | 1.520e-09
  SNES converged via DOF-wise criteria:
    DOF 0: ABS (atol)
    DOF 1: ABS (atol) STOL (stol)
    DOF 2: ABS (atol) STOL (stol)
Max dt! can not Increase time step: 1.600e+04 -> 1.600e+04 
  BOUNDS: phi_ice [0.0000, 1.0000]  phi_air [0.0000, 1.0000]
  ===============================================================================
  >>> DOMAIN INTEGRALS (PER TIME STEP)
  ===============================================================================
  -------------------------------------------------------------------------------------------------------------
    STEP |     TIME [s] |    DT [s] |    TOT_ICE |    TOT_AIR |      TEMP |  TOT_RHOV | I-A INTERF | TOTAL_MASS
  -------------------------------------------------------------------------------------------------------------
   402 |  5.43198e+06 | 1.600e+04 |  1.379e-08 |  1.621e-08 | -6.000e-07 | 1.376e-11 |  1.045e-10 |  1.267e-05
       |              |           |    +0.000% |    -0.000% |           |   -0.001% |            |    +0.000%
OUTPUT print!
    SNES DOF norms (2-norm) and ratios
    --------------------------------------------------------------------------------------------------------------------------------------
    it |       fnorm |          n0 |        r0 |        s0 |          n1 |        r1 |        s1 |          n2 |        r2 |        s2
    --------------------------------------------------------------------------------------------------------------------------------------
     0 |  3.8867e-09 |   1.494e-18 | 1.000e+00 | 5.685e-05 |   3.887e-09 | 1.000e+00 | 1.490e-12 |   1.372e-18 | 1.000e+00 | 1.520e-09
     1 |  2.9903e-13 |   3.220e-23 | 2.155e-05 | 5.620e-05 |   2.990e-13 | 7.694e-05 | 1.473e-12 |   1.599e-24 | 1.166e-06 | 1.503e-09
  SNES converged via DOF-wise criteria:
    DOF 0: ABS (atol)
    DOF 1: ABS (atol) STOL (stol)
    DOF 2: ABS (atol) STOL (stol)
Max dt! can not Increase time step: 1.600e+04 -> 1.600e+04 
  BOUNDS: phi_ice [0.0000, 1.0000]  phi_air [0.0000, 1.0000]
  ===============================================================================
  >>> DOMAIN INTEGRALS (PER TIME STEP)
  ===============================================================================
  -------------------------------------------------------------------------------------------------------------
    STEP |     TIME [s] |    DT [s] |    TOT_ICE |    TOT_AIR |      TEMP |  TOT_RHOV | I-A INTERF | TOTAL_MASS
  -------------------------------------------------------------------------------------------------------------
   403 |  5.44798e+06 | 1.600e+04 |  1.379e-08 |  1.621e-08 | -6.000e-07 | 1.376e-11 |  1.045e-10 |  1.267e-05
       |              |           |    +0.000% |    -0.000% |           |   -0.001% |            |    +0.000%
    SNES DOF norms (2-norm) and ratios
    --------------------------------------------------------------------------------------------------------------------------------------
    it |       fnorm |          n0 |        r0 |        s0 |          n1 |        r1 |        s1 |          n2 |        r2 |        s2
    --------------------------------------------------------------------------------------------------------------------------------------
     0 |  3.8420e-09 |   1.477e-18 | 1.000e+00 | 5.620e-05 |   3.842e-09 | 1.000e+00 | 1.473e-12 |   1.356e-18 | 1.000e+00 | 1.503e-09
     1 |  3.0011e-13 |   3.147e-23 | 2.130e-05 | 5.555e-05 |   3.001e-13 | 7.811e-05 | 1.457e-12 |   1.562e-24 | 1.152e-06 | 1.486e-09
  SNES converged via DOF-wise criteria:
    DOF 0: ABS (atol)
    DOF 1: ABS (atol) STOL (stol)
    DOF 2: ABS (atol) STOL (stol)
Max dt! can not Increase time step: 1.600e+04 -> 1.600e+04 
  BOUNDS: phi_ice [0.0000, 1.0000]  phi_air [0.0000, 1.0000]
  ===============================================================================
  >>> DOMAIN INTEGRALS (PER TIME STEP)
  ===============================================================================
  -------------------------------------------------------------------------------------------------------------
    STEP |     TIME [s] |    DT [s] |    TOT_ICE |    TOT_AIR |      TEMP |  TOT_RHOV | I-A INTERF | TOTAL_MASS
  -------------------------------------------------------------------------------------------------------------
   404 |  5.46398e+06 | 1.600e+04 |  1.379e-08 |  1.621e-08 | -6.000e-07 | 1.376e-11 |  1.045e-10 |  1.267e-05
       |              |           |    +0.000% |    -0.000% |           |   -0.001% |            |    +0.000%
    SNES DOF norms (2-norm) and ratios
    --------------------------------------------------------------------------------------------------------------------------------------
    it |       fnorm |          n0 |        r0 |        s0 |          n1 |        r1 |        s1 |          n2 |        r2 |        s2
    --------------------------------------------------------------------------------------------------------------------------------------
     0 |  3.7979e-09 |   1.460e-18 | 1.000e+00 | 5.555e-05 |   3.798e-09 | 1.000e+00 | 1.457e-12 |   1.341e-18 | 1.000e+00 | 1.486e-09
     1 |  3.0693e-13 |   3.075e-23 | 2.105e-05 | 5.491e-05 |   3.069e-13 | 8.082e-05 | 1.441e-12 |   1.527e-24 | 1.139e-06 | 1.469e-09
  SNES converged via DOF-wise criteria:
    DOF 0: ABS (atol)
    DOF 1: ABS (atol) STOL (stol)
    DOF 2: ABS (atol) STOL (stol)
Max dt! can not Increase time step: 1.600e+04 -> 1.600e+04 
  BOUNDS: phi_ice [0.0000, 1.0000]  phi_air [0.0000, 1.0000]
  ===============================================================================
  >>> DOMAIN INTEGRALS (PER TIME STEP)
  ===============================================================================
  -------------------------------------------------------------------------------------------------------------
    STEP |     TIME [s] |    DT [s] |    TOT_ICE |    TOT_AIR |      TEMP |  TOT_RHOV | I-A INTERF | TOTAL_MASS
  -------------------------------------------------------------------------------------------------------------
   405 |  5.47998e+06 | 1.600e+04 |  1.379e-08 |  1.621e-08 | -6.000e-07 | 1.376e-11 |  1.045e-10 |  1.267e-05
       |              |           |    +0.000% |    -0.000% |           |   -0.001% |            |    +0.000%
    SNES DOF norms (2-norm) and ratios
    --------------------------------------------------------------------------------------------------------------------------------------
    it |       fnorm |          n0 |        r0 |        s0 |          n1 |        r1 |        s1 |          n2 |        r2 |        s2
    --------------------------------------------------------------------------------------------------------------------------------------
     0 |  3.7543e-09 |   1.444e-18 | 1.000e+00 | 5.491e-05 |   3.754e-09 | 1.000e+00 | 1.441e-12 |   1.325e-18 | 1.000e+00 | 1.469e-09
     1 |  2.9802e-13 |   3.004e-23 | 2.081e-05 | 5.428e-05 |   2.980e-13 | 7.938e-05 | 1.426e-12 |   1.492e-24 | 1.125e-06 | 1.453e-09
  SNES converged via DOF-wise criteria:
    DOF 0: ABS (atol)
    DOF 1: ABS (atol) STOL (stol)
    DOF 2: ABS (atol) STOL (stol)
Max dt! can not Increase time step: 1.600e+04 -> 1.600e+04 
  BOUNDS: phi_ice [0.0000, 1.0000]  phi_air [0.0000, 1.0000]
  ===============================================================================
  >>> DOMAIN INTEGRALS (PER TIME STEP)
  ===============================================================================
  -------------------------------------------------------------------------------------------------------------
    STEP |     TIME [s] |    DT [s] |    TOT_ICE |    TOT_AIR |      TEMP |  TOT_RHOV | I-A INTERF | TOTAL_MASS
  -------------------------------------------------------------------------------------------------------------
   406 |  5.49598e+06 | 1.600e+04 |  1.379e-08 |  1.621e-08 | -6.000e-07 | 1.376e-11 |  1.045e-10 |  1.267e-05
       |              |           |    +0.000% |    -0.000% |           |   -0.001% |            |    +0.000%
    SNES DOF norms (2-norm) and ratios
    --------------------------------------------------------------------------------------------------------------------------------------
    it |       fnorm |          n0 |        r0 |        s0 |          n1 |        r1 |        s1 |          n2 |        r2 |        s2
    --------------------------------------------------------------------------------------------------------------------------------------
     0 |  3.7112e-09 |   1.427e-18 | 1.000e+00 | 5.428e-05 |   3.711e-09 | 1.000e+00 | 1.426e-12 |   1.310e-18 | 1.000e+00 | 1.453e-09
     1 |  3.0527e-13 |   2.936e-23 | 2.057e-05 | 5.366e-05 |   3.053e-13 | 8.226e-05 | 1.410e-12 |   1.459e-24 | 1.113e-06 | 1.437e-09
  SNES converged via DOF-wise criteria:
    DOF 0: ABS (atol)
    DOF 1: ABS (atol) STOL (stol)
    DOF 2: ABS (atol) STOL (stol)
Max dt! can not Increase time step: 1.600e+04 -> 1.600e+04 
  BOUNDS: phi_ice [0.0000, 1.0000]  phi_air [0.0000, 1.0000]
  ===============================================================================
  >>> DOMAIN INTEGRALS (PER TIME STEP)
  ===============================================================================
  -------------------------------------------------------------------------------------------------------------
    STEP |     TIME [s] |    DT [s] |    TOT_ICE |    TOT_AIR |      TEMP |  TOT_RHOV | I-A INTERF | TOTAL_MASS
  -------------------------------------------------------------------------------------------------------------
   407 |  5.51198e+06 | 1.600e+04 |  1.379e-08 |  1.621e-08 | -6.000e-07 | 1.376e-11 |  1.045e-10 |  1.267e-05
       |              |           |    +0.000% |    -0.000% |           |   -0.001% |            |    +0.000%
    SNES DOF norms (2-norm) and ratios
    --------------------------------------------------------------------------------------------------------------------------------------
    it |       fnorm |          n0 |        r0 |        s0 |          n1 |        r1 |        s1 |          n2 |        r2 |        s2
    --------------------------------------------------------------------------------------------------------------------------------------
     0 |  3.6686e-09 |   1.411e-18 | 1.000e+00 | 5.366e-05 |   3.669e-09 | 1.000e+00 | 1.410e-12 |   1.295e-18 | 1.000e+00 | 1.437e-09
     1 |  2.9948e-13 |   2.869e-23 | 2.034e-05 | 5.304e-05 |   2.995e-13 | 8.163e-05 | 1.395e-12 |   1.424e-24 | 1.100e-06 | 1.421e-09
  SNES converged via DOF-wise criteria:
    DOF 0: ABS (atol)
    DOF 1: ABS (atol) STOL (stol)
    DOF 2: ABS (atol) STOL (stol)
Max dt! can not Increase time step: 1.600e+04 -> 1.600e+04 
  BOUNDS: phi_ice [0.0000, 1.0000]  phi_air [0.0000, 1.0000]
  ===============================================================================
  >>> DOMAIN INTEGRALS (PER TIME STEP)
  ===============================================================================
  -------------------------------------------------------------------------------------------------------------
    STEP |     TIME [s] |    DT [s] |    TOT_ICE |    TOT_AIR |      TEMP |  TOT_RHOV | I-A INTERF | TOTAL_MASS
  -------------------------------------------------------------------------------------------------------------
   408 |  5.52798e+06 | 1.600e+04 |  1.379e-08 |  1.621e-08 | -6.000e-07 | 1.376e-11 |  1.045e-10 |  1.267e-05
       |              |           |    +0.000% |    -0.000% |           |   -0.001% |            |    +0.000%
OUTPUT print!
    SNES DOF norms (2-norm) and ratios
    --------------------------------------------------------------------------------------------------------------------------------------
    it |       fnorm |          n0 |        r0 |        s0 |          n1 |        r1 |        s1 |          n2 |        r2 |        s2
    --------------------------------------------------------------------------------------------------------------------------------------
     0 |  3.6265e-09 |   1.394e-18 | 1.000e+00 | 5.304e-05 |   3.626e-09 | 1.000e+00 | 1.395e-12 |   1.280e-18 | 1.000e+00 | 1.421e-09
     1 |  3.0607e-13 |   2.803e-23 | 2.010e-05 | 5.243e-05 |   3.061e-13 | 8.440e-05 | 1.380e-12 |   1.392e-24 | 1.088e-06 | 1.405e-09
  SNES converged via DOF-wise criteria:
    DOF 0: ABS (atol)
    DOF 1: ABS (atol) STOL (stol)
    DOF 2: ABS (atol) STOL (stol)
Max dt! can not Increase time step: 1.600e+04 -> 1.600e+04 
  BOUNDS: phi_ice [0.0000, 1.0000]  phi_air [0.0000, 1.0000]
  ===============================================================================
  >>> DOMAIN INTEGRALS (PER TIME STEP)
  ===============================================================================
  -------------------------------------------------------------------------------------------------------------
    STEP |     TIME [s] |    DT [s] |    TOT_ICE |    TOT_AIR |      TEMP |  TOT_RHOV | I-A INTERF | TOTAL_MASS
  -------------------------------------------------------------------------------------------------------------
   409 |  5.54398e+06 | 1.600e+04 |  1.379e-08 |  1.621e-08 | -6.000e-07 | 1.376e-11 |  1.045e-10 |  1.267e-05
       |              |           |    +0.000% |    -0.000% |           |   -0.001% |            |    +0.000%
    SNES DOF norms (2-norm) and ratios
    --------------------------------------------------------------------------------------------------------------------------------------
    it |       fnorm |          n0 |        r0 |        s0 |          n1 |        r1 |        s1 |          n2 |        r2 |        s2
    --------------------------------------------------------------------------------------------------------------------------------------
     0 |  3.5848e-09 |   1.378e-18 | 1.000e+00 | 5.243e-05 |   3.585e-09 | 1.000e+00 | 1.380e-12 |   1.266e-18 | 1.000e+00 | 1.405e-09
     1 |  3.0128e-13 |   2.739e-23 | 1.987e-05 | 5.183e-05 |   3.013e-13 | 8.404e-05 | 1.365e-12 |   1.361e-24 | 1.075e-06 | 1.389e-09
  SNES converged via DOF-wise criteria:
    DOF 0: ABS (atol)
    DOF 1: ABS (atol) STOL (stol)
    DOF 2: ABS (atol) STOL (stol)
Max dt! can not Increase time step: 1.600e+04 -> 1.600e+04 
  BOUNDS: phi_ice [0.0000, 1.0000]  phi_air [0.0000, 1.0000]
  ===============================================================================
  >>> DOMAIN INTEGRALS (PER TIME STEP)
  ===============================================================================
  -------------------------------------------------------------------------------------------------------------
    STEP |     TIME [s] |    DT [s] |    TOT_ICE |    TOT_AIR |      TEMP |  TOT_RHOV | I-A INTERF | TOTAL_MASS
  -------------------------------------------------------------------------------------------------------------
   410 |  5.55998e+06 | 1.600e+04 |  1.379e-08 |  1.621e-08 | -6.000e-07 | 1.376e-11 |  1.045e-10 |  1.267e-05
       |              |           |    +0.000% |    -0.000% |           |   -0.001% |            |    +0.000%
    SNES DOF norms (2-norm) and ratios
    --------------------------------------------------------------------------------------------------------------------------------------
    it |       fnorm |          n0 |        r0 |        s0 |          n1 |        r1 |        s1 |          n2 |        r2 |        s2
    --------------------------------------------------------------------------------------------------------------------------------------
     0 |  3.5437e-09 |   1.363e-18 | 1.000e+00 | 5.183e-05 |   3.544e-09 | 1.000e+00 | 1.365e-12 |   1.251e-18 | 1.000e+00 | 1.389e-09
     1 |  3.0028e-13 |   2.677e-23 | 1.964e-05 | 5.124e-05 |   3.003e-13 | 8.474e-05 | 1.350e-12 |   1.330e-24 | 1.063e-06 | 1.373e-09
  SNES converged via DOF-wise criteria:
    DOF 0: ABS (atol)
    DOF 1: ABS (atol) STOL (stol)
    DOF 2: ABS (atol) STOL (stol)
Max dt! can not Increase time step: 1.600e+04 -> 1.600e+04 
  BOUNDS: phi_ice [0.0000, 1.0000]  phi_air [0.0000, 1.0000]
  ===============================================================================
  >>> DOMAIN INTEGRALS (PER TIME STEP)
  ===============================================================================
  -------------------------------------------------------------------------------------------------------------
    STEP |     TIME [s] |    DT [s] |    TOT_ICE |    TOT_AIR |      TEMP |  TOT_RHOV | I-A INTERF | TOTAL_MASS
  -------------------------------------------------------------------------------------------------------------
   411 |  5.57598e+06 | 1.600e+04 |  1.379e-08 |  1.621e-08 | -6.000e-07 | 1.376e-11 |  1.045e-10 |  1.267e-05
       |              |           |    +0.000% |    -0.000% |           |   -0.001% |            |    +0.000%
    SNES DOF norms (2-norm) and ratios
    --------------------------------------------------------------------------------------------------------------------------------------
    it |       fnorm |          n0 |        r0 |        s0 |          n1 |        r1 |        s1 |          n2 |        r2 |        s2
    --------------------------------------------------------------------------------------------------------------------------------------
     0 |  3.5030e-09 |   1.347e-18 | 1.000e+00 | 5.124e-05 |   3.503e-09 | 1.000e+00 | 1.350e-12 |   1.237e-18 | 1.000e+00 | 1.373e-09
     1 |  2.9822e-13 |   2.616e-23 | 1.942e-05 | 5.065e-05 |   2.982e-13 | 8.513e-05 | 1.335e-12 |   1.300e-24 | 1.051e-06 | 1.358e-09
  SNES converged via DOF-wise criteria:
    DOF 0: ABS (atol)
    DOF 1: ABS (atol) STOL (stol)
    DOF 2: ABS (atol) STOL (stol)
Max dt! can not Increase time step: 1.201e+04 -> 1.201e+04 
  BOUNDS: phi_ice [0.0000, 1.0000]  phi_air [0.0000, 1.0000]
  ===============================================================================
  >>> DOMAIN INTEGRALS (PER TIME STEP)
  ===============================================================================
  -------------------------------------------------------------------------------------------------------------
    STEP |     TIME [s] |    DT [s] |    TOT_ICE |    TOT_AIR |      TEMP |  TOT_RHOV | I-A INTERF | TOTAL_MASS
  -------------------------------------------------------------------------------------------------------------
   412 |  5.59198e+06 | 1.201e+04 |  1.379e-08 |  1.621e-08 | -6.000e-07 | 1.376e-11 |  1.045e-10 |  1.267e-05
       |              |           |    +0.000% |    -0.000% |           |   -0.001% |            |    +0.000%
    SNES DOF norms (2-norm) and ratios
    --------------------------------------------------------------------------------------------------------------------------------------
    it |       fnorm |          n0 |        r0 |        s0 |          n1 |        r1 |        s1 |          n2 |        r2 |        s2
    --------------------------------------------------------------------------------------------------------------------------------------
     0 |  3.4628e-09 |   1.331e-18 | 1.000e+00 | 5.065e-05 |   3.463e-09 | 1.000e+00 | 1.335e-12 |   1.222e-18 | 1.000e+00 | 1.358e-09
     1 |  3.0221e-13 |   2.556e-23 | 1.920e-05 | 5.007e-05 |   3.022e-13 | 8.727e-05 | 1.320e-12 |   1.270e-24 | 1.039e-06 | 1.343e-09
  SNES converged via DOF-wise criteria:
    DOF 0: ABS (atol)
    DOF 1: ABS (atol) STOL (stol)
    DOF 2: REL (rtol) ABS (atol) STOL (stol)
Increase time step: 8.017e+03 -> 1.069e+04 
  BOUNDS: phi_ice [0.0000, 1.0000]  phi_air [0.0000, 1.0000]
  ===============================================================================
  >>> DOMAIN INTEGRALS (PER TIME STEP)
  ===============================================================================
  -------------------------------------------------------------------------------------------------------------
    STEP |     TIME [s] |    DT [s] |    TOT_ICE |    TOT_AIR |      TEMP |  TOT_RHOV | I-A INTERF | TOTAL_MASS
  -------------------------------------------------------------------------------------------------------------
   413 |  5.60798e+06 | 1.069e+04 |  1.379e-08 |  1.621e-08 | -6.000e-07 | 1.376e-11 |  1.045e-10 |  1.267e-05
       |              |           |    +0.000% |    -0.000% |           |   -0.001% |            |    +0.000%
    SNES DOF norms (2-norm) and ratios
    --------------------------------------------------------------------------------------------------------------------------------------
    it |       fnorm |          n0 |        r0 |        s0 |          n1 |        r1 |        s1 |          n2 |        r2 |        s2
    --------------------------------------------------------------------------------------------------------------------------------------
     0 |  3.4231e-09 |   1.316e-18 | 1.000e+00 | 5.007e-05 |   3.423e-09 | 1.000e+00 | 1.320e-12 |   1.208e-18 | 1.000e+00 | 1.343e-09
     1 |  3.1021e-13 |   1.120e-23 | 8.506e-06 | 3.314e-05 |   3.102e-13 | 9.062e-05 | 8.739e-13 |   5.625e-25 | 4.655e-07 | 8.881e-10
  SNES converged via DOF-wise criteria:
    DOF 0: REL (rtol) ABS (atol)
    DOF 1: ABS (atol) STOL (stol)
    DOF 2: REL (rtol) ABS (atol) STOL (stol)
Increase time step: 1.069e+04 -> 1.426e+04 
  BOUNDS: phi_ice [0.0000, 1.0000]  phi_air [0.0000, 1.0000]
  ===============================================================================
  >>> DOMAIN INTEGRALS (PER TIME STEP)
  ===============================================================================
  -------------------------------------------------------------------------------------------------------------
    STEP |     TIME [s] |    DT [s] |    TOT_ICE |    TOT_AIR |      TEMP |  TOT_RHOV | I-A INTERF | TOTAL_MASS
  -------------------------------------------------------------------------------------------------------------
   414 |  5.61867e+06 | 1.426e+04 |  1.379e-08 |  1.621e-08 | -6.000e-07 | 1.376e-11 |  1.045e-10 |  1.267e-05
       |              |           |    +0.000% |    -0.000% |           |   -0.001% |            |    +0.000%
OUTPUT print!
Solution completed. 
Setup time 1.275110e+02 sec  =  2.13 min 

WARNING! There are options you set that were not used!
WARNING! could be spelling mistake, etc!
There are 3 unused database options. They are:
Option left: name:-ksp_gmres_restart value: 200 source: file
Option left: name:-Lz value: 0 source: file
Option left: name:-Nz value: 1 source: file
✅ Simulation completed successfully.

--- Copying source code ---
✅ Source code copied to /Users/jacksonbaglino/SimulationResults/lunar_regolith_DSM/scratch/channel_2D_H100um_eps3.00um/2026-09-13__13.54.02_relax_T-20_theta60_dtmax1.6e4/src

=========================================================================
  Phase-field post-processing
  Run folder : /Users/jacksonbaglino/SimulationResults/lunar_regolith_DSM/scratch/channel_2D_H100um_eps3.00um/2026-09-13__13.54.02_relax_T-20_theta60_dtmax1.6e4
=========================================================================
Detected dim = 2

--- VTK conversion ---
    Written: /Users/jacksonbaglino/SimulationResults/lunar_regolith_DSM/scratch/channel_2D_H100um_eps3.00um/2026-09-13__13.54.02_relax_T-20_theta60_dtmax1.6e4/vtkOut/solV_00000.vts
    Written: /Users/jacksonbaglino/SimulationResults/lunar_regolith_DSM/scratch/channel_2D_H100um_eps3.00um/2026-09-13__13.54.02_relax_T-20_theta60_dtmax1.6e4/vtkOut/solV_00001.vts
    Written: /Users/jacksonbaglino/SimulationResults/lunar_regolith_DSM/scratch/channel_2D_H100um_eps3.00um/2026-09-13__13.54.02_relax_T-20_theta60_dtmax1.6e4/vtkOut/solV_00069.vts
    Written: /Users/jacksonbaglino/SimulationResults/lunar_regolith_DSM/scratch/channel_2D_H100um_eps3.00um/2026-09-13__13.54.02_relax_T-20_theta60_dtmax1.6e4/vtkOut/solV_00075.vts
    Written: /Users/jacksonbaglino/SimulationResults/lunar_regolith_DSM/scratch/channel_2D_H100um_eps3.00um/2026-09-13__13.54.02_relax_T-20_theta60_dtmax1.6e4/vtkOut/solV_00081.vts
    Written: /Users/jacksonbaglino/SimulationResults/lunar_regolith_DSM/scratch/channel_2D_H100um_eps3.00um/2026-09-13__13.54.02_relax_T-20_theta60_dtmax1.6e4/vtkOut/solV_00087.vts
    Written: /Users/jacksonbaglino/SimulationResults/lunar_regolith_DSM/scratch/channel_2D_H100um_eps3.00um/2026-09-13__13.54.02_relax_T-20_theta60_dtmax1.6e4/vtkOut/solV_00093.vts
    Written: /Users/jacksonbaglino/SimulationResults/lunar_regolith_DSM/scratch/channel_2D_H100um_eps3.00um/2026-09-13__13.54.02_relax_T-20_theta60_dtmax1.6e4/vtkOut/solV_00099.vts
    Written: /Users/jacksonbaglino/SimulationResults/lunar_regolith_DSM/scratch/channel_2D_H100um_eps3.00um/2026-09-13__13.54.02_relax_T-20_theta60_dtmax1.6e4/vtkOut/solV_00105.vts
    Written: /Users/jacksonbaglino/SimulationResults/lunar_regolith_DSM/scratch/channel_2D_H100um_eps3.00um/2026-09-13__13.54.02_relax_T-20_theta60_dtmax1.6e4/vtkOut/solV_00111.vts
    Written: /Users/jacksonbaglino/SimulationResults/lunar_regolith_DSM/scratch/channel_2D_H100um_eps3.00um/2026-09-13__13.54.02_relax_T-20_theta60_dtmax1.6e4/vtkOut/solV_00117.vts
    Written: /Users/jacksonbaglino/SimulationResults/lunar_regolith_DSM/scratch/channel_2D_H100um_eps3.00um/2026-09-13__13.54.02_relax_T-20_theta60_dtmax1.6e4/vtkOut/solV_00122.vts
    Written: /Users/jacksonbaglino/SimulationResults/lunar_regolith_DSM/scratch/channel_2D_H100um_eps3.00um/2026-09-13__13.54.02_relax_T-20_theta60_dtmax1.6e4/vtkOut/solV_00128.vts
    Written: /Users/jacksonbaglino/SimulationResults/lunar_regolith_DSM/scratch/channel_2D_H100um_eps3.00um/2026-09-13__13.54.02_relax_T-20_theta60_dtmax1.6e4/vtkOut/solV_00134.vts
    Written: /Users/jacksonbaglino/SimulationResults/lunar_regolith_DSM/scratch/channel_2D_H100um_eps3.00um/2026-09-13__13.54.02_relax_T-20_theta60_dtmax1.6e4/vtkOut/solV_00140.vts
    Written: /Users/jacksonbaglino/SimulationResults/lunar_regolith_DSM/scratch/channel_2D_H100um_eps3.00um/2026-09-13__13.54.02_relax_T-20_theta60_dtmax1.6e4/vtkOut/solV_00146.vts
    Written: /Users/jacksonbaglino/SimulationResults/lunar_regolith_DSM/scratch/channel_2D_H100um_eps3.00um/2026-09-13__13.54.02_relax_T-20_theta60_dtmax1.6e4/vtkOut/solV_00152.vts
    Written: /Users/jacksonbaglino/SimulationResults/lunar_regolith_DSM/scratch/channel_2D_H100um_eps3.00um/2026-09-13__13.54.02_relax_T-20_theta60_dtmax1.6e4/vtkOut/solV_00158.vts
    Written: /Users/jacksonbaglino/SimulationResults/lunar_regolith_DSM/scratch/channel_2D_H100um_eps3.00um/2026-09-13__13.54.02_relax_T-20_theta60_dtmax1.6e4/vtkOut/solV_00164.vts
    Written: /Users/jacksonbaglino/SimulationResults/lunar_regolith_DSM/scratch/channel_2D_H100um_eps3.00um/2026-09-13__13.54.02_relax_T-20_theta60_dtmax1.6e4/vtkOut/solV_00170.vts
    Written: /Users/jacksonbaglino/SimulationResults/lunar_regolith_DSM/scratch/channel_2D_H100um_eps3.00um/2026-09-13__13.54.02_relax_T-20_theta60_dtmax1.6e4/vtkOut/solV_00176.vts
    Written: /Users/jacksonbaglino/SimulationResults/lunar_regolith_DSM/scratch/channel_2D_H100um_eps3.00um/2026-09-13__13.54.02_relax_T-20_theta60_dtmax1.6e4/vtkOut/solV_00182.vts
    Written: /Users/jacksonbaglino/SimulationResults/lunar_regolith_DSM/scratch/channel_2D_H100um_eps3.00um/2026-09-13__13.54.02_relax_T-20_theta60_dtmax1.6e4/vtkOut/solV_00188.vts
    Written: /Users/jacksonbaglino/SimulationResults/lunar_regolith_DSM/scratch/channel_2D_H100um_eps3.00um/2026-09-13__13.54.02_relax_T-20_theta60_dtmax1.6e4/vtkOut/solV_00194.vts
    Written: /Users/jacksonbaglino/SimulationResults/lunar_regolith_DSM/scratch/channel_2D_H100um_eps3.00um/2026-09-13__13.54.02_relax_T-20_theta60_dtmax1.6e4/vtkOut/solV_00200.vts
    Written: /Users/jacksonbaglino/SimulationResults/lunar_regolith_DSM/scratch/channel_2D_H100um_eps3.00um/2026-09-13__13.54.02_relax_T-20_theta60_dtmax1.6e4/vtkOut/solV_00206.vts
    Written: /Users/jacksonbaglino/SimulationResults/lunar_regolith_DSM/scratch/channel_2D_H100um_eps3.00um/2026-09-13__13.54.02_relax_T-20_theta60_dtmax1.6e4/vtkOut/solV_00212.vts
    Written: /Users/jacksonbaglino/SimulationResults/lunar_regolith_DSM/scratch/channel_2D_H100um_eps3.00um/2026-09-13__13.54.02_relax_T-20_theta60_dtmax1.6e4/vtkOut/solV_00218.vts
    Written: /Users/jacksonbaglino/SimulationResults/lunar_regolith_DSM/scratch/channel_2D_H100um_eps3.00um/2026-09-13__13.54.02_relax_T-20_theta60_dtmax1.6e4/vtkOut/solV_00224.vts
    Written: /Users/jacksonbaglino/SimulationResults/lunar_regolith_DSM/scratch/channel_2D_H100um_eps3.00um/2026-09-13__13.54.02_relax_T-20_theta60_dtmax1.6e4/vtkOut/solV_00230.vts
    Written: /Users/jacksonbaglino/SimulationResults/lunar_regolith_DSM/scratch/channel_2D_H100um_eps3.00um/2026-09-13__13.54.02_relax_T-20_theta60_dtmax1.6e4/vtkOut/solV_00236.vts
    Written: /Users/jacksonbaglino/SimulationResults/lunar_regolith_DSM/scratch/channel_2D_H100um_eps3.00um/2026-09-13__13.54.02_relax_T-20_theta60_dtmax1.6e4/vtkOut/solV_00241.vts
    Written: /Users/jacksonbaglino/SimulationResults/lunar_regolith_DSM/scratch/channel_2D_H100um_eps3.00um/2026-09-13__13.54.02_relax_T-20_theta60_dtmax1.6e4/vtkOut/solV_00247.vts
    Written: /Users/jacksonbaglino/SimulationResults/lunar_regolith_DSM/scratch/channel_2D_H100um_eps3.00um/2026-09-13__13.54.02_relax_T-20_theta60_dtmax1.6e4/vtkOut/solV_00253.vts
    Written: /Users/jacksonbaglino/SimulationResults/lunar_regolith_DSM/scratch/channel_2D_H100um_eps3.00um/2026-09-13__13.54.02_relax_T-20_theta60_dtmax1.6e4/vtkOut/solV_00259.vts
    Written: /Users/jacksonbaglino/SimulationResults/lunar_regolith_DSM/scratch/channel_2D_H100um_eps3.00um/2026-09-13__13.54.02_relax_T-20_theta60_dtmax1.6e4/vtkOut/solV_00265.vts
    Written: /Users/jacksonbaglino/SimulationResults/lunar_regolith_DSM/scratch/channel_2D_H100um_eps3.00um/2026-09-13__13.54.02_relax_T-20_theta60_dtmax1.6e4/vtkOut/solV_00271.vts
    Written: /Users/jacksonbaglino/SimulationResults/lunar_regolith_DSM/scratch/channel_2D_H100um_eps3.00um/2026-09-13__13.54.02_relax_T-20_theta60_dtmax1.6e4/vtkOut/solV_00277.vts
    Written: /Users/jacksonbaglino/SimulationResults/lunar_regolith_DSM/scratch/channel_2D_H100um_eps3.00um/2026-09-13__13.54.02_relax_T-20_theta60_dtmax1.6e4/vtkOut/solV_00283.vts
    Written: /Users/jacksonbaglino/SimulationResults/lunar_regolith_DSM/scratch/channel_2D_H100um_eps3.00um/2026-09-13__13.54.02_relax_T-20_theta60_dtmax1.6e4/vtkOut/solV_00289.vts
    Written: /Users/jacksonbaglino/SimulationResults/lunar_regolith_DSM/scratch/channel_2D_H100um_eps3.00um/2026-09-13__13.54.02_relax_T-20_theta60_dtmax1.6e4/vtkOut/solV_00295.vts
    Written: /Users/jacksonbaglino/SimulationResults/lunar_regolith_DSM/scratch/channel_2D_H100um_eps3.00um/2026-09-13__13.54.02_relax_T-20_theta60_dtmax1.6e4/vtkOut/solV_00301.vts
    Written: /Users/jacksonbaglino/SimulationResults/lunar_regolith_DSM/scratch/channel_2D_H100um_eps3.00um/2026-09-13__13.54.02_relax_T-20_theta60_dtmax1.6e4/vtkOut/solV_00307.vts
    Written: /Users/jacksonbaglino/SimulationResults/lunar_regolith_DSM/scratch/channel_2D_H100um_eps3.00um/2026-09-13__13.54.02_relax_T-20_theta60_dtmax1.6e4/vtkOut/solV_00313.vts
    Written: /Users/jacksonbaglino/SimulationResults/lunar_regolith_DSM/scratch/channel_2D_H100um_eps3.00um/2026-09-13__13.54.02_relax_T-20_theta60_dtmax1.6e4/vtkOut/solV_00319.vts
    Written: /Users/jacksonbaglino/SimulationResults/lunar_regolith_DSM/scratch/channel_2D_H100um_eps3.00um/2026-09-13__13.54.02_relax_T-20_theta60_dtmax1.6e4/vtkOut/solV_00325.vts
    Written: /Users/jacksonbaglino/SimulationResults/lunar_regolith_DSM/scratch/channel_2D_H100um_eps3.00um/2026-09-13__13.54.02_relax_T-20_theta60_dtmax1.6e4/vtkOut/solV_00331.vts
    Written: /Users/jacksonbaglino/SimulationResults/lunar_regolith_DSM/scratch/channel_2D_H100um_eps3.00um/2026-09-13__13.54.02_relax_T-20_theta60_dtmax1.6e4/vtkOut/solV_00337.vts
    Written: /Users/jacksonbaglino/SimulationResults/lunar_regolith_DSM/scratch/channel_2D_H100um_eps3.00um/2026-09-13__13.54.02_relax_T-20_theta60_dtmax1.6e4/vtkOut/solV_00343.vts
    Written: /Users/jacksonbaglino/SimulationResults/lunar_regolith_DSM/scratch/channel_2D_H100um_eps3.00um/2026-09-13__13.54.02_relax_T-20_theta60_dtmax1.6e4/vtkOut/solV_00349.vts
    Written: /Users/jacksonbaglino/SimulationResults/lunar_regolith_DSM/scratch/channel_2D_H100um_eps3.00um/2026-09-13__13.54.02_relax_T-20_theta60_dtmax1.6e4/vtkOut/solV_00355.vts
    Written: /Users/jacksonbaglino/SimulationResults/lunar_regolith_DSM/scratch/channel_2D_H100um_eps3.00um/2026-09-13__13.54.02_relax_T-20_theta60_dtmax1.6e4/vtkOut/solV_00360.vts
    Written: /Users/jacksonbaglino/SimulationResults/lunar_regolith_DSM/scratch/channel_2D_H100um_eps3.00um/2026-09-13__13.54.02_relax_T-20_theta60_dtmax1.6e4/vtkOut/solV_00366.vts
    Written: /Users/jacksonbaglino/SimulationResults/lunar_regolith_DSM/scratch/channel_2D_H100um_eps3.00um/2026-09-13__13.54.02_relax_T-20_theta60_dtmax1.6e4/vtkOut/solV_00372.vts
    Written: /Users/jacksonbaglino/SimulationResults/lunar_regolith_DSM/scratch/channel_2D_H100um_eps3.00um/2026-09-13__13.54.02_relax_T-20_theta60_dtmax1.6e4/vtkOut/solV_00378.vts
    Written: /Users/jacksonbaglino/SimulationResults/lunar_regolith_DSM/scratch/channel_2D_H100um_eps3.00um/2026-09-13__13.54.02_relax_T-20_theta60_dtmax1.6e4/vtkOut/solV_00384.vts
    Written: /Users/jacksonbaglino/SimulationResults/lunar_regolith_DSM/scratch/channel_2D_H100um_eps3.00um/2026-09-13__13.54.02_relax_T-20_theta60_dtmax1.6e4/vtkOut/solV_00390.vts
    Written: /Users/jacksonbaglino/SimulationResults/lunar_regolith_DSM/scratch/channel_2D_H100um_eps3.00um/2026-09-13__13.54.02_relax_T-20_theta60_dtmax1.6e4/vtkOut/solV_00396.vts
    Written: /Users/jacksonbaglino/SimulationResults/lunar_regolith_DSM/scratch/channel_2D_H100um_eps3.00um/2026-09-13__13.54.02_relax_T-20_theta60_dtmax1.6e4/vtkOut/solV_00402.vts
    Written: /Users/jacksonbaglino/SimulationResults/lunar_regolith_DSM/scratch/channel_2D_H100um_eps3.00um/2026-09-13__13.54.02_relax_T-20_theta60_dtmax1.6e4/vtkOut/solV_00408.vts
    Written: /Users/jacksonbaglino/SimulationResults/lunar_regolith_DSM/scratch/channel_2D_H100um_eps3.00um/2026-09-13__13.54.02_relax_T-20_theta60_dtmax1.6e4/vtkOut/solV_00414.vts
    PVD collection written: /Users/jacksonbaglino/SimulationResults/lunar_regolith_DSM/scratch/channel_2D_H100um_eps3.00um/2026-09-13__13.54.02_relax_T-20_theta60_dtmax1.6e4/pf.pvd

--- Porosity + interface density ---
    porosity: 0.540424 → 0.540424   (tot_air / (tot_ice + tot_air))
    wrote /Users/jacksonbaglino/SimulationResults/lunar_regolith_DSM/scratch/channel_2D_H100um_eps3.00um/2026-09-13__13.54.02_relax_T-20_theta60_dtmax1.6e4/plots/porosity.png

--- Ice-air surface area ---
    surface: 0.000224473 → 0.000209003 m
    power-law fit  S ~ C t^n   (OLS on log S vs log t)
      exponent n = +0.0027 ± 0.0006   (R² = 0.0545)
      window     = 0.8331 → 65.03 d  (348 points)
      local log-slope across that window: -0.0280 → +0.0090
      ⚠ the local slope moves by more than half the fitted exponent across the window:
        this curve is not a clean power law, so n is a property of the WINDOW as much as of the run.
      (a fitted exponent is a property of the curve AND the fit protocol — always quote n with its form and window)
    wrote /Users/jacksonbaglino/SimulationResults/lunar_regolith_DSM/scratch/channel_2D_H100um_eps3.00um/2026-09-13__13.54.02_relax_T-20_theta60_dtmax1.6e4/plots/ssa.png

--- Time step diagnostic ---
  Time step figure saved to: /Users/jacksonbaglino/SimulationResults/lunar_regolith_DSM/scratch/channel_2D_H100um_eps3.00um/2026-09-13__13.54.02_relax_T-20_theta60_dtmax1.6e4/plots/timestep.png

--- Phase mass vs. time ---
  Figure saved to: /Users/jacksonbaglino/SimulationResults/lunar_regolith_DSM/scratch/channel_2D_H100um_eps3.00um/2026-09-13__13.54.02_relax_T-20_theta60_dtmax1.6e4/plots/mass.png
  Per-phase plots saved to: /Users/jacksonbaglino/SimulationResults/lunar_regolith_DSM/scratch/channel_2D_H100um_eps3.00um/2026-09-13__13.54.02_relax_T-20_theta60_dtmax1.6e4/plots/mass/
  Log-log change plot saved to: /Users/jacksonbaglino/SimulationResults/lunar_regolith_DSM/scratch/channel_2D_H100um_eps3.00um/2026-09-13__13.54.02_relax_T-20_theta60_dtmax1.6e4/plots/mass/change_loglog.png

--- Contact angle vs Young's equation ---
  
    CONTACT ANGLE  (2026-09-13__13.54.02_relax_T-20_theta60_dtmax1.6e4)
      gamma_ia = 0.109  gamma_is = 0.2455  gamma_as = 0.3   J/m^2
      theta_Young    =   60.000 deg   [Young from gamma_is/gamma_as]
      theta_measured =   61.683 +/- 0.001 deg (4 estimates, final snapshot)
      error          =   +1.683 deg
      theta_inf      =   60.111 +/- 0.010 deg   [extrapolated, tau = 15.83 d, fit RMS 0.0115 over 36 pts]
      error(inf)     =   +0.111 deg
      NOTE: the run stopped 1.6 deg short of its own extrapolated equilibrium; t_final is too small to
            read the angle directly. Trust theta_inf, or extend to ~18 days.
      -> /Users/jacksonbaglino/SimulationResults/lunar_regolith_DSM/scratch/channel_2D_H100um_eps3.00um/2026-09-13__13.54.02_relax_T-20_theta60_dtmax1.6e4/contact_angle.csv
      -> /Users/jacksonbaglino/SimulationResults/lunar_regolith_DSM/scratch/channel_2D_H100um_eps3.00um/2026-09-13__13.54.02_relax_T-20_theta60_dtmax1.6e4/plots/contact_angle.png

=========================================================================
  ✅ Post-processing complete
  Results in: /Users/jacksonbaglino/SimulationResults/lunar_regolith_DSM/scratch/channel_2D_H100um_eps3.00um/2026-09-13__13.54.02_relax_T-20_theta60_dtmax1.6e4
  Figures in: /Users/jacksonbaglino/SimulationResults/lunar_regolith_DSM/scratch/channel_2D_H100um_eps3.00um/2026-09-13__13.54.02_relax_T-20_theta60_dtmax1.6e4/plots
      contact_angle.png
      mass.png
      porosity.png
      ssa.png
      timestep.png
=========================================================================


=========================================================================
  ✅ Workflow completed successfully
  Results: /Users/jacksonbaglino/SimulationResults/lunar_regolith_DSM/scratch/channel_2D_H100um_eps3.00um/2026-09-13__13.54.02_relax_T-20_theta60_dtmax1.6e4
  Figures: /Users/jacksonbaglino/SimulationResults/lunar_regolith_DSM/scratch/channel_2D_H100um_eps3.00um/2026-09-13__13.54.02_relax_T-20_theta60_dtmax1.6e4/plots
=========================================================================

