
=========================================================================
  Lunar regolith DSM simulation workflow
  Project root : /Users/jacksonbaglino/PetIGA-3.20/projects/lunar_regolith_DSM
  Geometry     : channel_2D_H100um_eps3.00um  (/Users/jacksonbaglino/PetIGA-3.20/projects/lunar_regolith_DSM/inputs/geometry/contactangle/channel_2D_H100um_eps3.00um.opts)
  Experiment   : relax_T-20_theta60  (/Users/jacksonbaglino/PetIGA-3.20/projects/lunar_regolith_DSM/inputs/experiment/contactangle/relax_T-20_theta60.opts)
  Title        : dtmax3.2e4
=========================================================================
------------------------------------------------------------
Grid from -Nx/-Ny/-Nz: Nx=142, Ny=48, Nz=1
Total DoFs:     3 × Nx × Ny × Nz = 20448
Target/core:    50000 DoFs
Chosen NPROCS:  1  (cap: 12 logical cores)
------------------------------------------------------------

--- Compiling ---
Project root: /Users/jacksonbaglino/PetIGA-3.20/projects/lunar_regolith_DSM
make: Nothing to be done for `all'.
✅ Compilation successful.

--- Creating output folder ---
Output folder: /Users/jacksonbaglino/SimulationResults/lunar_regolith_DSM/scratch/channel_2D_H100um_eps3.00um/2026-09-13__13.56.13_relax_T-20_theta60_dtmax3.2e4

--- Staging output folder ---
  Copied postprocess/ → /Users/jacksonbaglino/SimulationResults/lunar_regolith_DSM/scratch/channel_2D_H100um_eps3.00um/2026-09-13__13.56.13_relax_T-20_theta60_dtmax3.2e4/postprocess/ (scratch/ excluded)
✅ Staging complete.

--- Running simulation ---
Executable   : /Users/jacksonbaglino/PetIGA-3.20/projects/lunar_regolith_DSM/lunar_regolith_dsm
Solver       : /Users/jacksonbaglino/PetIGA-3.20/projects/lunar_regolith_DSM/inputs/solver.opts
Geometry     : /Users/jacksonbaglino/PetIGA-3.20/projects/lunar_regolith_DSM/inputs/geometry/contactangle/channel_2D_H100um_eps3.00um.opts
Experiment   : /Users/jacksonbaglino/PetIGA-3.20/projects/lunar_regolith_DSM/inputs/experiment/contactangle/relax_T-20_theta60.opts
Output path  : /Users/jacksonbaglino/SimulationResults/lunar_regolith_DSM/scratch/channel_2D_H100um_eps3.00um/2026-09-13__13.56.13_relax_T-20_theta60_dtmax3.2e4
Processes    : 1

Extra opts   : -dtmax 3.2e4
Running on 1 processes.


  -beta_sub0 override: 9.9000e+05 -> 3.9704e+06 (factor 0.25)
  -d0_sub0 override: 1.0000e-07 -> 1.0166e-09 (factor 0.01)

================================================================================
 PHASE-FIELD SIMULATION PARAMETERS
================================================================================

 MESH & DISCRETIZATION
   Nx = 142,  Ny = 48
   Lx = 3.0000e-04 m,  Ly = 1.0000e-04 m
   dx = 2.1127e-06 m,  dy = 2.0833e-06 m
   p = 2 (quadratic),  C = 1

 PHASE-FIELD INTERFACE
   eps      =  3.0000e-06 m
   Sigma_i  =  1.0900e-01 J/m²   (ice surface energy)
   Sigma_a  =  1.3200e-01 J/m²   (air surface energy)
   Lambda   =  0.0000e+00

 ENVIRONMENT & INITIAL CONDITIONS
   T0       =  -20.00 °C,  humidity = 1.0000
   grad_T   =  (0.0000e+00, 0.0000e+00) °C/m

 TIME STEPPING
   dt0      =  1.0000e-04 s
   t_final  =  5.6160e+06 s,  n_out = 60
   adaptive    ON  (NRmin = 5,  NRmax = 15,  factor = 1.3335)
   dtmin    =  1.0000e-06 s,  dtmax = 3.2000e+04 s

 TRANSPORT & THERMOPHYSICAL PROPERTIES
   D_v      =  2.1780e-05 m²/s    (vapor diffusivity)
   k_ice    =  2.2900e+00 W/m/K,  k_air  = 2.0000e-02 W/m/K
   rho_ice  =  9.1900e+02 kg/m³,  rho_air = 1.3410e+00 kg/m³
   cp_ice   =  1.9600e+03 J/kg/K, cp_air = 1.0440e+03 J/kg/K
   lat_sub  =  2.8300e+06 J/kg    (latent heat of sublimation)

 PHASE-CHANGE KINETICS
   rho_ice/rho_vs   = 1.0829e+06   (density ratio at T0)
   d0_sub0          = 1.0166e-09 m   (capillary length; M&F use 1e-7)
   beta_sub (K&P β₀, M&F β_sub, UNSCALED) = 3.9704e+06 s/m   [M&F range: 2e4–2e6]
   beta_sub (SCALED = β₀·ρ_vs/ρ_ice = β_HK) = 3.6666e+00 s/m
   lambda   =  1.5978e+10
   tau_sub  =  3.9271e+04 s
   dtmax/tau_sub = 0.8149   <-- SEE WARNING BELOW

   *** WARNING: dtmax = 3.200e+04 s is 0.81 x tau_sub = 3.927e+04 s.
       Above ~0.25 the phase field can leave [phase_lo, phase_hi]
       and the solve can stall while the clock keeps advancing --
       a run that LOOKS successful but whose solution stopped
       changing. tau_sub scales as eps^2, so set -dtmax in the
       GEOMETRY file (which owns eps), not in a shared experiment
       file. Suggested: -dtmax 3.93e+03  (tau_sub/10)

   tau_sub terms:  kinetic 3.5150e+04 s + thermal 2.9227e+03 + vapor 1.1978e+03   (-thin_iface_corr 1)
   beta realised  =  4.4358e+06 s/m  =  1.1172 x -beta_sub0   <-- NOT the beta you requested
   mob_sub  =  2.5464e-11 m/s   [M&F: 4.33e-7]
   alph_sub =  4.0686e+05 1/s
   xi_T     =  1.0000e+00   (thermal conduction + latent heat scale)
   xi_v     =  1.0000e-03   (vapor diffusion + rho_ice source scale)

 SOLVER
   VI bounds:  OFF (unbounded Newton — pair with -snes_type newtonls)

 BOUNDARY CONDITIONS
   Per wall, per equation. "Neumann" is the NATURAL condition —
   zero normal flux, imposed by omission rather than explicitly:
   dphi/dn = 0 for the phase field (a 90° contact angle where ice
   meets the wall), zero heat flux for T (insulating), and zero
   vapor flux for rho_v (sealed — no mass enters or leaves there).

   Wall               phi_i (ice)            T (temperature)          rho_v (vapor)
   ------------------ ---------------------- ------------------------ ------------------------
   x = 0   (left)     Neumann  dphi/dn=0     Neumann  (insulating)    Neumann  (sealed)
   x = Lx  (right)    Neumann  dphi/dn=0     Neumann  (insulating)    Neumann  (sealed)
   y = 0   (bottom)   regolith  theta=60.0° Neumann  (insulating)    Neumann  (sealed)
   y = Ly  (top)      regolith  theta=60.0° Neumann  (insulating)    Neumann  (sealed)

   phi_i is never pinned (no Dirichlet path exists for it). On a
   face marked "regolith" above, its NATURAL condition is the wall
   free-energy term  dphi/dn = cos(theta)*phi(1-phi)/eps  rather than
   zero; every other face keeps dphi/dn = 0 (a 90° contact angle).
   gamma_ia = 1.0900e-01   gamma_is = 2.4550e-01   gamma_as = 3.0000e-01  J/m²
   cos(theta) = (gamma_as - gamma_is)/gamma_ia = 0.500000  ->  theta = 60.00°

================================================================================

Setting up initial conditions... 
IC type: multi_grains
--- INITIAL CONDITIONS (2D multi-grain) ---
  1 ice grain(s), 0 sediment bump(s)
  ice grain 0: centre = (1.5000e-04, 5.0000e-05) m,  ax = 7.5000e-05 m,  ay = 7.5000e-05 m
  BOUNDS: phi_ice [0.0000, 1.0000]  phi_air [0.0000, 1.0000]
  ===============================================================================
  >>> DOMAIN INTEGRALS (PER TIME STEP)
  ===============================================================================
  -------------------------------------------------------------------------------------------------------------
    STEP |     TIME [s] |    DT [s] |    TOT_ICE |    TOT_AIR |      TEMP |  TOT_RHOV | I-A INTERF | TOTAL_MASS
  -------------------------------------------------------------------------------------------------------------
     0 |  0.00000e+00 | 1.000e-04 |  1.379e-08 |  1.621e-08 | -6.000e-07 | 1.376e-11 |  1.122e-10 |  1.267e-05
OUTPUT print!
    SNES DOF norms (2-norm) and ratios
    --------------------------------------------------------------------------------------------------------------------------------------
    it |       fnorm |          n0 |        r0 |        s0 |          n1 |        r1 |        s1 |          n2 |        r2 |        s2
    --------------------------------------------------------------------------------------------------------------------------------------
     0 |  9.5996e-14 |   2.099e-16 | 1.000e+00 | 0.000e+00 |   9.600e-14 | 1.000e+00 | 0.000e+00 |   4.167e-26 | 1.000e+00 | 0.000e+00
     1 |  2.3798e-13 |   6.325e-23 | 3.013e-07 | 3.224e-10 |   2.380e-13 | 2.479e+00 | 1.969e-09 |   5.808e-23 | 1.394e+03 | 7.579e-07
  SNES converged via DOF-wise criteria:
    DOF 0: REL (rtol) ABS (atol) STOL (stol)
    DOF 1: ABS (atol) STOL (stol)
    DOF 2: ABS (atol) STOL (stol)
    SNES DOF norms (2-norm) and ratios
    --------------------------------------------------------------------------------------------------------------------------------------
    it |       fnorm |          n0 |        r0 |        s0 |          n1 |        r1 |        s1 |          n2 |        r2 |        s2
    --------------------------------------------------------------------------------------------------------------------------------------
     0 |  5.3547e-07 |   2.097e-16 | 1.000e+00 | 3.224e-10 |   5.355e-07 | 1.000e+00 | 1.969e-09 |   1.264e-16 | 1.000e+00 | 7.579e-07
     1 |  2.4571e-13 |   6.598e-23 | 3.146e-07 | 3.224e-10 |   2.457e-13 | 4.589e-07 | 7.947e-10 |   6.058e-23 | 4.794e-07 | 5.547e-07
  SNES converged via DOF-wise criteria:
    DOF 0: REL (rtol) ABS (atol) STOL (stol)
    DOF 1: REL (rtol) ABS (atol) STOL (stol)
    DOF 2: REL (rtol) ABS (atol) STOL (stol)
    SNES DOF norms (2-norm) and ratios
    --------------------------------------------------------------------------------------------------------------------------------------
    it |       fnorm |          n0 |        r0 |        s0 |          n1 |        r1 |        s1 |          n2 |        r2 |        s2
    --------------------------------------------------------------------------------------------------------------------------------------
     0 |  3.9995e-07 |   4.723e-16 | 1.000e+00 | 3.224e-10 |   3.999e-07 | 1.000e+00 | 7.947e-10 |   8.414e-17 | 1.000e+00 | 5.547e-07
     1 |  3.3523e-13 |   5.973e-23 | 1.265e-07 | 7.738e-10 |   3.352e-13 | 8.382e-07 | 3.683e-09 |   5.498e-23 | 6.535e-07 | 1.631e-06
  SNES converged via DOF-wise criteria:
    DOF 0: REL (rtol) ABS (atol) STOL (stol)
    DOF 1: REL (rtol) ABS (atol) STOL (stol)
    DOF 2: REL (rtol) ABS (atol)
Increase time step: 1.000e-04 -> 1.334e-04 
  BOUNDS: phi_ice [0.0000, 1.0000]  phi_air [0.0000, 1.0000]
  ===============================================================================
  >>> DOMAIN INTEGRALS (PER TIME STEP)
  ===============================================================================
  -------------------------------------------------------------------------------------------------------------
    STEP |     TIME [s] |    DT [s] |    TOT_ICE |    TOT_AIR |      TEMP |  TOT_RHOV | I-A INTERF | TOTAL_MASS
  -------------------------------------------------------------------------------------------------------------
     1 |  1.00000e-04 | 1.334e-04 |  1.379e-08 |  1.621e-08 | -6.000e-07 | 1.376e-11 |  1.122e-10 |  1.267e-05
       |              |           |    +0.000% |    -0.000% |           |   -0.000% |            |    +0.000%
OUTPUT print!
    SNES DOF norms (2-norm) and ratios
    --------------------------------------------------------------------------------------------------------------------------------------
    it |       fnorm |          n0 |        r0 |        s0 |          n1 |        r1 |        s1 |          n2 |        r2 |        s2
    --------------------------------------------------------------------------------------------------------------------------------------
     0 |  1.3849e-06 |   3.771e-16 | 1.000e+00 | 7.738e-10 |   1.385e-06 | 1.000e+00 | 3.683e-09 |   3.838e-16 | 1.000e+00 | 1.631e-06
     1 |  3.2163e-13 |   4.556e-23 | 1.208e-07 | 8.251e-10 |   3.216e-13 | 2.322e-07 | 1.199e-09 |   4.183e-23 | 1.090e-07 | 1.177e-06
  SNES converged via DOF-wise criteria:
    DOF 0: REL (rtol) ABS (atol) STOL (stol)
    DOF 1: REL (rtol) ABS (atol) STOL (stol)
    DOF 2: REL (rtol) ABS (atol)
Increase time step: 1.334e-04 -> 1.778e-04 
  BOUNDS: phi_ice [0.0000, 1.0000]  phi_air [0.0000, 1.0000]
  ===============================================================================
  >>> DOMAIN INTEGRALS (PER TIME STEP)
  ===============================================================================
  -------------------------------------------------------------------------------------------------------------
    STEP |     TIME [s] |    DT [s] |    TOT_ICE |    TOT_AIR |      TEMP |  TOT_RHOV | I-A INTERF | TOTAL_MASS
  -------------------------------------------------------------------------------------------------------------
     2 |  2.33352e-04 | 1.778e-04 |  1.379e-08 |  1.621e-08 | -6.000e-07 | 1.376e-11 |  1.122e-10 |  1.267e-05
       |              |           |    +0.000% |    -0.000% |           |   -0.000% |            |    +0.000%
    SNES DOF norms (2-norm) and ratios
    --------------------------------------------------------------------------------------------------------------------------------------
    it |       fnorm |          n0 |        r0 |        s0 |          n1 |        r1 |        s1 |          n2 |        r2 |        s2
    --------------------------------------------------------------------------------------------------------------------------------------
     0 |  8.5127e-07 |   3.955e-16 | 1.000e+00 | 8.251e-10 |   8.513e-07 | 1.000e+00 | 1.199e-09 |   3.182e-16 | 1.000e+00 | 1.177e-06
     1 |  3.0271e-13 |   3.180e-23 | 8.041e-08 | 1.155e-09 |   3.027e-13 | 3.556e-07 | 8.399e-10 |   2.924e-23 | 9.190e-08 | 1.526e-06
  SNES converged via DOF-wise criteria:
    DOF 0: REL (rtol) ABS (atol) STOL (stol)
    DOF 1: REL (rtol) ABS (atol) STOL (stol)
    DOF 2: REL (rtol) ABS (atol)
Increase time step: 1.778e-04 -> 2.371e-04 
  BOUNDS: phi_ice [0.0000, 1.0000]  phi_air [0.0000, 1.0000]
  ===============================================================================
  >>> DOMAIN INTEGRALS (PER TIME STEP)
  ===============================================================================
  -------------------------------------------------------------------------------------------------------------
    STEP |     TIME [s] |    DT [s] |    TOT_ICE |    TOT_AIR |      TEMP |  TOT_RHOV | I-A INTERF | TOTAL_MASS
  -------------------------------------------------------------------------------------------------------------
     3 |  4.11180e-04 | 2.371e-04 |  1.379e-08 |  1.621e-08 | -6.000e-07 | 1.376e-11 |  1.122e-10 |  1.267e-05
       |              |           |    +0.000% |    -0.000% |           |   -0.000% |            |    +0.000%
    SNES DOF norms (2-norm) and ratios
    --------------------------------------------------------------------------------------------------------------------------------------
    it |       fnorm |          n0 |        r0 |        s0 |          n1 |        r1 |        s1 |          n2 |        r2 |        s2
    --------------------------------------------------------------------------------------------------------------------------------------
     0 |  1.1065e-06 |   3.913e-16 | 1.000e+00 | 1.155e-09 |   1.106e-06 | 1.000e+00 | 8.399e-10 |   3.423e-16 | 1.000e+00 | 1.526e-06
     1 |  3.0426e-13 |   2.369e-23 | 6.056e-08 | 1.525e-09 |   3.043e-13 | 2.750e-07 | 9.350e-10 |   2.181e-23 | 6.372e-08 | 1.951e-06
  SNES converged via DOF-wise criteria:
    DOF 0: REL (rtol) ABS (atol) STOL (stol)
    DOF 1: REL (rtol) ABS (atol) STOL (stol)
    DOF 2: REL (rtol) ABS (atol)
Increase time step: 2.371e-04 -> 3.162e-04 
  BOUNDS: phi_ice [0.0000, 1.0000]  phi_air [0.0000, 1.0000]
  ===============================================================================
  >>> DOMAIN INTEGRALS (PER TIME STEP)
  ===============================================================================
  -------------------------------------------------------------------------------------------------------------
    STEP |     TIME [s] |    DT [s] |    TOT_ICE |    TOT_AIR |      TEMP |  TOT_RHOV | I-A INTERF | TOTAL_MASS
  -------------------------------------------------------------------------------------------------------------
     4 |  6.48317e-04 | 3.162e-04 |  1.379e-08 |  1.621e-08 | -6.000e-07 | 1.376e-11 |  1.122e-10 |  1.267e-05
       |              |           |    +0.000% |    -0.000% |           |   -0.000% |            |    +0.000%
    SNES DOF norms (2-norm) and ratios
    --------------------------------------------------------------------------------------------------------------------------------------
    it |       fnorm |          n0 |        r0 |        s0 |          n1 |        r1 |        s1 |          n2 |        r2 |        s2
    --------------------------------------------------------------------------------------------------------------------------------------
     0 |  9.8037e-07 |   3.915e-16 | 1.000e+00 | 1.525e-09 |   9.804e-07 | 1.000e+00 | 9.350e-10 |   3.460e-16 | 1.000e+00 | 1.951e-06
     1 |  3.0802e-13 |   1.813e-23 | 4.632e-08 | 2.037e-09 |   3.080e-13 | 3.142e-07 | 1.342e-09 |   1.639e-23 | 4.739e-08 | 2.614e-06
  SNES converged via DOF-wise criteria:
    DOF 0: REL (rtol) ABS (atol) STOL (stol)
    DOF 1: REL (rtol) ABS (atol) STOL (stol)
    DOF 2: REL (rtol) ABS (atol)
Increase time step: 3.162e-04 -> 4.217e-04 
  BOUNDS: phi_ice [0.0000, 1.0000]  phi_air [0.0000, 1.0000]
  ===============================================================================
  >>> DOMAIN INTEGRALS (PER TIME STEP)
  ===============================================================================
  -------------------------------------------------------------------------------------------------------------
    STEP |     TIME [s] |    DT [s] |    TOT_ICE |    TOT_AIR |      TEMP |  TOT_RHOV | I-A INTERF | TOTAL_MASS
  -------------------------------------------------------------------------------------------------------------
     5 |  9.64545e-04 | 4.217e-04 |  1.379e-08 |  1.621e-08 | -6.000e-07 | 1.376e-11 |  1.122e-10 |  1.267e-05
       |              |           |    +0.000% |    -0.000% |           |   -0.000% |            |    +0.000%
    SNES DOF norms (2-norm) and ratios
    --------------------------------------------------------------------------------------------------------------------------------------
    it |       fnorm |          n0 |        r0 |        s0 |          n1 |        r1 |        s1 |          n2 |        r2 |        s2
    --------------------------------------------------------------------------------------------------------------------------------------
     0 |  1.0376e-06 |   3.908e-16 | 1.000e+00 | 2.037e-09 |   1.038e-06 | 1.000e+00 | 1.342e-09 |   3.453e-16 | 1.000e+00 | 2.614e-06
     1 |  3.0216e-13 |   1.389e-23 | 3.555e-08 | 2.714e-09 |   3.022e-13 | 2.912e-07 | 1.738e-09 |   1.287e-23 | 3.726e-08 | 3.561e-06
  SNES converged via DOF-wise criteria:
    DOF 0: REL (rtol) ABS (atol) STOL (stol)
    DOF 1: REL (rtol) ABS (atol) STOL (stol)
    DOF 2: REL (rtol) ABS (atol)
Increase time step: 4.217e-04 -> 5.623e-04 
  BOUNDS: phi_ice [0.0000, 1.0000]  phi_air [0.0000, 1.0000]
  ===============================================================================
  >>> DOMAIN INTEGRALS (PER TIME STEP)
  ===============================================================================
  -------------------------------------------------------------------------------------------------------------
    STEP |     TIME [s] |    DT [s] |    TOT_ICE |    TOT_AIR |      TEMP |  TOT_RHOV | I-A INTERF | TOTAL_MASS
  -------------------------------------------------------------------------------------------------------------
     6 |  1.38624e-03 | 5.623e-04 |  1.379e-08 |  1.621e-08 | -6.000e-07 | 1.376e-11 |  1.122e-10 |  1.267e-05
       |              |           |    +0.000% |    -0.000% |           |   -0.000% |            |    +0.000%
    SNES DOF norms (2-norm) and ratios
    --------------------------------------------------------------------------------------------------------------------------------------
    it |       fnorm |          n0 |        r0 |        s0 |          n1 |        r1 |        s1 |          n2 |        r2 |        s2
    --------------------------------------------------------------------------------------------------------------------------------------
     0 |  1.0082e-06 |   3.903e-16 | 1.000e+00 | 2.714e-09 |   1.008e-06 | 1.000e+00 | 1.738e-09 |   3.506e-16 | 1.000e+00 | 3.561e-06
     1 |  2.9417e-13 |   1.073e-23 | 2.750e-08 | 3.618e-09 |   2.942e-13 | 2.918e-07 | 2.251e-09 |   1.001e-23 | 2.854e-08 | 4.889e-06
  SNES converged via DOF-wise criteria:
    DOF 0: REL (rtol) ABS (atol) STOL (stol)
    DOF 1: REL (rtol) ABS (atol) STOL (stol)
    DOF 2: REL (rtol) ABS (atol)
Increase time step: 5.623e-04 -> 7.499e-04 
  BOUNDS: phi_ice [0.0000, 1.0000]  phi_air [0.0000, 1.0000]
  ===============================================================================
  >>> DOMAIN INTEGRALS (PER TIME STEP)
  ===============================================================================
  -------------------------------------------------------------------------------------------------------------
    STEP |     TIME [s] |    DT [s] |    TOT_ICE |    TOT_AIR |      TEMP |  TOT_RHOV | I-A INTERF | TOTAL_MASS
  -------------------------------------------------------------------------------------------------------------
     7 |  1.94858e-03 | 7.499e-04 |  1.379e-08 |  1.621e-08 | -6.000e-07 | 1.376e-11 |  1.122e-10 |  1.267e-05
       |              |           |    +0.000% |    -0.000% |           |   -0.000% |            |    +0.000%
    SNES DOF norms (2-norm) and ratios
    --------------------------------------------------------------------------------------------------------------------------------------
    it |       fnorm |          n0 |        r0 |        s0 |          n1 |        r1 |        s1 |          n2 |        r2 |        s2
    --------------------------------------------------------------------------------------------------------------------------------------
     0 |  1.0197e-06 |   3.897e-16 | 1.000e+00 | 3.618e-09 |   1.020e-06 | 1.000e+00 | 2.251e-09 |   3.504e-16 | 1.000e+00 | 4.889e-06
     1 |  3.0730e-13 |   8.268e-24 | 2.122e-08 | 4.822e-09 |   3.073e-13 | 3.014e-07 | 2.922e-09 |   7.808e-24 | 2.228e-08 | 6.676e-06
  SNES converged via DOF-wise criteria:
    DOF 0: REL (rtol) ABS (atol) STOL (stol)
    DOF 1: REL (rtol) ABS (atol) STOL (stol)
    DOF 2: REL (rtol) ABS (atol)
Increase time step: 7.499e-04 -> 1.000e-03 
  BOUNDS: phi_ice [0.0000, 1.0000]  phi_air [0.0000, 1.0000]
  ===============================================================================
  >>> DOMAIN INTEGRALS (PER TIME STEP)
  ===============================================================================
  -------------------------------------------------------------------------------------------------------------
    STEP |     TIME [s] |    DT [s] |    TOT_ICE |    TOT_AIR |      TEMP |  TOT_RHOV | I-A INTERF | TOTAL_MASS
  -------------------------------------------------------------------------------------------------------------
     8 |  2.69848e-03 | 1.000e-03 |  1.379e-08 |  1.621e-08 | -6.000e-07 | 1.376e-11 |  1.122e-10 |  1.267e-05
       |              |           |    +0.000% |    -0.000% |           |   -0.000% |            |    +0.000%
    SNES DOF norms (2-norm) and ratios
    --------------------------------------------------------------------------------------------------------------------------------------
    it |       fnorm |          n0 |        r0 |        s0 |          n1 |        r1 |        s1 |          n2 |        r2 |        s2
    --------------------------------------------------------------------------------------------------------------------------------------
     0 |  1.0119e-06 |   3.891e-16 | 1.000e+00 | 4.822e-09 |   1.012e-06 | 1.000e+00 | 2.922e-09 |   3.534e-16 | 1.000e+00 | 6.676e-06
     1 |  2.9745e-13 |   6.126e-24 | 1.574e-08 | 6.427e-09 |   2.975e-13 | 2.940e-07 | 3.775e-09 |   5.951e-24 | 1.684e-08 | 8.927e-06
  SNES converged via DOF-wise criteria:
    DOF 0: REL (rtol) ABS (atol) STOL (stol)
    DOF 1: REL (rtol) ABS (atol) STOL (stol)
    DOF 2: REL (rtol) ABS (atol)
Increase time step: 1.000e-03 -> 1.334e-03 
  BOUNDS: phi_ice [0.0000, 1.0000]  phi_air [0.0000, 1.0000]
  ===============================================================================
  >>> DOMAIN INTEGRALS (PER TIME STEP)
  ===============================================================================
  -------------------------------------------------------------------------------------------------------------
    STEP |     TIME [s] |    DT [s] |    TOT_ICE |    TOT_AIR |      TEMP |  TOT_RHOV | I-A INTERF | TOTAL_MASS
  -------------------------------------------------------------------------------------------------------------
     9 |  3.69848e-03 | 1.334e-03 |  1.379e-08 |  1.621e-08 | -6.000e-07 | 1.376e-11 |  1.122e-10 |  1.267e-05
       |              |           |    +0.000% |    -0.000% |           |   -0.000% |            |    +0.000%
    SNES DOF norms (2-norm) and ratios
    --------------------------------------------------------------------------------------------------------------------------------------
    it |       fnorm |          n0 |        r0 |        s0 |          n1 |        r1 |        s1 |          n2 |        r2 |        s2
    --------------------------------------------------------------------------------------------------------------------------------------
     0 |  1.0132e-06 |   3.885e-16 | 1.000e+00 | 6.427e-09 |   1.013e-06 | 1.000e+00 | 3.775e-09 |   3.542e-16 | 1.000e+00 | 8.927e-06
     1 |  2.9357e-13 |   4.335e-24 | 1.116e-08 | 8.567e-09 |   2.936e-13 | 2.897e-07 | 4.850e-09 |   4.342e-24 | 1.226e-08 | 1.153e-05
  SNES converged via DOF-wise criteria:
    DOF 0: REL (rtol) ABS (atol) STOL (stol)
    DOF 1: REL (rtol) ABS (atol) STOL (stol)
    DOF 2: REL (rtol) ABS (atol)
Increase time step: 1.334e-03 -> 1.778e-03 
  BOUNDS: phi_ice [0.0000, 1.0000]  phi_air [0.0000, 1.0000]
  ===============================================================================
  >>> DOMAIN INTEGRALS (PER TIME STEP)
  ===============================================================================
  -------------------------------------------------------------------------------------------------------------
    STEP |     TIME [s] |    DT [s] |    TOT_ICE |    TOT_AIR |      TEMP |  TOT_RHOV | I-A INTERF | TOTAL_MASS
  -------------------------------------------------------------------------------------------------------------
    10 |  5.03200e-03 | 1.778e-03 |  1.379e-08 |  1.621e-08 | -6.000e-07 | 1.376e-11 |  1.122e-10 |  1.267e-05
       |              |           |    +0.000% |    -0.000% |           |   -0.000% |            |    +0.000%
    SNES DOF norms (2-norm) and ratios
    --------------------------------------------------------------------------------------------------------------------------------------
    it |       fnorm |          n0 |        r0 |        s0 |          n1 |        r1 |        s1 |          n2 |        r2 |        s2
    --------------------------------------------------------------------------------------------------------------------------------------
     0 |  1.0105e-06 |   3.880e-16 | 1.000e+00 | 8.567e-09 |   1.010e-06 | 1.000e+00 | 4.850e-09 |   3.558e-16 | 1.000e+00 | 1.153e-05
     1 |  3.0428e-13 |   3.344e-24 | 8.618e-09 | 1.142e-08 |   3.043e-13 | 3.011e-07 | 6.190e-09 |   3.444e-24 | 9.679e-09 | 1.423e-05
  SNES converged via DOF-wise criteria:
    DOF 0: REL (rtol) ABS (atol) STOL (stol)
    DOF 1: REL (rtol) ABS (atol) STOL (stol)
    DOF 2: REL (rtol) ABS (atol)
Increase time step: 1.778e-03 -> 2.371e-03 
  BOUNDS: phi_ice [0.0000, 1.0000]  phi_air [0.0000, 1.0000]
  ===============================================================================
  >>> DOMAIN INTEGRALS (PER TIME STEP)
  ===============================================================================
  -------------------------------------------------------------------------------------------------------------
    STEP |     TIME [s] |    DT [s] |    TOT_ICE |    TOT_AIR |      TEMP |  TOT_RHOV | I-A INTERF | TOTAL_MASS
  -------------------------------------------------------------------------------------------------------------
    11 |  6.81028e-03 | 2.371e-03 |  1.379e-08 |  1.621e-08 | -6.000e-07 | 1.376e-11 |  1.122e-10 |  1.267e-05
       |              |           |    +0.000% |    -0.000% |           |   -0.000% |            |    +0.000%
    SNES DOF norms (2-norm) and ratios
    --------------------------------------------------------------------------------------------------------------------------------------
    it |       fnorm |          n0 |        r0 |        s0 |          n1 |        r1 |        s1 |          n2 |        r2 |        s2
    --------------------------------------------------------------------------------------------------------------------------------------
     0 |  1.0100e-06 |   3.876e-16 | 1.000e+00 | 1.142e-08 |   1.010e-06 | 1.000e+00 | 6.190e-09 |   3.565e-16 | 1.000e+00 | 1.423e-05
     1 |  3.0398e-13 |   2.380e-24 | 6.141e-09 | 1.522e-08 |   3.040e-13 | 3.010e-07 | 7.851e-09 |   2.632e-24 | 7.383e-09 | 1.658e-05
  SNES converged via DOF-wise criteria:
    DOF 0: REL (rtol) ABS (atol) STOL (stol)
    DOF 1: REL (rtol) ABS (atol) STOL (stol)
    DOF 2: REL (rtol) ABS (atol)
Increase time step: 2.371e-03 -> 3.162e-03 
  BOUNDS: phi_ice [0.0000, 1.0000]  phi_air [0.0000, 1.0000]
  ===============================================================================
  >>> DOMAIN INTEGRALS (PER TIME STEP)
  ===============================================================================
  -------------------------------------------------------------------------------------------------------------
    STEP |     TIME [s] |    DT [s] |    TOT_ICE |    TOT_AIR |      TEMP |  TOT_RHOV | I-A INTERF | TOTAL_MASS
  -------------------------------------------------------------------------------------------------------------
    12 |  9.18165e-03 | 3.162e-03 |  1.379e-08 |  1.621e-08 | -6.000e-07 | 1.376e-11 |  1.122e-10 |  1.267e-05
       |              |           |    +0.000% |    -0.000% |           |   -0.000% |            |    +0.000%
    SNES DOF norms (2-norm) and ratios
    --------------------------------------------------------------------------------------------------------------------------------------
    it |       fnorm |          n0 |        r0 |        s0 |          n1 |        r1 |        s1 |          n2 |        r2 |        s2
    --------------------------------------------------------------------------------------------------------------------------------------
     0 |  1.0088e-06 |   3.873e-16 | 1.000e+00 | 1.522e-08 |   1.009e-06 | 1.000e+00 | 7.851e-09 |   3.570e-16 | 1.000e+00 | 1.658e-05
     1 |  3.0022e-13 |   1.892e-24 | 4.886e-09 | 2.029e-08 |   3.002e-13 | 2.976e-07 | 9.903e-09 |   2.274e-24 | 6.369e-09 | 1.804e-05
  SNES converged via DOF-wise criteria:
    DOF 0: REL (rtol) ABS (atol) STOL (stol)
    DOF 1: REL (rtol) ABS (atol) STOL (stol)
    DOF 2: REL (rtol) ABS (atol)
Increase time step: 3.162e-03 -> 4.217e-03 
  BOUNDS: phi_ice [0.0000, 1.0000]  phi_air [0.0000, 1.0000]
  ===============================================================================
  >>> DOMAIN INTEGRALS (PER TIME STEP)
  ===============================================================================
  -------------------------------------------------------------------------------------------------------------
    STEP |     TIME [s] |    DT [s] |    TOT_ICE |    TOT_AIR |      TEMP |  TOT_RHOV | I-A INTERF | TOTAL_MASS
  -------------------------------------------------------------------------------------------------------------
    13 |  1.23439e-02 | 4.217e-03 |  1.379e-08 |  1.621e-08 | -6.000e-07 | 1.376e-11 |  1.122e-10 |  1.267e-05
       |              |           |    +0.000% |    -0.000% |           |   -0.000% |            |    +0.000%
    SNES DOF norms (2-norm) and ratios
    --------------------------------------------------------------------------------------------------------------------------------------
    it |       fnorm |          n0 |        r0 |        s0 |          n1 |        r1 |        s1 |          n2 |        r2 |        s2
    --------------------------------------------------------------------------------------------------------------------------------------
     0 |  1.0084e-06 |   3.872e-16 | 1.000e+00 | 2.029e-08 |   1.008e-06 | 1.000e+00 | 9.903e-09 |   3.571e-16 | 1.000e+00 | 1.804e-05
     1 |  2.9986e-13 |   1.394e-24 | 3.601e-09 | 2.704e-08 |   2.999e-13 | 2.974e-07 | 1.244e-08 |   1.519e-24 | 4.255e-09 | 1.800e-05
  SNES converged via DOF-wise criteria:
    DOF 0: REL (rtol) ABS (atol) STOL (stol)
    DOF 1: REL (rtol) ABS (atol) STOL (stol)
    DOF 2: REL (rtol) ABS (atol)
Increase time step: 4.217e-03 -> 5.623e-03 
  BOUNDS: phi_ice [0.0000, 1.0000]  phi_air [0.0000, 1.0000]
  ===============================================================================
  >>> DOMAIN INTEGRALS (PER TIME STEP)
  ===============================================================================
  -------------------------------------------------------------------------------------------------------------
    STEP |     TIME [s] |    DT [s] |    TOT_ICE |    TOT_AIR |      TEMP |  TOT_RHOV | I-A INTERF | TOTAL_MASS
  -------------------------------------------------------------------------------------------------------------
    14 |  1.65609e-02 | 5.623e-03 |  1.379e-08 |  1.621e-08 | -6.000e-07 | 1.376e-11 |  1.122e-10 |  1.267e-05
       |              |           |    +0.000% |    -0.000% |           |   -0.000% |            |    +0.000%
    SNES DOF norms (2-norm) and ratios
    --------------------------------------------------------------------------------------------------------------------------------------
    it |       fnorm |          n0 |        r0 |        s0 |          n1 |        r1 |        s1 |          n2 |        r2 |        s2
    --------------------------------------------------------------------------------------------------------------------------------------
     0 |  1.0081e-06 |   3.871e-16 | 1.000e+00 | 2.704e-08 |   1.008e-06 | 1.000e+00 | 1.244e-08 |   3.570e-16 | 1.000e+00 | 1.800e-05
     1 |  3.0170e-13 |   1.124e-24 | 2.903e-09 | 3.605e-08 |   3.017e-13 | 2.993e-07 | 1.557e-08 |   1.309e-24 | 3.666e-09 | 1.624e-05
  SNES converged via DOF-wise criteria:
    DOF 0: REL (rtol) ABS (atol) STOL (stol)
    DOF 1: REL (rtol) ABS (atol) STOL (stol)
    DOF 2: REL (rtol) ABS (atol)
Increase time step: 5.623e-03 -> 7.499e-03 
  BOUNDS: phi_ice [0.0000, 1.0000]  phi_air [0.0000, 1.0000]
  ===============================================================================
  >>> DOMAIN INTEGRALS (PER TIME STEP)
  ===============================================================================
  -------------------------------------------------------------------------------------------------------------
    STEP |     TIME [s] |    DT [s] |    TOT_ICE |    TOT_AIR |      TEMP |  TOT_RHOV | I-A INTERF | TOTAL_MASS
  -------------------------------------------------------------------------------------------------------------
    15 |  2.21843e-02 | 7.499e-03 |  1.379e-08 |  1.621e-08 | -6.000e-07 | 1.376e-11 |  1.122e-10 |  1.267e-05
       |              |           |    +0.000% |    -0.000% |           |   -0.000% |            |    +0.000%
    SNES DOF norms (2-norm) and ratios
    --------------------------------------------------------------------------------------------------------------------------------------
    it |       fnorm |          n0 |        r0 |        s0 |          n1 |        r1 |        s1 |          n2 |        r2 |        s2
    --------------------------------------------------------------------------------------------------------------------------------------
     0 |  1.0082e-06 |   3.872e-16 | 1.000e+00 | 3.605e-08 |   1.008e-06 | 1.000e+00 | 1.557e-08 |   3.568e-16 | 1.000e+00 | 1.624e-05
     1 |  2.9959e-13 |   7.898e-25 | 2.040e-09 | 4.807e-08 |   2.996e-13 | 2.971e-07 | 1.945e-08 |   9.347e-25 | 2.619e-09 | 1.311e-05
  SNES converged via DOF-wise criteria:
    DOF 0: REL (rtol) ABS (atol) STOL (stol)
    DOF 1: REL (rtol) ABS (atol) STOL (stol)
    DOF 2: REL (rtol) ABS (atol)
Increase time step: 7.499e-03 -> 1.000e-02 
  BOUNDS: phi_ice [0.0000, 1.0000]  phi_air [0.0000, 1.0000]
  ===============================================================================
  >>> DOMAIN INTEGRALS (PER TIME STEP)
  ===============================================================================
  -------------------------------------------------------------------------------------------------------------
    STEP |     TIME [s] |    DT [s] |    TOT_ICE |    TOT_AIR |      TEMP |  TOT_RHOV | I-A INTERF | TOTAL_MASS
  -------------------------------------------------------------------------------------------------------------
    16 |  2.96832e-02 | 1.000e-02 |  1.379e-08 |  1.621e-08 | -6.000e-07 | 1.376e-11 |  1.122e-10 |  1.267e-05
       |              |           |    +0.000% |    -0.000% |           |   -0.000% |            |    +0.000%
    SNES DOF norms (2-norm) and ratios
    --------------------------------------------------------------------------------------------------------------------------------------
    it |       fnorm |          n0 |        r0 |        s0 |          n1 |        r1 |        s1 |          n2 |        r2 |        s2
    --------------------------------------------------------------------------------------------------------------------------------------
     0 |  1.0084e-06 |   3.873e-16 | 1.000e+00 | 4.807e-08 |   1.008e-06 | 1.000e+00 | 1.945e-08 |   3.567e-16 | 1.000e+00 | 1.311e-05
     1 |  2.9733e-13 |   6.431e-25 | 1.661e-09 | 6.409e-08 |   2.973e-13 | 2.948e-07 | 2.425e-08 |   7.411e-25 | 2.078e-09 | 9.269e-06
  SNES converged via DOF-wise criteria:
    DOF 0: REL (rtol) ABS (atol) STOL (stol)
    DOF 1: REL (rtol) ABS (atol) STOL (stol)
    DOF 2: REL (rtol) ABS (atol)
Increase time step: 1.000e-02 -> 1.334e-02 
  BOUNDS: phi_ice [0.0000, 1.0000]  phi_air [0.0000, 1.0000]
  ===============================================================================
  >>> DOMAIN INTEGRALS (PER TIME STEP)
  ===============================================================================
  -------------------------------------------------------------------------------------------------------------
    STEP |     TIME [s] |    DT [s] |    TOT_ICE |    TOT_AIR |      TEMP |  TOT_RHOV | I-A INTERF | TOTAL_MASS
  -------------------------------------------------------------------------------------------------------------
    17 |  3.96832e-02 | 1.334e-02 |  1.379e-08 |  1.621e-08 | -6.000e-07 | 1.376e-11 |  1.122e-10 |  1.267e-05
       |              |           |    +0.000% |    -0.000% |           |   -0.000% |            |    +0.000%
    SNES DOF norms (2-norm) and ratios
    --------------------------------------------------------------------------------------------------------------------------------------
    it |       fnorm |          n0 |        r0 |        s0 |          n1 |        r1 |        s1 |          n2 |        r2 |        s2
    --------------------------------------------------------------------------------------------------------------------------------------
     0 |  1.0088e-06 |   3.874e-16 | 1.000e+00 | 6.409e-08 |   1.009e-06 | 1.000e+00 | 2.425e-08 |   3.566e-16 | 1.000e+00 | 9.269e-06
     1 |  2.9746e-13 |   4.605e-25 | 1.188e-09 | 8.545e-08 |   2.975e-13 | 2.949e-07 | 3.018e-08 |   5.574e-25 | 1.563e-09 | 5.379e-06
  SNES converged via DOF-wise criteria:
    DOF 0: REL (rtol) ABS (atol) STOL (stol)
    DOF 1: REL (rtol) ABS (atol) STOL (stol)
    DOF 2: REL (rtol) ABS (atol)
Increase time step: 1.334e-02 -> 1.778e-02 
  BOUNDS: phi_ice [0.0000, 1.0000]  phi_air [0.0000, 1.0000]
  ===============================================================================
  >>> DOMAIN INTEGRALS (PER TIME STEP)
  ===============================================================================
  -------------------------------------------------------------------------------------------------------------
    STEP |     TIME [s] |    DT [s] |    TOT_ICE |    TOT_AIR |      TEMP |  TOT_RHOV | I-A INTERF | TOTAL_MASS
  -------------------------------------------------------------------------------------------------------------
    18 |  5.30185e-02 | 1.778e-02 |  1.379e-08 |  1.621e-08 | -6.000e-07 | 1.376e-11 |  1.122e-10 |  1.267e-05
       |              |           |    +0.000% |    -0.000% |           |   -0.000% |            |    +0.000%
    SNES DOF norms (2-norm) and ratios
    --------------------------------------------------------------------------------------------------------------------------------------
    it |       fnorm |          n0 |        r0 |        s0 |          n1 |        r1 |        s1 |          n2 |        r2 |        s2
    --------------------------------------------------------------------------------------------------------------------------------------
     0 |  1.0092e-06 |   3.876e-16 | 1.000e+00 | 8.545e-08 |   1.009e-06 | 1.000e+00 | 3.018e-08 |   3.566e-16 | 1.000e+00 | 5.379e-06
     1 |  2.9757e-13 |   3.524e-25 | 9.091e-10 | 1.139e-07 |   2.976e-13 | 2.949e-07 | 3.746e-08 |   4.311e-25 | 1.209e-09 | 2.303e-06
  SNES converged via DOF-wise criteria:
    DOF 0: REL (rtol) ABS (atol) STOL (stol)
    DOF 1: REL (rtol) ABS (atol) STOL (stol)
    DOF 2: REL (rtol) ABS (atol)
Increase time step: 1.778e-02 -> 2.371e-02 
  BOUNDS: phi_ice [0.0000, 1.0000]  phi_air [0.0000, 1.0000]
  ===============================================================================
  >>> DOMAIN INTEGRALS (PER TIME STEP)
  ===============================================================================
  -------------------------------------------------------------------------------------------------------------
    STEP |     TIME [s] |    DT [s] |    TOT_ICE |    TOT_AIR |      TEMP |  TOT_RHOV | I-A INTERF | TOTAL_MASS
  -------------------------------------------------------------------------------------------------------------
    19 |  7.08013e-02 | 2.371e-02 |  1.379e-08 |  1.621e-08 | -6.000e-07 | 1.376e-11 |  1.122e-10 |  1.267e-05
       |              |           |    +0.000% |    -0.000% |           |   -0.000% |            |    +0.000%
    SNES DOF norms (2-norm) and ratios
    --------------------------------------------------------------------------------------------------------------------------------------
    it |       fnorm |          n0 |        r0 |        s0 |          n1 |        r1 |        s1 |          n2 |        r2 |        s2
    --------------------------------------------------------------------------------------------------------------------------------------
     0 |  1.0096e-06 |   3.878e-16 | 1.000e+00 | 1.139e-07 |   1.010e-06 | 1.000e+00 | 3.746e-08 |   3.566e-16 | 1.000e+00 | 2.303e-06
     1 |  3.0182e-13 |   2.835e-25 | 7.309e-10 | 1.519e-07 |   3.018e-13 | 2.990e-07 | 4.631e-08 |   4.770e-25 | 1.338e-09 | 8.165e-07
  SNES converged via DOF-wise criteria:
    DOF 0: REL (rtol) ABS (atol) STOL (stol)
    DOF 1: REL (rtol) ABS (atol) STOL (stol)
    DOF 2: REL (rtol) ABS (atol) STOL (stol)
Increase time step: 2.371e-02 -> 3.162e-02 
  BOUNDS: phi_ice [0.0000, 1.0000]  phi_air [0.0000, 1.0000]
  ===============================================================================
  >>> DOMAIN INTEGRALS (PER TIME STEP)
  ===============================================================================
  -------------------------------------------------------------------------------------------------------------
    STEP |     TIME [s] |    DT [s] |    TOT_ICE |    TOT_AIR |      TEMP |  TOT_RHOV | I-A INTERF | TOTAL_MASS
  -------------------------------------------------------------------------------------------------------------
    20 |  9.45150e-02 | 3.162e-02 |  1.379e-08 |  1.621e-08 | -6.000e-07 | 1.376e-11 |  1.122e-10 |  1.267e-05
       |              |           |    +0.000% |    -0.000% |           |   -0.000% |            |    +0.000%
    SNES DOF norms (2-norm) and ratios
    --------------------------------------------------------------------------------------------------------------------------------------
    it |       fnorm |          n0 |        r0 |        s0 |          n1 |        r1 |        s1 |          n2 |        r2 |        s2
    --------------------------------------------------------------------------------------------------------------------------------------
     0 |  1.0101e-06 |   3.880e-16 | 1.000e+00 | 1.519e-07 |   1.010e-06 | 1.000e+00 | 4.631e-08 |   3.567e-16 | 1.000e+00 | 8.165e-07
     1 |  2.9462e-13 |   2.323e-25 | 5.986e-10 | 2.026e-07 |   2.946e-13 | 2.917e-07 | 5.683e-08 |   2.967e-25 | 8.317e-10 | 6.523e-07
  SNES converged via DOF-wise criteria:
    DOF 0: REL (rtol) ABS (atol) STOL (stol)
    DOF 1: REL (rtol) ABS (atol) STOL (stol)
    DOF 2: REL (rtol) ABS (atol) STOL (stol)
Increase time step: 3.162e-02 -> 4.217e-02 
  BOUNDS: phi_ice [0.0000, 1.0000]  phi_air [0.0000, 1.0000]
  ===============================================================================
  >>> DOMAIN INTEGRALS (PER TIME STEP)
  ===============================================================================
  -------------------------------------------------------------------------------------------------------------
    STEP |     TIME [s] |    DT [s] |    TOT_ICE |    TOT_AIR |      TEMP |  TOT_RHOV | I-A INTERF | TOTAL_MASS
  -------------------------------------------------------------------------------------------------------------
    21 |  1.26138e-01 | 4.217e-02 |  1.379e-08 |  1.621e-08 | -6.000e-07 | 1.376e-11 |  1.122e-10 |  1.267e-05
       |              |           |    +0.000% |    -0.000% |           |   -0.000% |            |    +0.000%
    SNES DOF norms (2-norm) and ratios
    --------------------------------------------------------------------------------------------------------------------------------------
    it |       fnorm |          n0 |        r0 |        s0 |          n1 |        r1 |        s1 |          n2 |        r2 |        s2
    --------------------------------------------------------------------------------------------------------------------------------------
     0 |  1.0106e-06 |   3.883e-16 | 1.000e+00 | 2.026e-07 |   1.011e-06 | 1.000e+00 | 5.683e-08 |   3.568e-16 | 1.000e+00 | 6.523e-07
     1 |  2.9135e-13 |   2.469e-25 | 6.359e-10 | 2.701e-07 |   2.913e-13 | 2.883e-07 | 6.877e-08 |   6.425e-25 | 1.801e-09 | 7.538e-07
  SNES converged via DOF-wise criteria:
    DOF 0: REL (rtol) ABS (atol) STOL (stol)
    DOF 1: REL (rtol) ABS (atol) STOL (stol)
    DOF 2: REL (rtol) ABS (atol) STOL (stol)
Increase time step: 4.217e-02 -> 5.623e-02 
  BOUNDS: phi_ice [0.0000, 1.0000]  phi_air [0.0000, 1.0000]
  ===============================================================================
  >>> DOMAIN INTEGRALS (PER TIME STEP)
  ===============================================================================
  -------------------------------------------------------------------------------------------------------------
    STEP |     TIME [s] |    DT [s] |    TOT_ICE |    TOT_AIR |      TEMP |  TOT_RHOV | I-A INTERF | TOTAL_MASS
  -------------------------------------------------------------------------------------------------------------
    22 |  1.68307e-01 | 5.623e-02 |  1.379e-08 |  1.621e-08 | -6.000e-07 | 1.376e-11 |  1.122e-10 |  1.267e-05
       |              |           |    +0.000% |    -0.000% |           |   -0.000% |            |    +0.000%
    SNES DOF norms (2-norm) and ratios
    --------------------------------------------------------------------------------------------------------------------------------------
    it |       fnorm |          n0 |        r0 |        s0 |          n1 |        r1 |        s1 |          n2 |        r2 |        s2
    --------------------------------------------------------------------------------------------------------------------------------------
     0 |  1.0112e-06 |   3.886e-16 | 1.000e+00 | 2.701e-07 |   1.011e-06 | 1.000e+00 | 6.877e-08 |   3.570e-16 | 1.000e+00 | 7.538e-07
     1 |  2.9047e-13 |   3.204e-25 | 8.245e-10 | 3.602e-07 |   2.905e-13 | 2.872e-07 | 8.128e-08 |   3.100e-25 | 8.683e-10 | 8.768e-07
  SNES converged via DOF-wise criteria:
    DOF 0: REL (rtol) ABS (atol) STOL (stol)
    DOF 1: REL (rtol) ABS (atol) STOL (stol)
    DOF 2: REL (rtol) ABS (atol) STOL (stol)
Increase time step: 5.623e-02 -> 7.499e-02 
  BOUNDS: phi_ice [0.0000, 1.0000]  phi_air [0.0000, 1.0000]
  ===============================================================================
  >>> DOMAIN INTEGRALS (PER TIME STEP)
  ===============================================================================
  -------------------------------------------------------------------------------------------------------------
    STEP |     TIME [s] |    DT [s] |    TOT_ICE |    TOT_AIR |      TEMP |  TOT_RHOV | I-A INTERF | TOTAL_MASS
  -------------------------------------------------------------------------------------------------------------
    23 |  2.24542e-01 | 7.499e-02 |  1.379e-08 |  1.621e-08 | -6.000e-07 | 1.376e-11 |  1.122e-10 |  1.267e-05
       |              |           |    +0.000% |    -0.000% |           |   -0.001% |            |    +0.000%
    SNES DOF norms (2-norm) and ratios
    --------------------------------------------------------------------------------------------------------------------------------------
    it |       fnorm |          n0 |        r0 |        s0 |          n1 |        r1 |        s1 |          n2 |        r2 |        s2
    --------------------------------------------------------------------------------------------------------------------------------------
     0 |  1.0120e-06 |   3.889e-16 | 1.000e+00 | 3.602e-07 |   1.012e-06 | 1.000e+00 | 8.128e-08 |   3.573e-16 | 1.000e+00 | 8.768e-07
     1 |  3.0596e-13 |   4.583e-25 | 1.178e-09 | 4.802e-07 |   3.060e-13 | 3.023e-07 | 9.263e-08 |   3.784e-25 | 1.059e-09 | 9.947e-07
  SNES converged via DOF-wise criteria:
    DOF 0: REL (rtol) ABS (atol) STOL (stol)
    DOF 1: REL (rtol) ABS (atol) STOL (stol)
    DOF 2: REL (rtol) ABS (atol) STOL (stol)
Increase time step: 7.499e-02 -> 1.000e-01 
  BOUNDS: phi_ice [0.0000, 1.0000]  phi_air [0.0000, 1.0000]
  ===============================================================================
  >>> DOMAIN INTEGRALS (PER TIME STEP)
  ===============================================================================
  -------------------------------------------------------------------------------------------------------------
    STEP |     TIME [s] |    DT [s] |    TOT_ICE |    TOT_AIR |      TEMP |  TOT_RHOV | I-A INTERF | TOTAL_MASS
  -------------------------------------------------------------------------------------------------------------
    24 |  2.99531e-01 | 1.000e-01 |  1.379e-08 |  1.621e-08 | -6.000e-07 | 1.376e-11 |  1.122e-10 |  1.267e-05
       |              |           |    +0.000% |    -0.000% |           |   -0.001% |            |    +0.000%
    SNES DOF norms (2-norm) and ratios
    --------------------------------------------------------------------------------------------------------------------------------------
    it |       fnorm |          n0 |        r0 |        s0 |          n1 |        r1 |        s1 |          n2 |        r2 |        s2
    --------------------------------------------------------------------------------------------------------------------------------------
     0 |  1.0129e-06 |   3.893e-16 | 1.000e+00 | 4.802e-07 |   1.013e-06 | 1.000e+00 | 9.263e-08 |   3.576e-16 | 1.000e+00 | 9.947e-07
     1 |  3.0142e-13 |   6.544e-25 | 1.681e-09 | 6.403e-07 |   3.014e-13 | 2.976e-07 | 1.003e-07 |   4.704e-25 | 1.315e-09 | 1.078e-06
  SNES converged via DOF-wise criteria:
    DOF 0: REL (rtol) ABS (atol) STOL (stol)
    DOF 1: REL (rtol) ABS (atol) STOL (stol)
    DOF 2: REL (rtol) ABS (atol)
Increase time step: 1.000e-01 -> 1.334e-01 
  BOUNDS: phi_ice [0.0000, 1.0000]  phi_air [0.0000, 1.0000]
  ===============================================================================
  >>> DOMAIN INTEGRALS (PER TIME STEP)
  ===============================================================================
  -------------------------------------------------------------------------------------------------------------
    STEP |     TIME [s] |    DT [s] |    TOT_ICE |    TOT_AIR |      TEMP |  TOT_RHOV | I-A INTERF | TOTAL_MASS
  -------------------------------------------------------------------------------------------------------------
    25 |  3.99531e-01 | 1.334e-01 |  1.379e-08 |  1.621e-08 | -6.000e-07 | 1.376e-11 |  1.122e-10 |  1.267e-05
       |              |           |    +0.000% |    -0.000% |           |   -0.001% |            |    +0.000%
    SNES DOF norms (2-norm) and ratios
    --------------------------------------------------------------------------------------------------------------------------------------
    it |       fnorm |          n0 |        r0 |        s0 |          n1 |        r1 |        s1 |          n2 |        r2 |        s2
    --------------------------------------------------------------------------------------------------------------------------------------
     0 |  1.0139e-06 |   3.897e-16 | 1.000e+00 | 6.403e-07 |   1.014e-06 | 1.000e+00 | 1.003e-07 |   3.580e-16 | 1.000e+00 | 1.078e-06
     1 |  2.9609e-13 |   8.802e-25 | 2.259e-09 | 8.536e-07 |   2.961e-13 | 2.920e-07 | 1.015e-07 |   2.292e-24 | 6.402e-09 | 1.090e-06
  SNES converged via DOF-wise criteria:
    DOF 0: REL (rtol) ABS (atol) STOL (stol)
    DOF 1: REL (rtol) ABS (atol) STOL (stol)
    DOF 2: REL (rtol) ABS (atol)
Increase time step: 1.334e-01 -> 1.778e-01 
  BOUNDS: phi_ice [0.0000, 1.0000]  phi_air [0.0000, 1.0000]
  ===============================================================================
  >>> DOMAIN INTEGRALS (PER TIME STEP)
  ===============================================================================
  -------------------------------------------------------------------------------------------------------------
    STEP |     TIME [s] |    DT [s] |    TOT_ICE |    TOT_AIR |      TEMP |  TOT_RHOV | I-A INTERF | TOTAL_MASS
  -------------------------------------------------------------------------------------------------------------
    26 |  5.32883e-01 | 1.778e-01 |  1.379e-08 |  1.621e-08 | -6.000e-07 | 1.376e-11 |  1.122e-10 |  1.267e-05
       |              |           |    +0.000% |    -0.000% |           |   -0.001% |            |    +0.000%
    SNES DOF norms (2-norm) and ratios
    --------------------------------------------------------------------------------------------------------------------------------------
    it |       fnorm |          n0 |        r0 |        s0 |          n1 |        r1 |        s1 |          n2 |        r2 |        s2
    --------------------------------------------------------------------------------------------------------------------------------------
     0 |  1.0151e-06 |   3.902e-16 | 1.000e+00 | 8.536e-07 |   1.015e-06 | 1.000e+00 | 1.015e-07 |   3.584e-16 | 1.000e+00 | 1.090e-06
     1 |  3.0285e-13 |   1.083e-24 | 2.775e-09 | 1.138e-06 |   3.029e-13 | 2.984e-07 | 9.363e-08 |   1.930e-24 | 5.386e-09 | 1.006e-06
  SNES converged via DOF-wise criteria:
    DOF 0: REL (rtol) ABS (atol)
    DOF 1: REL (rtol) ABS (atol) STOL (stol)
    DOF 2: REL (rtol) ABS (atol)
Increase time step: 1.778e-01 -> 2.371e-01 
  BOUNDS: phi_ice [0.0000, 1.0000]  phi_air [0.0000, 1.0000]
  ===============================================================================
  >>> DOMAIN INTEGRALS (PER TIME STEP)
  ===============================================================================
  -------------------------------------------------------------------------------------------------------------
    STEP |     TIME [s] |    DT [s] |    TOT_ICE |    TOT_AIR |      TEMP |  TOT_RHOV | I-A INTERF | TOTAL_MASS
  -------------------------------------------------------------------------------------------------------------
    27 |  7.10711e-01 | 2.371e-01 |  1.379e-08 |  1.621e-08 | -6.000e-07 | 1.376e-11 |  1.122e-10 |  1.267e-05
       |              |           |    +0.000% |    -0.000% |           |   -0.001% |            |    +0.000%
    SNES DOF norms (2-norm) and ratios
    --------------------------------------------------------------------------------------------------------------------------------------
    it |       fnorm |          n0 |        r0 |        s0 |          n1 |        r1 |        s1 |          n2 |        r2 |        s2
    --------------------------------------------------------------------------------------------------------------------------------------
     0 |  1.0161e-06 |   3.906e-16 | 1.000e+00 | 1.138e-06 |   1.016e-06 | 1.000e+00 | 9.363e-08 |   3.587e-16 | 1.000e+00 | 1.006e-06
     1 |  2.9679e-13 |   1.177e-24 | 3.014e-09 | 1.517e-06 |   2.968e-13 | 2.921e-07 | 7.645e-08 |   8.312e-25 | 2.317e-09 | 8.207e-07
  SNES converged via DOF-wise criteria:
    DOF 0: REL (rtol) ABS (atol)
    DOF 1: REL (rtol) ABS (atol) STOL (stol)
    DOF 2: REL (rtol) ABS (atol) STOL (stol)
Increase time step: 2.371e-01 -> 3.162e-01 
  BOUNDS: phi_ice [0.0000, 1.0000]  phi_air [0.0000, 1.0000]
  ===============================================================================
  >>> DOMAIN INTEGRALS (PER TIME STEP)
  ===============================================================================
  -------------------------------------------------------------------------------------------------------------
    STEP |     TIME [s] |    DT [s] |    TOT_ICE |    TOT_AIR |      TEMP |  TOT_RHOV | I-A INTERF | TOTAL_MASS
  -------------------------------------------------------------------------------------------------------------
    28 |  9.47848e-01 | 3.162e-01 |  1.379e-08 |  1.621e-08 | -6.000e-07 | 1.376e-11 |  1.122e-10 |  1.267e-05
       |              |           |    +0.000% |    -0.000% |           |   -0.001% |            |    +0.000%
    SNES DOF norms (2-norm) and ratios
    --------------------------------------------------------------------------------------------------------------------------------------
    it |       fnorm |          n0 |        r0 |        s0 |          n1 |        r1 |        s1 |          n2 |        r2 |        s2
    --------------------------------------------------------------------------------------------------------------------------------------
     0 |  1.0170e-06 |   3.910e-16 | 1.000e+00 | 1.517e-06 |   1.017e-06 | 1.000e+00 | 7.645e-08 |   3.590e-16 | 1.000e+00 | 8.207e-07
     1 |  2.9686e-13 |   1.080e-24 | 2.763e-09 | 2.022e-06 |   2.969e-13 | 2.919e-07 | 5.284e-08 |   1.014e-23 | 2.824e-08 | 5.667e-07
  SNES converged via DOF-wise criteria:
    DOF 0: REL (rtol) ABS (atol)
    DOF 1: REL (rtol) ABS (atol) STOL (stol)
    DOF 2: REL (rtol) ABS (atol) STOL (stol)
Increase time step: 3.162e-01 -> 4.217e-01 
  BOUNDS: phi_ice [0.0000, 1.0000]  phi_air [0.0000, 1.0000]
  ===============================================================================
  >>> DOMAIN INTEGRALS (PER TIME STEP)
  ===============================================================================
  -------------------------------------------------------------------------------------------------------------
    STEP |     TIME [s] |    DT [s] |    TOT_ICE |    TOT_AIR |      TEMP |  TOT_RHOV | I-A INTERF | TOTAL_MASS
  -------------------------------------------------------------------------------------------------------------
    29 |  1.26408e+00 | 4.217e-01 |  1.379e-08 |  1.621e-08 | -6.000e-07 | 1.376e-11 |  1.122e-10 |  1.267e-05
       |              |           |    +0.000% |    -0.000% |           |   -0.001% |            |    +0.000%
    SNES DOF norms (2-norm) and ratios
    --------------------------------------------------------------------------------------------------------------------------------------
    it |       fnorm |          n0 |        r0 |        s0 |          n1 |        r1 |        s1 |          n2 |        r2 |        s2
    --------------------------------------------------------------------------------------------------------------------------------------
     0 |  1.0175e-06 |   3.912e-16 | 1.000e+00 | 2.022e-06 |   1.018e-06 | 1.000e+00 | 5.284e-08 |   3.592e-16 | 1.000e+00 | 5.667e-07
     1 |  3.0114e-13 |   7.854e-25 | 2.008e-09 | 2.696e-06 |   3.011e-13 | 2.960e-07 | 2.893e-08 |   1.940e-23 | 5.401e-08 | 3.093e-07
  SNES converged via DOF-wise criteria:
    DOF 0: REL (rtol) ABS (atol)
    DOF 1: REL (rtol) ABS (atol) STOL (stol)
    DOF 2: REL (rtol) ABS (atol) STOL (stol)
Increase time step: 4.217e-01 -> 5.623e-01 
  BOUNDS: phi_ice [0.0000, 1.0000]  phi_air [0.0000, 1.0000]
  ===============================================================================
  >>> DOMAIN INTEGRALS (PER TIME STEP)
  ===============================================================================
  -------------------------------------------------------------------------------------------------------------
    STEP |     TIME [s] |    DT [s] |    TOT_ICE |    TOT_AIR |      TEMP |  TOT_RHOV | I-A INTERF | TOTAL_MASS
  -------------------------------------------------------------------------------------------------------------
    30 |  1.68577e+00 | 5.623e-01 |  1.379e-08 |  1.621e-08 | -6.000e-07 | 1.376e-11 |  1.122e-10 |  1.267e-05
       |              |           |    +0.000% |    -0.000% |           |   -0.001% |            |    +0.000%
    SNES DOF norms (2-norm) and ratios
    --------------------------------------------------------------------------------------------------------------------------------------
    it |       fnorm |          n0 |        r0 |        s0 |          n1 |        r1 |        s1 |          n2 |        r2 |        s2
    --------------------------------------------------------------------------------------------------------------------------------------
     0 |  1.0177e-06 |   3.913e-16 | 1.000e+00 | 2.696e-06 |   1.018e-06 | 1.000e+00 | 2.893e-08 |   3.593e-16 | 1.000e+00 | 3.093e-07
     1 |  2.9566e-13 |   4.609e-25 | 1.178e-09 | 3.593e-06 |   2.957e-13 | 2.905e-07 | 1.116e-08 |   5.145e-24 | 1.432e-08 | 1.180e-07
  SNES converged via DOF-wise criteria:
    DOF 0: REL (rtol) ABS (atol)
    DOF 1: REL (rtol) ABS (atol) STOL (stol)
    DOF 2: REL (rtol) ABS (atol) STOL (stol)
Increase time step: 5.623e-01 -> 7.499e-01 
  BOUNDS: phi_ice [0.0000, 1.0000]  phi_air [0.0000, 1.0000]
  ===============================================================================
  >>> DOMAIN INTEGRALS (PER TIME STEP)
  ===============================================================================
  -------------------------------------------------------------------------------------------------------------
    STEP |     TIME [s] |    DT [s] |    TOT_ICE |    TOT_AIR |      TEMP |  TOT_RHOV | I-A INTERF | TOTAL_MASS
  -------------------------------------------------------------------------------------------------------------
    31 |  2.24811e+00 | 7.499e-01 |  1.379e-08 |  1.621e-08 | -6.000e-07 | 1.376e-11 |  1.122e-10 |  1.267e-05
       |              |           |    +0.000% |    -0.000% |           |   -0.001% |            |    +0.000%
    SNES DOF norms (2-norm) and ratios
    --------------------------------------------------------------------------------------------------------------------------------------
    it |       fnorm |          n0 |        r0 |        s0 |          n1 |        r1 |        s1 |          n2 |        r2 |        s2
    --------------------------------------------------------------------------------------------------------------------------------------
     0 |  1.0175e-06 |   3.912e-16 | 1.000e+00 | 3.593e-06 |   1.017e-06 | 1.000e+00 | 1.116e-08 |   3.592e-16 | 1.000e+00 | 1.180e-07
     1 |  2.9732e-13 |   5.215e-25 | 1.333e-09 | 4.788e-06 |   2.973e-13 | 2.922e-07 | 2.277e-09 |   1.397e-23 | 3.890e-08 | 2.371e-08
  SNES converged via DOF-wise criteria:
    DOF 0: REL (rtol) ABS (atol)
    DOF 1: REL (rtol) ABS (atol) STOL (stol)
    DOF 2: REL (rtol) ABS (atol) STOL (stol)
Increase time step: 7.499e-01 -> 1.000e+00 
  BOUNDS: phi_ice [0.0000, 1.0000]  phi_air [0.0000, 1.0000]
  ===============================================================================
  >>> DOMAIN INTEGRALS (PER TIME STEP)
  ===============================================================================
  -------------------------------------------------------------------------------------------------------------
    STEP |     TIME [s] |    DT [s] |    TOT_ICE |    TOT_AIR |      TEMP |  TOT_RHOV | I-A INTERF | TOTAL_MASS
  -------------------------------------------------------------------------------------------------------------
    32 |  2.99801e+00 | 1.000e+00 |  1.379e-08 |  1.621e-08 | -6.000e-07 | 1.376e-11 |  1.122e-10 |  1.267e-05
       |              |           |    +0.000% |    -0.000% |           |   -0.001% |            |    +0.000%
    SNES DOF norms (2-norm) and ratios
    --------------------------------------------------------------------------------------------------------------------------------------
    it |       fnorm |          n0 |        r0 |        s0 |          n1 |        r1 |        s1 |          n2 |        r2 |        s2
    --------------------------------------------------------------------------------------------------------------------------------------
     0 |  1.0171e-06 |   3.911e-16 | 1.000e+00 | 4.788e-06 |   1.017e-06 | 1.000e+00 | 2.277e-09 |   3.591e-16 | 1.000e+00 | 2.371e-08
     1 |  2.9684e-13 |   9.429e-25 | 2.411e-09 | 6.379e-06 |   2.968e-13 | 2.919e-07 | 5.498e-11 |   8.568e-24 | 2.386e-08 | 1.377e-08
  SNES converged via DOF-wise criteria:
    DOF 0: REL (rtol) ABS (atol)
    DOF 1: REL (rtol) ABS (atol) STOL (stol)
    DOF 2: REL (rtol) ABS (atol) STOL (stol)
Increase time step: 1.000e+00 -> 1.334e+00 
  BOUNDS: phi_ice [0.0000, 1.0000]  phi_air [0.0000, 1.0000]
  ===============================================================================
  >>> DOMAIN INTEGRALS (PER TIME STEP)
  ===============================================================================
  -------------------------------------------------------------------------------------------------------------
    STEP |     TIME [s] |    DT [s] |    TOT_ICE |    TOT_AIR |      TEMP |  TOT_RHOV | I-A INTERF | TOTAL_MASS
  -------------------------------------------------------------------------------------------------------------
    33 |  3.99801e+00 | 1.334e+00 |  1.379e-08 |  1.621e-08 | -6.000e-07 | 1.376e-11 |  1.122e-10 |  1.267e-05
       |              |           |    +0.000% |    -0.000% |           |   -0.001% |            |    +0.000%
    SNES DOF norms (2-norm) and ratios
    --------------------------------------------------------------------------------------------------------------------------------------
    it |       fnorm |          n0 |        r0 |        s0 |          n1 |        r1 |        s1 |          n2 |        r2 |        s2
    --------------------------------------------------------------------------------------------------------------------------------------
     0 |  1.0164e-06 |   3.908e-16 | 1.000e+00 | 6.379e-06 |   1.016e-06 | 1.000e+00 | 5.498e-11 |   3.588e-16 | 1.000e+00 | 1.377e-08
     1 |  3.0400e-13 |   1.673e-24 | 4.281e-09 | 8.497e-06 |   3.040e-13 | 2.991e-07 | 5.707e-11 |   1.499e-23 | 4.178e-08 | 1.830e-08
  SNES converged via DOF-wise criteria:
    DOF 0: REL (rtol) ABS (atol)
    DOF 1: REL (rtol) ABS (atol) STOL (stol)
    DOF 2: REL (rtol) ABS (atol) STOL (stol)
Increase time step: 1.334e+00 -> 1.778e+00 
  BOUNDS: phi_ice [0.0000, 1.0000]  phi_air [0.0000, 1.0000]
  ===============================================================================
  >>> DOMAIN INTEGRALS (PER TIME STEP)
  ===============================================================================
  -------------------------------------------------------------------------------------------------------------
    STEP |     TIME [s] |    DT [s] |    TOT_ICE |    TOT_AIR |      TEMP |  TOT_RHOV | I-A INTERF | TOTAL_MASS
  -------------------------------------------------------------------------------------------------------------
    34 |  5.33153e+00 | 1.778e+00 |  1.379e-08 |  1.621e-08 | -6.000e-07 | 1.376e-11 |  1.122e-10 |  1.267e-05
       |              |           |    +0.000% |    -0.000% |           |   -0.001% |            |    +0.000%
    SNES DOF norms (2-norm) and ratios
    --------------------------------------------------------------------------------------------------------------------------------------
    it |       fnorm |          n0 |        r0 |        s0 |          n1 |        r1 |        s1 |          n2 |        r2 |        s2
    --------------------------------------------------------------------------------------------------------------------------------------
     0 |  1.0156e-06 |   3.905e-16 | 1.000e+00 | 8.497e-06 |   1.016e-06 | 1.000e+00 | 5.707e-11 |   3.585e-16 | 1.000e+00 | 1.830e-08
     1 |  3.1486e-13 |   2.965e-24 | 7.592e-09 | 1.131e-05 |   3.149e-13 | 3.100e-07 | 5.828e-13 |   2.840e-23 | 7.921e-08 | 2.408e-08
  SNES converged via DOF-wise criteria:
    DOF 0: REL (rtol) ABS (atol)
    DOF 1: REL (rtol) ABS (atol) STOL (stol)
    DOF 2: REL (rtol) ABS (atol) STOL (stol)
Increase time step: 1.778e+00 -> 2.371e+00 
  BOUNDS: phi_ice [0.0000, 1.0000]  phi_air [0.0000, 1.0000]
  ===============================================================================
  >>> DOMAIN INTEGRALS (PER TIME STEP)
  ===============================================================================
  -------------------------------------------------------------------------------------------------------------
    STEP |     TIME [s] |    DT [s] |    TOT_ICE |    TOT_AIR |      TEMP |  TOT_RHOV | I-A INTERF | TOTAL_MASS
  -------------------------------------------------------------------------------------------------------------
    35 |  7.10981e+00 | 2.371e+00 |  1.379e-08 |  1.621e-08 | -6.000e-07 | 1.376e-11 |  1.122e-10 |  1.267e-05
       |              |           |    +0.000% |    -0.000% |           |   -0.001% |            |    +0.000%
    SNES DOF norms (2-norm) and ratios
    --------------------------------------------------------------------------------------------------------------------------------------
    it |       fnorm |          n0 |        r0 |        s0 |          n1 |        r1 |        s1 |          n2 |        r2 |        s2
    --------------------------------------------------------------------------------------------------------------------------------------
     0 |  1.0145e-06 |   3.901e-16 | 1.000e+00 | 1.131e-05 |   1.014e-06 | 1.000e+00 | 5.828e-13 |   3.581e-16 | 1.000e+00 | 2.408e-08
     1 |  3.2592e-13 |   5.255e-24 | 1.347e-08 | 1.505e-05 |   3.259e-13 | 3.213e-07 | 2.469e-11 |   4.479e-23 | 1.251e-07 | 3.214e-08
  SNES converged via DOF-wise criteria:
    DOF 0: REL (rtol) ABS (atol)
    DOF 1: REL (rtol) ABS (atol) STOL (stol)
    DOF 2: REL (rtol) ABS (atol) STOL (stol)
Increase time step: 2.371e+00 -> 3.162e+00 
  BOUNDS: phi_ice [0.0000, 1.0000]  phi_air [0.0000, 1.0000]
  ===============================================================================
  >>> DOMAIN INTEGRALS (PER TIME STEP)
  ===============================================================================
  -------------------------------------------------------------------------------------------------------------
    STEP |     TIME [s] |    DT [s] |    TOT_ICE |    TOT_AIR |      TEMP |  TOT_RHOV | I-A INTERF | TOTAL_MASS
  -------------------------------------------------------------------------------------------------------------
    36 |  9.48118e+00 | 3.162e+00 |  1.379e-08 |  1.621e-08 | -6.000e-07 | 1.376e-11 |  1.122e-10 |  1.267e-05
       |              |           |    +0.000% |    -0.000% |           |   -0.001% |            |    +0.000%
    SNES DOF norms (2-norm) and ratios
    --------------------------------------------------------------------------------------------------------------------------------------
    it |       fnorm |          n0 |        r0 |        s0 |          n1 |        r1 |        s1 |          n2 |        r2 |        s2
    --------------------------------------------------------------------------------------------------------------------------------------
     0 |  1.0130e-06 |   3.895e-16 | 1.000e+00 | 1.505e-05 |   1.013e-06 | 1.000e+00 | 2.469e-11 |   3.576e-16 | 1.000e+00 | 3.214e-08
     1 |  3.7914e-13 |   9.299e-24 | 2.388e-08 | 2.002e-05 |   3.791e-13 | 3.743e-07 | 8.403e-13 |   7.990e-23 | 2.234e-07 | 4.275e-08
  SNES converged via DOF-wise criteria:
    DOF 0: REL (rtol) ABS (atol)
    DOF 1: REL (rtol) ABS (atol) STOL (stol)
    DOF 2: REL (rtol) ABS (atol) STOL (stol)
Increase time step: 3.162e+00 -> 4.217e+00 
  BOUNDS: phi_ice [0.0000, 1.0000]  phi_air [0.0000, 1.0000]
  ===============================================================================
  >>> DOMAIN INTEGRALS (PER TIME STEP)
  ===============================================================================
  -------------------------------------------------------------------------------------------------------------
    STEP |     TIME [s] |    DT [s] |    TOT_ICE |    TOT_AIR |      TEMP |  TOT_RHOV | I-A INTERF | TOTAL_MASS
  -------------------------------------------------------------------------------------------------------------
    37 |  1.26435e+01 | 4.217e+00 |  1.379e-08 |  1.621e-08 | -6.000e-07 | 1.376e-11 |  1.122e-10 |  1.267e-05
       |              |           |    +0.000% |    -0.000% |           |   -0.001% |            |    +0.000%
    SNES DOF norms (2-norm) and ratios
    --------------------------------------------------------------------------------------------------------------------------------------
    it |       fnorm |          n0 |        r0 |        s0 |          n1 |        r1 |        s1 |          n2 |        r2 |        s2
    --------------------------------------------------------------------------------------------------------------------------------------
     0 |  1.0110e-06 |   3.887e-16 | 1.000e+00 | 2.002e-05 |   1.011e-06 | 1.000e+00 | 8.403e-13 |   3.569e-16 | 1.000e+00 | 4.275e-08
     1 |  4.7573e-13 |   1.643e-23 | 4.227e-08 | 2.659e-05 |   4.757e-13 | 4.706e-07 | 1.115e-12 |   1.394e-22 | 3.905e-07 | 5.681e-08
  SNES converged via DOF-wise criteria:
    DOF 0: REL (rtol) ABS (atol)
    DOF 1: REL (rtol) ABS (atol) STOL (stol)
    DOF 2: REL (rtol) ABS (atol) STOL (stol)
Increase time step: 4.217e+00 -> 5.623e+00 
  BOUNDS: phi_ice [0.0000, 1.0000]  phi_air [0.0000, 1.0000]
  ===============================================================================
  >>> DOMAIN INTEGRALS (PER TIME STEP)
  ===============================================================================
  -------------------------------------------------------------------------------------------------------------
    STEP |     TIME [s] |    DT [s] |    TOT_ICE |    TOT_AIR |      TEMP |  TOT_RHOV | I-A INTERF | TOTAL_MASS
  -------------------------------------------------------------------------------------------------------------
    38 |  1.68604e+01 | 5.623e+00 |  1.379e-08 |  1.621e-08 | -6.000e-07 | 1.376e-11 |  1.122e-10 |  1.267e-05
       |              |           |    +0.000% |    -0.000% |           |   -0.001% |            |    +0.000%
    SNES DOF norms (2-norm) and ratios
    --------------------------------------------------------------------------------------------------------------------------------------
    it |       fnorm |          n0 |        r0 |        s0 |          n1 |        r1 |        s1 |          n2 |        r2 |        s2
    --------------------------------------------------------------------------------------------------------------------------------------
     0 |  1.0084e-06 |   3.877e-16 | 1.000e+00 | 2.659e-05 |   1.008e-06 | 1.000e+00 | 1.115e-12 |   3.560e-16 | 1.000e+00 | 5.681e-08
     1 |  6.9517e-13 |   2.897e-23 | 7.472e-08 | 3.528e-05 |   6.952e-13 | 6.894e-07 | 1.484e-12 |   2.448e-22 | 6.876e-07 | 7.539e-08
  SNES converged via DOF-wise criteria:
    DOF 0: REL (rtol) ABS (atol)
    DOF 1: REL (rtol) ABS (atol) STOL (stol)
    DOF 2: REL (rtol) ABS (atol) STOL (stol)
Increase time step: 5.623e+00 -> 7.499e+00 
  BOUNDS: phi_ice [0.0000, 1.0000]  phi_air [0.0000, 1.0000]
  ===============================================================================
  >>> DOMAIN INTEGRALS (PER TIME STEP)
  ===============================================================================
  -------------------------------------------------------------------------------------------------------------
    STEP |     TIME [s] |    DT [s] |    TOT_ICE |    TOT_AIR |      TEMP |  TOT_RHOV | I-A INTERF | TOTAL_MASS
  -------------------------------------------------------------------------------------------------------------
    39 |  2.24838e+01 | 7.499e+00 |  1.379e-08 |  1.621e-08 | -6.000e-07 | 1.376e-11 |  1.122e-10 |  1.267e-05
       |              |           |    +0.000% |    -0.000% |           |   -0.001% |            |    +0.000%
    SNES DOF norms (2-norm) and ratios
    --------------------------------------------------------------------------------------------------------------------------------------
    it |       fnorm |          n0 |        r0 |        s0 |          n1 |        r1 |        s1 |          n2 |        r2 |        s2
    --------------------------------------------------------------------------------------------------------------------------------------
     0 |  1.0049e-06 |   3.864e-16 | 1.000e+00 | 3.528e-05 |   1.005e-06 | 1.000e+00 | 1.484e-12 |   3.548e-16 | 1.000e+00 | 7.539e-08
     1 |  1.1411e-12 |   5.094e-23 | 1.318e-07 | 4.673e-05 |   1.141e-12 | 1.136e-06 | 1.947e-12 |   4.301e-22 | 1.212e-06 | 9.989e-08
  SNES converged via DOF-wise criteria:
    DOF 0: REL (rtol) ABS (atol)
    DOF 1: ABS (atol) STOL (stol)
    DOF 2: ABS (atol) STOL (stol)
Increase time step: 7.499e+00 -> 1.000e+01 
  BOUNDS: phi_ice [0.0000, 1.0000]  phi_air [0.0000, 1.0000]
  ===============================================================================
  >>> DOMAIN INTEGRALS (PER TIME STEP)
  ===============================================================================
  -------------------------------------------------------------------------------------------------------------
    STEP |     TIME [s] |    DT [s] |    TOT_ICE |    TOT_AIR |      TEMP |  TOT_RHOV | I-A INTERF | TOTAL_MASS
  -------------------------------------------------------------------------------------------------------------
    40 |  2.99828e+01 | 1.000e+01 |  1.379e-08 |  1.621e-08 | -6.000e-07 | 1.376e-11 |  1.122e-10 |  1.267e-05
       |              |           |    +0.000% |    -0.000% |           |   -0.001% |            |    +0.000%
    SNES DOF norms (2-norm) and ratios
    --------------------------------------------------------------------------------------------------------------------------------------
    it |       fnorm |          n0 |        r0 |        s0 |          n1 |        r1 |        s1 |          n2 |        r2 |        s2
    --------------------------------------------------------------------------------------------------------------------------------------
     0 |  1.0003e-06 |   3.846e-16 | 1.000e+00 | 4.673e-05 |   1.000e-06 | 1.000e+00 | 1.947e-12 |   3.531e-16 | 1.000e+00 | 9.989e-08
     1 |  1.9422e-12 |   8.922e-23 | 2.320e-07 | 6.175e-05 |   1.942e-12 | 1.942e-06 | 2.597e-12 |   7.544e-22 | 2.136e-06 | 1.321e-07
  SNES converged via DOF-wise criteria:
    DOF 0: REL (rtol) ABS (atol)
    DOF 1: ABS (atol) STOL (stol)
    DOF 2: ABS (atol) STOL (stol)
Increase time step: 1.000e+01 -> 1.334e+01 
  BOUNDS: phi_ice [0.0000, 1.0000]  phi_air [0.0000, 1.0000]
  ===============================================================================
  >>> DOMAIN INTEGRALS (PER TIME STEP)
  ===============================================================================
  -------------------------------------------------------------------------------------------------------------
    STEP |     TIME [s] |    DT [s] |    TOT_ICE |    TOT_AIR |      TEMP |  TOT_RHOV | I-A INTERF | TOTAL_MASS
  -------------------------------------------------------------------------------------------------------------
    41 |  3.99828e+01 | 1.334e+01 |  1.379e-08 |  1.621e-08 | -6.000e-07 | 1.376e-11 |  1.122e-10 |  1.267e-05
       |              |           |    +0.000% |    -0.000% |           |   -0.001% |            |    +0.000%
    SNES DOF norms (2-norm) and ratios
    --------------------------------------------------------------------------------------------------------------------------------------
    it |       fnorm |          n0 |        r0 |        s0 |          n1 |        r1 |        s1 |          n2 |        r2 |        s2
    --------------------------------------------------------------------------------------------------------------------------------------
     0 |  9.9423e-07 |   3.823e-16 | 1.000e+00 | 6.175e-05 |   9.942e-07 | 1.000e+00 | 2.597e-12 |   3.510e-16 | 1.000e+00 | 1.321e-07
     1 |  3.3609e-12 |   1.555e-22 | 4.067e-07 | 8.137e-05 |   3.361e-12 | 3.380e-06 | 3.411e-12 |   1.317e-21 | 3.752e-06 | 1.741e-07
  SNES converged via DOF-wise criteria:
    DOF 0: REL (rtol) ABS (atol)
    DOF 1: ABS (atol) STOL (stol)
    DOF 2: ABS (atol) STOL (stol)
Increase time step: 1.334e+01 -> 1.778e+01 
  BOUNDS: phi_ice [0.0000, 1.0000]  phi_air [0.0000, 1.0000]
  ===============================================================================
  >>> DOMAIN INTEGRALS (PER TIME STEP)
  ===============================================================================
  -------------------------------------------------------------------------------------------------------------
    STEP |     TIME [s] |    DT [s] |    TOT_ICE |    TOT_AIR |      TEMP |  TOT_RHOV | I-A INTERF | TOTAL_MASS
  -------------------------------------------------------------------------------------------------------------
    42 |  5.33180e+01 | 1.778e+01 |  1.379e-08 |  1.621e-08 | -6.000e-07 | 1.376e-11 |  1.122e-10 |  1.267e-05
       |              |           |    +0.000% |    -0.000% |           |   -0.001% |            |    +0.000%
    SNES DOF norms (2-norm) and ratios
    --------------------------------------------------------------------------------------------------------------------------------------
    it |       fnorm |          n0 |        r0 |        s0 |          n1 |        r1 |        s1 |          n2 |        r2 |        s2
    --------------------------------------------------------------------------------------------------------------------------------------
     0 |  9.8631e-07 |   3.792e-16 | 1.000e+00 | 8.137e-05 |   9.863e-07 | 1.000e+00 | 3.411e-12 |   3.482e-16 | 1.000e+00 | 1.741e-07
     1 |  5.7908e-12 |   2.692e-22 | 7.099e-07 | 1.068e-04 |   5.791e-12 | 5.871e-06 | 4.486e-12 |   2.281e-21 | 6.550e-06 | 2.287e-07
  SNES converged via DOF-wise criteria:
    DOF 0: REL (rtol) ABS (atol)
    DOF 1: ABS (atol) STOL (stol)
    DOF 2: ABS (atol) STOL (stol)
Increase time step: 1.778e+01 -> 2.371e+01 
  BOUNDS: phi_ice [0.0000, 1.0000]  phi_air [0.0000, 1.0000]
  ===============================================================================
  >>> DOMAIN INTEGRALS (PER TIME STEP)
  ===============================================================================
  -------------------------------------------------------------------------------------------------------------
    STEP |     TIME [s] |    DT [s] |    TOT_ICE |    TOT_AIR |      TEMP |  TOT_RHOV | I-A INTERF | TOTAL_MASS
  -------------------------------------------------------------------------------------------------------------
    43 |  7.11008e+01 | 2.371e+01 |  1.379e-08 |  1.621e-08 | -6.000e-07 | 1.376e-11 |  1.122e-10 |  1.267e-05
       |              |           |    +0.000% |    -0.000% |           |   -0.001% |            |    +0.000%
    SNES DOF norms (2-norm) and ratios
    --------------------------------------------------------------------------------------------------------------------------------------
    it |       fnorm |          n0 |        r0 |        s0 |          n1 |        r1 |        s1 |          n2 |        r2 |        s2
    --------------------------------------------------------------------------------------------------------------------------------------
     0 |  9.7599e-07 |   3.753e-16 | 1.000e+00 | 1.068e-04 |   9.760e-07 | 1.000e+00 | 4.486e-12 |   3.446e-16 | 1.000e+00 | 2.287e-07
     1 |  9.8991e-12 |   4.621e-22 | 1.231e-06 | 1.394e-04 |   9.899e-12 | 1.014e-05 | 5.859e-12 |   3.912e-21 | 1.135e-05 | 2.989e-07
  SNES converged via DOF-wise criteria:
    DOF 0: ABS (atol)
    DOF 1: ABS (atol) STOL (stol)
    DOF 2: ABS (atol) STOL (stol)
Increase time step: 2.371e+01 -> 3.162e+01 
  BOUNDS: phi_ice [0.0000, 1.0000]  phi_air [0.0000, 1.0000]
  ===============================================================================
  >>> DOMAIN INTEGRALS (PER TIME STEP)
  ===============================================================================
  -------------------------------------------------------------------------------------------------------------
    STEP |     TIME [s] |    DT [s] |    TOT_ICE |    TOT_AIR |      TEMP |  TOT_RHOV | I-A INTERF | TOTAL_MASS
  -------------------------------------------------------------------------------------------------------------
    44 |  9.48145e+01 | 3.162e+01 |  1.379e-08 |  1.621e-08 | -6.000e-07 | 1.376e-11 |  1.122e-10 |  1.267e-05
       |              |           |    +0.000% |    -0.000% |           |   -0.001% |            |    +0.000%
    SNES DOF norms (2-norm) and ratios
    --------------------------------------------------------------------------------------------------------------------------------------
    it |       fnorm |          n0 |        r0 |        s0 |          n1 |        r1 |        s1 |          n2 |        r2 |        s2
    --------------------------------------------------------------------------------------------------------------------------------------
     0 |  9.6266e-07 |   3.701e-16 | 1.000e+00 | 1.394e-04 |   9.627e-07 | 1.000e+00 | 5.859e-12 |   3.399e-16 | 1.000e+00 | 2.989e-07
     1 |  1.6737e-11 |   7.839e-22 | 2.118e-06 | 1.808e-04 |   1.674e-11 | 1.739e-05 | 7.608e-12 |   6.637e-21 | 1.953e-05 | 3.880e-07
  SNES converged via DOF-wise criteria:
    DOF 0: ABS (atol)
    DOF 1: ABS (atol) STOL (stol)
    DOF 2: ABS (atol) STOL (stol)
Increase time step: 3.162e+01 -> 4.217e+01 
  BOUNDS: phi_ice [0.0000, 1.0000]  phi_air [0.0000, 1.0000]
  ===============================================================================
  >>> DOMAIN INTEGRALS (PER TIME STEP)
  ===============================================================================
  -------------------------------------------------------------------------------------------------------------
    STEP |     TIME [s] |    DT [s] |    TOT_ICE |    TOT_AIR |      TEMP |  TOT_RHOV | I-A INTERF | TOTAL_MASS
  -------------------------------------------------------------------------------------------------------------
    45 |  1.26437e+02 | 4.217e+01 |  1.379e-08 |  1.621e-08 | -6.000e-07 | 1.376e-11 |  1.122e-10 |  1.267e-05
       |              |           |    +0.000% |    -0.000% |           |   -0.001% |            |    +0.000%
    SNES DOF norms (2-norm) and ratios
    --------------------------------------------------------------------------------------------------------------------------------------
    it |       fnorm |          n0 |        r0 |        s0 |          n1 |        r1 |        s1 |          n2 |        r2 |        s2
    --------------------------------------------------------------------------------------------------------------------------------------
     0 |  9.4561e-07 |   3.636e-16 | 1.000e+00 | 1.808e-04 |   9.456e-07 | 1.000e+00 | 7.608e-12 |   3.338e-16 | 1.000e+00 | 3.880e-07
     1 |  2.7888e-11 |   1.310e-21 | 3.603e-06 | 2.323e-04 |   2.789e-11 | 2.949e-05 | 9.798e-12 |   1.109e-20 | 3.323e-05 | 4.994e-07
  SNES converged via DOF-wise criteria:
    DOF 0: ABS (atol)
    DOF 1: ABS (atol) STOL (stol)
    DOF 2: ABS (atol) STOL (stol)
Increase time step: 4.217e+01 -> 5.623e+01 
  BOUNDS: phi_ice [0.0000, 1.0000]  phi_air [0.0000, 1.0000]
  ===============================================================================
  >>> DOMAIN INTEGRALS (PER TIME STEP)
  ===============================================================================
  -------------------------------------------------------------------------------------------------------------
    STEP |     TIME [s] |    DT [s] |    TOT_ICE |    TOT_AIR |      TEMP |  TOT_RHOV | I-A INTERF | TOTAL_MASS
  -------------------------------------------------------------------------------------------------------------
    46 |  1.68607e+02 | 5.623e+01 |  1.379e-08 |  1.621e-08 | -6.000e-07 | 1.376e-11 |  1.122e-10 |  1.267e-05
       |              |           |    +0.000% |    -0.000% |           |   -0.001% |            |    +0.000%
    SNES DOF norms (2-norm) and ratios
    --------------------------------------------------------------------------------------------------------------------------------------
    it |       fnorm |          n0 |        r0 |        s0 |          n1 |        r1 |        s1 |          n2 |        r2 |        s2
    --------------------------------------------------------------------------------------------------------------------------------------
     0 |  9.2413e-07 |   3.553e-16 | 1.000e+00 | 2.323e-04 |   9.241e-07 | 1.000e+00 | 9.798e-12 |   3.263e-16 | 1.000e+00 | 4.994e-07
     1 |  4.5520e-11 |   2.146e-21 | 6.039e-06 | 2.950e-04 |   4.552e-11 | 4.926e-05 | 1.250e-11 |   1.818e-20 | 5.573e-05 | 6.354e-07
  SNES converged via DOF-wise criteria:
    DOF 0: ABS (atol)
    DOF 1: ABS (atol) STOL (stol)
    DOF 2: ABS (atol) STOL (stol)
Increase time step: 5.623e+01 -> 7.499e+01 
  BOUNDS: phi_ice [0.0000, 1.0000]  phi_air [0.0000, 1.0000]
  ===============================================================================
  >>> DOMAIN INTEGRALS (PER TIME STEP)
  ===============================================================================
  -------------------------------------------------------------------------------------------------------------
    STEP |     TIME [s] |    DT [s] |    TOT_ICE |    TOT_AIR |      TEMP |  TOT_RHOV | I-A INTERF | TOTAL_MASS
  -------------------------------------------------------------------------------------------------------------
    47 |  2.24841e+02 | 7.499e+01 |  1.379e-08 |  1.621e-08 | -6.000e-07 | 1.376e-11 |  1.122e-10 |  1.267e-05
       |              |           |    +0.000% |    -0.000% |           |   -0.001% |            |    +0.000%
    SNES DOF norms (2-norm) and ratios
    --------------------------------------------------------------------------------------------------------------------------------------
    it |       fnorm |          n0 |        r0 |        s0 |          n1 |        r1 |        s1 |          n2 |        r2 |        s2
    --------------------------------------------------------------------------------------------------------------------------------------
     0 |  8.9758e-07 |   3.451e-16 | 1.000e+00 | 2.950e-04 |   8.976e-07 | 1.000e+00 | 1.250e-11 |   3.169e-16 | 1.000e+00 | 6.354e-07
     1 |  7.2363e-11 |   3.426e-21 | 9.927e-06 | 3.689e-04 |   7.236e-11 | 8.062e-05 | 1.575e-11 |   2.903e-20 | 9.162e-05 | 7.966e-07
  SNES converged via DOF-wise criteria:
    DOF 0: ABS (atol)
    DOF 1: ABS (atol) STOL (stol)
    DOF 2: ABS (atol) STOL (stol)
Increase time step: 7.499e+01 -> 1.000e+02 
  BOUNDS: phi_ice [0.0000, 1.0000]  phi_air [0.0000, 1.0000]
  ===============================================================================
  >>> DOMAIN INTEGRALS (PER TIME STEP)
  ===============================================================================
  -------------------------------------------------------------------------------------------------------------
    STEP |     TIME [s] |    DT [s] |    TOT_ICE |    TOT_AIR |      TEMP |  TOT_RHOV | I-A INTERF | TOTAL_MASS
  -------------------------------------------------------------------------------------------------------------
    48 |  2.99831e+02 | 1.000e+02 |  1.379e-08 |  1.621e-08 | -6.000e-07 | 1.376e-11 |  1.122e-10 |  1.267e-05
       |              |           |    +0.000% |    -0.000% |           |   -0.001% |            |    +0.000%
    SNES DOF norms (2-norm) and ratios
    --------------------------------------------------------------------------------------------------------------------------------------
    it |       fnorm |          n0 |        r0 |        s0 |          n1 |        r1 |        s1 |          n2 |        r2 |        s2
    --------------------------------------------------------------------------------------------------------------------------------------
     0 |  8.6562e-07 |   3.329e-16 | 1.000e+00 | 3.689e-04 |   8.656e-07 | 1.000e+00 | 1.575e-11 |   3.056e-16 | 1.000e+00 | 7.966e-07
     1 |  1.1113e-10 |   5.293e-21 | 1.590e-05 | 4.524e-04 |   1.111e-10 | 1.284e-04 | 1.959e-11 |   4.480e-20 | 1.466e-04 | 9.797e-07
  SNES converged via DOF-wise criteria:
    DOF 0: ABS (atol)
    DOF 1: ABS (atol) STOL (stol)
    DOF 2: ABS (atol) STOL (stol)
Increase time step: 1.000e+02 -> 1.334e+02 
  BOUNDS: phi_ice [0.0000, 1.0000]  phi_air [0.0000, 1.0000]
  ===============================================================================
  >>> DOMAIN INTEGRALS (PER TIME STEP)
  ===============================================================================
  -------------------------------------------------------------------------------------------------------------
    STEP |     TIME [s] |    DT [s] |    TOT_ICE |    TOT_AIR |      TEMP |  TOT_RHOV | I-A INTERF | TOTAL_MASS
  -------------------------------------------------------------------------------------------------------------
    49 |  3.99831e+02 | 1.334e+02 |  1.379e-08 |  1.621e-08 | -6.000e-07 | 1.376e-11 |  1.122e-10 |  1.267e-05
       |              |           |    +0.000% |    -0.000% |           |   -0.001% |            |    +0.000%
    SNES DOF norms (2-norm) and ratios
    --------------------------------------------------------------------------------------------------------------------------------------
    it |       fnorm |          n0 |        r0 |        s0 |          n1 |        r1 |        s1 |          n2 |        r2 |        s2
    --------------------------------------------------------------------------------------------------------------------------------------
     0 |  8.2851e-07 |   3.186e-16 | 1.000e+00 | 4.524e-04 |   8.285e-07 | 1.000e+00 | 1.959e-11 |   2.926e-16 | 1.000e+00 | 9.797e-07
     1 |  1.6331e-10 |   7.844e-21 | 2.462e-05 | 5.417e-04 |   1.633e-10 | 1.971e-04 | 2.399e-11 |   6.616e-20 | 2.261e-04 | 1.176e-06
  SNES converged via DOF-wise criteria:
    DOF 0: ABS (atol)
    DOF 1: ABS (atol) STOL (stol)
    DOF 2: ABS (atol)
Increase time step: 1.334e+02 -> 1.778e+02 
  BOUNDS: phi_ice [0.0000, 1.0000]  phi_air [0.0000, 1.0000]
  ===============================================================================
  >>> DOMAIN INTEGRALS (PER TIME STEP)
  ===============================================================================
  -------------------------------------------------------------------------------------------------------------
    STEP |     TIME [s] |    DT [s] |    TOT_ICE |    TOT_AIR |      TEMP |  TOT_RHOV | I-A INTERF | TOTAL_MASS
  -------------------------------------------------------------------------------------------------------------
    50 |  5.33183e+02 | 1.778e+02 |  1.379e-08 |  1.621e-08 | -6.000e-07 | 1.376e-11 |  1.122e-10 |  1.267e-05
       |              |           |    +0.000% |    -0.000% |           |   -0.001% |            |    +0.000%
    SNES DOF norms (2-norm) and ratios
    --------------------------------------------------------------------------------------------------------------------------------------
    it |       fnorm |          n0 |        r0 |        s0 |          n1 |        r1 |        s1 |          n2 |        r2 |        s2
    --------------------------------------------------------------------------------------------------------------------------------------
     0 |  7.8742e-07 |   3.028e-16 | 1.000e+00 | 5.417e-04 |   7.874e-07 | 1.000e+00 | 2.399e-11 |   2.781e-16 | 1.000e+00 | 1.176e-06
     1 |  2.2717e-10 |   1.105e-20 | 3.650e-05 | 6.306e-04 |   2.272e-10 | 2.885e-04 | 2.891e-11 |   9.239e-20 | 3.322e-04 | 1.369e-06
  SNES converged via DOF-wise criteria:
    DOF 0: ABS (atol)
    DOF 1: ABS (atol) STOL (stol)
    DOF 2: ABS (atol)
Increase time step: 1.778e+02 -> 2.371e+02 
  BOUNDS: phi_ice [0.0000, 1.0000]  phi_air [0.0000, 1.0000]
  ===============================================================================
  >>> DOMAIN INTEGRALS (PER TIME STEP)
  ===============================================================================
  -------------------------------------------------------------------------------------------------------------
    STEP |     TIME [s] |    DT [s] |    TOT_ICE |    TOT_AIR |      TEMP |  TOT_RHOV | I-A INTERF | TOTAL_MASS
  -------------------------------------------------------------------------------------------------------------
    51 |  7.11011e+02 | 2.371e+02 |  1.379e-08 |  1.621e-08 | -6.000e-07 | 1.376e-11 |  1.122e-10 |  1.267e-05
       |              |           |    +0.000% |    -0.000% |           |   -0.001% |            |    +0.000%
    SNES DOF norms (2-norm) and ratios
    --------------------------------------------------------------------------------------------------------------------------------------
    it |       fnorm |          n0 |        r0 |        s0 |          n1 |        r1 |        s1 |          n2 |        r2 |        s2
    --------------------------------------------------------------------------------------------------------------------------------------
     0 |  7.4471e-07 |   2.864e-16 | 1.000e+00 | 6.306e-04 |   7.447e-07 | 1.000e+00 | 2.891e-11 |   2.630e-16 | 1.000e+00 | 1.369e-06
     1 |  2.9558e-10 |   1.468e-20 | 5.125e-05 | 7.125e-04 |   2.956e-10 | 3.969e-04 | 3.439e-11 |   1.203e-19 | 4.575e-04 | 1.538e-06
  SNES converged via DOF-wise criteria:
    DOF 0: ABS (atol)
    DOF 1: ABS (atol) STOL (stol)
    DOF 2: ABS (atol)
Increase time step: 2.371e+02 -> 3.162e+02 
  BOUNDS: phi_ice [0.0000, 1.0000]  phi_air [0.0000, 1.0000]
  ===============================================================================
  >>> DOMAIN INTEGRALS (PER TIME STEP)
  ===============================================================================
  -------------------------------------------------------------------------------------------------------------
    STEP |     TIME [s] |    DT [s] |    TOT_ICE |    TOT_AIR |      TEMP |  TOT_RHOV | I-A INTERF | TOTAL_MASS
  -------------------------------------------------------------------------------------------------------------
    52 |  9.48148e+02 | 3.162e+02 |  1.379e-08 |  1.621e-08 | -6.000e-07 | 1.376e-11 |  1.122e-10 |  1.267e-05
       |              |           |    +0.000% |    -0.000% |           |   -0.001% |            |    +0.000%
    SNES DOF norms (2-norm) and ratios
    --------------------------------------------------------------------------------------------------------------------------------------
    it |       fnorm |          n0 |        r0 |        s0 |          n1 |        r1 |        s1 |          n2 |        r2 |        s2
    --------------------------------------------------------------------------------------------------------------------------------------
     0 |  7.0372e-07 |   2.706e-16 | 1.000e+00 | 7.125e-04 |   7.037e-07 | 1.000e+00 | 3.439e-11 |   2.486e-16 | 1.000e+00 | 1.538e-06
     1 |  3.5575e-10 |   1.830e-20 | 6.762e-05 | 7.859e-04 |   3.558e-10 | 5.055e-04 | 4.071e-11 |   1.441e-19 | 5.798e-04 | 1.659e-06
  SNES converged via DOF-wise criteria:
    DOF 0: ABS (atol)
    DOF 1: ABS (atol) STOL (stol)
    DOF 2: ABS (atol)
Increase time step: 3.162e+02 -> 4.217e+02 
  BOUNDS: phi_ice [0.0000, 1.0000]  phi_air [0.0000, 1.0000]
  ===============================================================================
  >>> DOMAIN INTEGRALS (PER TIME STEP)
  ===============================================================================
  -------------------------------------------------------------------------------------------------------------
    STEP |     TIME [s] |    DT [s] |    TOT_ICE |    TOT_AIR |      TEMP |  TOT_RHOV | I-A INTERF | TOTAL_MASS
  -------------------------------------------------------------------------------------------------------------
    53 |  1.26438e+03 | 4.217e+02 |  1.379e-08 |  1.621e-08 | -6.000e-07 | 1.376e-11 |  1.122e-10 |  1.267e-05
       |              |           |    +0.000% |    -0.000% |           |   -0.001% |            |    +0.000%
    SNES DOF norms (2-norm) and ratios
    --------------------------------------------------------------------------------------------------------------------------------------
    it |       fnorm |          n0 |        r0 |        s0 |          n1 |        r1 |        s1 |          n2 |        r2 |        s2
    --------------------------------------------------------------------------------------------------------------------------------------
     0 |  6.6773e-07 |   2.568e-16 | 1.000e+00 | 7.859e-04 |   6.677e-07 | 1.000e+00 | 4.071e-11 |   2.358e-16 | 1.000e+00 | 1.659e-06
     1 |  3.9310e-10 |   2.157e-20 | 8.400e-05 | 8.615e-04 |   3.931e-10 | 5.887e-04 | 4.841e-11 |   1.568e-19 | 6.650e-04 | 1.723e-06
  SNES converged via DOF-wise criteria:
    DOF 0: ABS (atol)
    DOF 1: ABS (atol) STOL (stol)
    DOF 2: ABS (atol)
Increase time step: 4.217e+02 -> 5.623e+02 
  BOUNDS: phi_ice [0.0000, 1.0000]  phi_air [0.0000, 1.0000]
  ===============================================================================
  >>> DOMAIN INTEGRALS (PER TIME STEP)
  ===============================================================================
  -------------------------------------------------------------------------------------------------------------
    STEP |     TIME [s] |    DT [s] |    TOT_ICE |    TOT_AIR |      TEMP |  TOT_RHOV | I-A INTERF | TOTAL_MASS
  -------------------------------------------------------------------------------------------------------------
    54 |  1.68607e+03 | 5.623e+02 |  1.379e-08 |  1.621e-08 | -6.000e-07 | 1.376e-11 |  1.121e-10 |  1.267e-05
       |              |           |    +0.000% |    -0.000% |           |   -0.001% |            |    +0.000%
    SNES DOF norms (2-norm) and ratios
    --------------------------------------------------------------------------------------------------------------------------------------
    it |       fnorm |          n0 |        r0 |        s0 |          n1 |        r1 |        s1 |          n2 |        r2 |        s2
    --------------------------------------------------------------------------------------------------------------------------------------
     0 |  6.3832e-07 |   2.455e-16 | 1.000e+00 | 8.615e-04 |   6.383e-07 | 1.000e+00 | 4.841e-11 |   2.254e-16 | 1.000e+00 | 1.723e-06
     1 |  3.9964e-10 |   2.467e-20 | 1.005e-04 | 9.638e-04 |   3.996e-10 | 6.261e-04 | 5.895e-11 |   1.546e-19 | 6.857e-04 | 1.742e-06
  SNES converged via DOF-wise criteria:
    DOF 0: ABS (atol)
    DOF 1: ABS (atol) STOL (stol)
    DOF 2: ABS (atol)
Increase time step: 5.623e+02 -> 7.499e+02 
  BOUNDS: phi_ice [0.0000, 1.0000]  phi_air [0.0000, 1.0000]
  ===============================================================================
  >>> DOMAIN INTEGRALS (PER TIME STEP)
  ===============================================================================
  -------------------------------------------------------------------------------------------------------------
    STEP |     TIME [s] |    DT [s] |    TOT_ICE |    TOT_AIR |      TEMP |  TOT_RHOV | I-A INTERF | TOTAL_MASS
  -------------------------------------------------------------------------------------------------------------
    55 |  2.24841e+03 | 7.499e+02 |  1.379e-08 |  1.621e-08 | -6.000e-07 | 1.376e-11 |  1.121e-10 |  1.267e-05
       |              |           |    +0.000% |    -0.000% |           |   -0.001% |            |    +0.000%
    SNES DOF norms (2-norm) and ratios
    --------------------------------------------------------------------------------------------------------------------------------------
    it |       fnorm |          n0 |        r0 |        s0 |          n1 |        r1 |        s1 |          n2 |        r2 |        s2
    --------------------------------------------------------------------------------------------------------------------------------------
     0 |  6.1439e-07 |   2.362e-16 | 1.000e+00 | 9.638e-04 |   6.144e-07 | 1.000e+00 | 5.895e-11 |   2.170e-16 | 1.000e+00 | 1.742e-06
     1 |  3.8241e-10 |   2.870e-20 | 1.215e-04 | 1.116e-03 |   3.824e-10 | 6.224e-04 | 7.424e-11 |   1.413e-19 | 6.512e-04 | 1.763e-06
  SNES converged via DOF-wise criteria:
    DOF 0: ABS (atol)
    DOF 1: ABS (atol) STOL (stol)
    DOF 2: ABS (atol)
Increase time step: 7.499e+02 -> 1.000e+03 
  BOUNDS: phi_ice [0.0000, 1.0000]  phi_air [0.0000, 1.0000]
  ===============================================================================
  >>> DOMAIN INTEGRALS (PER TIME STEP)
  ===============================================================================
  -------------------------------------------------------------------------------------------------------------
    STEP |     TIME [s] |    DT [s] |    TOT_ICE |    TOT_AIR |      TEMP |  TOT_RHOV | I-A INTERF | TOTAL_MASS
  -------------------------------------------------------------------------------------------------------------
    56 |  2.99831e+03 | 1.000e+03 |  1.379e-08 |  1.621e-08 | -6.000e-07 | 1.376e-11 |  1.121e-10 |  1.267e-05
       |              |           |    +0.000% |    -0.000% |           |   -0.001% |            |    +0.000%
    SNES DOF norms (2-norm) and ratios
    --------------------------------------------------------------------------------------------------------------------------------------
    it |       fnorm |          n0 |        r0 |        s0 |          n1 |        r1 |        s1 |          n2 |        r2 |        s2
    --------------------------------------------------------------------------------------------------------------------------------------
     0 |  5.9306e-07 |   2.280e-16 | 1.000e+00 | 1.116e-03 |   5.931e-07 | 1.000e+00 | 7.424e-11 |   2.094e-16 | 1.000e+00 | 1.763e-06
     1 |  3.6524e-10 |   3.561e-20 | 1.562e-04 | 1.323e-03 |   3.652e-10 | 6.159e-04 | 9.648e-11 |   1.307e-19 | 6.242e-04 | 1.843e-06
  SNES converged via DOF-wise criteria:
    DOF 0: ABS (atol)
    DOF 1: ABS (atol) STOL (stol)
    DOF 2: ABS (atol)
Increase time step: 1.000e+03 -> 1.334e+03 
  BOUNDS: phi_ice [0.0000, 1.0000]  phi_air [0.0000, 1.0000]
  ===============================================================================
  >>> DOMAIN INTEGRALS (PER TIME STEP)
  ===============================================================================
  -------------------------------------------------------------------------------------------------------------
    STEP |     TIME [s] |    DT [s] |    TOT_ICE |    TOT_AIR |      TEMP |  TOT_RHOV | I-A INTERF | TOTAL_MASS
  -------------------------------------------------------------------------------------------------------------
    57 |  3.99831e+03 | 1.334e+03 |  1.379e-08 |  1.621e-08 | -6.000e-07 | 1.376e-11 |  1.120e-10 |  1.267e-05
       |              |           |    +0.000% |    -0.000% |           |   -0.001% |            |    +0.000%
    SNES DOF norms (2-norm) and ratios
    --------------------------------------------------------------------------------------------------------------------------------------
    it |       fnorm |          n0 |        r0 |        s0 |          n1 |        r1 |        s1 |          n2 |        r2 |        s2
    --------------------------------------------------------------------------------------------------------------------------------------
     0 |  5.7191e-07 |   2.199e-16 | 1.000e+00 | 1.323e-03 |   5.719e-07 | 1.000e+00 | 9.648e-11 |   2.019e-16 | 1.000e+00 | 1.843e-06
     1 |  3.7798e-10 |   4.746e-20 | 2.158e-04 | 1.571e-03 |   3.780e-10 | 6.609e-04 | 1.264e-10 |   1.388e-19 | 6.875e-04 | 2.017e-06
  SNES converged via DOF-wise criteria:
    DOF 0: ABS (atol)
    DOF 1: ABS (atol) STOL (stol)
    DOF 2: ABS (atol)
Increase time step: 1.334e+03 -> 1.778e+03 
  BOUNDS: phi_ice [0.0000, 1.0000]  phi_air [0.0000, 1.0000]
  ===============================================================================
  >>> DOMAIN INTEGRALS (PER TIME STEP)
  ===============================================================================
  -------------------------------------------------------------------------------------------------------------
    STEP |     TIME [s] |    DT [s] |    TOT_ICE |    TOT_AIR |      TEMP |  TOT_RHOV | I-A INTERF | TOTAL_MASS
  -------------------------------------------------------------------------------------------------------------
    58 |  5.33183e+03 | 1.778e+03 |  1.379e-08 |  1.621e-08 | -6.000e-07 | 1.376e-11 |  1.119e-10 |  1.267e-05
       |              |           |    +0.000% |    -0.000% |           |   -0.001% |            |    +0.000%
    SNES DOF norms (2-norm) and ratios
    --------------------------------------------------------------------------------------------------------------------------------------
    it |       fnorm |          n0 |        r0 |        s0 |          n1 |        r1 |        s1 |          n2 |        r2 |        s2
    --------------------------------------------------------------------------------------------------------------------------------------
     0 |  5.5020e-07 |   2.115e-16 | 1.000e+00 | 1.571e-03 |   5.502e-07 | 1.000e+00 | 1.264e-10 |   1.943e-16 | 1.000e+00 | 2.017e-06
     1 |  4.3238e-10 |   6.583e-20 | 3.112e-04 | 1.857e-03 |   4.324e-10 | 7.859e-04 | 1.651e-10 |   1.667e-19 | 8.578e-04 | 2.273e-06
  SNES converged via DOF-wise criteria:
    DOF 0: ABS (atol)
    DOF 1: ABS (atol) STOL (stol)
    DOF 2: ABS (atol)
Increase time step: 1.778e+03 -> 2.371e+03 
  BOUNDS: phi_ice [0.0000, 1.0000]  phi_air [0.0000, 1.0000]
  ===============================================================================
  >>> DOMAIN INTEGRALS (PER TIME STEP)
  ===============================================================================
  -------------------------------------------------------------------------------------------------------------
    STEP |     TIME [s] |    DT [s] |    TOT_ICE |    TOT_AIR |      TEMP |  TOT_RHOV | I-A INTERF | TOTAL_MASS
  -------------------------------------------------------------------------------------------------------------
    59 |  7.11011e+03 | 2.371e+03 |  1.379e-08 |  1.621e-08 | -6.000e-07 | 1.376e-11 |  1.118e-10 |  1.267e-05
       |              |           |    +0.000% |    -0.000% |           |   -0.001% |            |    +0.000%
    SNES DOF norms (2-norm) and ratios
    --------------------------------------------------------------------------------------------------------------------------------------
    it |       fnorm |          n0 |        r0 |        s0 |          n1 |        r1 |        s1 |          n2 |        r2 |        s2
    --------------------------------------------------------------------------------------------------------------------------------------
     0 |  5.2811e-07 |   2.030e-16 | 1.000e+00 | 1.857e-03 |   5.281e-07 | 1.000e+00 | 1.651e-10 |   1.865e-16 | 1.000e+00 | 2.273e-06
     1 |  5.1299e-10 |   9.189e-20 | 4.526e-04 | 2.185e-03 |   5.130e-10 | 9.714e-04 | 2.121e-10 |   2.020e-19 | 1.083e-03 | 2.570e-06
  SNES converged via DOF-wise criteria:
    DOF 0: ABS (atol)
    DOF 1: ABS (atol) STOL (stol)
    DOF 2: ABS (atol)
Increase time step: 2.371e+03 -> 3.162e+03 
  BOUNDS: phi_ice [0.0000, 1.0000]  phi_air [0.0000, 1.0000]
  ===============================================================================
  >>> DOMAIN INTEGRALS (PER TIME STEP)
  ===============================================================================
  -------------------------------------------------------------------------------------------------------------
    STEP |     TIME [s] |    DT [s] |    TOT_ICE |    TOT_AIR |      TEMP |  TOT_RHOV | I-A INTERF | TOTAL_MASS
  -------------------------------------------------------------------------------------------------------------
    60 |  9.48148e+03 | 3.162e+03 |  1.379e-08 |  1.621e-08 | -6.000e-07 | 1.376e-11 |  1.116e-10 |  1.267e-05
       |              |           |    +0.000% |    -0.000% |           |   -0.001% |            |    +0.000%
    SNES DOF norms (2-norm) and ratios
    --------------------------------------------------------------------------------------------------------------------------------------
    it |       fnorm |          n0 |        r0 |        s0 |          n1 |        r1 |        s1 |          n2 |        r2 |        s2
    --------------------------------------------------------------------------------------------------------------------------------------
     0 |  5.0569e-07 |   1.944e-16 | 1.000e+00 | 2.185e-03 |   5.057e-07 | 1.000e+00 | 2.121e-10 |   1.786e-16 | 1.000e+00 | 2.570e-06
     1 |  5.9880e-10 |   1.274e-19 | 6.555e-04 | 2.565e-03 |   5.988e-10 | 1.184e-03 | 2.668e-10 |   2.352e-19 | 1.317e-03 | 2.891e-06
  SNES converged via DOF-wise criteria:
    DOF 0: ABS (atol)
    DOF 1: ABS (atol) STOL (stol)
    DOF 2: ABS (atol)
Increase time step: 3.162e+03 -> 4.217e+03 
  BOUNDS: phi_ice [0.0000, 1.0000]  phi_air [0.0000, 1.0000]
  ===============================================================================
  >>> DOMAIN INTEGRALS (PER TIME STEP)
  ===============================================================================
  -------------------------------------------------------------------------------------------------------------
    STEP |     TIME [s] |    DT [s] |    TOT_ICE |    TOT_AIR |      TEMP |  TOT_RHOV | I-A INTERF | TOTAL_MASS
  -------------------------------------------------------------------------------------------------------------
    61 |  1.26438e+04 | 4.217e+03 |  1.379e-08 |  1.621e-08 | -6.000e-07 | 1.376e-11 |  1.114e-10 |  1.267e-05
       |              |           |    +0.000% |    -0.000% |           |   -0.001% |            |    +0.000%
    SNES DOF norms (2-norm) and ratios
    --------------------------------------------------------------------------------------------------------------------------------------
    it |       fnorm |          n0 |        r0 |        s0 |          n1 |        r1 |        s1 |          n2 |        r2 |        s2
    --------------------------------------------------------------------------------------------------------------------------------------
     0 |  4.8258e-07 |   1.855e-16 | 1.000e+00 | 2.565e-03 |   4.826e-07 | 1.000e+00 | 2.668e-10 |   1.704e-16 | 1.000e+00 | 2.891e-06
     1 |  6.8091e-10 |   1.759e-19 | 9.485e-04 | 3.008e-03 |   6.809e-10 | 1.411e-03 | 3.280e-10 |   2.660e-19 | 1.561e-03 | 3.250e-06
  SNES converged via DOF-wise criteria:
    DOF 0: ABS (atol)
    DOF 1: ABS (atol) STOL (stol)
    DOF 2: ABS (atol)
Increase time step: 4.217e+03 -> 5.623e+03 
  BOUNDS: phi_ice [0.0000, 1.0000]  phi_air [0.0000, 1.0000]
  ===============================================================================
  >>> DOMAIN INTEGRALS (PER TIME STEP)
  ===============================================================================
  -------------------------------------------------------------------------------------------------------------
    STEP |     TIME [s] |    DT [s] |    TOT_ICE |    TOT_AIR |      TEMP |  TOT_RHOV | I-A INTERF | TOTAL_MASS
  -------------------------------------------------------------------------------------------------------------
    62 |  1.68607e+04 | 5.623e+03 |  1.379e-08 |  1.621e-08 | -6.000e-07 | 1.376e-11 |  1.111e-10 |  1.267e-05
       |              |           |    +0.000% |    -0.000% |           |   -0.001% |            |    +0.000%
    SNES DOF norms (2-norm) and ratios
    --------------------------------------------------------------------------------------------------------------------------------------
    it |       fnorm |          n0 |        r0 |        s0 |          n1 |        r1 |        s1 |          n2 |        r2 |        s2
    --------------------------------------------------------------------------------------------------------------------------------------
     0 |  4.5839e-07 |   1.761e-16 | 1.000e+00 | 3.008e-03 |   4.584e-07 | 1.000e+00 | 3.280e-10 |   1.619e-16 | 1.000e+00 | 3.250e-06
     1 |  7.6029e-10 |   2.425e-19 | 1.377e-03 | 3.531e-03 |   7.603e-10 | 1.659e-03 | 3.910e-10 |   2.990e-19 | 1.847e-03 | 3.680e-06
  SNES converged via DOF-wise criteria:
    DOF 0: ABS (atol)
    DOF 1: ABS (atol) STOL (stol)
    DOF 2: ABS (atol)
Increase time step: 5.623e+03 -> 7.499e+03 
  BOUNDS: phi_ice [0.0000, 1.0000]  phi_air [0.0000, 1.0000]
  ===============================================================================
  >>> DOMAIN INTEGRALS (PER TIME STEP)
  ===============================================================================
  -------------------------------------------------------------------------------------------------------------
    STEP |     TIME [s] |    DT [s] |    TOT_ICE |    TOT_AIR |      TEMP |  TOT_RHOV | I-A INTERF | TOTAL_MASS
  -------------------------------------------------------------------------------------------------------------
    63 |  2.24841e+04 | 7.499e+03 |  1.379e-08 |  1.621e-08 | -6.000e-07 | 1.376e-11 |  1.108e-10 |  1.267e-05
       |              |           |    +0.000% |    -0.000% |           |   -0.001% |            |    +0.000%
    SNES DOF norms (2-norm) and ratios
    --------------------------------------------------------------------------------------------------------------------------------------
    it |       fnorm |          n0 |        r0 |        s0 |          n1 |        r1 |        s1 |          n2 |        r2 |        s2
    --------------------------------------------------------------------------------------------------------------------------------------
     0 |  4.3300e-07 |   1.663e-16 | 1.000e+00 | 3.531e-03 |   4.330e-07 | 1.000e+00 | 3.910e-10 |   1.529e-16 | 1.000e+00 | 3.680e-06
     1 |  8.4409e-10 |   3.334e-19 | 2.005e-03 | 4.150e-03 |   8.441e-10 | 1.949e-03 | 4.476e-10 |   3.374e-19 | 2.207e-03 | 4.220e-06
  SNES converged via DOF-wise criteria:
    DOF 0: ABS (atol)
    DOF 1: ABS (atol) STOL (stol)
    DOF 2: ABS (atol)
Increase time step: 7.499e+03 -> 1.000e+04 
  BOUNDS: phi_ice [0.0000, 1.0000]  phi_air [0.0000, 1.0000]
  ===============================================================================
  >>> DOMAIN INTEGRALS (PER TIME STEP)
  ===============================================================================
  -------------------------------------------------------------------------------------------------------------
    STEP |     TIME [s] |    DT [s] |    TOT_ICE |    TOT_AIR |      TEMP |  TOT_RHOV | I-A INTERF | TOTAL_MASS
  -------------------------------------------------------------------------------------------------------------
    64 |  2.99831e+04 | 1.000e+04 |  1.379e-08 |  1.621e-08 | -6.000e-07 | 1.376e-11 |  1.103e-10 |  1.267e-05
       |              |           |    +0.000% |    -0.000% |           |   -0.001% |            |    +0.000%
    SNES DOF norms (2-norm) and ratios
    --------------------------------------------------------------------------------------------------------------------------------------
    it |       fnorm |          n0 |        r0 |        s0 |          n1 |        r1 |        s1 |          n2 |        r2 |        s2
    --------------------------------------------------------------------------------------------------------------------------------------
     0 |  4.0655e-07 |   1.561e-16 | 1.000e+00 | 4.150e-03 |   4.065e-07 | 1.000e+00 | 4.476e-10 |   1.436e-16 | 1.000e+00 | 4.220e-06
     1 |  9.4242e-10 |   4.554e-19 | 2.917e-03 | 4.884e-03 |   9.424e-10 | 2.318e-03 | 4.867e-10 |   3.823e-19 | 2.663e-03 | 4.920e-06
  SNES converged via DOF-wise criteria:
    DOF 0: ABS (atol)
    DOF 1: ABS (atol) STOL (stol)
    DOF 2: ABS (atol)
Increase time step: 1.000e+04 -> 1.334e+04 
  BOUNDS: phi_ice [0.0000, 1.0000]  phi_air [0.0000, 1.0000]
  ===============================================================================
  >>> DOMAIN INTEGRALS (PER TIME STEP)
  ===============================================================================
  -------------------------------------------------------------------------------------------------------------
    STEP |     TIME [s] |    DT [s] |    TOT_ICE |    TOT_AIR |      TEMP |  TOT_RHOV | I-A INTERF | TOTAL_MASS
  -------------------------------------------------------------------------------------------------------------
    65 |  3.99831e+04 | 1.334e+04 |  1.379e-08 |  1.621e-08 | -6.000e-07 | 1.376e-11 |  1.098e-10 |  1.267e-05
       |              |           |    +0.000% |    -0.000% |           |   -0.001% |            |    +0.000%
    SNES DOF norms (2-norm) and ratios
    --------------------------------------------------------------------------------------------------------------------------------------
    it |       fnorm |          n0 |        r0 |        s0 |          n1 |        r1 |        s1 |          n2 |        r2 |        s2
    --------------------------------------------------------------------------------------------------------------------------------------
     0 |  3.7929e-07 |   1.456e-16 | 1.000e+00 | 4.884e-03 |   3.793e-07 | 1.000e+00 | 4.867e-10 |   1.339e-16 | 1.000e+00 | 4.920e-06
     1 |  1.0634e-09 |   6.151e-19 | 4.226e-03 | 5.755e-03 |   1.063e-09 | 2.804e-03 | 4.826e-10 |   4.337e-19 | 3.238e-03 | 5.851e-06
  SNES converged via DOF-wise criteria:
    DOF 0: ABS (atol)
    DOF 1: ABS (atol) STOL (stol)
    DOF 2: ABS (atol)
Increase time step: 1.334e+04 -> 1.778e+04 
  BOUNDS: phi_ice [0.0000, 1.0000]  phi_air [0.0000, 1.0000]
  ===============================================================================
  >>> DOMAIN INTEGRALS (PER TIME STEP)
  ===============================================================================
  -------------------------------------------------------------------------------------------------------------
    STEP |     TIME [s] |    DT [s] |    TOT_ICE |    TOT_AIR |      TEMP |  TOT_RHOV | I-A INTERF | TOTAL_MASS
  -------------------------------------------------------------------------------------------------------------
    66 |  5.33183e+04 | 1.778e+04 |  1.379e-08 |  1.621e-08 | -6.000e-07 | 1.376e-11 |  1.091e-10 |  1.267e-05
       |              |           |    +0.000% |    -0.000% |           |   -0.001% |            |    +0.000%
    SNES DOF norms (2-norm) and ratios
    --------------------------------------------------------------------------------------------------------------------------------------
    it |       fnorm |          n0 |        r0 |        s0 |          n1 |        r1 |        s1 |          n2 |        r2 |        s2
    --------------------------------------------------------------------------------------------------------------------------------------
     0 |  3.5160e-07 |   1.348e-16 | 1.000e+00 | 5.755e-03 |   3.516e-07 | 1.000e+00 | 4.826e-10 |   1.242e-16 | 1.000e+00 | 5.851e-06
     1 |  1.2110e-09 |   8.185e-19 | 6.070e-03 | 6.786e-03 |   1.211e-09 | 3.444e-03 | 4.382e-10 |   4.884e-19 | 3.933e-03 | 7.108e-06
  SNES converged via DOF-wise criteria:
    DOF 0: ABS (atol)
    DOF 1: ABS (atol) STOL (stol)
    DOF 2: ABS (atol)
Increase time step: 1.778e+04 -> 2.371e+04 
  BOUNDS: phi_ice [0.0000, 1.0000]  phi_air [0.0000, 1.0000]
  ===============================================================================
  >>> DOMAIN INTEGRALS (PER TIME STEP)
  ===============================================================================
  -------------------------------------------------------------------------------------------------------------
    STEP |     TIME [s] |    DT [s] |    TOT_ICE |    TOT_AIR |      TEMP |  TOT_RHOV | I-A INTERF | TOTAL_MASS
  -------------------------------------------------------------------------------------------------------------
    67 |  7.11011e+04 | 2.371e+04 |  1.379e-08 |  1.621e-08 | -6.000e-07 | 1.376e-11 |  1.083e-10 |  1.267e-05
       |              |           |    +0.000% |    -0.000% |           |   -0.001% |            |    +0.000%
    SNES DOF norms (2-norm) and ratios
    --------------------------------------------------------------------------------------------------------------------------------------
    it |       fnorm |          n0 |        r0 |        s0 |          n1 |        r1 |        s1 |          n2 |        r2 |        s2
    --------------------------------------------------------------------------------------------------------------------------------------
     0 |  3.2390e-07 |   1.241e-16 | 1.000e+00 | 6.786e-03 |   3.239e-07 | 1.000e+00 | 4.382e-10 |   1.144e-16 | 1.000e+00 | 7.108e-06
     1 |  1.3830e-09 |   1.071e-18 | 8.630e-03 | 8.005e-03 |   1.383e-09 | 4.270e-03 | 3.652e-10 |   5.378e-19 | 4.701e-03 | 8.808e-06
  SNES converged via DOF-wise criteria:
    DOF 0: ABS (atol)
    DOF 1: ABS (atol) STOL (stol)
    DOF 2: ABS (atol)
Increase time step: 2.371e+04 -> 3.162e+04 
  BOUNDS: phi_ice [0.0000, 1.0000]  phi_air [0.0000, 1.0000]
  ===============================================================================
  >>> DOMAIN INTEGRALS (PER TIME STEP)
  ===============================================================================
  -------------------------------------------------------------------------------------------------------------
    STEP |     TIME [s] |    DT [s] |    TOT_ICE |    TOT_AIR |      TEMP |  TOT_RHOV | I-A INTERF | TOTAL_MASS
  -------------------------------------------------------------------------------------------------------------
    68 |  9.48148e+04 | 3.162e+04 |  1.379e-08 |  1.621e-08 | -6.000e-07 | 1.376e-11 |  1.073e-10 |  1.267e-05
       |              |           |    +0.000% |    -0.000% |           |   -0.001% |            |    +0.000%
    SNES DOF norms (2-norm) and ratios
    --------------------------------------------------------------------------------------------------------------------------------------
    it |       fnorm |          n0 |        r0 |        s0 |          n1 |        r1 |        s1 |          n2 |        r2 |        s2
    --------------------------------------------------------------------------------------------------------------------------------------
     0 |  2.9667e-07 |   1.137e-16 | 1.000e+00 | 8.005e-03 |   2.967e-07 | 1.000e+00 | 3.652e-10 |   1.048e-16 | 1.000e+00 | 8.808e-06
     1 |  1.5990e-09 |   1.413e-18 | 1.243e-02 | 9.553e-03 |   1.599e-09 | 5.390e-03 | 3.769e-10 |   5.779e-19 | 5.513e-03 | 1.117e-05
  SNES converged via DOF-wise criteria:
    DOF 0: ABS (atol)
    DOF 1: ABS (atol) STOL (stol)
    DOF 2: ABS (atol)
Max dt! can not Increase time step: 3.200e+04 -> 3.200e+04 
  BOUNDS: phi_ice [0.0000, 1.0000]  phi_air [0.0000, 1.0000]
  ===============================================================================
  >>> DOMAIN INTEGRALS (PER TIME STEP)
  ===============================================================================
  -------------------------------------------------------------------------------------------------------------
    STEP |     TIME [s] |    DT [s] |    TOT_ICE |    TOT_AIR |      TEMP |  TOT_RHOV | I-A INTERF | TOTAL_MASS
  -------------------------------------------------------------------------------------------------------------
    69 |  1.26815e+05 | 3.200e+04 |  1.379e-08 |  1.621e-08 | -6.000e-07 | 1.376e-11 |  1.064e-10 |  1.267e-05
       |              |           |    +0.000% |    -0.000% |           |   -0.001% |            |    +0.000%
OUTPUT print!
    SNES DOF norms (2-norm) and ratios
    --------------------------------------------------------------------------------------------------------------------------------------
    it |       fnorm |          n0 |        r0 |        s0 |          n1 |        r1 |        s1 |          n2 |        r2 |        s2
    --------------------------------------------------------------------------------------------------------------------------------------
     0 |  2.7011e-07 |   1.035e-16 | 1.000e+00 | 9.553e-03 |   2.701e-07 | 1.000e+00 | 3.769e-10 |   9.547e-17 | 1.000e+00 | 1.117e-05
     1 |  1.0358e-09 |   1.059e-18 | 1.023e-02 | 8.550e-03 |   1.036e-09 | 3.835e-03 | 3.886e-10 |   4.203e-19 | 4.402e-03 | 1.321e-05
  SNES converged via DOF-wise criteria:
    DOF 0: ABS (atol)
    DOF 1: ABS (atol) STOL (stol)
    DOF 2: ABS (atol)
Max dt! can not Increase time step: 3.200e+04 -> 3.200e+04 
  BOUNDS: phi_ice [0.0000, 1.0000]  phi_air [0.0000, 1.0000]
  ===============================================================================
  >>> DOMAIN INTEGRALS (PER TIME STEP)
  ===============================================================================
  -------------------------------------------------------------------------------------------------------------
    STEP |     TIME [s] |    DT [s] |    TOT_ICE |    TOT_AIR |      TEMP |  TOT_RHOV | I-A INTERF | TOTAL_MASS
  -------------------------------------------------------------------------------------------------------------
    70 |  1.58815e+05 | 3.200e+04 |  1.379e-08 |  1.621e-08 | -6.000e-07 | 1.376e-11 |  1.056e-10 |  1.267e-05
       |              |           |    +0.000% |    -0.000% |           |   -0.001% |            |    +0.000%
    SNES DOF norms (2-norm) and ratios
    --------------------------------------------------------------------------------------------------------------------------------------
    it |       fnorm |          n0 |        r0 |        s0 |          n1 |        r1 |        s1 |          n2 |        r2 |        s2
    --------------------------------------------------------------------------------------------------------------------------------------
     0 |  2.4955e-07 |   9.585e-17 | 1.000e+00 | 8.550e-03 |   2.496e-07 | 1.000e+00 | 3.886e-10 |   8.817e-17 | 1.000e+00 | 1.321e-05
     1 |  7.4527e-10 |   8.281e-19 | 8.639e-03 | 7.828e-03 |   7.453e-10 | 2.986e-03 | 4.383e-10 |   2.222e-19 | 2.520e-03 | 1.414e-05
  SNES converged via DOF-wise criteria:
    DOF 0: ABS (atol)
    DOF 1: ABS (atol) STOL (stol)
    DOF 2: ABS (atol)
Max dt! can not Increase time step: 3.200e+04 -> 3.200e+04 
  BOUNDS: phi_ice [0.0000, 1.0000]  phi_air [0.0000, 1.0000]
  ===============================================================================
  >>> DOMAIN INTEGRALS (PER TIME STEP)
  ===============================================================================
  -------------------------------------------------------------------------------------------------------------
    STEP |     TIME [s] |    DT [s] |    TOT_ICE |    TOT_AIR |      TEMP |  TOT_RHOV | I-A INTERF | TOTAL_MASS
  -------------------------------------------------------------------------------------------------------------
    71 |  1.90815e+05 | 3.200e+04 |  1.379e-08 |  1.621e-08 | -6.000e-07 | 1.376e-11 |  1.051e-10 |  1.267e-05
       |              |           |    +0.000% |    -0.000% |           |   -0.001% |            |    +0.000%
OUTPUT print!
    SNES DOF norms (2-norm) and ratios
    --------------------------------------------------------------------------------------------------------------------------------------
    it |       fnorm |          n0 |        r0 |        s0 |          n1 |        r1 |        s1 |          n2 |        r2 |        s2
    --------------------------------------------------------------------------------------------------------------------------------------
     0 |  2.3398e-07 |   8.992e-17 | 1.000e+00 | 7.828e-03 |   2.340e-07 | 1.000e+00 | 4.383e-10 |   8.271e-17 | 1.000e+00 | 1.414e-05
     1 |  5.2263e-10 |   6.863e-19 | 7.632e-03 | 7.278e-03 |   5.226e-10 | 2.234e-03 | 4.052e-10 |   1.571e-19 | 1.900e-03 | 1.086e-05
  SNES converged via DOF-wise criteria:
    DOF 0: ABS (atol)
    DOF 1: ABS (atol) STOL (stol)
    DOF 2: ABS (atol)
Max dt! can not Increase time step: 3.200e+04 -> 3.200e+04 
  BOUNDS: phi_ice [0.0000, 1.0000]  phi_air [0.0000, 1.0000]
  ===============================================================================
  >>> DOMAIN INTEGRALS (PER TIME STEP)
  ===============================================================================
  -------------------------------------------------------------------------------------------------------------
    STEP |     TIME [s] |    DT [s] |    TOT_ICE |    TOT_AIR |      TEMP |  TOT_RHOV | I-A INTERF | TOTAL_MASS
  -------------------------------------------------------------------------------------------------------------
    72 |  2.22815e+05 | 3.200e+04 |  1.379e-08 |  1.621e-08 | -6.000e-07 | 1.376e-11 |  1.046e-10 |  1.267e-05
       |              |           |    +0.000% |    -0.000% |           |   -0.001% |            |    +0.000%
    SNES DOF norms (2-norm) and ratios
    --------------------------------------------------------------------------------------------------------------------------------------
    it |       fnorm |          n0 |        r0 |        s0 |          n1 |        r1 |        s1 |          n2 |        r2 |        s2
    --------------------------------------------------------------------------------------------------------------------------------------
     0 |  2.2137e-07 |   8.510e-17 | 1.000e+00 | 7.278e-03 |   2.214e-07 | 1.000e+00 | 4.052e-10 |   7.821e-17 | 1.000e+00 | 1.086e-05
     1 |  4.0648e-10 |   5.825e-19 | 6.844e-03 | 6.833e-03 |   4.065e-10 | 1.836e-03 | 3.863e-10 |   1.103e-19 | 1.410e-03 | 7.198e-06
  SNES converged via DOF-wise criteria:
    DOF 0: ABS (atol)
    DOF 1: ABS (atol) STOL (stol)
    DOF 2: ABS (atol)
Max dt! can not Increase time step: 3.200e+04 -> 3.200e+04 
  BOUNDS: phi_ice [0.0000, 1.0000]  phi_air [0.0000, 1.0000]
  ===============================================================================
  >>> DOMAIN INTEGRALS (PER TIME STEP)
  ===============================================================================
  -------------------------------------------------------------------------------------------------------------
    STEP |     TIME [s] |    DT [s] |    TOT_ICE |    TOT_AIR |      TEMP |  TOT_RHOV | I-A INTERF | TOTAL_MASS
  -------------------------------------------------------------------------------------------------------------
    73 |  2.54815e+05 | 3.200e+04 |  1.379e-08 |  1.621e-08 | -6.000e-07 | 1.376e-11 |  1.043e-10 |  1.267e-05
       |              |           |    +0.000% |    -0.000% |           |   -0.001% |            |    +0.000%
    SNES DOF norms (2-norm) and ratios
    --------------------------------------------------------------------------------------------------------------------------------------
    it |       fnorm |          n0 |        r0 |        s0 |          n1 |        r1 |        s1 |          n2 |        r2 |        s2
    --------------------------------------------------------------------------------------------------------------------------------------
     0 |  2.1070e-07 |   8.102e-17 | 1.000e+00 | 6.833e-03 |   2.107e-07 | 1.000e+00 | 3.863e-10 |   7.445e-17 | 1.000e+00 | 7.198e-06
     1 |  3.0957e-10 |   5.056e-19 | 6.240e-03 | 6.461e-03 |   3.096e-10 | 1.469e-03 | 3.464e-10 |   8.345e-20 | 1.121e-03 | 4.942e-06
  SNES converged via DOF-wise criteria:
    DOF 0: ABS (atol)
    DOF 1: ABS (atol) STOL (stol)
    DOF 2: ABS (atol)
Max dt! can not Increase time step: 3.200e+04 -> 3.200e+04 
  BOUNDS: phi_ice [0.0000, 1.0000]  phi_air [0.0000, 1.0000]
  ===============================================================================
  >>> DOMAIN INTEGRALS (PER TIME STEP)
  ===============================================================================
  -------------------------------------------------------------------------------------------------------------
    STEP |     TIME [s] |    DT [s] |    TOT_ICE |    TOT_AIR |      TEMP |  TOT_RHOV | I-A INTERF | TOTAL_MASS
  -------------------------------------------------------------------------------------------------------------
    74 |  2.86815e+05 | 3.200e+04 |  1.379e-08 |  1.621e-08 | -6.000e-07 | 1.376e-11 |  1.040e-10 |  1.267e-05
       |              |           |    +0.000% |    -0.000% |           |   -0.001% |            |    +0.000%
OUTPUT print!
    SNES DOF norms (2-norm) and ratios
    --------------------------------------------------------------------------------------------------------------------------------------
    it |       fnorm |          n0 |        r0 |        s0 |          n1 |        r1 |        s1 |          n2 |        r2 |        s2
    --------------------------------------------------------------------------------------------------------------------------------------
     0 |  2.0152e-07 |   7.750e-17 | 1.000e+00 | 6.461e-03 |   2.015e-07 | 1.000e+00 | 3.464e-10 |   7.118e-17 | 1.000e+00 | 4.942e-06
     1 |  2.4957e-10 |   4.450e-19 | 5.743e-03 | 6.143e-03 |   2.496e-10 | 1.238e-03 | 3.176e-10 |   6.459e-20 | 9.074e-04 | 3.218e-06
  SNES converged via DOF-wise criteria:
    DOF 0: ABS (atol)
    DOF 1: ABS (atol) STOL (stol)
    DOF 2: ABS (atol)
Max dt! can not Increase time step: 3.200e+04 -> 3.200e+04 
  BOUNDS: phi_ice [0.0000, 1.0000]  phi_air [0.0000, 1.0000]
  ===============================================================================
  >>> DOMAIN INTEGRALS (PER TIME STEP)
  ===============================================================================
  -------------------------------------------------------------------------------------------------------------
    STEP |     TIME [s] |    DT [s] |    TOT_ICE |    TOT_AIR |      TEMP |  TOT_RHOV | I-A INTERF | TOTAL_MASS
  -------------------------------------------------------------------------------------------------------------
    75 |  3.18815e+05 | 3.200e+04 |  1.379e-08 |  1.621e-08 | -6.000e-07 | 1.376e-11 |  1.037e-10 |  1.267e-05
       |              |           |    +0.000% |    -0.000% |           |   -0.001% |            |    +0.000%
    SNES DOF norms (2-norm) and ratios
    --------------------------------------------------------------------------------------------------------------------------------------
    it |       fnorm |          n0 |        r0 |        s0 |          n1 |        r1 |        s1 |          n2 |        r2 |        s2
    --------------------------------------------------------------------------------------------------------------------------------------
     0 |  1.9341e-07 |   7.438e-17 | 1.000e+00 | 6.143e-03 |   1.934e-07 | 1.000e+00 | 3.176e-10 |   6.832e-17 | 1.000e+00 | 3.218e-06
     1 |  2.0101e-10 |   3.967e-19 | 5.333e-03 | 5.865e-03 |   2.010e-10 | 1.039e-03 | 2.887e-10 |   5.179e-20 | 7.581e-04 | 2.185e-06
  SNES converged via DOF-wise criteria:
    DOF 0: ABS (atol)
    DOF 1: ABS (atol) STOL (stol)
    DOF 2: ABS (atol)
Max dt! can not Increase time step: 3.200e+04 -> 3.200e+04 
  BOUNDS: phi_ice [0.0000, 1.0000]  phi_air [0.0000, 1.0000]
  ===============================================================================
  >>> DOMAIN INTEGRALS (PER TIME STEP)
  ===============================================================================
  -------------------------------------------------------------------------------------------------------------
    STEP |     TIME [s] |    DT [s] |    TOT_ICE |    TOT_AIR |      TEMP |  TOT_RHOV | I-A INTERF | TOTAL_MASS
  -------------------------------------------------------------------------------------------------------------
    76 |  3.50815e+05 | 3.200e+04 |  1.379e-08 |  1.621e-08 | -6.000e-07 | 1.376e-11 |  1.035e-10 |  1.267e-05
       |              |           |    +0.000% |    -0.000% |           |   -0.001% |            |    +0.000%
    SNES DOF norms (2-norm) and ratios
    --------------------------------------------------------------------------------------------------------------------------------------
    it |       fnorm |          n0 |        r0 |        s0 |          n1 |        r1 |        s1 |          n2 |        r2 |        s2
    --------------------------------------------------------------------------------------------------------------------------------------
     0 |  1.8617e-07 |   7.160e-17 | 1.000e+00 | 5.865e-03 |   1.862e-07 | 1.000e+00 | 2.887e-10 |   6.575e-17 | 1.000e+00 | 2.185e-06
     1 |  1.6658e-10 |   3.568e-19 | 4.984e-03 | 5.619e-03 |   1.666e-10 | 8.947e-04 | 2.644e-10 |   4.238e-20 | 6.445e-04 | 1.485e-06
  SNES converged via DOF-wise criteria:
    DOF 0: ABS (atol)
    DOF 1: ABS (atol) STOL (stol)
    DOF 2: ABS (atol)
Max dt! can not Increase time step: 3.200e+04 -> 3.200e+04 
  BOUNDS: phi_ice [0.0000, 1.0000]  phi_air [0.0000, 1.0000]
  ===============================================================================
  >>> DOMAIN INTEGRALS (PER TIME STEP)
  ===============================================================================
  -------------------------------------------------------------------------------------------------------------
    STEP |     TIME [s] |    DT [s] |    TOT_ICE |    TOT_AIR |      TEMP |  TOT_RHOV | I-A INTERF | TOTAL_MASS
  -------------------------------------------------------------------------------------------------------------
    77 |  3.82815e+05 | 3.200e+04 |  1.379e-08 |  1.621e-08 | -6.000e-07 | 1.376e-11 |  1.033e-10 |  1.267e-05
       |              |           |    +0.000% |    -0.000% |           |   -0.001% |            |    +0.000%
OUTPUT print!
    SNES DOF norms (2-norm) and ratios
    --------------------------------------------------------------------------------------------------------------------------------------
    it |       fnorm |          n0 |        r0 |        s0 |          n1 |        r1 |        s1 |          n2 |        r2 |        s2
    --------------------------------------------------------------------------------------------------------------------------------------
     0 |  1.7961e-07 |   6.908e-17 | 1.000e+00 | 5.619e-03 |   1.796e-07 | 1.000e+00 | 2.644e-10 |   6.343e-17 | 1.000e+00 | 1.485e-06
     1 |  1.3909e-10 |   3.236e-19 | 4.685e-03 | 5.398e-03 |   1.391e-10 | 7.744e-04 | 2.435e-10 |   3.539e-20 | 5.580e-04 | 1.071e-06
  SNES converged via DOF-wise criteria:
    DOF 0: ABS (atol)
    DOF 1: ABS (atol) STOL (stol)
    DOF 2: ABS (atol)
Max dt! can not Increase time step: 3.200e+04 -> 3.200e+04 
  BOUNDS: phi_ice [0.0000, 1.0000]  phi_air [0.0000, 1.0000]
  ===============================================================================
  >>> DOMAIN INTEGRALS (PER TIME STEP)
  ===============================================================================
  -------------------------------------------------------------------------------------------------------------
    STEP |     TIME [s] |    DT [s] |    TOT_ICE |    TOT_AIR |      TEMP |  TOT_RHOV | I-A INTERF | TOTAL_MASS
  -------------------------------------------------------------------------------------------------------------
    78 |  4.14815e+05 | 3.200e+04 |  1.379e-08 |  1.621e-08 | -6.000e-07 | 1.376e-11 |  1.031e-10 |  1.267e-05
       |              |           |    +0.000% |    -0.000% |           |   -0.001% |            |    +0.000%
    SNES DOF norms (2-norm) and ratios
    --------------------------------------------------------------------------------------------------------------------------------------
    it |       fnorm |          n0 |        r0 |        s0 |          n1 |        r1 |        s1 |          n2 |        r2 |        s2
    --------------------------------------------------------------------------------------------------------------------------------------
     0 |  1.7361e-07 |   6.677e-17 | 1.000e+00 | 5.398e-03 |   1.736e-07 | 1.000e+00 | 2.435e-10 |   6.131e-17 | 1.000e+00 | 1.071e-06
     1 |  1.1795e-10 |   2.955e-19 | 4.426e-03 | 5.197e-03 |   1.180e-10 | 6.794e-04 | 2.275e-10 |   3.001e-20 | 4.894e-04 | 7.908e-07
  SNES converged via DOF-wise criteria:
    DOF 0: ABS (atol)
    DOF 1: ABS (atol) STOL (stol)
    DOF 2: ABS (atol) STOL (stol)
Max dt! can not Increase time step: 3.200e+04 -> 3.200e+04 
  BOUNDS: phi_ice [0.0000, 1.0000]  phi_air [0.0000, 1.0000]
  ===============================================================================
  >>> DOMAIN INTEGRALS (PER TIME STEP)
  ===============================================================================
  -------------------------------------------------------------------------------------------------------------
    STEP |     TIME [s] |    DT [s] |    TOT_ICE |    TOT_AIR |      TEMP |  TOT_RHOV | I-A INTERF | TOTAL_MASS
  -------------------------------------------------------------------------------------------------------------
    79 |  4.46815e+05 | 3.200e+04 |  1.379e-08 |  1.621e-08 | -6.000e-07 | 1.376e-11 |  1.029e-10 |  1.267e-05
       |              |           |    +0.000% |    -0.000% |           |   -0.001% |            |    +0.000%
    SNES DOF norms (2-norm) and ratios
    --------------------------------------------------------------------------------------------------------------------------------------
    it |       fnorm |          n0 |        r0 |        s0 |          n1 |        r1 |        s1 |          n2 |        r2 |        s2
    --------------------------------------------------------------------------------------------------------------------------------------
     0 |  1.6807e-07 |   6.464e-17 | 1.000e+00 | 5.197e-03 |   1.681e-07 | 1.000e+00 | 2.275e-10 |   5.935e-17 | 1.000e+00 | 7.908e-07
     1 |  1.0090e-10 |   2.714e-19 | 4.198e-03 | 5.014e-03 |   1.009e-10 | 6.004e-04 | 2.067e-10 |   2.578e-20 | 4.343e-04 | 6.185e-07
  SNES converged via DOF-wise criteria:
    DOF 0: ABS (atol)
    DOF 1: ABS (atol) STOL (stol)
    DOF 2: ABS (atol) STOL (stol)
Max dt! can not Increase time step: 3.200e+04 -> 3.200e+04 
  BOUNDS: phi_ice [0.0000, 1.0000]  phi_air [0.0000, 1.0000]
  ===============================================================================
  >>> DOMAIN INTEGRALS (PER TIME STEP)
  ===============================================================================
  -------------------------------------------------------------------------------------------------------------
    STEP |     TIME [s] |    DT [s] |    TOT_ICE |    TOT_AIR |      TEMP |  TOT_RHOV | I-A INTERF | TOTAL_MASS
  -------------------------------------------------------------------------------------------------------------
    80 |  4.78815e+05 | 3.200e+04 |  1.379e-08 |  1.621e-08 | -6.000e-07 | 1.376e-11 |  1.028e-10 |  1.267e-05
       |              |           |    +0.000% |    -0.000% |           |   -0.001% |            |    +0.000%
OUTPUT print!
    SNES DOF norms (2-norm) and ratios
    --------------------------------------------------------------------------------------------------------------------------------------
    it |       fnorm |          n0 |        r0 |        s0 |          n1 |        r1 |        s1 |          n2 |        r2 |        s2
    --------------------------------------------------------------------------------------------------------------------------------------
     0 |  1.6292e-07 |   6.266e-17 | 1.000e+00 | 5.014e-03 |   1.629e-07 | 1.000e+00 | 2.067e-10 |   5.753e-17 | 1.000e+00 | 6.185e-07
     1 |  8.7209e-11 |   2.505e-19 | 3.997e-03 | 4.845e-03 |   8.721e-11 | 5.353e-04 | 1.977e-10 |   2.239e-20 | 3.891e-04 | 4.986e-07
  SNES converged via DOF-wise criteria:
    DOF 0: ABS (atol)
    DOF 1: ABS (atol) STOL (stol)
    DOF 2: ABS (atol) STOL (stol)
Max dt! can not Increase time step: 3.200e+04 -> 3.200e+04 
  BOUNDS: phi_ice [0.0000, 1.0000]  phi_air [0.0000, 1.0000]
  ===============================================================================
  >>> DOMAIN INTEGRALS (PER TIME STEP)
  ===============================================================================
  -------------------------------------------------------------------------------------------------------------
    STEP |     TIME [s] |    DT [s] |    TOT_ICE |    TOT_AIR |      TEMP |  TOT_RHOV | I-A INTERF | TOTAL_MASS
  -------------------------------------------------------------------------------------------------------------
    81 |  5.10815e+05 | 3.200e+04 |  1.379e-08 |  1.621e-08 | -6.000e-07 | 1.376e-11 |  1.027e-10 |  1.267e-05
       |              |           |    +0.000% |    -0.000% |           |   -0.001% |            |    +0.000%
    SNES DOF norms (2-norm) and ratios
    --------------------------------------------------------------------------------------------------------------------------------------
    it |       fnorm |          n0 |        r0 |        s0 |          n1 |        r1 |        s1 |          n2 |        r2 |        s2
    --------------------------------------------------------------------------------------------------------------------------------------
     0 |  1.5811e-07 |   6.081e-17 | 1.000e+00 | 4.845e-03 |   1.581e-07 | 1.000e+00 | 1.977e-10 |   5.583e-17 | 1.000e+00 | 4.986e-07
     1 |  7.5952e-11 |   2.322e-19 | 3.819e-03 | 4.688e-03 |   7.595e-11 | 4.804e-04 | 1.826e-10 |   1.963e-20 | 3.515e-04 | 4.185e-07
  SNES converged via DOF-wise criteria:
    DOF 0: ABS (atol)
    DOF 1: ABS (atol) STOL (stol)
    DOF 2: ABS (atol) STOL (stol)
Max dt! can not Increase time step: 3.200e+04 -> 3.200e+04 
  BOUNDS: phi_ice [0.0000, 1.0000]  phi_air [0.0000, 1.0000]
  ===============================================================================
  >>> DOMAIN INTEGRALS (PER TIME STEP)
  ===============================================================================
  -------------------------------------------------------------------------------------------------------------
    STEP |     TIME [s] |    DT [s] |    TOT_ICE |    TOT_AIR |      TEMP |  TOT_RHOV | I-A INTERF | TOTAL_MASS
  -------------------------------------------------------------------------------------------------------------
    82 |  5.42815e+05 | 3.200e+04 |  1.379e-08 |  1.621e-08 | -6.000e-07 | 1.376e-11 |  1.026e-10 |  1.267e-05
       |              |           |    +0.000% |    -0.000% |           |   -0.001% |            |    +0.000%
    SNES DOF norms (2-norm) and ratios
    --------------------------------------------------------------------------------------------------------------------------------------
    it |       fnorm |          n0 |        r0 |        s0 |          n1 |        r1 |        s1 |          n2 |        r2 |        s2
    --------------------------------------------------------------------------------------------------------------------------------------
     0 |  1.5358e-07 |   5.906e-17 | 1.000e+00 | 4.688e-03 |   1.536e-07 | 1.000e+00 | 1.826e-10 |   5.423e-17 | 1.000e+00 | 4.185e-07
     1 |  6.6654e-11 |   2.161e-19 | 3.659e-03 | 4.541e-03 |   6.665e-11 | 4.340e-04 | 1.727e-10 |   1.735e-20 | 3.199e-04 | 3.597e-07
  SNES converged via DOF-wise criteria:
    DOF 0: ABS (atol)
    DOF 1: ABS (atol) STOL (stol)
    DOF 2: ABS (atol) STOL (stol)
Max dt! can not Increase time step: 3.200e+04 -> 3.200e+04 
  BOUNDS: phi_ice [0.0000, 1.0000]  phi_air [0.0000, 1.0000]
  ===============================================================================
  >>> DOMAIN INTEGRALS (PER TIME STEP)
  ===============================================================================
  -------------------------------------------------------------------------------------------------------------
    STEP |     TIME [s] |    DT [s] |    TOT_ICE |    TOT_AIR |      TEMP |  TOT_RHOV | I-A INTERF | TOTAL_MASS
  -------------------------------------------------------------------------------------------------------------
    83 |  5.74815e+05 | 3.200e+04 |  1.379e-08 |  1.621e-08 | -6.000e-07 | 1.376e-11 |  1.025e-10 |  1.267e-05
       |              |           |    +0.000% |    -0.000% |           |   -0.001% |            |    +0.000%
OUTPUT print!
    SNES DOF norms (2-norm) and ratios
    --------------------------------------------------------------------------------------------------------------------------------------
    it |       fnorm |          n0 |        r0 |        s0 |          n1 |        r1 |        s1 |          n2 |        r2 |        s2
    --------------------------------------------------------------------------------------------------------------------------------------
     0 |  1.4930e-07 |   5.742e-17 | 1.000e+00 | 4.541e-03 |   1.493e-07 | 1.000e+00 | 1.727e-10 |   5.272e-17 | 1.000e+00 | 3.597e-07
     1 |  5.8881e-11 |   2.018e-19 | 3.515e-03 | 4.404e-03 |   5.888e-11 | 3.944e-04 | 1.616e-10 |   1.545e-20 | 2.931e-04 | 3.162e-07
  SNES converged via DOF-wise criteria:
    DOF 0: ABS (atol)
    DOF 1: ABS (atol) STOL (stol)
    DOF 2: ABS (atol) STOL (stol)
Max dt! can not Increase time step: 3.200e+04 -> 3.200e+04 
  BOUNDS: phi_ice [0.0000, 1.0000]  phi_air [0.0000, 1.0000]
  ===============================================================================
  >>> DOMAIN INTEGRALS (PER TIME STEP)
  ===============================================================================
  -------------------------------------------------------------------------------------------------------------
    STEP |     TIME [s] |    DT [s] |    TOT_ICE |    TOT_AIR |      TEMP |  TOT_RHOV | I-A INTERF | TOTAL_MASS
  -------------------------------------------------------------------------------------------------------------
    84 |  6.06815e+05 | 3.200e+04 |  1.379e-08 |  1.621e-08 | -6.000e-07 | 1.376e-11 |  1.024e-10 |  1.267e-05
       |              |           |    +0.000% |    -0.000% |           |   -0.001% |            |    +0.000%
    SNES DOF norms (2-norm) and ratios
    --------------------------------------------------------------------------------------------------------------------------------------
    it |       fnorm |          n0 |        r0 |        s0 |          n1 |        r1 |        s1 |          n2 |        r2 |        s2
    --------------------------------------------------------------------------------------------------------------------------------------
     0 |  1.4524e-07 |   5.585e-17 | 1.000e+00 | 4.404e-03 |   1.452e-07 | 1.000e+00 | 1.616e-10 |   5.128e-17 | 1.000e+00 | 3.162e-07
     1 |  5.2336e-11 |   1.890e-19 | 3.384e-03 | 4.274e-03 |   5.234e-11 | 3.603e-04 | 1.532e-10 |   1.385e-20 | 2.701e-04 | 2.826e-07
  SNES converged via DOF-wise criteria:
    DOF 0: ABS (atol)
    DOF 1: ABS (atol) STOL (stol)
    DOF 2: ABS (atol) STOL (stol)
Max dt! can not Increase time step: 3.200e+04 -> 3.200e+04 
  BOUNDS: phi_ice [0.0000, 1.0000]  phi_air [0.0000, 1.0000]
  ===============================================================================
  >>> DOMAIN INTEGRALS (PER TIME STEP)
  ===============================================================================
  -------------------------------------------------------------------------------------------------------------
    STEP |     TIME [s] |    DT [s] |    TOT_ICE |    TOT_AIR |      TEMP |  TOT_RHOV | I-A INTERF | TOTAL_MASS
  -------------------------------------------------------------------------------------------------------------
    85 |  6.38815e+05 | 3.200e+04 |  1.379e-08 |  1.621e-08 | -6.000e-07 | 1.376e-11 |  1.023e-10 |  1.267e-05
       |              |           |    +0.000% |    -0.000% |           |   -0.001% |            |    +0.000%
    SNES DOF norms (2-norm) and ratios
    --------------------------------------------------------------------------------------------------------------------------------------
    it |       fnorm |          n0 |        r0 |        s0 |          n1 |        r1 |        s1 |          n2 |        r2 |        s2
    --------------------------------------------------------------------------------------------------------------------------------------
     0 |  1.4136e-07 |   5.436e-17 | 1.000e+00 | 4.274e-03 |   1.414e-07 | 1.000e+00 | 1.532e-10 |   4.991e-17 | 1.000e+00 | 2.826e-07
     1 |  4.6780e-11 |   1.774e-19 | 3.264e-03 | 4.151e-03 |   4.678e-11 | 3.309e-04 | 1.459e-10 |   1.249e-20 | 2.503e-04 | 2.560e-07
  SNES converged via DOF-wise criteria:
    DOF 0: ABS (atol)
    DOF 1: ABS (atol) STOL (stol)
    DOF 2: ABS (atol) STOL (stol)
Max dt! can not Increase time step: 3.200e+04 -> 3.200e+04 
  BOUNDS: phi_ice [0.0000, 1.0000]  phi_air [0.0000, 1.0000]
  ===============================================================================
  >>> DOMAIN INTEGRALS (PER TIME STEP)
  ===============================================================================
  -------------------------------------------------------------------------------------------------------------
    STEP |     TIME [s] |    DT [s] |    TOT_ICE |    TOT_AIR |      TEMP |  TOT_RHOV | I-A INTERF | TOTAL_MASS
  -------------------------------------------------------------------------------------------------------------
    86 |  6.70815e+05 | 3.200e+04 |  1.379e-08 |  1.621e-08 | -6.000e-07 | 1.376e-11 |  1.022e-10 |  1.267e-05
       |              |           |    +0.000% |    -0.000% |           |   -0.001% |            |    +0.000%
OUTPUT print!
    SNES DOF norms (2-norm) and ratios
    --------------------------------------------------------------------------------------------------------------------------------------
    it |       fnorm |          n0 |        r0 |        s0 |          n1 |        r1 |        s1 |          n2 |        r2 |        s2
    --------------------------------------------------------------------------------------------------------------------------------------
     0 |  1.3765e-07 |   5.293e-17 | 1.000e+00 | 4.151e-03 |   1.376e-07 | 1.000e+00 | 1.459e-10 |   4.860e-17 | 1.000e+00 | 2.560e-07
     1 |  4.2028e-11 |   1.670e-19 | 3.154e-03 | 4.034e-03 |   4.203e-11 | 3.053e-04 | 1.355e-10 |   1.134e-20 | 2.332e-04 | 2.338e-07
  SNES converged via DOF-wise criteria:
    DOF 0: ABS (atol)
    DOF 1: ABS (atol) STOL (stol)
    DOF 2: ABS (atol) STOL (stol)
Max dt! can not Increase time step: 3.200e+04 -> 3.200e+04 
  BOUNDS: phi_ice [0.0000, 1.0000]  phi_air [0.0000, 1.0000]
  ===============================================================================
  >>> DOMAIN INTEGRALS (PER TIME STEP)
  ===============================================================================
  -------------------------------------------------------------------------------------------------------------
    STEP |     TIME [s] |    DT [s] |    TOT_ICE |    TOT_AIR |      TEMP |  TOT_RHOV | I-A INTERF | TOTAL_MASS
  -------------------------------------------------------------------------------------------------------------
    87 |  7.02815e+05 | 3.200e+04 |  1.379e-08 |  1.621e-08 | -6.000e-07 | 1.376e-11 |  1.022e-10 |  1.267e-05
       |              |           |    +0.000% |    -0.000% |           |   -0.001% |            |    +0.000%
    SNES DOF norms (2-norm) and ratios
    --------------------------------------------------------------------------------------------------------------------------------------
    it |       fnorm |          n0 |        r0 |        s0 |          n1 |        r1 |        s1 |          n2 |        r2 |        s2
    --------------------------------------------------------------------------------------------------------------------------------------
     0 |  1.3409e-07 |   5.156e-17 | 1.000e+00 | 4.034e-03 |   1.341e-07 | 1.000e+00 | 1.355e-10 |   4.734e-17 | 1.000e+00 | 2.338e-07
     1 |  3.7962e-11 |   1.574e-19 | 3.053e-03 | 3.923e-03 |   3.796e-11 | 2.831e-04 | 1.289e-10 |   1.034e-20 | 2.184e-04 | 2.152e-07
  SNES converged via DOF-wise criteria:
    DOF 0: ABS (atol)
    DOF 1: ABS (atol) STOL (stol)
    DOF 2: ABS (atol) STOL (stol)
Max dt! can not Increase time step: 3.200e+04 -> 3.200e+04 
  BOUNDS: phi_ice [0.0000, 1.0000]  phi_air [0.0000, 1.0000]
  ===============================================================================
  >>> DOMAIN INTEGRALS (PER TIME STEP)
  ===============================================================================
  -------------------------------------------------------------------------------------------------------------
    STEP |     TIME [s] |    DT [s] |    TOT_ICE |    TOT_AIR |      TEMP |  TOT_RHOV | I-A INTERF | TOTAL_MASS
  -------------------------------------------------------------------------------------------------------------
    88 |  7.34815e+05 | 3.200e+04 |  1.379e-08 |  1.621e-08 | -6.000e-07 | 1.376e-11 |  1.021e-10 |  1.267e-05
       |              |           |    +0.000% |    -0.000% |           |   -0.001% |            |    +0.000%
    SNES DOF norms (2-norm) and ratios
    --------------------------------------------------------------------------------------------------------------------------------------
    it |       fnorm |          n0 |        r0 |        s0 |          n1 |        r1 |        s1 |          n2 |        r2 |        s2
    --------------------------------------------------------------------------------------------------------------------------------------
     0 |  1.3066e-07 |   5.025e-17 | 1.000e+00 | 3.923e-03 |   1.307e-07 | 1.000e+00 | 1.289e-10 |   4.613e-17 | 1.000e+00 | 2.152e-07
     1 |  3.4436e-11 |   1.487e-19 | 2.959e-03 | 3.816e-03 |   3.444e-11 | 2.636e-04 | 1.244e-10 |   9.481e-21 | 2.055e-04 | 1.994e-07
  SNES converged via DOF-wise criteria:
    DOF 0: ABS (atol)
    DOF 1: ABS (atol) STOL (stol)
    DOF 2: ABS (atol) STOL (stol)
Max dt! can not Increase time step: 3.200e+04 -> 3.200e+04 
  BOUNDS: phi_ice [0.0000, 1.0000]  phi_air [0.0000, 1.0000]
  ===============================================================================
  >>> DOMAIN INTEGRALS (PER TIME STEP)
  ===============================================================================
  -------------------------------------------------------------------------------------------------------------
    STEP |     TIME [s] |    DT [s] |    TOT_ICE |    TOT_AIR |      TEMP |  TOT_RHOV | I-A INTERF | TOTAL_MASS
  -------------------------------------------------------------------------------------------------------------
    89 |  7.66815e+05 | 3.200e+04 |  1.379e-08 |  1.621e-08 | -6.000e-07 | 1.376e-11 |  1.020e-10 |  1.267e-05
       |              |           |    +0.000% |    -0.000% |           |   -0.001% |            |    +0.000%
OUTPUT print!
    SNES DOF norms (2-norm) and ratios
    --------------------------------------------------------------------------------------------------------------------------------------
    it |       fnorm |          n0 |        r0 |        s0 |          n1 |        r1 |        s1 |          n2 |        r2 |        s2
    --------------------------------------------------------------------------------------------------------------------------------------
     0 |  1.2735e-07 |   4.897e-17 | 1.000e+00 | 3.816e-03 |   1.274e-07 | 1.000e+00 | 1.244e-10 |   4.496e-17 | 1.000e+00 | 1.994e-07
     1 |  3.1369e-11 |   1.406e-19 | 2.870e-03 | 3.714e-03 |   3.137e-11 | 2.463e-04 | 1.167e-10 |   8.735e-21 | 1.943e-04 | 1.858e-07
  SNES converged via DOF-wise criteria:
    DOF 0: ABS (atol)
    DOF 1: ABS (atol) STOL (stol)
    DOF 2: ABS (atol) STOL (stol)
Max dt! can not Increase time step: 3.200e+04 -> 3.200e+04 
  BOUNDS: phi_ice [0.0000, 1.0000]  phi_air [0.0000, 1.0000]
  ===============================================================================
  >>> DOMAIN INTEGRALS (PER TIME STEP)
  ===============================================================================
  -------------------------------------------------------------------------------------------------------------
    STEP |     TIME [s] |    DT [s] |    TOT_ICE |    TOT_AIR |      TEMP |  TOT_RHOV | I-A INTERF | TOTAL_MASS
  -------------------------------------------------------------------------------------------------------------
    90 |  7.98815e+05 | 3.200e+04 |  1.379e-08 |  1.621e-08 | -6.000e-07 | 1.376e-11 |  1.020e-10 |  1.267e-05
       |              |           |    +0.000% |    -0.000% |           |   -0.001% |            |    +0.000%
    SNES DOF norms (2-norm) and ratios
    --------------------------------------------------------------------------------------------------------------------------------------
    it |       fnorm |          n0 |        r0 |        s0 |          n1 |        r1 |        s1 |          n2 |        r2 |        s2
    --------------------------------------------------------------------------------------------------------------------------------------
     0 |  1.2416e-07 |   4.774e-17 | 1.000e+00 | 3.714e-03 |   1.242e-07 | 1.000e+00 | 1.167e-10 |   4.384e-17 | 1.000e+00 | 1.858e-07
     1 |  2.8697e-11 |   1.331e-19 | 2.787e-03 | 3.616e-03 |   2.870e-11 | 2.311e-04 | 1.086e-10 |   8.083e-21 | 1.844e-04 | 1.737e-07
  SNES converged via DOF-wise criteria:
    DOF 0: ABS (atol)
    DOF 1: ABS (atol) STOL (stol)
    DOF 2: ABS (atol) STOL (stol)
Max dt! can not Increase time step: 3.200e+04 -> 3.200e+04 
  BOUNDS: phi_ice [0.0000, 1.0000]  phi_air [0.0000, 1.0000]
  ===============================================================================
  >>> DOMAIN INTEGRALS (PER TIME STEP)
  ===============================================================================
  -------------------------------------------------------------------------------------------------------------
    STEP |     TIME [s] |    DT [s] |    TOT_ICE |    TOT_AIR |      TEMP |  TOT_RHOV | I-A INTERF | TOTAL_MASS
  -------------------------------------------------------------------------------------------------------------
    91 |  8.30815e+05 | 3.200e+04 |  1.379e-08 |  1.621e-08 | -6.000e-07 | 1.376e-11 |  1.020e-10 |  1.267e-05
       |              |           |    +0.000% |    -0.000% |           |   -0.001% |            |    +0.000%
    SNES DOF norms (2-norm) and ratios
    --------------------------------------------------------------------------------------------------------------------------------------
    it |       fnorm |          n0 |        r0 |        s0 |          n1 |        r1 |        s1 |          n2 |        r2 |        s2
    --------------------------------------------------------------------------------------------------------------------------------------
     0 |  1.2106e-07 |   4.655e-17 | 1.000e+00 | 3.616e-03 |   1.211e-07 | 1.000e+00 | 1.086e-10 |   4.274e-17 | 1.000e+00 | 1.737e-07
     1 |  2.6363e-11 |   1.261e-19 | 2.709e-03 | 3.521e-03 |   2.636e-11 | 2.178e-04 | 1.059e-10 |   7.510e-21 | 1.757e-04 | 1.631e-07
  SNES converged via DOF-wise criteria:
    DOF 0: ABS (atol)
    DOF 1: ABS (atol) STOL (stol)
    DOF 2: ABS (atol) STOL (stol)
Max dt! can not Increase time step: 3.200e+04 -> 3.200e+04 
  BOUNDS: phi_ice [0.0000, 1.0000]  phi_air [0.0000, 1.0000]
  ===============================================================================
  >>> DOMAIN INTEGRALS (PER TIME STEP)
  ===============================================================================
  -------------------------------------------------------------------------------------------------------------
    STEP |     TIME [s] |    DT [s] |    TOT_ICE |    TOT_AIR |      TEMP |  TOT_RHOV | I-A INTERF | TOTAL_MASS
  -------------------------------------------------------------------------------------------------------------
    92 |  8.62815e+05 | 3.200e+04 |  1.379e-08 |  1.621e-08 | -6.000e-07 | 1.376e-11 |  1.019e-10 |  1.267e-05
       |              |           |    +0.000% |    -0.000% |           |   -0.001% |            |    +0.000%
OUTPUT print!
    SNES DOF norms (2-norm) and ratios
    --------------------------------------------------------------------------------------------------------------------------------------
    it |       fnorm |          n0 |        r0 |        s0 |          n1 |        r1 |        s1 |          n2 |        r2 |        s2
    --------------------------------------------------------------------------------------------------------------------------------------
     0 |  1.1806e-07 |   4.540e-17 | 1.000e+00 | 3.521e-03 |   1.181e-07 | 1.000e+00 | 1.059e-10 |   4.168e-17 | 1.000e+00 | 1.631e-07
     1 |  2.4291e-11 |   1.196e-19 | 2.634e-03 | 3.429e-03 |   2.429e-11 | 2.058e-04 | 9.821e-11 |   7.003e-21 | 1.680e-04 | 1.537e-07
  SNES converged via DOF-wise criteria:
    DOF 0: ABS (atol)
    DOF 1: ABS (atol) STOL (stol)
    DOF 2: ABS (atol) STOL (stol)
Max dt! can not Increase time step: 3.200e+04 -> 3.200e+04 
  BOUNDS: phi_ice [0.0000, 1.0000]  phi_air [0.0000, 1.0000]
  ===============================================================================
  >>> DOMAIN INTEGRALS (PER TIME STEP)
  ===============================================================================
  -------------------------------------------------------------------------------------------------------------
    STEP |     TIME [s] |    DT [s] |    TOT_ICE |    TOT_AIR |      TEMP |  TOT_RHOV | I-A INTERF | TOTAL_MASS
  -------------------------------------------------------------------------------------------------------------
    93 |  8.94815e+05 | 3.200e+04 |  1.379e-08 |  1.621e-08 | -6.000e-07 | 1.376e-11 |  1.019e-10 |  1.267e-05
       |              |           |    +0.000% |    -0.000% |           |   -0.001% |            |    +0.000%
    SNES DOF norms (2-norm) and ratios
    --------------------------------------------------------------------------------------------------------------------------------------
    it |       fnorm |          n0 |        r0 |        s0 |          n1 |        r1 |        s1 |          n2 |        r2 |        s2
    --------------------------------------------------------------------------------------------------------------------------------------
     0 |  1.1514e-07 |   4.428e-17 | 1.000e+00 | 3.429e-03 |   1.151e-07 | 1.000e+00 | 9.821e-11 |   4.065e-17 | 1.000e+00 | 1.537e-07
     1 |  2.2464e-11 |   1.135e-19 | 2.563e-03 | 3.341e-03 |   2.246e-11 | 1.951e-04 | 9.440e-11 |   6.552e-21 | 1.612e-04 | 1.449e-07
  SNES converged via DOF-wise criteria:
    DOF 0: ABS (atol)
    DOF 1: ABS (atol) STOL (stol)
    DOF 2: ABS (atol) STOL (stol)
Max dt! can not Increase time step: 3.200e+04 -> 3.200e+04 
  BOUNDS: phi_ice [0.0000, 1.0000]  phi_air [0.0000, 1.0000]
  ===============================================================================
  >>> DOMAIN INTEGRALS (PER TIME STEP)
  ===============================================================================
  -------------------------------------------------------------------------------------------------------------
    STEP |     TIME [s] |    DT [s] |    TOT_ICE |    TOT_AIR |      TEMP |  TOT_RHOV | I-A INTERF | TOTAL_MASS
  -------------------------------------------------------------------------------------------------------------
    94 |  9.26815e+05 | 3.200e+04 |  1.379e-08 |  1.621e-08 | -6.000e-07 | 1.376e-11 |  1.019e-10 |  1.267e-05
       |              |           |    +0.000% |    -0.000% |           |   -0.001% |            |    +0.000%
    SNES DOF norms (2-norm) and ratios
    --------------------------------------------------------------------------------------------------------------------------------------
    it |       fnorm |          n0 |        r0 |        s0 |          n1 |        r1 |        s1 |          n2 |        r2 |        s2
    --------------------------------------------------------------------------------------------------------------------------------------
     0 |  1.1231e-07 |   4.319e-17 | 1.000e+00 | 3.341e-03 |   1.123e-07 | 1.000e+00 | 9.440e-11 |   3.965e-17 | 1.000e+00 | 1.449e-07
     1 |  2.0833e-11 |   1.078e-19 | 2.496e-03 | 3.255e-03 |   2.083e-11 | 1.855e-04 | 8.863e-11 |   6.148e-21 | 1.551e-04 | 1.372e-07
  SNES converged via DOF-wise criteria:
    DOF 0: ABS (atol)
    DOF 1: ABS (atol) STOL (stol)
    DOF 2: ABS (atol) STOL (stol)
Max dt! can not Increase time step: 3.200e+04 -> 3.200e+04 
  BOUNDS: phi_ice [0.0000, 1.0000]  phi_air [0.0000, 1.0000]
  ===============================================================================
  >>> DOMAIN INTEGRALS (PER TIME STEP)
  ===============================================================================
  -------------------------------------------------------------------------------------------------------------
    STEP |     TIME [s] |    DT [s] |    TOT_ICE |    TOT_AIR |      TEMP |  TOT_RHOV | I-A INTERF | TOTAL_MASS
  -------------------------------------------------------------------------------------------------------------
    95 |  9.58815e+05 | 3.200e+04 |  1.379e-08 |  1.621e-08 | -6.000e-07 | 1.376e-11 |  1.018e-10 |  1.267e-05
       |              |           |    +0.000% |    -0.000% |           |   -0.001% |            |    +0.000%
OUTPUT print!
    SNES DOF norms (2-norm) and ratios
    --------------------------------------------------------------------------------------------------------------------------------------
    it |       fnorm |          n0 |        r0 |        s0 |          n1 |        r1 |        s1 |          n2 |        r2 |        s2
    --------------------------------------------------------------------------------------------------------------------------------------
     0 |  1.0955e-07 |   4.212e-17 | 1.000e+00 | 3.255e-03 |   1.095e-07 | 1.000e+00 | 8.863e-11 |   3.868e-17 | 1.000e+00 | 1.372e-07
     1 |  1.9377e-11 |   1.024e-19 | 2.430e-03 | 3.172e-03 |   1.938e-11 | 1.769e-04 | 8.404e-11 |   5.783e-21 | 1.495e-04 | 1.300e-07
  SNES converged via DOF-wise criteria:
    DOF 0: ABS (atol)
    DOF 1: ABS (atol) STOL (stol)
    DOF 2: ABS (atol) STOL (stol)
Max dt! can not Increase time step: 3.200e+04 -> 3.200e+04 
  BOUNDS: phi_ice [0.0000, 1.0000]  phi_air [0.0000, 1.0000]
  ===============================================================================
  >>> DOMAIN INTEGRALS (PER TIME STEP)
  ===============================================================================
  -------------------------------------------------------------------------------------------------------------
    STEP |     TIME [s] |    DT [s] |    TOT_ICE |    TOT_AIR |      TEMP |  TOT_RHOV | I-A INTERF | TOTAL_MASS
  -------------------------------------------------------------------------------------------------------------
    96 |  9.90815e+05 | 3.200e+04 |  1.379e-08 |  1.621e-08 | -6.000e-07 | 1.376e-11 |  1.018e-10 |  1.267e-05
       |              |           |    +0.000% |    -0.000% |           |   -0.001% |            |    +0.000%
    SNES DOF norms (2-norm) and ratios
    --------------------------------------------------------------------------------------------------------------------------------------
    it |       fnorm |          n0 |        r0 |        s0 |          n1 |        r1 |        s1 |          n2 |        r2 |        s2
    --------------------------------------------------------------------------------------------------------------------------------------
     0 |  1.0686e-07 |   4.109e-17 | 1.000e+00 | 3.172e-03 |   1.069e-07 | 1.000e+00 | 8.404e-11 |   3.773e-17 | 1.000e+00 | 1.300e-07
     1 |  1.8071e-11 |   9.729e-20 | 2.368e-03 | 3.092e-03 |   1.807e-11 | 1.691e-04 | 7.948e-11 |   5.451e-21 | 1.445e-04 | 1.234e-07
  SNES converged via DOF-wise criteria:
    DOF 0: ABS (atol)
    DOF 1: ABS (atol) STOL (stol)
    DOF 2: ABS (atol) STOL (stol)
Max dt! can not Increase time step: 3.200e+04 -> 3.200e+04 
  BOUNDS: phi_ice [0.0000, 1.0000]  phi_air [0.0000, 1.0000]
  ===============================================================================
  >>> DOMAIN INTEGRALS (PER TIME STEP)
  ===============================================================================
  -------------------------------------------------------------------------------------------------------------
    STEP |     TIME [s] |    DT [s] |    TOT_ICE |    TOT_AIR |      TEMP |  TOT_RHOV | I-A INTERF | TOTAL_MASS
  -------------------------------------------------------------------------------------------------------------
    97 |  1.02281e+06 | 3.200e+04 |  1.379e-08 |  1.621e-08 | -6.000e-07 | 1.376e-11 |  1.018e-10 |  1.267e-05
       |              |           |    +0.000% |    -0.000% |           |   -0.001% |            |    +0.000%
    SNES DOF norms (2-norm) and ratios
    --------------------------------------------------------------------------------------------------------------------------------------
    it |       fnorm |          n0 |        r0 |        s0 |          n1 |        r1 |        s1 |          n2 |        r2 |        s2
    --------------------------------------------------------------------------------------------------------------------------------------
     0 |  1.0424e-07 |   4.008e-17 | 1.000e+00 | 3.092e-03 |   1.042e-07 | 1.000e+00 | 7.948e-11 |   3.680e-17 | 1.000e+00 | 1.234e-07
     1 |  1.6890e-11 |   9.249e-20 | 2.307e-03 | 3.014e-03 |   1.689e-11 | 1.620e-04 | 7.529e-11 |   5.148e-21 | 1.399e-04 | 1.171e-07
  SNES converged via DOF-wise criteria:
    DOF 0: ABS (atol)
    DOF 1: ABS (atol) STOL (stol)
    DOF 2: ABS (atol) STOL (stol)
Max dt! can not Increase time step: 3.200e+04 -> 3.200e+04 
  BOUNDS: phi_ice [0.0000, 1.0000]  phi_air [0.0000, 1.0000]
  ===============================================================================
  >>> DOMAIN INTEGRALS (PER TIME STEP)
  ===============================================================================
  -------------------------------------------------------------------------------------------------------------
    STEP |     TIME [s] |    DT [s] |    TOT_ICE |    TOT_AIR |      TEMP |  TOT_RHOV | I-A INTERF | TOTAL_MASS
  -------------------------------------------------------------------------------------------------------------
    98 |  1.05481e+06 | 3.200e+04 |  1.379e-08 |  1.621e-08 | -6.000e-07 | 1.376e-11 |  1.018e-10 |  1.267e-05
       |              |           |    +0.000% |    -0.000% |           |   -0.001% |            |    +0.000%
OUTPUT print!
    SNES DOF norms (2-norm) and ratios
    --------------------------------------------------------------------------------------------------------------------------------------
    it |       fnorm |          n0 |        r0 |        s0 |          n1 |        r1 |        s1 |          n2 |        r2 |        s2
    --------------------------------------------------------------------------------------------------------------------------------------
     0 |  1.0169e-07 |   3.910e-17 | 1.000e+00 | 3.014e-03 |   1.017e-07 | 1.000e+00 | 7.529e-11 |   3.590e-17 | 1.000e+00 | 1.171e-07
     1 |  1.5816e-11 |   8.794e-20 | 2.249e-03 | 2.938e-03 |   1.582e-11 | 1.555e-04 | 7.133e-11 |   4.869e-21 | 1.356e-04 | 1.115e-07
  SNES converged via DOF-wise criteria:
    DOF 0: ABS (atol)
    DOF 1: ABS (atol) STOL (stol)
    DOF 2: ABS (atol) STOL (stol)
Max dt! can not Increase time step: 3.200e+04 -> 3.200e+04 
  BOUNDS: phi_ice [0.0000, 1.0000]  phi_air [0.0000, 1.0000]
  ===============================================================================
  >>> DOMAIN INTEGRALS (PER TIME STEP)
  ===============================================================================
  -------------------------------------------------------------------------------------------------------------
    STEP |     TIME [s] |    DT [s] |    TOT_ICE |    TOT_AIR |      TEMP |  TOT_RHOV | I-A INTERF | TOTAL_MASS
  -------------------------------------------------------------------------------------------------------------
    99 |  1.08681e+06 | 3.200e+04 |  1.379e-08 |  1.621e-08 | -6.000e-07 | 1.376e-11 |  1.018e-10 |  1.267e-05
       |              |           |    +0.000% |    -0.000% |           |   -0.001% |            |    +0.000%
    SNES DOF norms (2-norm) and ratios
    --------------------------------------------------------------------------------------------------------------------------------------
    it |       fnorm |          n0 |        r0 |        s0 |          n1 |        r1 |        s1 |          n2 |        r2 |        s2
    --------------------------------------------------------------------------------------------------------------------------------------
     0 |  9.9206e-08 |   3.815e-17 | 1.000e+00 | 2.938e-03 |   9.921e-08 | 1.000e+00 | 7.133e-11 |   3.502e-17 | 1.000e+00 | 1.115e-07
     1 |  1.4836e-11 |   8.363e-20 | 2.192e-03 | 2.864e-03 |   1.484e-11 | 1.495e-04 | 6.759e-11 |   4.611e-21 | 1.317e-04 | 1.061e-07
  SNES converged via DOF-wise criteria:
    DOF 0: ABS (atol)
    DOF 1: ABS (atol) STOL (stol)
    DOF 2: ABS (atol) STOL (stol)
Max dt! can not Increase time step: 3.200e+04 -> 3.200e+04 
  BOUNDS: phi_ice [0.0000, 1.0000]  phi_air [0.0000, 1.0000]
  ===============================================================================
  >>> DOMAIN INTEGRALS (PER TIME STEP)
  ===============================================================================
  -------------------------------------------------------------------------------------------------------------
    STEP |     TIME [s] |    DT [s] |    TOT_ICE |    TOT_AIR |      TEMP |  TOT_RHOV | I-A INTERF | TOTAL_MASS
  -------------------------------------------------------------------------------------------------------------
   100 |  1.11881e+06 | 3.200e+04 |  1.379e-08 |  1.621e-08 | -6.000e-07 | 1.376e-11 |  1.018e-10 |  1.267e-05
       |              |           |    +0.000% |    -0.000% |           |   -0.001% |            |    +0.000%
    SNES DOF norms (2-norm) and ratios
    --------------------------------------------------------------------------------------------------------------------------------------
    it |       fnorm |          n0 |        r0 |        s0 |          n1 |        r1 |        s1 |          n2 |        r2 |        s2
    --------------------------------------------------------------------------------------------------------------------------------------
     0 |  9.6781e-08 |   3.721e-17 | 1.000e+00 | 2.864e-03 |   9.678e-08 | 1.000e+00 | 6.759e-11 |   3.417e-17 | 1.000e+00 | 1.061e-07
     1 |  1.3941e-11 |   7.955e-20 | 2.138e-03 | 2.792e-03 |   1.394e-11 | 1.440e-04 | 6.393e-11 |   4.371e-21 | 1.279e-04 | 1.012e-07
  SNES converged via DOF-wise criteria:
    DOF 0: ABS (atol)
    DOF 1: ABS (atol) STOL (stol)
    DOF 2: ABS (atol) STOL (stol)
Max dt! can not Increase time step: 3.200e+04 -> 3.200e+04 
  BOUNDS: phi_ice [0.0000, 1.0000]  phi_air [0.0000, 1.0000]
  ===============================================================================
  >>> DOMAIN INTEGRALS (PER TIME STEP)
  ===============================================================================
  -------------------------------------------------------------------------------------------------------------
    STEP |     TIME [s] |    DT [s] |    TOT_ICE |    TOT_AIR |      TEMP |  TOT_RHOV | I-A INTERF | TOTAL_MASS
  -------------------------------------------------------------------------------------------------------------
   101 |  1.15081e+06 | 3.200e+04 |  1.379e-08 |  1.621e-08 | -6.000e-07 | 1.376e-11 |  1.018e-10 |  1.267e-05
       |              |           |    +0.000% |    -0.000% |           |   -0.001% |            |    +0.000%
OUTPUT print!
    SNES DOF norms (2-norm) and ratios
    --------------------------------------------------------------------------------------------------------------------------------------
    it |       fnorm |          n0 |        r0 |        s0 |          n1 |        r1 |        s1 |          n2 |        r2 |        s2
    --------------------------------------------------------------------------------------------------------------------------------------
     0 |  9.4415e-08 |   3.631e-17 | 1.000e+00 | 2.792e-03 |   9.442e-08 | 1.000e+00 | 6.393e-11 |   3.333e-17 | 1.000e+00 | 1.012e-07
     1 |  1.3120e-11 |   7.567e-20 | 2.084e-03 | 2.723e-03 |   1.312e-11 | 1.390e-04 | 6.048e-11 |   4.147e-21 | 1.244e-04 | 9.651e-08
  SNES converged via DOF-wise criteria:
    DOF 0: ABS (atol)
    DOF 1: ABS (atol) STOL (stol)
    DOF 2: ABS (atol) STOL (stol)
Max dt! can not Increase time step: 3.200e+04 -> 3.200e+04 
  BOUNDS: phi_ice [0.0000, 1.0000]  phi_air [0.0000, 1.0000]
  ===============================================================================
  >>> DOMAIN INTEGRALS (PER TIME STEP)
  ===============================================================================
  -------------------------------------------------------------------------------------------------------------
    STEP |     TIME [s] |    DT [s] |    TOT_ICE |    TOT_AIR |      TEMP |  TOT_RHOV | I-A INTERF | TOTAL_MASS
  -------------------------------------------------------------------------------------------------------------
   102 |  1.18281e+06 | 3.200e+04 |  1.379e-08 |  1.621e-08 | -6.000e-07 | 1.376e-11 |  1.018e-10 |  1.267e-05
       |              |           |    +0.000% |    -0.000% |           |   -0.001% |            |    +0.000%
    SNES DOF norms (2-norm) and ratios
    --------------------------------------------------------------------------------------------------------------------------------------
    it |       fnorm |          n0 |        r0 |        s0 |          n1 |        r1 |        s1 |          n2 |        r2 |        s2
    --------------------------------------------------------------------------------------------------------------------------------------
     0 |  9.2108e-08 |   3.542e-17 | 1.000e+00 | 2.723e-03 |   9.211e-08 | 1.000e+00 | 6.048e-11 |   3.252e-17 | 1.000e+00 | 9.651e-08
     1 |  1.2359e-11 |   7.199e-20 | 2.033e-03 | 2.655e-03 |   1.236e-11 | 1.342e-04 | 5.727e-11 |   3.937e-21 | 1.211e-04 | 9.227e-08
  SNES converged via DOF-wise criteria:
    DOF 0: ABS (atol)
    DOF 1: ABS (atol) STOL (stol)
    DOF 2: ABS (atol) STOL (stol)
Max dt! can not Increase time step: 3.200e+04 -> 3.200e+04 
  BOUNDS: phi_ice [0.0000, 1.0000]  phi_air [0.0000, 1.0000]
  ===============================================================================
  >>> DOMAIN INTEGRALS (PER TIME STEP)
  ===============================================================================
  -------------------------------------------------------------------------------------------------------------
    STEP |     TIME [s] |    DT [s] |    TOT_ICE |    TOT_AIR |      TEMP |  TOT_RHOV | I-A INTERF | TOTAL_MASS
  -------------------------------------------------------------------------------------------------------------
   103 |  1.21481e+06 | 3.200e+04 |  1.379e-08 |  1.621e-08 | -6.000e-07 | 1.376e-11 |  1.018e-10 |  1.267e-05
       |              |           |    +0.000% |    -0.000% |           |   -0.001% |            |    +0.000%
    SNES DOF norms (2-norm) and ratios
    --------------------------------------------------------------------------------------------------------------------------------------
    it |       fnorm |          n0 |        r0 |        s0 |          n1 |        r1 |        s1 |          n2 |        r2 |        s2
    --------------------------------------------------------------------------------------------------------------------------------------
     0 |  8.9857e-08 |   3.455e-17 | 1.000e+00 | 2.655e-03 |   8.986e-08 | 1.000e+00 | 5.727e-11 |   3.172e-17 | 1.000e+00 | 9.227e-08
     1 |  1.1656e-11 |   6.849e-20 | 1.982e-03 | 2.589e-03 |   1.166e-11 | 1.297e-04 | 5.419e-11 |   3.739e-21 | 1.179e-04 | 8.818e-08
  SNES converged via DOF-wise criteria:
    DOF 0: ABS (atol)
    DOF 1: ABS (atol) STOL (stol)
    DOF 2: ABS (atol) STOL (stol)
Max dt! can not Increase time step: 3.200e+04 -> 3.200e+04 
  BOUNDS: phi_ice [0.0000, 1.0000]  phi_air [0.0000, 1.0000]
  ===============================================================================
  >>> DOMAIN INTEGRALS (PER TIME STEP)
  ===============================================================================
  -------------------------------------------------------------------------------------------------------------
    STEP |     TIME [s] |    DT [s] |    TOT_ICE |    TOT_AIR |      TEMP |  TOT_RHOV | I-A INTERF | TOTAL_MASS
  -------------------------------------------------------------------------------------------------------------
   104 |  1.24681e+06 | 3.200e+04 |  1.379e-08 |  1.621e-08 | -6.000e-07 | 1.376e-11 |  1.018e-10 |  1.267e-05
       |              |           |    +0.000% |    -0.000% |           |   -0.001% |            |    +0.000%
OUTPUT print!
    SNES DOF norms (2-norm) and ratios
    --------------------------------------------------------------------------------------------------------------------------------------
    it |       fnorm |          n0 |        r0 |        s0 |          n1 |        r1 |        s1 |          n2 |        r2 |        s2
    --------------------------------------------------------------------------------------------------------------------------------------
     0 |  8.7660e-08 |   3.371e-17 | 1.000e+00 | 2.589e-03 |   8.766e-08 | 1.000e+00 | 5.419e-11 |   3.095e-17 | 1.000e+00 | 8.818e-08
     1 |  1.1003e-11 |   6.517e-20 | 1.933e-03 | 2.524e-03 |   1.100e-11 | 1.255e-04 | 5.132e-11 |   3.553e-21 | 1.148e-04 | 8.417e-08
  SNES converged via DOF-wise criteria:
    DOF 0: ABS (atol)
    DOF 1: ABS (atol) STOL (stol)
    DOF 2: ABS (atol) STOL (stol)
Max dt! can not Increase time step: 3.200e+04 -> 3.200e+04 
  BOUNDS: phi_ice [0.0000, 1.0000]  phi_air [0.0000, 1.0000]
  ===============================================================================
  >>> DOMAIN INTEGRALS (PER TIME STEP)
  ===============================================================================
  -------------------------------------------------------------------------------------------------------------
    STEP |     TIME [s] |    DT [s] |    TOT_ICE |    TOT_AIR |      TEMP |  TOT_RHOV | I-A INTERF | TOTAL_MASS
  -------------------------------------------------------------------------------------------------------------
   105 |  1.27881e+06 | 3.200e+04 |  1.379e-08 |  1.621e-08 | -6.000e-07 | 1.376e-11 |  1.018e-10 |  1.267e-05
       |              |           |    +0.000% |    -0.000% |           |   -0.001% |            |    +0.000%
    SNES DOF norms (2-norm) and ratios
    --------------------------------------------------------------------------------------------------------------------------------------
    it |       fnorm |          n0 |        r0 |        s0 |          n1 |        r1 |        s1 |          n2 |        r2 |        s2
    --------------------------------------------------------------------------------------------------------------------------------------
     0 |  8.5518e-08 |   3.288e-17 | 1.000e+00 | 2.524e-03 |   8.552e-08 | 1.000e+00 | 5.132e-11 |   3.019e-17 | 1.000e+00 | 8.417e-08
     1 |  1.0394e-11 |   6.200e-20 | 1.886e-03 | 2.462e-03 |   1.039e-11 | 1.215e-04 | 4.861e-11 |   3.377e-21 | 1.118e-04 | 8.055e-08
  SNES converged via DOF-wise criteria:
    DOF 0: ABS (atol)
    DOF 1: ABS (atol) STOL (stol)
    DOF 2: ABS (atol) STOL (stol)
Max dt! can not Increase time step: 3.200e+04 -> 3.200e+04 
  BOUNDS: phi_ice [0.0000, 1.0000]  phi_air [0.0000, 1.0000]
  ===============================================================================
  >>> DOMAIN INTEGRALS (PER TIME STEP)
  ===============================================================================
  -------------------------------------------------------------------------------------------------------------
    STEP |     TIME [s] |    DT [s] |    TOT_ICE |    TOT_AIR |      TEMP |  TOT_RHOV | I-A INTERF | TOTAL_MASS
  -------------------------------------------------------------------------------------------------------------
   106 |  1.31081e+06 | 3.200e+04 |  1.379e-08 |  1.621e-08 | -6.000e-07 | 1.376e-11 |  1.018e-10 |  1.267e-05
       |              |           |    +0.000% |    -0.000% |           |   -0.001% |            |    +0.000%
    SNES DOF norms (2-norm) and ratios
    --------------------------------------------------------------------------------------------------------------------------------------
    it |       fnorm |          n0 |        r0 |        s0 |          n1 |        r1 |        s1 |          n2 |        r2 |        s2
    --------------------------------------------------------------------------------------------------------------------------------------
     0 |  8.3427e-08 |   3.208e-17 | 1.000e+00 | 2.462e-03 |   8.343e-08 | 1.000e+00 | 4.861e-11 |   2.945e-17 | 1.000e+00 | 8.055e-08
     1 |  9.8298e-12 |   5.900e-20 | 1.839e-03 | 2.401e-03 |   9.830e-12 | 1.178e-04 | 4.607e-11 |   3.210e-21 | 1.090e-04 | 7.704e-08
  SNES converged via DOF-wise criteria:
    DOF 0: ABS (atol)
    DOF 1: ABS (atol) STOL (stol)
    DOF 2: ABS (atol) STOL (stol)
Max dt! can not Increase time step: 3.200e+04 -> 3.200e+04 
  BOUNDS: phi_ice [0.0000, 1.0000]  phi_air [0.0000, 1.0000]
  ===============================================================================
  >>> DOMAIN INTEGRALS (PER TIME STEP)
  ===============================================================================
  -------------------------------------------------------------------------------------------------------------
    STEP |     TIME [s] |    DT [s] |    TOT_ICE |    TOT_AIR |      TEMP |  TOT_RHOV | I-A INTERF | TOTAL_MASS
  -------------------------------------------------------------------------------------------------------------
   107 |  1.34281e+06 | 3.200e+04 |  1.379e-08 |  1.621e-08 | -6.000e-07 | 1.376e-11 |  1.018e-10 |  1.267e-05
       |              |           |    +0.000% |    -0.000% |           |   -0.001% |            |    +0.000%
OUTPUT print!
    SNES DOF norms (2-norm) and ratios
    --------------------------------------------------------------------------------------------------------------------------------------
    it |       fnorm |          n0 |        r0 |        s0 |          n1 |        r1 |        s1 |          n2 |        r2 |        s2
    --------------------------------------------------------------------------------------------------------------------------------------
     0 |  8.1387e-08 |   3.130e-17 | 1.000e+00 | 2.401e-03 |   8.139e-08 | 1.000e+00 | 4.607e-11 |   2.873e-17 | 1.000e+00 | 7.704e-08
     1 |  9.2969e-12 |   5.614e-20 | 1.794e-03 | 2.341e-03 |   9.297e-12 | 1.142e-04 | 4.370e-11 |   3.052e-21 | 1.062e-04 | 7.379e-08
  SNES converged via DOF-wise criteria:
    DOF 0: ABS (atol)
    DOF 1: ABS (atol) STOL (stol)
    DOF 2: ABS (atol) STOL (stol)
Max dt! can not Increase time step: 3.200e+04 -> 3.200e+04 
  BOUNDS: phi_ice [0.0000, 1.0000]  phi_air [0.0000, 1.0000]
  ===============================================================================
  >>> DOMAIN INTEGRALS (PER TIME STEP)
  ===============================================================================
  -------------------------------------------------------------------------------------------------------------
    STEP |     TIME [s] |    DT [s] |    TOT_ICE |    TOT_AIR |      TEMP |  TOT_RHOV | I-A INTERF | TOTAL_MASS
  -------------------------------------------------------------------------------------------------------------
   108 |  1.37481e+06 | 3.200e+04 |  1.379e-08 |  1.621e-08 | -6.000e-07 | 1.376e-11 |  1.019e-10 |  1.267e-05
       |              |           |    +0.000% |    -0.000% |           |   -0.001% |            |    +0.000%
    SNES DOF norms (2-norm) and ratios
    --------------------------------------------------------------------------------------------------------------------------------------
    it |       fnorm |          n0 |        r0 |        s0 |          n1 |        r1 |        s1 |          n2 |        r2 |        s2
    --------------------------------------------------------------------------------------------------------------------------------------
     0 |  7.9397e-08 |   3.053e-17 | 1.000e+00 | 2.341e-03 |   7.940e-08 | 1.000e+00 | 4.370e-11 |   2.803e-17 | 1.000e+00 | 7.379e-08
     1 |  8.8013e-12 |   5.342e-20 | 1.750e-03 | 2.283e-03 |   8.801e-12 | 1.109e-04 | 4.148e-11 |   2.902e-21 | 1.035e-04 | 7.066e-08
  SNES converged via DOF-wise criteria:
    DOF 0: ABS (atol)
    DOF 1: ABS (atol) STOL (stol)
    DOF 2: ABS (atol) STOL (stol)
Max dt! can not Increase time step: 3.200e+04 -> 3.200e+04 
  BOUNDS: phi_ice [0.0000, 1.0000]  phi_air [0.0000, 1.0000]
  ===============================================================================
  >>> DOMAIN INTEGRALS (PER TIME STEP)
  ===============================================================================
  -------------------------------------------------------------------------------------------------------------
    STEP |     TIME [s] |    DT [s] |    TOT_ICE |    TOT_AIR |      TEMP |  TOT_RHOV | I-A INTERF | TOTAL_MASS
  -------------------------------------------------------------------------------------------------------------
   109 |  1.40681e+06 | 3.200e+04 |  1.379e-08 |  1.621e-08 | -6.000e-07 | 1.376e-11 |  1.019e-10 |  1.267e-05
       |              |           |    +0.000% |    -0.000% |           |   -0.001% |            |    +0.000%
    SNES DOF norms (2-norm) and ratios
    --------------------------------------------------------------------------------------------------------------------------------------
    it |       fnorm |          n0 |        r0 |        s0 |          n1 |        r1 |        s1 |          n2 |        r2 |        s2
    --------------------------------------------------------------------------------------------------------------------------------------
     0 |  7.7455e-08 |   2.978e-17 | 1.000e+00 | 2.283e-03 |   7.746e-08 | 1.000e+00 | 4.148e-11 |   2.734e-17 | 1.000e+00 | 7.066e-08
     1 |  8.3340e-12 |   5.083e-20 | 1.707e-03 | 2.227e-03 |   8.334e-12 | 1.076e-04 | 3.941e-11 |   2.760e-21 | 1.009e-04 | 6.777e-08
  SNES converged via DOF-wise criteria:
    DOF 0: ABS (atol)
    DOF 1: ABS (atol) STOL (stol)
    DOF 2: ABS (atol) STOL (stol)
Max dt! can not Increase time step: 3.200e+04 -> 3.200e+04 
  BOUNDS: phi_ice [0.0000, 1.0000]  phi_air [0.0000, 1.0000]
  ===============================================================================
  >>> DOMAIN INTEGRALS (PER TIME STEP)
  ===============================================================================
  -------------------------------------------------------------------------------------------------------------
    STEP |     TIME [s] |    DT [s] |    TOT_ICE |    TOT_AIR |      TEMP |  TOT_RHOV | I-A INTERF | TOTAL_MASS
  -------------------------------------------------------------------------------------------------------------
   110 |  1.43881e+06 | 3.200e+04 |  1.379e-08 |  1.621e-08 | -6.000e-07 | 1.376e-11 |  1.019e-10 |  1.267e-05
       |              |           |    +0.000% |    -0.000% |           |   -0.001% |            |    +0.000%
OUTPUT print!
    SNES DOF norms (2-norm) and ratios
    --------------------------------------------------------------------------------------------------------------------------------------
    it |       fnorm |          n0 |        r0 |        s0 |          n1 |        r1 |        s1 |          n2 |        r2 |        s2
    --------------------------------------------------------------------------------------------------------------------------------------
     0 |  7.5561e-08 |   2.906e-17 | 1.000e+00 | 2.227e-03 |   7.556e-08 | 1.000e+00 | 3.941e-11 |   2.668e-17 | 1.000e+00 | 6.777e-08
     1 |  7.8947e-12 |   4.837e-20 | 1.665e-03 | 2.172e-03 |   7.895e-12 | 1.045e-04 | 3.748e-11 |   2.624e-21 | 9.837e-05 | 6.492e-08
  SNES converged via DOF-wise criteria:
    DOF 0: ABS (atol)
    DOF 1: ABS (atol) STOL (stol)
    DOF 2: ABS (atol) STOL (stol)
Max dt! can not Increase time step: 3.200e+04 -> 3.200e+04 
  BOUNDS: phi_ice [0.0000, 1.0000]  phi_air [0.0000, 1.0000]
  ===============================================================================
  >>> DOMAIN INTEGRALS (PER TIME STEP)
  ===============================================================================
  -------------------------------------------------------------------------------------------------------------
    STEP |     TIME [s] |    DT [s] |    TOT_ICE |    TOT_AIR |      TEMP |  TOT_RHOV | I-A INTERF | TOTAL_MASS
  -------------------------------------------------------------------------------------------------------------
   111 |  1.47081e+06 | 3.200e+04 |  1.379e-08 |  1.621e-08 | -6.000e-07 | 1.376e-11 |  1.019e-10 |  1.267e-05
       |              |           |    +0.000% |    -0.000% |           |   -0.001% |            |    +0.000%
    SNES DOF norms (2-norm) and ratios
    --------------------------------------------------------------------------------------------------------------------------------------
    it |       fnorm |          n0 |        r0 |        s0 |          n1 |        r1 |        s1 |          n2 |        r2 |        s2
    --------------------------------------------------------------------------------------------------------------------------------------
     0 |  7.3714e-08 |   2.834e-17 | 1.000e+00 | 2.172e-03 |   7.371e-08 | 1.000e+00 | 3.748e-11 |   2.602e-17 | 1.000e+00 | 6.492e-08
     1 |  7.4814e-12 |   4.603e-20 | 1.624e-03 | 2.118e-03 |   7.481e-12 | 1.015e-04 | 3.570e-11 |   2.495e-21 | 9.589e-05 | 6.241e-08
  SNES converged via DOF-wise criteria:
    DOF 0: ABS (atol)
    DOF 1: ABS (atol) STOL (stol)
    DOF 2: ABS (atol) STOL (stol)
Max dt! can not Increase time step: 3.200e+04 -> 3.200e+04 
  BOUNDS: phi_ice [0.0000, 1.0000]  phi_air [0.0000, 1.0000]
  ===============================================================================
  >>> DOMAIN INTEGRALS (PER TIME STEP)
  ===============================================================================
  -------------------------------------------------------------------------------------------------------------
    STEP |     TIME [s] |    DT [s] |    TOT_ICE |    TOT_AIR |      TEMP |  TOT_RHOV | I-A INTERF | TOTAL_MASS
  -------------------------------------------------------------------------------------------------------------
   112 |  1.50281e+06 | 3.200e+04 |  1.379e-08 |  1.621e-08 | -6.000e-07 | 1.376e-11 |  1.019e-10 |  1.267e-05
       |              |           |    +0.000% |    -0.000% |           |   -0.001% |            |    +0.000%
    SNES DOF norms (2-norm) and ratios
    --------------------------------------------------------------------------------------------------------------------------------------
    it |       fnorm |          n0 |        r0 |        s0 |          n1 |        r1 |        s1 |          n2 |        r2 |        s2
    --------------------------------------------------------------------------------------------------------------------------------------
     0 |  7.1911e-08 |   2.765e-17 | 1.000e+00 | 2.118e-03 |   7.191e-08 | 1.000e+00 | 3.570e-11 |   2.539e-17 | 1.000e+00 | 6.241e-08
     1 |  7.0931e-12 |   4.381e-20 | 1.584e-03 | 2.066e-03 |   7.093e-12 | 9.864e-05 | 3.407e-11 |   2.373e-21 | 9.346e-05 | 5.986e-08
  SNES converged via DOF-wise criteria:
    DOF 0: ABS (atol)
    DOF 1: ABS (atol) STOL (stol)
    DOF 2: ABS (atol) STOL (stol)
Max dt! can not Increase time step: 3.200e+04 -> 3.200e+04 
  BOUNDS: phi_ice [0.0000, 1.0000]  phi_air [0.0000, 1.0000]
  ===============================================================================
  >>> DOMAIN INTEGRALS (PER TIME STEP)
  ===============================================================================
  -------------------------------------------------------------------------------------------------------------
    STEP |     TIME [s] |    DT [s] |    TOT_ICE |    TOT_AIR |      TEMP |  TOT_RHOV | I-A INTERF | TOTAL_MASS
  -------------------------------------------------------------------------------------------------------------
   113 |  1.53481e+06 | 3.200e+04 |  1.379e-08 |  1.621e-08 | -6.000e-07 | 1.376e-11 |  1.020e-10 |  1.267e-05
       |              |           |    +0.000% |    -0.000% |           |   -0.001% |            |    +0.000%
OUTPUT print!
    SNES DOF norms (2-norm) and ratios
    --------------------------------------------------------------------------------------------------------------------------------------
    it |       fnorm |          n0 |        r0 |        s0 |          n1 |        r1 |        s1 |          n2 |        r2 |        s2
    --------------------------------------------------------------------------------------------------------------------------------------
     0 |  7.0154e-08 |   2.698e-17 | 1.000e+00 | 2.066e-03 |   7.015e-08 | 1.000e+00 | 3.407e-11 |   2.477e-17 | 1.000e+00 | 5.986e-08
     1 |  6.7263e-12 |   4.169e-20 | 1.545e-03 | 2.015e-03 |   6.726e-12 | 9.588e-05 | 3.255e-11 |   2.257e-21 | 9.114e-05 | 5.749e-08
  SNES converged via DOF-wise criteria:
    DOF 0: ABS (atol)
    DOF 1: ABS (atol) STOL (stol)
    DOF 2: ABS (atol) STOL (stol)
Max dt! can not Increase time step: 3.200e+04 -> 3.200e+04 
  BOUNDS: phi_ice [0.0000, 1.0000]  phi_air [0.0000, 1.0000]
  ===============================================================================
  >>> DOMAIN INTEGRALS (PER TIME STEP)
  ===============================================================================
  -------------------------------------------------------------------------------------------------------------
    STEP |     TIME [s] |    DT [s] |    TOT_ICE |    TOT_AIR |      TEMP |  TOT_RHOV | I-A INTERF | TOTAL_MASS
  -------------------------------------------------------------------------------------------------------------
   114 |  1.56681e+06 | 3.200e+04 |  1.379e-08 |  1.621e-08 | -6.000e-07 | 1.376e-11 |  1.020e-10 |  1.267e-05
       |              |           |    +0.000% |    -0.000% |           |   -0.001% |            |    +0.000%
    SNES DOF norms (2-norm) and ratios
    --------------------------------------------------------------------------------------------------------------------------------------
    it |       fnorm |          n0 |        r0 |        s0 |          n1 |        r1 |        s1 |          n2 |        r2 |        s2
    --------------------------------------------------------------------------------------------------------------------------------------
     0 |  6.8439e-08 |   2.632e-17 | 1.000e+00 | 2.015e-03 |   6.844e-08 | 1.000e+00 | 3.255e-11 |   2.416e-17 | 1.000e+00 | 5.749e-08
     1 |  6.3805e-12 |   3.967e-20 | 1.508e-03 | 1.966e-03 |   6.381e-12 | 9.323e-05 | 3.122e-11 |   2.147e-21 | 8.887e-05 | 5.524e-08
  SNES converged via DOF-wise criteria:
    DOF 0: ABS (atol)
    DOF 1: ABS (atol) STOL (stol)
    DOF 2: ABS (atol) STOL (stol)
Max dt! can not Increase time step: 3.200e+04 -> 3.200e+04 
  BOUNDS: phi_ice [0.0000, 1.0000]  phi_air [0.0000, 1.0000]
  ===============================================================================
  >>> DOMAIN INTEGRALS (PER TIME STEP)
  ===============================================================================
  -------------------------------------------------------------------------------------------------------------
    STEP |     TIME [s] |    DT [s] |    TOT_ICE |    TOT_AIR |      TEMP |  TOT_RHOV | I-A INTERF | TOTAL_MASS
  -------------------------------------------------------------------------------------------------------------
   115 |  1.59881e+06 | 3.200e+04 |  1.379e-08 |  1.621e-08 | -6.000e-07 | 1.376e-11 |  1.020e-10 |  1.267e-05
       |              |           |    +0.000% |    -0.000% |           |   -0.001% |            |    +0.000%
    SNES DOF norms (2-norm) and ratios
    --------------------------------------------------------------------------------------------------------------------------------------
    it |       fnorm |          n0 |        r0 |        s0 |          n1 |        r1 |        s1 |          n2 |        r2 |        s2
    --------------------------------------------------------------------------------------------------------------------------------------
     0 |  6.6767e-08 |   2.567e-17 | 1.000e+00 | 1.966e-03 |   6.677e-08 | 1.000e+00 | 3.122e-11 |   2.357e-17 | 1.000e+00 | 5.524e-08
     1 |  6.0474e-12 |   3.776e-20 | 1.471e-03 | 1.917e-03 |   6.047e-12 | 9.057e-05 | 2.989e-11 |   2.040e-21 | 8.656e-05 | 5.313e-08
  SNES converged via DOF-wise criteria:
    DOF 0: ABS (atol)
    DOF 1: ABS (atol) STOL (stol)
    DOF 2: ABS (atol) STOL (stol)
Max dt! can not Increase time step: 3.200e+04 -> 3.200e+04 
  BOUNDS: phi_ice [0.0000, 1.0000]  phi_air [0.0000, 1.0000]
  ===============================================================================
  >>> DOMAIN INTEGRALS (PER TIME STEP)
  ===============================================================================
  -------------------------------------------------------------------------------------------------------------
    STEP |     TIME [s] |    DT [s] |    TOT_ICE |    TOT_AIR |      TEMP |  TOT_RHOV | I-A INTERF | TOTAL_MASS
  -------------------------------------------------------------------------------------------------------------
   116 |  1.63081e+06 | 3.200e+04 |  1.379e-08 |  1.621e-08 | -6.000e-07 | 1.376e-11 |  1.020e-10 |  1.267e-05
       |              |           |    +0.000% |    -0.000% |           |   -0.001% |            |    +0.000%
OUTPUT print!
    SNES DOF norms (2-norm) and ratios
    --------------------------------------------------------------------------------------------------------------------------------------
    it |       fnorm |          n0 |        r0 |        s0 |          n1 |        r1 |        s1 |          n2 |        r2 |        s2
    --------------------------------------------------------------------------------------------------------------------------------------
     0 |  6.5136e-08 |   2.505e-17 | 1.000e+00 | 1.917e-03 |   6.514e-08 | 1.000e+00 | 2.989e-11 |   2.300e-17 | 1.000e+00 | 5.313e-08
     1 |  5.7399e-12 |   3.593e-20 | 1.435e-03 | 1.870e-03 |   5.740e-12 | 8.812e-05 | 2.855e-11 |   1.940e-21 | 8.437e-05 | 5.113e-08
  SNES converged via DOF-wise criteria:
    DOF 0: ABS (atol)
    DOF 1: ABS (atol) STOL (stol)
    DOF 2: ABS (atol) STOL (stol)
Max dt! can not Increase time step: 3.200e+04 -> 3.200e+04 
  BOUNDS: phi_ice [0.0000, 1.0000]  phi_air [0.0000, 1.0000]
  ===============================================================================
  >>> DOMAIN INTEGRALS (PER TIME STEP)
  ===============================================================================
  -------------------------------------------------------------------------------------------------------------
    STEP |     TIME [s] |    DT [s] |    TOT_ICE |    TOT_AIR |      TEMP |  TOT_RHOV | I-A INTERF | TOTAL_MASS
  -------------------------------------------------------------------------------------------------------------
   117 |  1.66281e+06 | 3.200e+04 |  1.379e-08 |  1.621e-08 | -6.000e-07 | 1.376e-11 |  1.021e-10 |  1.267e-05
       |              |           |    +0.000% |    -0.000% |           |   -0.001% |            |    +0.000%
    SNES DOF norms (2-norm) and ratios
    --------------------------------------------------------------------------------------------------------------------------------------
    it |       fnorm |          n0 |        r0 |        s0 |          n1 |        r1 |        s1 |          n2 |        r2 |        s2
    --------------------------------------------------------------------------------------------------------------------------------------
     0 |  6.3546e-08 |   2.443e-17 | 1.000e+00 | 1.870e-03 |   6.355e-08 | 1.000e+00 | 2.855e-11 |   2.243e-17 | 1.000e+00 | 5.113e-08
     1 |  5.4451e-12 |   3.420e-20 | 1.399e-03 | 1.824e-03 |   5.445e-12 | 8.569e-05 | 2.763e-11 |   1.845e-21 | 8.223e-05 | 4.923e-08
  SNES converged via DOF-wise criteria:
    DOF 0: ABS (atol)
    DOF 1: ABS (atol) STOL (stol)
    DOF 2: ABS (atol) STOL (stol)
Max dt! can not Increase time step: 3.200e+04 -> 3.200e+04 
  BOUNDS: phi_ice [0.0000, 1.0000]  phi_air [0.0000, 1.0000]
  ===============================================================================
  >>> DOMAIN INTEGRALS (PER TIME STEP)
  ===============================================================================
  -------------------------------------------------------------------------------------------------------------
    STEP |     TIME [s] |    DT [s] |    TOT_ICE |    TOT_AIR |      TEMP |  TOT_RHOV | I-A INTERF | TOTAL_MASS
  -------------------------------------------------------------------------------------------------------------
   118 |  1.69481e+06 | 3.200e+04 |  1.379e-08 |  1.621e-08 | -6.000e-07 | 1.376e-11 |  1.021e-10 |  1.267e-05
       |              |           |    +0.000% |    -0.000% |           |   -0.001% |            |    +0.000%
    SNES DOF norms (2-norm) and ratios
    --------------------------------------------------------------------------------------------------------------------------------------
    it |       fnorm |          n0 |        r0 |        s0 |          n1 |        r1 |        s1 |          n2 |        r2 |        s2
    --------------------------------------------------------------------------------------------------------------------------------------
     0 |  6.1995e-08 |   2.384e-17 | 1.000e+00 | 1.824e-03 |   6.200e-08 | 1.000e+00 | 2.763e-11 |   2.189e-17 | 1.000e+00 | 4.923e-08
     1 |  5.1695e-12 |   3.255e-20 | 1.365e-03 | 1.780e-03 |   5.169e-12 | 8.339e-05 | 2.650e-11 |   1.754e-21 | 8.016e-05 | 4.741e-08
  SNES converged via DOF-wise criteria:
    DOF 0: ABS (atol)
    DOF 1: ABS (atol) STOL (stol)
    DOF 2: ABS (atol) STOL (stol)
Max dt! can not Increase time step: 3.200e+04 -> 3.200e+04 
  BOUNDS: phi_ice [0.0000, 1.0000]  phi_air [0.0000, 1.0000]
  ===============================================================================
  >>> DOMAIN INTEGRALS (PER TIME STEP)
  ===============================================================================
  -------------------------------------------------------------------------------------------------------------
    STEP |     TIME [s] |    DT [s] |    TOT_ICE |    TOT_AIR |      TEMP |  TOT_RHOV | I-A INTERF | TOTAL_MASS
  -------------------------------------------------------------------------------------------------------------
   119 |  1.72681e+06 | 3.200e+04 |  1.379e-08 |  1.621e-08 | -6.000e-07 | 1.376e-11 |  1.021e-10 |  1.267e-05
       |              |           |    +0.000% |    -0.000% |           |   -0.001% |            |    +0.000%
OUTPUT print!
    SNES DOF norms (2-norm) and ratios
    --------------------------------------------------------------------------------------------------------------------------------------
    it |       fnorm |          n0 |        r0 |        s0 |          n1 |        r1 |        s1 |          n2 |        r2 |        s2
    --------------------------------------------------------------------------------------------------------------------------------------
     0 |  6.0483e-08 |   2.326e-17 | 1.000e+00 | 1.780e-03 |   6.048e-08 | 1.000e+00 | 2.650e-11 |   2.135e-17 | 1.000e+00 | 4.741e-08
     1 |  4.9044e-12 |   3.097e-20 | 1.332e-03 | 1.736e-03 |   4.904e-12 | 8.109e-05 | 2.574e-11 |   1.668e-21 | 7.810e-05 | 4.571e-08
  SNES converged via DOF-wise criteria:
    DOF 0: ABS (atol)
    DOF 1: ABS (atol) STOL (stol)
    DOF 2: ABS (atol) STOL (stol)
Max dt! can not Increase time step: 3.200e+04 -> 3.200e+04 
  BOUNDS: phi_ice [0.0000, 1.0000]  phi_air [0.0000, 1.0000]
  ===============================================================================
  >>> DOMAIN INTEGRALS (PER TIME STEP)
  ===============================================================================
  -------------------------------------------------------------------------------------------------------------
    STEP |     TIME [s] |    DT [s] |    TOT_ICE |    TOT_AIR |      TEMP |  TOT_RHOV | I-A INTERF | TOTAL_MASS
  -------------------------------------------------------------------------------------------------------------
   120 |  1.75881e+06 | 3.200e+04 |  1.379e-08 |  1.621e-08 | -6.000e-07 | 1.376e-11 |  1.022e-10 |  1.267e-05
       |              |           |    +0.000% |    -0.000% |           |   -0.001% |            |    +0.000%
    SNES DOF norms (2-norm) and ratios
    --------------------------------------------------------------------------------------------------------------------------------------
    it |       fnorm |          n0 |        r0 |        s0 |          n1 |        r1 |        s1 |          n2 |        r2 |        s2
    --------------------------------------------------------------------------------------------------------------------------------------
     0 |  5.9009e-08 |   2.269e-17 | 1.000e+00 | 1.736e-03 |   5.901e-08 | 1.000e+00 | 2.574e-11 |   2.083e-17 | 1.000e+00 | 4.571e-08
     1 |  4.6569e-12 |   2.948e-20 | 1.299e-03 | 1.694e-03 |   4.657e-12 | 7.892e-05 | 2.474e-11 |   1.586e-21 | 7.614e-05 | 4.410e-08
  SNES converged via DOF-wise criteria:
    DOF 0: ABS (atol)
    DOF 1: ABS (atol) STOL (stol)
    DOF 2: ABS (atol) STOL (stol)
Max dt! can not Increase time step: 3.200e+04 -> 3.200e+04 
  BOUNDS: phi_ice [0.0000, 1.0000]  phi_air [0.0000, 1.0000]
  ===============================================================================
  >>> DOMAIN INTEGRALS (PER TIME STEP)
  ===============================================================================
  -------------------------------------------------------------------------------------------------------------
    STEP |     TIME [s] |    DT [s] |    TOT_ICE |    TOT_AIR |      TEMP |  TOT_RHOV | I-A INTERF | TOTAL_MASS
  -------------------------------------------------------------------------------------------------------------
   121 |  1.79081e+06 | 3.200e+04 |  1.379e-08 |  1.621e-08 | -6.000e-07 | 1.376e-11 |  1.022e-10 |  1.267e-05
       |              |           |    +0.000% |    -0.000% |           |   -0.001% |            |    +0.000%
    SNES DOF norms (2-norm) and ratios
    --------------------------------------------------------------------------------------------------------------------------------------
    it |       fnorm |          n0 |        r0 |        s0 |          n1 |        r1 |        s1 |          n2 |        r2 |        s2
    --------------------------------------------------------------------------------------------------------------------------------------
     0 |  5.7571e-08 |   2.214e-17 | 1.000e+00 | 1.694e-03 |   5.757e-08 | 1.000e+00 | 2.474e-11 |   2.032e-17 | 1.000e+00 | 4.410e-08
     1 |  4.4235e-12 |   2.806e-20 | 1.268e-03 | 1.652e-03 |   4.423e-12 | 7.683e-05 | 2.408e-11 |   1.508e-21 | 7.421e-05 | 4.254e-08
  SNES converged via DOF-wise criteria:
    DOF 0: ABS (atol)
    DOF 1: ABS (atol) STOL (stol)
    DOF 2: ABS (atol) STOL (stol)
Max dt! can not Increase time step: 3.200e+04 -> 3.200e+04 
  BOUNDS: phi_ice [0.0000, 1.0000]  phi_air [0.0000, 1.0000]
  ===============================================================================
  >>> DOMAIN INTEGRALS (PER TIME STEP)
  ===============================================================================
  -------------------------------------------------------------------------------------------------------------
    STEP |     TIME [s] |    DT [s] |    TOT_ICE |    TOT_AIR |      TEMP |  TOT_RHOV | I-A INTERF | TOTAL_MASS
  -------------------------------------------------------------------------------------------------------------
   122 |  1.82281e+06 | 3.200e+04 |  1.379e-08 |  1.621e-08 | -6.000e-07 | 1.376e-11 |  1.022e-10 |  1.267e-05
       |              |           |    +0.000% |    -0.000% |           |   -0.001% |            |    +0.000%
OUTPUT print!
    SNES DOF norms (2-norm) and ratios
    --------------------------------------------------------------------------------------------------------------------------------------
    it |       fnorm |          n0 |        r0 |        s0 |          n1 |        r1 |        s1 |          n2 |        r2 |        s2
    --------------------------------------------------------------------------------------------------------------------------------------
     0 |  5.6169e-08 |   2.160e-17 | 1.000e+00 | 1.652e-03 |   5.617e-08 | 1.000e+00 | 2.408e-11 |   1.983e-17 | 1.000e+00 | 4.254e-08
     1 |  4.2021e-12 |   2.671e-20 | 1.237e-03 | 1.612e-03 |   4.202e-12 | 7.481e-05 | 2.337e-11 |   1.434e-21 | 7.233e-05 | 4.112e-08
  SNES converged via DOF-wise criteria:
    DOF 0: ABS (atol)
    DOF 1: ABS (atol) STOL (stol)
    DOF 2: ABS (atol) STOL (stol)
Max dt! can not Increase time step: 3.200e+04 -> 3.200e+04 
  BOUNDS: phi_ice [0.0000, 1.0000]  phi_air [0.0000, 1.0000]
  ===============================================================================
  >>> DOMAIN INTEGRALS (PER TIME STEP)
  ===============================================================================
  -------------------------------------------------------------------------------------------------------------
    STEP |     TIME [s] |    DT [s] |    TOT_ICE |    TOT_AIR |      TEMP |  TOT_RHOV | I-A INTERF | TOTAL_MASS
  -------------------------------------------------------------------------------------------------------------
   123 |  1.85481e+06 | 3.200e+04 |  1.379e-08 |  1.621e-08 | -6.000e-07 | 1.376e-11 |  1.023e-10 |  1.267e-05
       |              |           |    +0.000% |    -0.000% |           |   -0.001% |            |    +0.000%
    SNES DOF norms (2-norm) and ratios
    --------------------------------------------------------------------------------------------------------------------------------------
    it |       fnorm |          n0 |        r0 |        s0 |          n1 |        r1 |        s1 |          n2 |        r2 |        s2
    --------------------------------------------------------------------------------------------------------------------------------------
     0 |  5.4802e-08 |   2.107e-17 | 1.000e+00 | 1.612e-03 |   5.480e-08 | 1.000e+00 | 2.337e-11 |   1.935e-17 | 1.000e+00 | 4.112e-08
     1 |  3.9924e-12 |   2.542e-20 | 1.206e-03 | 1.573e-03 |   3.992e-12 | 7.285e-05 | 2.275e-11 |   1.363e-21 | 7.045e-05 | 3.972e-08
  SNES converged via DOF-wise criteria:
    DOF 0: ABS (atol)
    DOF 1: ABS (atol) STOL (stol)
    DOF 2: ABS (atol) STOL (stol)
Max dt! can not Increase time step: 3.200e+04 -> 3.200e+04 
  BOUNDS: phi_ice [0.0000, 1.0000]  phi_air [0.0000, 1.0000]
  ===============================================================================
  >>> DOMAIN INTEGRALS (PER TIME STEP)
  ===============================================================================
  -------------------------------------------------------------------------------------------------------------
    STEP |     TIME [s] |    DT [s] |    TOT_ICE |    TOT_AIR |      TEMP |  TOT_RHOV | I-A INTERF | TOTAL_MASS
  -------------------------------------------------------------------------------------------------------------
   124 |  1.88681e+06 | 3.200e+04 |  1.379e-08 |  1.621e-08 | -6.000e-07 | 1.376e-11 |  1.023e-10 |  1.267e-05
       |              |           |    +0.000% |    -0.000% |           |   -0.001% |            |    +0.000%
    SNES DOF norms (2-norm) and ratios
    --------------------------------------------------------------------------------------------------------------------------------------
    it |       fnorm |          n0 |        r0 |        s0 |          n1 |        r1 |        s1 |          n2 |        r2 |        s2
    --------------------------------------------------------------------------------------------------------------------------------------
     0 |  5.3470e-08 |   2.056e-17 | 1.000e+00 | 1.573e-03 |   5.347e-08 | 1.000e+00 | 2.275e-11 |   1.888e-17 | 1.000e+00 | 3.972e-08
     1 |  3.7939e-12 |   2.420e-20 | 1.177e-03 | 1.534e-03 |   3.794e-12 | 7.095e-05 | 2.218e-11 |   1.296e-21 | 6.865e-05 | 3.843e-08
  SNES converged via DOF-wise criteria:
    DOF 0: ABS (atol)
    DOF 1: ABS (atol) STOL (stol)
    DOF 2: ABS (atol) STOL (stol)
Max dt! can not Increase time step: 3.200e+04 -> 3.200e+04 
  BOUNDS: phi_ice [0.0000, 1.0000]  phi_air [0.0000, 1.0000]
  ===============================================================================
  >>> DOMAIN INTEGRALS (PER TIME STEP)
  ===============================================================================
  -------------------------------------------------------------------------------------------------------------
    STEP |     TIME [s] |    DT [s] |    TOT_ICE |    TOT_AIR |      TEMP |  TOT_RHOV | I-A INTERF | TOTAL_MASS
  -------------------------------------------------------------------------------------------------------------
   125 |  1.91881e+06 | 3.200e+04 |  1.379e-08 |  1.621e-08 | -6.000e-07 | 1.376e-11 |  1.023e-10 |  1.267e-05
       |              |           |    +0.000% |    -0.000% |           |   -0.001% |            |    +0.000%
OUTPUT print!
    SNES DOF norms (2-norm) and ratios
    --------------------------------------------------------------------------------------------------------------------------------------
    it |       fnorm |          n0 |        r0 |        s0 |          n1 |        r1 |        s1 |          n2 |        r2 |        s2
    --------------------------------------------------------------------------------------------------------------------------------------
     0 |  5.2170e-08 |   2.006e-17 | 1.000e+00 | 1.534e-03 |   5.217e-08 | 1.000e+00 | 2.218e-11 |   1.842e-17 | 1.000e+00 | 3.843e-08
     1 |  3.6036e-12 |   2.304e-20 | 1.148e-03 | 1.497e-03 |   3.604e-12 | 6.907e-05 | 2.166e-11 |   1.232e-21 | 6.690e-05 | 3.720e-08
  SNES converged via DOF-wise criteria:
    DOF 0: ABS (atol)
    DOF 1: ABS (atol) STOL (stol)
    DOF 2: ABS (atol) STOL (stol)
Max dt! can not Increase time step: 3.200e+04 -> 3.200e+04 
  BOUNDS: phi_ice [0.0000, 1.0000]  phi_air [0.0000, 1.0000]
  ===============================================================================
  >>> DOMAIN INTEGRALS (PER TIME STEP)
  ===============================================================================
  -------------------------------------------------------------------------------------------------------------
    STEP |     TIME [s] |    DT [s] |    TOT_ICE |    TOT_AIR |      TEMP |  TOT_RHOV | I-A INTERF | TOTAL_MASS
  -------------------------------------------------------------------------------------------------------------
   126 |  1.95081e+06 | 3.200e+04 |  1.379e-08 |  1.621e-08 | -6.000e-07 | 1.376e-11 |  1.024e-10 |  1.267e-05
       |              |           |    +0.000% |    -0.000% |           |   -0.001% |            |    +0.000%
    SNES DOF norms (2-norm) and ratios
    --------------------------------------------------------------------------------------------------------------------------------------
    it |       fnorm |          n0 |        r0 |        s0 |          n1 |        r1 |        s1 |          n2 |        r2 |        s2
    --------------------------------------------------------------------------------------------------------------------------------------
     0 |  5.0904e-08 |   1.957e-17 | 1.000e+00 | 1.497e-03 |   5.090e-08 | 1.000e+00 | 2.166e-11 |   1.797e-17 | 1.000e+00 | 3.720e-08
     1 |  3.4243e-12 |   2.193e-20 | 1.120e-03 | 1.461e-03 |   3.424e-12 | 6.727e-05 | 2.118e-11 |   1.172e-21 | 6.519e-05 | 3.603e-08
  SNES converged via DOF-wise criteria:
    DOF 0: ABS (atol)
    DOF 1: ABS (atol) STOL (stol)
    DOF 2: ABS (atol) STOL (stol)
Max dt! can not Increase time step: 3.200e+04 -> 3.200e+04 
  BOUNDS: phi_ice [0.0000, 1.0000]  phi_air [0.0000, 1.0000]
  ===============================================================================
  >>> DOMAIN INTEGRALS (PER TIME STEP)
  ===============================================================================
  -------------------------------------------------------------------------------------------------------------
    STEP |     TIME [s] |    DT [s] |    TOT_ICE |    TOT_AIR |      TEMP |  TOT_RHOV | I-A INTERF | TOTAL_MASS
  -------------------------------------------------------------------------------------------------------------
   127 |  1.98281e+06 | 3.200e+04 |  1.379e-08 |  1.621e-08 | -6.000e-07 | 1.376e-11 |  1.024e-10 |  1.267e-05
       |              |           |    +0.000% |    -0.000% |           |   -0.001% |            |    +0.000%
    SNES DOF norms (2-norm) and ratios
    --------------------------------------------------------------------------------------------------------------------------------------
    it |       fnorm |          n0 |        r0 |        s0 |          n1 |        r1 |        s1 |          n2 |        r2 |        s2
    --------------------------------------------------------------------------------------------------------------------------------------
     0 |  4.9669e-08 |   1.910e-17 | 1.000e+00 | 1.461e-03 |   4.967e-08 | 1.000e+00 | 2.118e-11 |   1.753e-17 | 1.000e+00 | 3.603e-08
     1 |  3.2552e-12 |   2.088e-20 | 1.093e-03 | 1.425e-03 |   3.255e-12 | 6.554e-05 | 2.074e-11 |   1.114e-21 | 6.353e-05 | 3.492e-08
  SNES converged via DOF-wise criteria:
    DOF 0: ABS (atol)
    DOF 1: ABS (atol) STOL (stol)
    DOF 2: ABS (atol) STOL (stol)
Max dt! can not Increase time step: 3.200e+04 -> 3.200e+04 
  BOUNDS: phi_ice [0.0000, 1.0000]  phi_air [0.0000, 1.0000]
  ===============================================================================
  >>> DOMAIN INTEGRALS (PER TIME STEP)
  ===============================================================================
  -------------------------------------------------------------------------------------------------------------
    STEP |     TIME [s] |    DT [s] |    TOT_ICE |    TOT_AIR |      TEMP |  TOT_RHOV | I-A INTERF | TOTAL_MASS
  -------------------------------------------------------------------------------------------------------------
   128 |  2.01481e+06 | 3.200e+04 |  1.379e-08 |  1.621e-08 | -6.000e-07 | 1.376e-11 |  1.024e-10 |  1.267e-05
       |              |           |    +0.000% |    -0.000% |           |   -0.001% |            |    +0.000%
OUTPUT print!
    SNES DOF norms (2-norm) and ratios
    --------------------------------------------------------------------------------------------------------------------------------------
    it |       fnorm |          n0 |        r0 |        s0 |          n1 |        r1 |        s1 |          n2 |        r2 |        s2
    --------------------------------------------------------------------------------------------------------------------------------------
     0 |  4.8465e-08 |   1.864e-17 | 1.000e+00 | 1.425e-03 |   4.846e-08 | 1.000e+00 | 2.074e-11 |   1.711e-17 | 1.000e+00 | 3.492e-08
     1 |  3.0935e-12 |   1.988e-20 | 1.067e-03 | 1.391e-03 |   3.093e-12 | 6.383e-05 | 2.034e-11 |   1.059e-21 | 6.191e-05 | 3.386e-08
  SNES converged via DOF-wise criteria:
    DOF 0: ABS (atol)
    DOF 1: ABS (atol) STOL (stol)
    DOF 2: ABS (atol) STOL (stol)
Max dt! can not Increase time step: 3.200e+04 -> 3.200e+04 
  BOUNDS: phi_ice [0.0000, 1.0000]  phi_air [0.0000, 1.0000]
  ===============================================================================
  >>> DOMAIN INTEGRALS (PER TIME STEP)
  ===============================================================================
  -------------------------------------------------------------------------------------------------------------
    STEP |     TIME [s] |    DT [s] |    TOT_ICE |    TOT_AIR |      TEMP |  TOT_RHOV | I-A INTERF | TOTAL_MASS
  -------------------------------------------------------------------------------------------------------------
   129 |  2.04681e+06 | 3.200e+04 |  1.379e-08 |  1.621e-08 | -6.000e-07 | 1.376e-11 |  1.025e-10 |  1.267e-05
       |              |           |    +0.000% |    -0.000% |           |   -0.001% |            |    +0.000%
    SNES DOF norms (2-norm) and ratios
    --------------------------------------------------------------------------------------------------------------------------------------
    it |       fnorm |          n0 |        r0 |        s0 |          n1 |        r1 |        s1 |          n2 |        r2 |        s2
    --------------------------------------------------------------------------------------------------------------------------------------
     0 |  4.7291e-08 |   1.818e-17 | 1.000e+00 | 1.391e-03 |   4.729e-08 | 1.000e+00 | 2.034e-11 |   1.670e-17 | 1.000e+00 | 3.386e-08
     1 |  2.9404e-12 |   1.892e-20 | 1.041e-03 | 1.357e-03 |   2.940e-12 | 6.218e-05 | 1.997e-11 |   1.007e-21 | 6.033e-05 | 3.286e-08
  SNES converged via DOF-wise criteria:
    DOF 0: ABS (atol)
    DOF 1: ABS (atol) STOL (stol)
    DOF 2: ABS (atol) STOL (stol)
Max dt! can not Increase time step: 3.200e+04 -> 3.200e+04 
  BOUNDS: phi_ice [0.0000, 1.0000]  phi_air [0.0000, 1.0000]
  ===============================================================================
  >>> DOMAIN INTEGRALS (PER TIME STEP)
  ===============================================================================
  -------------------------------------------------------------------------------------------------------------
    STEP |     TIME [s] |    DT [s] |    TOT_ICE |    TOT_AIR |      TEMP |  TOT_RHOV | I-A INTERF | TOTAL_MASS
  -------------------------------------------------------------------------------------------------------------
   130 |  2.07881e+06 | 3.200e+04 |  1.379e-08 |  1.621e-08 | -6.000e-07 | 1.376e-11 |  1.025e-10 |  1.267e-05
       |              |           |    +0.000% |    -0.000% |           |   -0.001% |            |    +0.000%
    SNES DOF norms (2-norm) and ratios
    --------------------------------------------------------------------------------------------------------------------------------------
    it |       fnorm |          n0 |        r0 |        s0 |          n1 |        r1 |        s1 |          n2 |        r2 |        s2
    --------------------------------------------------------------------------------------------------------------------------------------
     0 |  4.6146e-08 |   1.774e-17 | 1.000e+00 | 1.357e-03 |   4.615e-08 | 1.000e+00 | 1.997e-11 |   1.629e-17 | 1.000e+00 | 3.286e-08
     1 |  2.7968e-12 |   1.802e-20 | 1.015e-03 | 1.324e-03 |   2.797e-12 | 6.061e-05 | 1.962e-11 |   9.579e-22 | 5.880e-05 | 3.190e-08
  SNES converged via DOF-wise criteria:
    DOF 0: ABS (atol)
    DOF 1: ABS (atol) STOL (stol)
    DOF 2: ABS (atol) STOL (stol)
Max dt! can not Increase time step: 3.200e+04 -> 3.200e+04 
  BOUNDS: phi_ice [0.0000, 1.0000]  phi_air [0.0000, 1.0000]
  ===============================================================================
  >>> DOMAIN INTEGRALS (PER TIME STEP)
  ===============================================================================
  -------------------------------------------------------------------------------------------------------------
    STEP |     TIME [s] |    DT [s] |    TOT_ICE |    TOT_AIR |      TEMP |  TOT_RHOV | I-A INTERF | TOTAL_MASS
  -------------------------------------------------------------------------------------------------------------
   131 |  2.11081e+06 | 3.200e+04 |  1.379e-08 |  1.621e-08 | -6.000e-07 | 1.376e-11 |  1.025e-10 |  1.267e-05
       |              |           |    +0.000% |    -0.000% |           |   -0.001% |            |    +0.000%
OUTPUT print!
    SNES DOF norms (2-norm) and ratios
    --------------------------------------------------------------------------------------------------------------------------------------
    it |       fnorm |          n0 |        r0 |        s0 |          n1 |        r1 |        s1 |          n2 |        r2 |        s2
    --------------------------------------------------------------------------------------------------------------------------------------
     0 |  4.5030e-08 |   1.732e-17 | 1.000e+00 | 1.324e-03 |   4.503e-08 | 1.000e+00 | 1.962e-11 |   1.590e-17 | 1.000e+00 | 3.190e-08
     1 |  2.6597e-12 |   1.715e-20 | 9.907e-04 | 1.292e-03 |   2.660e-12 | 5.906e-05 | 1.930e-11 |   9.108e-22 | 5.730e-05 | 3.100e-08
  SNES converged via DOF-wise criteria:
    DOF 0: ABS (atol)
    DOF 1: ABS (atol) STOL (stol)
    DOF 2: ABS (atol) STOL (stol)
Max dt! can not Increase time step: 3.200e+04 -> 3.200e+04 
  BOUNDS: phi_ice [0.0000, 1.0000]  phi_air [0.0000, 1.0000]
  ===============================================================================
  >>> DOMAIN INTEGRALS (PER TIME STEP)
  ===============================================================================
  -------------------------------------------------------------------------------------------------------------
    STEP |     TIME [s] |    DT [s] |    TOT_ICE |    TOT_AIR |      TEMP |  TOT_RHOV | I-A INTERF | TOTAL_MASS
  -------------------------------------------------------------------------------------------------------------
   132 |  2.14281e+06 | 3.200e+04 |  1.379e-08 |  1.621e-08 | -6.000e-07 | 1.376e-11 |  1.026e-10 |  1.267e-05
       |              |           |    +0.000% |    -0.000% |           |   -0.001% |            |    +0.000%
    SNES DOF norms (2-norm) and ratios
    --------------------------------------------------------------------------------------------------------------------------------------
    it |       fnorm |          n0 |        r0 |        s0 |          n1 |        r1 |        s1 |          n2 |        r2 |        s2
    --------------------------------------------------------------------------------------------------------------------------------------
     0 |  4.3942e-08 |   1.690e-17 | 1.000e+00 | 1.292e-03 |   4.394e-08 | 1.000e+00 | 1.930e-11 |   1.551e-17 | 1.000e+00 | 3.100e-08
     1 |  2.5308e-12 |   1.633e-20 | 9.667e-04 | 1.261e-03 |   2.531e-12 | 5.759e-05 | 1.900e-11 |   8.661e-22 | 5.583e-05 | 3.012e-08
  SNES converged via DOF-wise criteria:
    DOF 0: ABS (atol)
    DOF 1: ABS (atol) STOL (stol)
    DOF 2: ABS (atol) STOL (stol)
Max dt! can not Increase time step: 3.200e+04 -> 3.200e+04 
  BOUNDS: phi_ice [0.0000, 1.0000]  phi_air [0.0000, 1.0000]
  ===============================================================================
  >>> DOMAIN INTEGRALS (PER TIME STEP)
  ===============================================================================
  -------------------------------------------------------------------------------------------------------------
    STEP |     TIME [s] |    DT [s] |    TOT_ICE |    TOT_AIR |      TEMP |  TOT_RHOV | I-A INTERF | TOTAL_MASS
  -------------------------------------------------------------------------------------------------------------
   133 |  2.17481e+06 | 3.200e+04 |  1.379e-08 |  1.621e-08 | -6.000e-07 | 1.376e-11 |  1.026e-10 |  1.267e-05
       |              |           |    +0.000% |    -0.000% |           |   -0.001% |            |    +0.000%
    SNES DOF norms (2-norm) and ratios
    --------------------------------------------------------------------------------------------------------------------------------------
    it |       fnorm |          n0 |        r0 |        s0 |          n1 |        r1 |        s1 |          n2 |        r2 |        s2
    --------------------------------------------------------------------------------------------------------------------------------------
     0 |  4.2882e-08 |   1.649e-17 | 1.000e+00 | 1.261e-03 |   4.288e-08 | 1.000e+00 | 1.900e-11 |   1.514e-17 | 1.000e+00 | 3.012e-08
     1 |  2.4045e-12 |   1.555e-20 | 9.433e-04 | 1.230e-03 |   2.405e-12 | 5.607e-05 | 1.871e-11 |   8.239e-22 | 5.443e-05 | 2.930e-08
  SNES converged via DOF-wise criteria:
    DOF 0: ABS (atol)
    DOF 1: ABS (atol) STOL (stol)
    DOF 2: ABS (atol) STOL (stol)
Max dt! can not Increase time step: 3.200e+04 -> 3.200e+04 
  BOUNDS: phi_ice [0.0000, 1.0000]  phi_air [0.0000, 1.0000]
  ===============================================================================
  >>> DOMAIN INTEGRALS (PER TIME STEP)
  ===============================================================================
  -------------------------------------------------------------------------------------------------------------
    STEP |     TIME [s] |    DT [s] |    TOT_ICE |    TOT_AIR |      TEMP |  TOT_RHOV | I-A INTERF | TOTAL_MASS
  -------------------------------------------------------------------------------------------------------------
   134 |  2.20681e+06 | 3.200e+04 |  1.379e-08 |  1.621e-08 | -6.000e-07 | 1.376e-11 |  1.026e-10 |  1.267e-05
       |              |           |    +0.000% |    -0.000% |           |   -0.001% |            |    +0.000%
OUTPUT print!
    SNES DOF norms (2-norm) and ratios
    --------------------------------------------------------------------------------------------------------------------------------------
    it |       fnorm |          n0 |        r0 |        s0 |          n1 |        r1 |        s1 |          n2 |        r2 |        s2
    --------------------------------------------------------------------------------------------------------------------------------------
     0 |  4.1847e-08 |   1.609e-17 | 1.000e+00 | 1.230e-03 |   4.185e-08 | 1.000e+00 | 1.871e-11 |   1.477e-17 | 1.000e+00 | 2.930e-08
     1 |  2.2901e-12 |   1.481e-20 | 9.205e-04 | 1.201e-03 |   2.290e-12 | 5.472e-05 | 1.844e-11 |   7.834e-22 | 5.303e-05 | 2.850e-08
  SNES converged via DOF-wise criteria:
    DOF 0: ABS (atol)
    DOF 1: ABS (atol) STOL (stol)
    DOF 2: ABS (atol) STOL (stol)
Max dt! can not Increase time step: 3.200e+04 -> 3.200e+04 
  BOUNDS: phi_ice [0.0000, 1.0000]  phi_air [0.0000, 1.0000]
  ===============================================================================
  >>> DOMAIN INTEGRALS (PER TIME STEP)
  ===============================================================================
  -------------------------------------------------------------------------------------------------------------
    STEP |     TIME [s] |    DT [s] |    TOT_ICE |    TOT_AIR |      TEMP |  TOT_RHOV | I-A INTERF | TOTAL_MASS
  -------------------------------------------------------------------------------------------------------------
   135 |  2.23881e+06 | 3.200e+04 |  1.379e-08 |  1.621e-08 | -6.000e-07 | 1.376e-11 |  1.027e-10 |  1.267e-05
       |              |           |    +0.000% |    -0.000% |           |   -0.001% |            |    +0.000%
    SNES DOF norms (2-norm) and ratios
    --------------------------------------------------------------------------------------------------------------------------------------
    it |       fnorm |          n0 |        r0 |        s0 |          n1 |        r1 |        s1 |          n2 |        r2 |        s2
    --------------------------------------------------------------------------------------------------------------------------------------
     0 |  4.0839e-08 |   1.570e-17 | 1.000e+00 | 1.201e-03 |   4.084e-08 | 1.000e+00 | 1.844e-11 |   1.442e-17 | 1.000e+00 | 2.850e-08
     1 |  2.1794e-12 |   1.411e-20 | 8.983e-04 | 1.172e-03 |   2.179e-12 | 5.337e-05 | 1.818e-11 |   7.452e-22 | 5.169e-05 | 2.775e-08
  SNES converged via DOF-wise criteria:
    DOF 0: ABS (atol)
    DOF 1: ABS (atol) STOL (stol)
    DOF 2: ABS (atol) STOL (stol)
Max dt! can not Increase time step: 3.200e+04 -> 3.200e+04 
  BOUNDS: phi_ice [0.0000, 1.0000]  phi_air [0.0000, 1.0000]
  ===============================================================================
  >>> DOMAIN INTEGRALS (PER TIME STEP)
  ===============================================================================
  -------------------------------------------------------------------------------------------------------------
    STEP |     TIME [s] |    DT [s] |    TOT_ICE |    TOT_AIR |      TEMP |  TOT_RHOV | I-A INTERF | TOTAL_MASS
  -------------------------------------------------------------------------------------------------------------
   136 |  2.27081e+06 | 3.200e+04 |  1.379e-08 |  1.621e-08 | -6.000e-07 | 1.376e-11 |  1.027e-10 |  1.267e-05
       |              |           |    +0.000% |    -0.000% |           |   -0.001% |            |    +0.000%
    SNES DOF norms (2-norm) and ratios
    --------------------------------------------------------------------------------------------------------------------------------------
    it |       fnorm |          n0 |        r0 |        s0 |          n1 |        r1 |        s1 |          n2 |        r2 |        s2
    --------------------------------------------------------------------------------------------------------------------------------------
     0 |  3.9856e-08 |   1.533e-17 | 1.000e+00 | 1.172e-03 |   3.986e-08 | 1.000e+00 | 1.818e-11 |   1.407e-17 | 1.000e+00 | 2.775e-08
     1 |  2.0716e-12 |   1.343e-20 | 8.766e-04 | 1.144e-03 |   2.072e-12 | 5.198e-05 | 1.792e-11 |   7.089e-22 | 5.038e-05 | 2.702e-08
  SNES converged via DOF-wise criteria:
    DOF 0: ABS (atol)
    DOF 1: ABS (atol) STOL (stol)
    DOF 2: ABS (atol) STOL (stol)
Max dt! can not Increase time step: 3.200e+04 -> 3.200e+04 
  BOUNDS: phi_ice [0.0000, 1.0000]  phi_air [0.0000, 1.0000]
  ===============================================================================
  >>> DOMAIN INTEGRALS (PER TIME STEP)
  ===============================================================================
  -------------------------------------------------------------------------------------------------------------
    STEP |     TIME [s] |    DT [s] |    TOT_ICE |    TOT_AIR |      TEMP |  TOT_RHOV | I-A INTERF | TOTAL_MASS
  -------------------------------------------------------------------------------------------------------------
   137 |  2.30281e+06 | 3.200e+04 |  1.379e-08 |  1.621e-08 | -6.000e-07 | 1.376e-11 |  1.027e-10 |  1.267e-05
       |              |           |    +0.000% |    -0.000% |           |   -0.001% |            |    +0.000%
OUTPUT print!
    SNES DOF norms (2-norm) and ratios
    --------------------------------------------------------------------------------------------------------------------------------------
    it |       fnorm |          n0 |        r0 |        s0 |          n1 |        r1 |        s1 |          n2 |        r2 |        s2
    --------------------------------------------------------------------------------------------------------------------------------------
     0 |  3.8897e-08 |   1.496e-17 | 1.000e+00 | 1.144e-03 |   3.890e-08 | 1.000e+00 | 1.792e-11 |   1.373e-17 | 1.000e+00 | 2.702e-08
     1 |  1.9729e-12 |   1.279e-20 | 8.554e-04 | 1.116e-03 |   1.973e-12 | 5.072e-05 | 1.769e-11 |   6.743e-22 | 4.911e-05 | 2.633e-08
  SNES converged via DOF-wise criteria:
    DOF 0: ABS (atol)
    DOF 1: ABS (atol) STOL (stol)
    DOF 2: ABS (atol) STOL (stol)
Max dt! can not Increase time step: 3.200e+04 -> 3.200e+04 
  BOUNDS: phi_ice [0.0000, 1.0000]  phi_air [0.0000, 1.0000]
  ===============================================================================
  >>> DOMAIN INTEGRALS (PER TIME STEP)
  ===============================================================================
  -------------------------------------------------------------------------------------------------------------
    STEP |     TIME [s] |    DT [s] |    TOT_ICE |    TOT_AIR |      TEMP |  TOT_RHOV | I-A INTERF | TOTAL_MASS
  -------------------------------------------------------------------------------------------------------------
   138 |  2.33481e+06 | 3.200e+04 |  1.379e-08 |  1.621e-08 | -6.000e-07 | 1.376e-11 |  1.028e-10 |  1.267e-05
       |              |           |    +0.000% |    -0.000% |           |   -0.001% |            |    +0.000%
    SNES DOF norms (2-norm) and ratios
    --------------------------------------------------------------------------------------------------------------------------------------
    it |       fnorm |          n0 |        r0 |        s0 |          n1 |        r1 |        s1 |          n2 |        r2 |        s2
    --------------------------------------------------------------------------------------------------------------------------------------
     0 |  3.7962e-08 |   1.460e-17 | 1.000e+00 | 1.116e-03 |   3.796e-08 | 1.000e+00 | 1.769e-11 |   1.340e-17 | 1.000e+00 | 2.633e-08
     1 |  1.8812e-12 |   1.219e-20 | 8.348e-04 | 1.089e-03 |   1.881e-12 | 4.955e-05 | 1.745e-11 |   6.415e-22 | 4.786e-05 | 2.566e-08
  SNES converged via DOF-wise criteria:
    DOF 0: ABS (atol)
    DOF 1: ABS (atol) STOL (stol)
    DOF 2: ABS (atol) STOL (stol)
Max dt! can not Increase time step: 3.200e+04 -> 3.200e+04 
  BOUNDS: phi_ice [0.0000, 1.0000]  phi_air [0.0000, 1.0000]
  ===============================================================================
  >>> DOMAIN INTEGRALS (PER TIME STEP)
  ===============================================================================
  -------------------------------------------------------------------------------------------------------------
    STEP |     TIME [s] |    DT [s] |    TOT_ICE |    TOT_AIR |      TEMP |  TOT_RHOV | I-A INTERF | TOTAL_MASS
  -------------------------------------------------------------------------------------------------------------
   139 |  2.36681e+06 | 3.200e+04 |  1.379e-08 |  1.621e-08 | -6.000e-07 | 1.376e-11 |  1.028e-10 |  1.267e-05
       |              |           |    +0.000% |    -0.000% |           |   -0.001% |            |    +0.000%
    SNES DOF norms (2-norm) and ratios
    --------------------------------------------------------------------------------------------------------------------------------------
    it |       fnorm |          n0 |        r0 |        s0 |          n1 |        r1 |        s1 |          n2 |        r2 |        s2
    --------------------------------------------------------------------------------------------------------------------------------------
     0 |  3.7051e-08 |   1.425e-17 | 1.000e+00 | 1.089e-03 |   3.705e-08 | 1.000e+00 | 1.745e-11 |   1.308e-17 | 1.000e+00 | 2.566e-08
     1 |  1.7895e-12 |   1.161e-20 | 8.147e-04 | 1.063e-03 |   1.789e-12 | 4.830e-05 | 1.723e-11 |   6.102e-22 | 4.665e-05 | 2.502e-08
  SNES converged via DOF-wise criteria:
    DOF 0: ABS (atol)
    DOF 1: ABS (atol) STOL (stol)
    DOF 2: ABS (atol) STOL (stol)
Max dt! can not Increase time step: 3.200e+04 -> 3.200e+04 
  BOUNDS: phi_ice [0.0000, 1.0000]  phi_air [0.0000, 1.0000]
  ===============================================================================
  >>> DOMAIN INTEGRALS (PER TIME STEP)
  ===============================================================================
  -------------------------------------------------------------------------------------------------------------
    STEP |     TIME [s] |    DT [s] |    TOT_ICE |    TOT_AIR |      TEMP |  TOT_RHOV | I-A INTERF | TOTAL_MASS
  -------------------------------------------------------------------------------------------------------------
   140 |  2.39881e+06 | 3.200e+04 |  1.379e-08 |  1.621e-08 | -6.000e-07 | 1.376e-11 |  1.028e-10 |  1.267e-05
       |              |           |    +0.000% |    -0.000% |           |   -0.001% |            |    +0.000%
OUTPUT print!
    SNES DOF norms (2-norm) and ratios
    --------------------------------------------------------------------------------------------------------------------------------------
    it |       fnorm |          n0 |        r0 |        s0 |          n1 |        r1 |        s1 |          n2 |        r2 |        s2
    --------------------------------------------------------------------------------------------------------------------------------------
     0 |  3.6162e-08 |   1.391e-17 | 1.000e+00 | 1.063e-03 |   3.616e-08 | 1.000e+00 | 1.723e-11 |   1.277e-17 | 1.000e+00 | 2.502e-08
     1 |  1.7038e-12 |   1.106e-20 | 7.951e-04 | 1.038e-03 |   1.704e-12 | 4.711e-05 | 1.700e-11 |   5.805e-22 | 4.547e-05 | 2.440e-08
  SNES converged via DOF-wise criteria:
    DOF 0: ABS (atol)
    DOF 1: ABS (atol) STOL (stol)
    DOF 2: ABS (atol) STOL (stol)
Max dt! can not Increase time step: 3.200e+04 -> 3.200e+04 
  BOUNDS: phi_ice [0.0000, 1.0000]  phi_air [0.0000, 1.0000]
  ===============================================================================
  >>> DOMAIN INTEGRALS (PER TIME STEP)
  ===============================================================================
  -------------------------------------------------------------------------------------------------------------
    STEP |     TIME [s] |    DT [s] |    TOT_ICE |    TOT_AIR |      TEMP |  TOT_RHOV | I-A INTERF | TOTAL_MASS
  -------------------------------------------------------------------------------------------------------------
   141 |  2.43081e+06 | 3.200e+04 |  1.379e-08 |  1.621e-08 | -6.000e-07 | 1.376e-11 |  1.029e-10 |  1.267e-05
       |              |           |    +0.000% |    -0.000% |           |   -0.001% |            |    +0.000%
    SNES DOF norms (2-norm) and ratios
    --------------------------------------------------------------------------------------------------------------------------------------
    it |       fnorm |          n0 |        r0 |        s0 |          n1 |        r1 |        s1 |          n2 |        r2 |        s2
    --------------------------------------------------------------------------------------------------------------------------------------
     0 |  3.5296e-08 |   1.357e-17 | 1.000e+00 | 1.038e-03 |   3.530e-08 | 1.000e+00 | 1.700e-11 |   1.246e-17 | 1.000e+00 | 2.440e-08
     1 |  1.6247e-12 |   1.053e-20 | 7.760e-04 | 1.013e-03 |   1.625e-12 | 4.603e-05 | 1.678e-11 |   5.523e-22 | 4.433e-05 | 2.381e-08
  SNES converged via DOF-wise criteria:
    DOF 0: ABS (atol)
    DOF 1: ABS (atol) STOL (stol)
    DOF 2: ABS (atol) STOL (stol)
Max dt! can not Increase time step: 3.200e+04 -> 3.200e+04 
  BOUNDS: phi_ice [0.0000, 1.0000]  phi_air [0.0000, 1.0000]
  ===============================================================================
  >>> DOMAIN INTEGRALS (PER TIME STEP)
  ===============================================================================
  -------------------------------------------------------------------------------------------------------------
    STEP |     TIME [s] |    DT [s] |    TOT_ICE |    TOT_AIR |      TEMP |  TOT_RHOV | I-A INTERF | TOTAL_MASS
  -------------------------------------------------------------------------------------------------------------
   142 |  2.46281e+06 | 3.200e+04 |  1.379e-08 |  1.621e-08 | -6.000e-07 | 1.376e-11 |  1.029e-10 |  1.267e-05
       |              |           |    +0.000% |    -0.000% |           |   -0.001% |            |    +0.000%
    SNES DOF norms (2-norm) and ratios
    --------------------------------------------------------------------------------------------------------------------------------------
    it |       fnorm |          n0 |        r0 |        s0 |          n1 |        r1 |        s1 |          n2 |        r2 |        s2
    --------------------------------------------------------------------------------------------------------------------------------------
     0 |  3.4451e-08 |   1.325e-17 | 1.000e+00 | 1.013e-03 |   3.445e-08 | 1.000e+00 | 1.678e-11 |   1.216e-17 | 1.000e+00 | 2.381e-08
     1 |  1.5489e-12 |   1.003e-20 | 7.574e-04 | 9.886e-04 |   1.549e-12 | 4.496e-05 | 1.657e-11 |   5.255e-22 | 4.321e-05 | 2.324e-08
  SNES converged via DOF-wise criteria:
    DOF 0: ABS (atol)
    DOF 1: ABS (atol) STOL (stol)
    DOF 2: ABS (atol) STOL (stol)
Max dt! can not Increase time step: 3.200e+04 -> 3.200e+04 
  BOUNDS: phi_ice [0.0000, 1.0000]  phi_air [0.0000, 1.0000]
  ===============================================================================
  >>> DOMAIN INTEGRALS (PER TIME STEP)
  ===============================================================================
  -------------------------------------------------------------------------------------------------------------
    STEP |     TIME [s] |    DT [s] |    TOT_ICE |    TOT_AIR |      TEMP |  TOT_RHOV | I-A INTERF | TOTAL_MASS
  -------------------------------------------------------------------------------------------------------------
   143 |  2.49481e+06 | 3.200e+04 |  1.379e-08 |  1.621e-08 | -6.000e-07 | 1.376e-11 |  1.029e-10 |  1.267e-05
       |              |           |    +0.000% |    -0.000% |           |   -0.001% |            |    +0.000%
OUTPUT print!
    SNES DOF norms (2-norm) and ratios
    --------------------------------------------------------------------------------------------------------------------------------------
    it |       fnorm |          n0 |        r0 |        s0 |          n1 |        r1 |        s1 |          n2 |        r2 |        s2
    --------------------------------------------------------------------------------------------------------------------------------------
     0 |  3.3626e-08 |   1.293e-17 | 1.000e+00 | 9.886e-04 |   3.363e-08 | 1.000e+00 | 1.657e-11 |   1.187e-17 | 1.000e+00 | 2.324e-08
     1 |  1.4768e-12 |   9.558e-21 | 7.392e-04 | 9.650e-04 |   1.477e-12 | 4.392e-05 | 1.635e-11 |   5.001e-22 | 4.212e-05 | 2.267e-08
  SNES converged via DOF-wise criteria:
    DOF 0: ABS (atol)
    DOF 1: ABS (atol) STOL (stol)
    DOF 2: ABS (atol) STOL (stol)
Max dt! can not Increase time step: 3.200e+04 -> 3.200e+04 
  BOUNDS: phi_ice [0.0000, 1.0000]  phi_air [0.0000, 1.0000]
  ===============================================================================
  >>> DOMAIN INTEGRALS (PER TIME STEP)
  ===============================================================================
  -------------------------------------------------------------------------------------------------------------
    STEP |     TIME [s] |    DT [s] |    TOT_ICE |    TOT_AIR |      TEMP |  TOT_RHOV | I-A INTERF | TOTAL_MASS
  -------------------------------------------------------------------------------------------------------------
   144 |  2.52681e+06 | 3.200e+04 |  1.379e-08 |  1.621e-08 | -6.000e-07 | 1.376e-11 |  1.030e-10 |  1.267e-05
       |              |           |    +0.000% |    -0.000% |           |   -0.001% |            |    +0.000%
    SNES DOF norms (2-norm) and ratios
    --------------------------------------------------------------------------------------------------------------------------------------
    it |       fnorm |          n0 |        r0 |        s0 |          n1 |        r1 |        s1 |          n2 |        r2 |        s2
    --------------------------------------------------------------------------------------------------------------------------------------
     0 |  3.2823e-08 |   1.262e-17 | 1.000e+00 | 9.650e-04 |   3.282e-08 | 1.000e+00 | 1.635e-11 |   1.159e-17 | 1.000e+00 | 2.267e-08
     1 |  1.4080e-12 |   9.106e-21 | 7.215e-04 | 9.420e-04 |   1.408e-12 | 4.290e-05 | 1.615e-11 |   4.758e-22 | 4.106e-05 | 2.214e-08
  SNES converged via DOF-wise criteria:
    DOF 0: ABS (atol)
    DOF 1: ABS (atol) STOL (stol)
    DOF 2: ABS (atol) STOL (stol)
Max dt! can not Increase time step: 3.200e+04 -> 3.200e+04 
  BOUNDS: phi_ice [0.0000, 1.0000]  phi_air [0.0000, 1.0000]
  ===============================================================================
  >>> DOMAIN INTEGRALS (PER TIME STEP)
  ===============================================================================
  -------------------------------------------------------------------------------------------------------------
    STEP |     TIME [s] |    DT [s] |    TOT_ICE |    TOT_AIR |      TEMP |  TOT_RHOV | I-A INTERF | TOTAL_MASS
  -------------------------------------------------------------------------------------------------------------
   145 |  2.55881e+06 | 3.200e+04 |  1.379e-08 |  1.621e-08 | -6.000e-07 | 1.376e-11 |  1.030e-10 |  1.267e-05
       |              |           |    +0.000% |    -0.000% |           |   -0.001% |            |    +0.000%
    SNES DOF norms (2-norm) and ratios
    --------------------------------------------------------------------------------------------------------------------------------------
    it |       fnorm |          n0 |        r0 |        s0 |          n1 |        r1 |        s1 |          n2 |        r2 |        s2
    --------------------------------------------------------------------------------------------------------------------------------------
     0 |  3.2039e-08 |   1.232e-17 | 1.000e+00 | 9.420e-04 |   3.204e-08 | 1.000e+00 | 1.615e-11 |   1.131e-17 | 1.000e+00 | 2.214e-08
     1 |  1.3410e-12 |   8.675e-21 | 7.042e-04 | 9.195e-04 |   1.341e-12 | 4.186e-05 | 1.594e-11 |   4.528e-22 | 4.003e-05 | 2.163e-08
  SNES converged via DOF-wise criteria:
    DOF 0: ABS (atol)
    DOF 1: ABS (atol) STOL (stol)
    DOF 2: ABS (atol) STOL (stol)
Max dt! can not Increase time step: 3.200e+04 -> 3.200e+04 
  BOUNDS: phi_ice [0.0000, 1.0000]  phi_air [0.0000, 1.0000]
  ===============================================================================
  >>> DOMAIN INTEGRALS (PER TIME STEP)
  ===============================================================================
  -------------------------------------------------------------------------------------------------------------
    STEP |     TIME [s] |    DT [s] |    TOT_ICE |    TOT_AIR |      TEMP |  TOT_RHOV | I-A INTERF | TOTAL_MASS
  -------------------------------------------------------------------------------------------------------------
   146 |  2.59081e+06 | 3.200e+04 |  1.379e-08 |  1.621e-08 | -6.000e-07 | 1.376e-11 |  1.030e-10 |  1.267e-05
       |              |           |    +0.000% |    -0.000% |           |   -0.001% |            |    +0.000%
OUTPUT print!
    SNES DOF norms (2-norm) and ratios
    --------------------------------------------------------------------------------------------------------------------------------------
    it |       fnorm |          n0 |        r0 |        s0 |          n1 |        r1 |        s1 |          n2 |        r2 |        s2
    --------------------------------------------------------------------------------------------------------------------------------------
     0 |  3.1275e-08 |   1.203e-17 | 1.000e+00 | 9.195e-04 |   3.127e-08 | 1.000e+00 | 1.594e-11 |   1.104e-17 | 1.000e+00 | 2.163e-08
     1 |  1.2835e-12 |   8.266e-21 | 6.874e-04 | 8.976e-04 |   1.284e-12 | 4.104e-05 | 1.571e-11 |   4.308e-22 | 3.902e-05 | 2.113e-08
  SNES converged via DOF-wise criteria:
    DOF 0: ABS (atol)
    DOF 1: ABS (atol) STOL (stol)
    DOF 2: ABS (atol) STOL (stol)
Max dt! can not Increase time step: 3.200e+04 -> 3.200e+04 
  BOUNDS: phi_ice [0.0000, 1.0000]  phi_air [0.0000, 1.0000]
  ===============================================================================
  >>> DOMAIN INTEGRALS (PER TIME STEP)
  ===============================================================================
  -------------------------------------------------------------------------------------------------------------
    STEP |     TIME [s] |    DT [s] |    TOT_ICE |    TOT_AIR |      TEMP |  TOT_RHOV | I-A INTERF | TOTAL_MASS
  -------------------------------------------------------------------------------------------------------------
   147 |  2.62281e+06 | 3.200e+04 |  1.379e-08 |  1.621e-08 | -6.000e-07 | 1.376e-11 |  1.031e-10 |  1.267e-05
       |              |           |    +0.000% |    -0.000% |           |   -0.001% |            |    +0.000%
    SNES DOF norms (2-norm) and ratios
    --------------------------------------------------------------------------------------------------------------------------------------
    it |       fnorm |          n0 |        r0 |        s0 |          n1 |        r1 |        s1 |          n2 |        r2 |        s2
    --------------------------------------------------------------------------------------------------------------------------------------
     0 |  3.0529e-08 |   1.174e-17 | 1.000e+00 | 8.976e-04 |   3.053e-08 | 1.000e+00 | 1.571e-11 |   1.078e-17 | 1.000e+00 | 2.113e-08
     1 |  1.2233e-12 |   7.876e-21 | 6.709e-04 | 8.762e-04 |   1.223e-12 | 4.007e-05 | 1.552e-11 |   4.099e-22 | 3.804e-05 | 2.065e-08
  SNES converged via DOF-wise criteria:
    DOF 0: ABS (atol)
    DOF 1: ABS (atol) STOL (stol)
    DOF 2: ABS (atol) STOL (stol)
Max dt! can not Increase time step: 3.200e+04 -> 3.200e+04 
  BOUNDS: phi_ice [0.0000, 1.0000]  phi_air [0.0000, 1.0000]
  ===============================================================================
  >>> DOMAIN INTEGRALS (PER TIME STEP)
  ===============================================================================
  -------------------------------------------------------------------------------------------------------------
    STEP |     TIME [s] |    DT [s] |    TOT_ICE |    TOT_AIR |      TEMP |  TOT_RHOV | I-A INTERF | TOTAL_MASS
  -------------------------------------------------------------------------------------------------------------
   148 |  2.65481e+06 | 3.200e+04 |  1.379e-08 |  1.621e-08 | -6.000e-07 | 1.376e-11 |  1.031e-10 |  1.267e-05
       |              |           |    +0.000% |    -0.000% |           |   -0.001% |            |    +0.000%
    SNES DOF norms (2-norm) and ratios
    --------------------------------------------------------------------------------------------------------------------------------------
    it |       fnorm |          n0 |        r0 |        s0 |          n1 |        r1 |        s1 |          n2 |        r2 |        s2
    --------------------------------------------------------------------------------------------------------------------------------------
     0 |  2.9802e-08 |   1.146e-17 | 1.000e+00 | 8.762e-04 |   2.980e-08 | 1.000e+00 | 1.552e-11 |   1.052e-17 | 1.000e+00 | 2.065e-08
     1 |  1.1689e-12 |   7.505e-21 | 6.549e-04 | 8.554e-04 |   1.169e-12 | 3.922e-05 | 1.534e-11 |   3.903e-22 | 3.709e-05 | 2.018e-08
  SNES converged via DOF-wise criteria:
    DOF 0: ABS (atol)
    DOF 1: ABS (atol) STOL (stol)
    DOF 2: ABS (atol) STOL (stol)
Max dt! can not Increase time step: 3.200e+04 -> 3.200e+04 
  BOUNDS: phi_ice [0.0000, 1.0000]  phi_air [0.0000, 1.0000]
  ===============================================================================
  >>> DOMAIN INTEGRALS (PER TIME STEP)
  ===============================================================================
  -------------------------------------------------------------------------------------------------------------
    STEP |     TIME [s] |    DT [s] |    TOT_ICE |    TOT_AIR |      TEMP |  TOT_RHOV | I-A INTERF | TOTAL_MASS
  -------------------------------------------------------------------------------------------------------------
   149 |  2.68681e+06 | 3.200e+04 |  1.379e-08 |  1.621e-08 | -6.000e-07 | 1.376e-11 |  1.031e-10 |  1.267e-05
       |              |           |    +0.000% |    -0.000% |           |   -0.001% |            |    +0.000%
OUTPUT print!
    SNES DOF norms (2-norm) and ratios
    --------------------------------------------------------------------------------------------------------------------------------------
    it |       fnorm |          n0 |        r0 |        s0 |          n1 |        r1 |        s1 |          n2 |        r2 |        s2
    --------------------------------------------------------------------------------------------------------------------------------------
     0 |  2.9093e-08 |   1.119e-17 | 1.000e+00 | 8.554e-04 |   2.909e-08 | 1.000e+00 | 1.534e-11 |   1.027e-17 | 1.000e+00 | 2.018e-08
     1 |  1.1157e-12 |   7.151e-21 | 6.393e-04 | 8.350e-04 |   1.116e-12 | 3.835e-05 | 1.509e-11 |   3.715e-22 | 3.617e-05 | 1.973e-08
  SNES converged via DOF-wise criteria:
    DOF 0: ABS (atol)
    DOF 1: ABS (atol) STOL (stol)
    DOF 2: ABS (atol) STOL (stol)
Max dt! can not Increase time step: 3.200e+04 -> 3.200e+04 
  BOUNDS: phi_ice [0.0000, 1.0000]  phi_air [0.0000, 1.0000]
  ===============================================================================
  >>> DOMAIN INTEGRALS (PER TIME STEP)
  ===============================================================================
  -------------------------------------------------------------------------------------------------------------
    STEP |     TIME [s] |    DT [s] |    TOT_ICE |    TOT_AIR |      TEMP |  TOT_RHOV | I-A INTERF | TOTAL_MASS
  -------------------------------------------------------------------------------------------------------------
   150 |  2.71881e+06 | 3.200e+04 |  1.379e-08 |  1.621e-08 | -6.000e-07 | 1.376e-11 |  1.032e-10 |  1.267e-05
       |              |           |    +0.000% |    -0.000% |           |   -0.001% |            |    +0.000%
    SNES DOF norms (2-norm) and ratios
    --------------------------------------------------------------------------------------------------------------------------------------
    it |       fnorm |          n0 |        r0 |        s0 |          n1 |        r1 |        s1 |          n2 |        r2 |        s2
    --------------------------------------------------------------------------------------------------------------------------------------
     0 |  2.8402e-08 |   1.092e-17 | 1.000e+00 | 8.350e-04 |   2.840e-08 | 1.000e+00 | 1.509e-11 |   1.003e-17 | 1.000e+00 | 1.973e-08
     1 |  1.0684e-12 |   6.815e-21 | 6.240e-04 | 8.152e-04 |   1.068e-12 | 3.762e-05 | 1.490e-11 |   3.536e-22 | 3.527e-05 | 1.929e-08
  SNES converged via DOF-wise criteria:
    DOF 0: ABS (atol)
    DOF 1: ABS (atol) STOL (stol)
    DOF 2: ABS (atol) STOL (stol)
Max dt! can not Increase time step: 3.200e+04 -> 3.200e+04 
  BOUNDS: phi_ice [0.0000, 1.0000]  phi_air [0.0000, 1.0000]
  ===============================================================================
  >>> DOMAIN INTEGRALS (PER TIME STEP)
  ===============================================================================
  -------------------------------------------------------------------------------------------------------------
    STEP |     TIME [s] |    DT [s] |    TOT_ICE |    TOT_AIR |      TEMP |  TOT_RHOV | I-A INTERF | TOTAL_MASS
  -------------------------------------------------------------------------------------------------------------
   151 |  2.75081e+06 | 3.200e+04 |  1.379e-08 |  1.621e-08 | -6.000e-07 | 1.376e-11 |  1.032e-10 |  1.267e-05
       |              |           |    +0.000% |    -0.000% |           |   -0.001% |            |    +0.000%
    SNES DOF norms (2-norm) and ratios
    --------------------------------------------------------------------------------------------------------------------------------------
    it |       fnorm |          n0 |        r0 |        s0 |          n1 |        r1 |        s1 |          n2 |        r2 |        s2
    --------------------------------------------------------------------------------------------------------------------------------------
     0 |  2.7727e-08 |   1.066e-17 | 1.000e+00 | 8.152e-04 |   2.773e-08 | 1.000e+00 | 1.490e-11 |   9.788e-18 | 1.000e+00 | 1.929e-08
     1 |  1.0191e-12 |   6.495e-21 | 6.092e-04 | 7.959e-04 |   1.019e-12 | 3.675e-05 | 1.469e-11 |   3.367e-22 | 3.439e-05 | 1.886e-08
  SNES converged via DOF-wise criteria:
    DOF 0: ABS (atol)
    DOF 1: ABS (atol) STOL (stol)
    DOF 2: ABS (atol) STOL (stol)
Max dt! can not Increase time step: 3.200e+04 -> 3.200e+04 
  BOUNDS: phi_ice [0.0000, 1.0000]  phi_air [0.0000, 1.0000]
  ===============================================================================
  >>> DOMAIN INTEGRALS (PER TIME STEP)
  ===============================================================================
  -------------------------------------------------------------------------------------------------------------
    STEP |     TIME [s] |    DT [s] |    TOT_ICE |    TOT_AIR |      TEMP |  TOT_RHOV | I-A INTERF | TOTAL_MASS
  -------------------------------------------------------------------------------------------------------------
   152 |  2.78281e+06 | 3.200e+04 |  1.379e-08 |  1.621e-08 | -6.000e-07 | 1.376e-11 |  1.032e-10 |  1.267e-05
       |              |           |    +0.000% |    -0.000% |           |   -0.001% |            |    +0.000%
OUTPUT print!
    SNES DOF norms (2-norm) and ratios
    --------------------------------------------------------------------------------------------------------------------------------------
    it |       fnorm |          n0 |        r0 |        s0 |          n1 |        r1 |        s1 |          n2 |        r2 |        s2
    --------------------------------------------------------------------------------------------------------------------------------------
     0 |  2.7069e-08 |   1.041e-17 | 1.000e+00 | 7.959e-04 |   2.707e-08 | 1.000e+00 | 1.469e-11 |   9.556e-18 | 1.000e+00 | 1.886e-08
     1 |  9.7267e-13 |   6.190e-21 | 5.947e-04 | 7.770e-04 |   9.727e-13 | 3.593e-05 | 1.449e-11 |   3.205e-22 | 3.354e-05 | 1.844e-08
  SNES converged via DOF-wise criteria:
    DOF 0: ABS (atol)
    DOF 1: ABS (atol) STOL (stol)
    DOF 2: ABS (atol) STOL (stol)
Max dt! can not Increase time step: 3.200e+04 -> 3.200e+04 
  BOUNDS: phi_ice [0.0000, 1.0000]  phi_air [0.0000, 1.0000]
  ===============================================================================
  >>> DOMAIN INTEGRALS (PER TIME STEP)
  ===============================================================================
  -------------------------------------------------------------------------------------------------------------
    STEP |     TIME [s] |    DT [s] |    TOT_ICE |    TOT_AIR |      TEMP |  TOT_RHOV | I-A INTERF | TOTAL_MASS
  -------------------------------------------------------------------------------------------------------------
   153 |  2.81481e+06 | 3.200e+04 |  1.379e-08 |  1.621e-08 | -6.000e-07 | 1.376e-11 |  1.032e-10 |  1.267e-05
       |              |           |    +0.000% |    -0.000% |           |   -0.001% |            |    +0.000%
    SNES DOF norms (2-norm) and ratios
    --------------------------------------------------------------------------------------------------------------------------------------
    it |       fnorm |          n0 |        r0 |        s0 |          n1 |        r1 |        s1 |          n2 |        r2 |        s2
    --------------------------------------------------------------------------------------------------------------------------------------
     0 |  2.6427e-08 |   1.016e-17 | 1.000e+00 | 7.770e-04 |   2.643e-08 | 1.000e+00 | 1.449e-11 |   9.330e-18 | 1.000e+00 | 1.844e-08
     1 |  9.3103e-13 |   5.899e-21 | 5.805e-04 | 7.586e-04 |   9.310e-13 | 3.523e-05 | 1.428e-11 |   3.051e-22 | 3.270e-05 | 1.804e-08
  SNES converged via DOF-wise criteria:
    DOF 0: ABS (atol)
    DOF 1: ABS (atol) STOL (stol)
    DOF 2: ABS (atol) STOL (stol)
Max dt! can not Increase time step: 3.200e+04 -> 3.200e+04 
  BOUNDS: phi_ice [0.0000, 1.0000]  phi_air [0.0000, 1.0000]
  ===============================================================================
  >>> DOMAIN INTEGRALS (PER TIME STEP)
  ===============================================================================
  -------------------------------------------------------------------------------------------------------------
    STEP |     TIME [s] |    DT [s] |    TOT_ICE |    TOT_AIR |      TEMP |  TOT_RHOV | I-A INTERF | TOTAL_MASS
  -------------------------------------------------------------------------------------------------------------
   154 |  2.84681e+06 | 3.200e+04 |  1.379e-08 |  1.621e-08 | -6.000e-07 | 1.376e-11 |  1.033e-10 |  1.267e-05
       |              |           |    +0.000% |    -0.000% |           |   -0.001% |            |    +0.000%
    SNES DOF norms (2-norm) and ratios
    --------------------------------------------------------------------------------------------------------------------------------------
    it |       fnorm |          n0 |        r0 |        s0 |          n1 |        r1 |        s1 |          n2 |        r2 |        s2
    --------------------------------------------------------------------------------------------------------------------------------------
     0 |  2.5801e-08 |   9.921e-18 | 1.000e+00 | 7.586e-04 |   2.580e-08 | 1.000e+00 | 1.428e-11 |   9.109e-18 | 1.000e+00 | 1.804e-08
     1 |  8.9182e-13 |   5.623e-21 | 5.667e-04 | 7.406e-04 |   8.918e-13 | 3.457e-05 | 1.408e-11 |   2.905e-22 | 3.189e-05 | 1.764e-08
  SNES converged via DOF-wise criteria:
    DOF 0: ABS (atol)
    DOF 1: ABS (atol) STOL (stol)
    DOF 2: ABS (atol) STOL (stol)
Max dt! can not Increase time step: 3.200e+04 -> 3.200e+04 
  BOUNDS: phi_ice [0.0000, 1.0000]  phi_air [0.0000, 1.0000]
  ===============================================================================
  >>> DOMAIN INTEGRALS (PER TIME STEP)
  ===============================================================================
  -------------------------------------------------------------------------------------------------------------
    STEP |     TIME [s] |    DT [s] |    TOT_ICE |    TOT_AIR |      TEMP |  TOT_RHOV | I-A INTERF | TOTAL_MASS
  -------------------------------------------------------------------------------------------------------------
   155 |  2.87881e+06 | 3.200e+04 |  1.379e-08 |  1.621e-08 | -6.000e-07 | 1.376e-11 |  1.033e-10 |  1.267e-05
       |              |           |    +0.000% |    -0.000% |           |   -0.001% |            |    +0.000%
OUTPUT print!
    SNES DOF norms (2-norm) and ratios
    --------------------------------------------------------------------------------------------------------------------------------------
    it |       fnorm |          n0 |        r0 |        s0 |          n1 |        r1 |        s1 |          n2 |        r2 |        s2
    --------------------------------------------------------------------------------------------------------------------------------------
     0 |  2.5190e-08 |   9.686e-18 | 1.000e+00 | 7.406e-04 |   2.519e-08 | 1.000e+00 | 1.408e-11 |   8.893e-18 | 1.000e+00 | 1.764e-08
     1 |  8.5658e-13 |   5.359e-21 | 5.533e-04 | 7.231e-04 |   8.566e-13 | 3.400e-05 | 1.387e-11 |   2.766e-22 | 3.110e-05 | 1.725e-08
  SNES converged via DOF-wise criteria:
    DOF 0: ABS (atol)
    DOF 1: ABS (atol) STOL (stol)
    DOF 2: ABS (atol) STOL (stol)
Max dt! can not Increase time step: 3.200e+04 -> 3.200e+04 
  BOUNDS: phi_ice [0.0000, 1.0000]  phi_air [0.0000, 1.0000]
  ===============================================================================
  >>> DOMAIN INTEGRALS (PER TIME STEP)
  ===============================================================================
  -------------------------------------------------------------------------------------------------------------
    STEP |     TIME [s] |    DT [s] |    TOT_ICE |    TOT_AIR |      TEMP |  TOT_RHOV | I-A INTERF | TOTAL_MASS
  -------------------------------------------------------------------------------------------------------------
   156 |  2.91081e+06 | 3.200e+04 |  1.379e-08 |  1.621e-08 | -6.000e-07 | 1.376e-11 |  1.033e-10 |  1.267e-05
       |              |           |    +0.000% |    -0.000% |           |   -0.001% |            |    +0.000%
    SNES DOF norms (2-norm) and ratios
    --------------------------------------------------------------------------------------------------------------------------------------
    it |       fnorm |          n0 |        r0 |        s0 |          n1 |        r1 |        s1 |          n2 |        r2 |        s2
    --------------------------------------------------------------------------------------------------------------------------------------
     0 |  2.4594e-08 |   9.457e-18 | 1.000e+00 | 7.231e-04 |   2.459e-08 | 1.000e+00 | 1.387e-11 |   8.683e-18 | 1.000e+00 | 1.725e-08
     1 |  8.2128e-13 |   5.108e-21 | 5.402e-04 | 7.060e-04 |   8.213e-13 | 3.339e-05 | 1.367e-11 |   2.634e-22 | 3.033e-05 | 1.688e-08
  SNES converged via DOF-wise criteria:
    DOF 0: ABS (atol)
    DOF 1: ABS (atol) STOL (stol)
    DOF 2: ABS (atol) STOL (stol)
Max dt! can not Increase time step: 3.200e+04 -> 3.200e+04 
  BOUNDS: phi_ice [0.0000, 1.0000]  phi_air [0.0000, 1.0000]
  ===============================================================================
  >>> DOMAIN INTEGRALS (PER TIME STEP)
  ===============================================================================
  -------------------------------------------------------------------------------------------------------------
    STEP |     TIME [s] |    DT [s] |    TOT_ICE |    TOT_AIR |      TEMP |  TOT_RHOV | I-A INTERF | TOTAL_MASS
  -------------------------------------------------------------------------------------------------------------
   157 |  2.94281e+06 | 3.200e+04 |  1.379e-08 |  1.621e-08 | -6.000e-07 | 1.376e-11 |  1.034e-10 |  1.267e-05
       |              |           |    +0.000% |    -0.000% |           |   -0.001% |            |    +0.000%
    SNES DOF norms (2-norm) and ratios
    --------------------------------------------------------------------------------------------------------------------------------------
    it |       fnorm |          n0 |        r0 |        s0 |          n1 |        r1 |        s1 |          n2 |        r2 |        s2
    --------------------------------------------------------------------------------------------------------------------------------------
     0 |  2.4013e-08 |   9.233e-18 | 1.000e+00 | 7.060e-04 |   2.401e-08 | 1.000e+00 | 1.367e-11 |   8.477e-18 | 1.000e+00 | 1.688e-08
     1 |  7.8834e-13 |   4.869e-21 | 5.274e-04 | 6.894e-04 |   7.883e-13 | 3.283e-05 | 1.346e-11 |   2.508e-22 | 2.959e-05 | 1.651e-08
  SNES converged via DOF-wise criteria:
    DOF 0: ABS (atol)
    DOF 1: ABS (atol) STOL (stol)
    DOF 2: ABS (atol) STOL (stol)
Max dt! can not Increase time step: 3.200e+04 -> 3.200e+04 
  BOUNDS: phi_ice [0.0000, 1.0000]  phi_air [0.0000, 1.0000]
  ===============================================================================
  >>> DOMAIN INTEGRALS (PER TIME STEP)
  ===============================================================================
  -------------------------------------------------------------------------------------------------------------
    STEP |     TIME [s] |    DT [s] |    TOT_ICE |    TOT_AIR |      TEMP |  TOT_RHOV | I-A INTERF | TOTAL_MASS
  -------------------------------------------------------------------------------------------------------------
   158 |  2.97481e+06 | 3.200e+04 |  1.379e-08 |  1.621e-08 | -6.000e-07 | 1.376e-11 |  1.034e-10 |  1.267e-05
       |              |           |    +0.000% |    -0.000% |           |   -0.001% |            |    +0.000%
OUTPUT print!
    SNES DOF norms (2-norm) and ratios
    --------------------------------------------------------------------------------------------------------------------------------------
    it |       fnorm |          n0 |        r0 |        s0 |          n1 |        r1 |        s1 |          n2 |        r2 |        s2
    --------------------------------------------------------------------------------------------------------------------------------------
     0 |  2.3446e-08 |   9.015e-18 | 1.000e+00 | 6.894e-04 |   2.345e-08 | 1.000e+00 | 1.346e-11 |   8.277e-18 | 1.000e+00 | 1.651e-08
     1 |  7.5553e-13 |   4.642e-21 | 5.149e-04 | 6.731e-04 |   7.555e-13 | 3.222e-05 | 1.326e-11 |   2.389e-22 | 2.886e-05 | 1.616e-08
  SNES converged via DOF-wise criteria:
    DOF 0: ABS (atol)
    DOF 1: ABS (atol) STOL (stol)
    DOF 2: ABS (atol) STOL (stol)
Max dt! can not Increase time step: 3.200e+04 -> 3.200e+04 
  BOUNDS: phi_ice [0.0000, 1.0000]  phi_air [0.0000, 1.0000]
  ===============================================================================
  >>> DOMAIN INTEGRALS (PER TIME STEP)
  ===============================================================================
  -------------------------------------------------------------------------------------------------------------
    STEP |     TIME [s] |    DT [s] |    TOT_ICE |    TOT_AIR |      TEMP |  TOT_RHOV | I-A INTERF | TOTAL_MASS
  -------------------------------------------------------------------------------------------------------------
   159 |  3.00681e+06 | 3.200e+04 |  1.379e-08 |  1.621e-08 | -6.000e-07 | 1.376e-11 |  1.034e-10 |  1.267e-05
       |              |           |    +0.000% |    -0.000% |           |   -0.001% |            |    +0.000%
    SNES DOF norms (2-norm) and ratios
    --------------------------------------------------------------------------------------------------------------------------------------
    it |       fnorm |          n0 |        r0 |        s0 |          n1 |        r1 |        s1 |          n2 |        r2 |        s2
    --------------------------------------------------------------------------------------------------------------------------------------
     0 |  2.2893e-08 |   8.803e-18 | 1.000e+00 | 6.731e-04 |   2.289e-08 | 1.000e+00 | 1.326e-11 |   8.082e-18 | 1.000e+00 | 1.616e-08
     1 |  7.2480e-13 |   4.425e-21 | 5.027e-04 | 6.572e-04 |   7.248e-13 | 3.166e-05 | 1.306e-11 |   2.275e-22 | 2.815e-05 | 1.581e-08
  SNES converged via DOF-wise criteria:
    DOF 0: ABS (atol)
    DOF 1: ABS (atol) STOL (stol)
    DOF 2: ABS (atol) STOL (stol)
Max dt! can not Increase time step: 3.200e+04 -> 3.200e+04 
  BOUNDS: phi_ice [0.0000, 1.0000]  phi_air [0.0000, 1.0000]
  ===============================================================================
  >>> DOMAIN INTEGRALS (PER TIME STEP)
  ===============================================================================
  -------------------------------------------------------------------------------------------------------------
    STEP |     TIME [s] |    DT [s] |    TOT_ICE |    TOT_AIR |      TEMP |  TOT_RHOV | I-A INTERF | TOTAL_MASS
  -------------------------------------------------------------------------------------------------------------
   160 |  3.03881e+06 | 3.200e+04 |  1.379e-08 |  1.621e-08 | -6.000e-07 | 1.376e-11 |  1.034e-10 |  1.267e-05
       |              |           |    +0.000% |    -0.000% |           |   -0.001% |            |    +0.000%
    SNES DOF norms (2-norm) and ratios
    --------------------------------------------------------------------------------------------------------------------------------------
    it |       fnorm |          n0 |        r0 |        s0 |          n1 |        r1 |        s1 |          n2 |        r2 |        s2
    --------------------------------------------------------------------------------------------------------------------------------------
     0 |  2.2353e-08 |   8.595e-18 | 1.000e+00 | 6.572e-04 |   2.235e-08 | 1.000e+00 | 1.306e-11 |   7.891e-18 | 1.000e+00 | 1.581e-08
     1 |  6.9368e-13 |   4.219e-21 | 4.908e-04 | 6.418e-04 |   6.937e-13 | 3.103e-05 | 1.285e-11 |   2.167e-22 | 2.745e-05 | 1.547e-08
  SNES converged via DOF-wise criteria:
    DOF 0: ABS (atol)
    DOF 1: ABS (atol) STOL (stol)
    DOF 2: ABS (atol) STOL (stol)
Max dt! can not Increase time step: 3.200e+04 -> 3.200e+04 
  BOUNDS: phi_ice [0.0000, 1.0000]  phi_air [0.0000, 1.0000]
  ===============================================================================
  >>> DOMAIN INTEGRALS (PER TIME STEP)
  ===============================================================================
  -------------------------------------------------------------------------------------------------------------
    STEP |     TIME [s] |    DT [s] |    TOT_ICE |    TOT_AIR |      TEMP |  TOT_RHOV | I-A INTERF | TOTAL_MASS
  -------------------------------------------------------------------------------------------------------------
   161 |  3.07081e+06 | 3.200e+04 |  1.379e-08 |  1.621e-08 | -6.000e-07 | 1.376e-11 |  1.035e-10 |  1.267e-05
       |              |           |    +0.000% |    -0.000% |           |   -0.001% |            |    +0.000%
OUTPUT print!
    SNES DOF norms (2-norm) and ratios
    --------------------------------------------------------------------------------------------------------------------------------------
    it |       fnorm |          n0 |        r0 |        s0 |          n1 |        r1 |        s1 |          n2 |        r2 |        s2
    --------------------------------------------------------------------------------------------------------------------------------------
     0 |  2.1826e-08 |   8.393e-18 | 1.000e+00 | 6.418e-04 |   2.183e-08 | 1.000e+00 | 1.285e-11 |   7.705e-18 | 1.000e+00 | 1.547e-08
     1 |  6.6840e-13 |   4.022e-21 | 4.792e-04 | 6.267e-04 |   6.684e-13 | 3.062e-05 | 1.259e-11 |   2.066e-22 | 2.681e-05 | 1.514e-08
  SNES converged via DOF-wise criteria:
    DOF 0: ABS (atol)
    DOF 1: ABS (atol) STOL (stol)
    DOF 2: ABS (atol) STOL (stol)
Max dt! can not Increase time step: 3.200e+04 -> 3.200e+04 
  BOUNDS: phi_ice [0.0000, 1.0000]  phi_air [0.0000, 1.0000]
  ===============================================================================
  >>> DOMAIN INTEGRALS (PER TIME STEP)
  ===============================================================================
  -------------------------------------------------------------------------------------------------------------
    STEP |     TIME [s] |    DT [s] |    TOT_ICE |    TOT_AIR |      TEMP |  TOT_RHOV | I-A INTERF | TOTAL_MASS
  -------------------------------------------------------------------------------------------------------------
   162 |  3.10281e+06 | 3.200e+04 |  1.379e-08 |  1.621e-08 | -6.000e-07 | 1.376e-11 |  1.035e-10 |  1.267e-05
       |              |           |    +0.000% |    -0.000% |           |   -0.001% |            |    +0.000%
    SNES DOF norms (2-norm) and ratios
    --------------------------------------------------------------------------------------------------------------------------------------
    it |       fnorm |          n0 |        r0 |        s0 |          n1 |        r1 |        s1 |          n2 |        r2 |        s2
    --------------------------------------------------------------------------------------------------------------------------------------
     0 |  2.1313e-08 |   8.195e-18 | 1.000e+00 | 6.267e-04 |   2.131e-08 | 1.000e+00 | 1.259e-11 |   7.524e-18 | 1.000e+00 | 1.514e-08
     1 |  6.4662e-13 |   3.835e-21 | 4.679e-04 | 6.119e-04 |   6.466e-13 | 3.034e-05 | 1.248e-11 |   1.968e-22 | 2.615e-05 | 1.481e-08
  SNES converged via DOF-wise criteria:
    DOF 0: ABS (atol)
    DOF 1: ABS (atol) STOL (stol)
    DOF 2: ABS (atol) STOL (stol)
Max dt! can not Increase time step: 3.200e+04 -> 3.200e+04 
  BOUNDS: phi_ice [0.0000, 1.0000]  phi_air [0.0000, 1.0000]
  ===============================================================================
  >>> DOMAIN INTEGRALS (PER TIME STEP)
  ===============================================================================
  -------------------------------------------------------------------------------------------------------------
    STEP |     TIME [s] |    DT [s] |    TOT_ICE |    TOT_AIR |      TEMP |  TOT_RHOV | I-A INTERF | TOTAL_MASS
  -------------------------------------------------------------------------------------------------------------
   163 |  3.13481e+06 | 3.200e+04 |  1.379e-08 |  1.621e-08 | -6.000e-07 | 1.376e-11 |  1.035e-10 |  1.267e-05
       |              |           |    +0.000% |    -0.000% |           |   -0.001% |            |    +0.000%
    SNES DOF norms (2-norm) and ratios
    --------------------------------------------------------------------------------------------------------------------------------------
    it |       fnorm |          n0 |        r0 |        s0 |          n1 |        r1 |        s1 |          n2 |        r2 |        s2
    --------------------------------------------------------------------------------------------------------------------------------------
     0 |  2.0811e-08 |   8.002e-18 | 1.000e+00 | 6.119e-04 |   2.081e-08 | 1.000e+00 | 1.248e-11 |   7.347e-18 | 1.000e+00 | 1.481e-08
     1 |  6.2039e-13 |   3.656e-21 | 4.569e-04 | 5.975e-04 |   6.204e-13 | 2.981e-05 | 1.224e-11 |   1.874e-22 | 2.551e-05 | 1.450e-08
  SNES converged via DOF-wise criteria:
    DOF 0: ABS (atol)
    DOF 1: ABS (atol) STOL (stol)
    DOF 2: ABS (atol) STOL (stol)
Max dt! can not Increase time step: 3.200e+04 -> 3.200e+04 
  BOUNDS: phi_ice [0.0000, 1.0000]  phi_air [0.0000, 1.0000]
  ===============================================================================
  >>> DOMAIN INTEGRALS (PER TIME STEP)
  ===============================================================================
  -------------------------------------------------------------------------------------------------------------
    STEP |     TIME [s] |    DT [s] |    TOT_ICE |    TOT_AIR |      TEMP |  TOT_RHOV | I-A INTERF | TOTAL_MASS
  -------------------------------------------------------------------------------------------------------------
   164 |  3.16681e+06 | 3.200e+04 |  1.379e-08 |  1.621e-08 | -6.000e-07 | 1.376e-11 |  1.035e-10 |  1.267e-05
       |              |           |    +0.000% |    -0.000% |           |   -0.001% |            |    +0.000%
OUTPUT print!
    SNES DOF norms (2-norm) and ratios
    --------------------------------------------------------------------------------------------------------------------------------------
    it |       fnorm |          n0 |        r0 |        s0 |          n1 |        r1 |        s1 |          n2 |        r2 |        s2
    --------------------------------------------------------------------------------------------------------------------------------------
     0 |  2.0322e-08 |   7.814e-18 | 1.000e+00 | 5.975e-04 |   2.032e-08 | 1.000e+00 | 1.224e-11 |   7.174e-18 | 1.000e+00 | 1.450e-08
     1 |  6.0017e-13 |   3.486e-21 | 4.461e-04 | 5.835e-04 |   6.002e-13 | 2.953e-05 | 1.206e-11 |   1.785e-22 | 2.489e-05 | 1.419e-08
  SNES converged via DOF-wise criteria:
    DOF 0: ABS (atol)
    DOF 1: ABS (atol) STOL (stol)
    DOF 2: ABS (atol) STOL (stol)
Max dt! can not Increase time step: 3.200e+04 -> 3.200e+04 
  BOUNDS: phi_ice [0.0000, 1.0000]  phi_air [0.0000, 1.0000]
  ===============================================================================
  >>> DOMAIN INTEGRALS (PER TIME STEP)
  ===============================================================================
  -------------------------------------------------------------------------------------------------------------
    STEP |     TIME [s] |    DT [s] |    TOT_ICE |    TOT_AIR |      TEMP |  TOT_RHOV | I-A INTERF | TOTAL_MASS
  -------------------------------------------------------------------------------------------------------------
   165 |  3.19881e+06 | 3.200e+04 |  1.379e-08 |  1.621e-08 | -6.000e-07 | 1.376e-11 |  1.036e-10 |  1.267e-05
       |              |           |    +0.000% |    -0.000% |           |   -0.001% |            |    +0.000%
    SNES DOF norms (2-norm) and ratios
    --------------------------------------------------------------------------------------------------------------------------------------
    it |       fnorm |          n0 |        r0 |        s0 |          n1 |        r1 |        s1 |          n2 |        r2 |        s2
    --------------------------------------------------------------------------------------------------------------------------------------
     0 |  1.9845e-08 |   7.631e-18 | 1.000e+00 | 5.835e-04 |   1.984e-08 | 1.000e+00 | 1.206e-11 |   7.006e-18 | 1.000e+00 | 1.419e-08
     1 |  5.8180e-13 |   3.324e-21 | 4.356e-04 | 5.698e-04 |   5.818e-13 | 2.932e-05 | 1.185e-11 |   1.701e-22 | 2.428e-05 | 1.389e-08
  SNES converged via DOF-wise criteria:
    DOF 0: ABS (atol)
    DOF 1: ABS (atol) STOL (stol)
    DOF 2: ABS (atol) STOL (stol)
Max dt! can not Increase time step: 3.200e+04 -> 3.200e+04 
  BOUNDS: phi_ice [0.0000, 1.0000]  phi_air [0.0000, 1.0000]
  ===============================================================================
  >>> DOMAIN INTEGRALS (PER TIME STEP)
  ===============================================================================
  -------------------------------------------------------------------------------------------------------------
    STEP |     TIME [s] |    DT [s] |    TOT_ICE |    TOT_AIR |      TEMP |  TOT_RHOV | I-A INTERF | TOTAL_MASS
  -------------------------------------------------------------------------------------------------------------
   166 |  3.23081e+06 | 3.200e+04 |  1.379e-08 |  1.621e-08 | -6.000e-07 | 1.376e-11 |  1.036e-10 |  1.267e-05
       |              |           |    +0.000% |    -0.000% |           |   -0.001% |            |    +0.000%
    SNES DOF norms (2-norm) and ratios
    --------------------------------------------------------------------------------------------------------------------------------------
    it |       fnorm |          n0 |        r0 |        s0 |          n1 |        r1 |        s1 |          n2 |        r2 |        s2
    --------------------------------------------------------------------------------------------------------------------------------------
     0 |  1.9379e-08 |   7.451e-18 | 1.000e+00 | 5.698e-04 |   1.938e-08 | 1.000e+00 | 1.185e-11 |   6.841e-18 | 1.000e+00 | 1.389e-08
     1 |  5.5946e-13 |   3.170e-21 | 4.254e-04 | 5.565e-04 |   5.595e-13 | 2.887e-05 | 1.166e-11 |   1.620e-22 | 2.369e-05 | 1.359e-08
  SNES converged via DOF-wise criteria:
    DOF 0: ABS (atol)
    DOF 1: ABS (atol) STOL (stol)
    DOF 2: ABS (atol) STOL (stol)
Max dt! can not Increase time step: 3.200e+04 -> 3.200e+04 
  BOUNDS: phi_ice [0.0000, 1.0000]  phi_air [0.0000, 1.0000]
  ===============================================================================
  >>> DOMAIN INTEGRALS (PER TIME STEP)
  ===============================================================================
  -------------------------------------------------------------------------------------------------------------
    STEP |     TIME [s] |    DT [s] |    TOT_ICE |    TOT_AIR |      TEMP |  TOT_RHOV | I-A INTERF | TOTAL_MASS
  -------------------------------------------------------------------------------------------------------------
   167 |  3.26281e+06 | 3.200e+04 |  1.379e-08 |  1.621e-08 | -6.000e-07 | 1.376e-11 |  1.036e-10 |  1.267e-05
       |              |           |    +0.000% |    -0.000% |           |   -0.001% |            |    +0.000%
OUTPUT print!
    SNES DOF norms (2-norm) and ratios
    --------------------------------------------------------------------------------------------------------------------------------------
    it |       fnorm |          n0 |        r0 |        s0 |          n1 |        r1 |        s1 |          n2 |        r2 |        s2
    --------------------------------------------------------------------------------------------------------------------------------------
     0 |  1.8924e-08 |   7.277e-18 | 1.000e+00 | 5.565e-04 |   1.892e-08 | 1.000e+00 | 1.166e-11 |   6.681e-18 | 1.000e+00 | 1.359e-08
     1 |  5.3905e-13 |   3.023e-21 | 4.154e-04 | 5.434e-04 |   5.390e-13 | 2.848e-05 | 1.147e-11 |   1.544e-22 | 2.311e-05 | 1.330e-08
  SNES converged via DOF-wise criteria:
    DOF 0: ABS (atol)
    DOF 1: ABS (atol) STOL (stol)
    DOF 2: ABS (atol) STOL (stol)
Max dt! can not Increase time step: 3.200e+04 -> 3.200e+04 
  BOUNDS: phi_ice [0.0000, 1.0000]  phi_air [0.0000, 1.0000]
  ===============================================================================
  >>> DOMAIN INTEGRALS (PER TIME STEP)
  ===============================================================================
  -------------------------------------------------------------------------------------------------------------
    STEP |     TIME [s] |    DT [s] |    TOT_ICE |    TOT_AIR |      TEMP |  TOT_RHOV | I-A INTERF | TOTAL_MASS
  -------------------------------------------------------------------------------------------------------------
   168 |  3.29481e+06 | 3.200e+04 |  1.379e-08 |  1.621e-08 | -6.000e-07 | 1.376e-11 |  1.036e-10 |  1.267e-05
       |              |           |    +0.000% |    -0.000% |           |   -0.001% |            |    +0.000%
    SNES DOF norms (2-norm) and ratios
    --------------------------------------------------------------------------------------------------------------------------------------
    it |       fnorm |          n0 |        r0 |        s0 |          n1 |        r1 |        s1 |          n2 |        r2 |        s2
    --------------------------------------------------------------------------------------------------------------------------------------
     0 |  1.8481e-08 |   7.106e-18 | 1.000e+00 | 5.434e-04 |   1.848e-08 | 1.000e+00 | 1.147e-11 |   6.524e-18 | 1.000e+00 | 1.330e-08
     1 |  5.2480e-13 |   2.882e-21 | 4.056e-04 | 5.307e-04 |   5.248e-13 | 2.840e-05 | 1.127e-11 |   1.471e-22 | 2.255e-05 | 1.302e-08
  SNES converged via DOF-wise criteria:
    DOF 0: ABS (atol)
    DOF 1: ABS (atol) STOL (stol)
    DOF 2: ABS (atol) STOL (stol)
Max dt! can not Increase time step: 3.200e+04 -> 3.200e+04 
  BOUNDS: phi_ice [0.0000, 1.0000]  phi_air [0.0000, 1.0000]
  ===============================================================================
  >>> DOMAIN INTEGRALS (PER TIME STEP)
  ===============================================================================
  -------------------------------------------------------------------------------------------------------------
    STEP |     TIME [s] |    DT [s] |    TOT_ICE |    TOT_AIR |      TEMP |  TOT_RHOV | I-A INTERF | TOTAL_MASS
  -------------------------------------------------------------------------------------------------------------
   169 |  3.32681e+06 | 3.200e+04 |  1.379e-08 |  1.621e-08 | -6.000e-07 | 1.376e-11 |  1.037e-10 |  1.267e-05
       |              |           |    +0.000% |    -0.000% |           |   -0.001% |            |    +0.000%
    SNES DOF norms (2-norm) and ratios
    --------------------------------------------------------------------------------------------------------------------------------------
    it |       fnorm |          n0 |        r0 |        s0 |          n1 |        r1 |        s1 |          n2 |        r2 |        s2
    --------------------------------------------------------------------------------------------------------------------------------------
     0 |  1.8048e-08 |   6.940e-18 | 1.000e+00 | 5.307e-04 |   1.805e-08 | 1.000e+00 | 1.127e-11 |   6.371e-18 | 1.000e+00 | 1.302e-08
     1 |  5.0819e-13 |   2.749e-21 | 3.961e-04 | 5.183e-04 |   5.082e-13 | 2.816e-05 | 1.108e-11 |   1.402e-22 | 2.200e-05 | 1.274e-08
  SNES converged via DOF-wise criteria:
    DOF 0: ABS (atol)
    DOF 1: ABS (atol) STOL (stol)
    DOF 2: ABS (atol) STOL (stol)
Max dt! can not Increase time step: 3.200e+04 -> 3.200e+04 
  BOUNDS: phi_ice [0.0000, 1.0000]  phi_air [0.0000, 1.0000]
  ===============================================================================
  >>> DOMAIN INTEGRALS (PER TIME STEP)
  ===============================================================================
  -------------------------------------------------------------------------------------------------------------
    STEP |     TIME [s] |    DT [s] |    TOT_ICE |    TOT_AIR |      TEMP |  TOT_RHOV | I-A INTERF | TOTAL_MASS
  -------------------------------------------------------------------------------------------------------------
   170 |  3.35881e+06 | 3.200e+04 |  1.379e-08 |  1.621e-08 | -6.000e-07 | 1.376e-11 |  1.037e-10 |  1.267e-05
       |              |           |    +0.000% |    -0.000% |           |   -0.001% |            |    +0.000%
OUTPUT print!
    SNES DOF norms (2-norm) and ratios
    --------------------------------------------------------------------------------------------------------------------------------------
    it |       fnorm |          n0 |        r0 |        s0 |          n1 |        r1 |        s1 |          n2 |        r2 |        s2
    --------------------------------------------------------------------------------------------------------------------------------------
     0 |  1.7625e-08 |   6.777e-18 | 1.000e+00 | 5.183e-04 |   1.763e-08 | 1.000e+00 | 1.108e-11 |   6.222e-18 | 1.000e+00 | 1.274e-08
     1 |  4.9047e-13 |   2.621e-21 | 3.868e-04 | 5.062e-04 |   4.905e-13 | 2.783e-05 | 1.089e-11 |   1.336e-22 | 2.146e-05 | 1.247e-08
  SNES converged via DOF-wise criteria:
    DOF 0: ABS (atol)
    DOF 1: ABS (atol) STOL (stol)
    DOF 2: ABS (atol) STOL (stol)
Max dt! can not Increase time step: 3.200e+04 -> 3.200e+04 
  BOUNDS: phi_ice [0.0000, 1.0000]  phi_air [0.0000, 1.0000]
  ===============================================================================
  >>> DOMAIN INTEGRALS (PER TIME STEP)
  ===============================================================================
  -------------------------------------------------------------------------------------------------------------
    STEP |     TIME [s] |    DT [s] |    TOT_ICE |    TOT_AIR |      TEMP |  TOT_RHOV | I-A INTERF | TOTAL_MASS
  -------------------------------------------------------------------------------------------------------------
   171 |  3.39081e+06 | 3.200e+04 |  1.379e-08 |  1.621e-08 | -6.000e-07 | 1.376e-11 |  1.037e-10 |  1.267e-05
       |              |           |    +0.000% |    -0.000% |           |   -0.001% |            |    +0.000%
    SNES DOF norms (2-norm) and ratios
    --------------------------------------------------------------------------------------------------------------------------------------
    it |       fnorm |          n0 |        r0 |        s0 |          n1 |        r1 |        s1 |          n2 |        r2 |        s2
    --------------------------------------------------------------------------------------------------------------------------------------
     0 |  1.7213e-08 |   6.619e-18 | 1.000e+00 | 5.062e-04 |   1.721e-08 | 1.000e+00 | 1.089e-11 |   6.077e-18 | 1.000e+00 | 1.247e-08
     1 |  4.8058e-13 |   2.500e-21 | 3.777e-04 | 4.943e-04 |   4.806e-13 | 2.792e-05 | 1.070e-11 |   1.273e-22 | 2.095e-05 | 1.220e-08
  SNES converged via DOF-wise criteria:
    DOF 0: ABS (atol)
    DOF 1: ABS (atol) STOL (stol)
    DOF 2: ABS (atol) STOL (stol)
Max dt! can not Increase time step: 3.200e+04 -> 3.200e+04 
  BOUNDS: phi_ice [0.0000, 1.0000]  phi_air [0.0000, 1.0000]
  ===============================================================================
  >>> DOMAIN INTEGRALS (PER TIME STEP)
  ===============================================================================
  -------------------------------------------------------------------------------------------------------------
    STEP |     TIME [s] |    DT [s] |    TOT_ICE |    TOT_AIR |      TEMP |  TOT_RHOV | I-A INTERF | TOTAL_MASS
  -------------------------------------------------------------------------------------------------------------
   172 |  3.42281e+06 | 3.200e+04 |  1.379e-08 |  1.621e-08 | -6.000e-07 | 1.376e-11 |  1.037e-10 |  1.267e-05
       |              |           |    +0.000% |    -0.000% |           |   -0.001% |            |    +0.000%
    SNES DOF norms (2-norm) and ratios
    --------------------------------------------------------------------------------------------------------------------------------------
    it |       fnorm |          n0 |        r0 |        s0 |          n1 |        r1 |        s1 |          n2 |        r2 |        s2
    --------------------------------------------------------------------------------------------------------------------------------------
     0 |  1.6811e-08 |   6.464e-18 | 1.000e+00 | 4.943e-04 |   1.681e-08 | 1.000e+00 | 1.070e-11 |   5.935e-18 | 1.000e+00 | 1.220e-08
     1 |  4.6038e-13 |   2.384e-21 | 3.689e-04 | 4.828e-04 |   4.604e-13 | 2.739e-05 | 1.052e-11 |   1.213e-22 | 2.044e-05 | 1.194e-08
  SNES converged via DOF-wise criteria:
    DOF 0: ABS (atol)
    DOF 1: ABS (atol) STOL (stol)
    DOF 2: ABS (atol) STOL (stol)
Max dt! can not Increase time step: 3.200e+04 -> 3.200e+04 
  BOUNDS: phi_ice [0.0000, 1.0000]  phi_air [0.0000, 1.0000]
  ===============================================================================
  >>> DOMAIN INTEGRALS (PER TIME STEP)
  ===============================================================================
  -------------------------------------------------------------------------------------------------------------
    STEP |     TIME [s] |    DT [s] |    TOT_ICE |    TOT_AIR |      TEMP |  TOT_RHOV | I-A INTERF | TOTAL_MASS
  -------------------------------------------------------------------------------------------------------------
   173 |  3.45481e+06 | 3.200e+04 |  1.379e-08 |  1.621e-08 | -6.000e-07 | 1.376e-11 |  1.037e-10 |  1.267e-05
       |              |           |    +0.000% |    -0.000% |           |   -0.001% |            |    +0.000%
OUTPUT print!
    SNES DOF norms (2-norm) and ratios
    --------------------------------------------------------------------------------------------------------------------------------------
    it |       fnorm |          n0 |        r0 |        s0 |          n1 |        r1 |        s1 |          n2 |        r2 |        s2
    --------------------------------------------------------------------------------------------------------------------------------------
     0 |  1.6418e-08 |   6.313e-18 | 1.000e+00 | 4.828e-04 |   1.642e-08 | 1.000e+00 | 1.052e-11 |   5.796e-18 | 1.000e+00 | 1.194e-08
     1 |  4.5239e-13 |   2.274e-21 | 3.603e-04 | 4.715e-04 |   4.524e-13 | 2.755e-05 | 1.033e-11 |   1.156e-22 | 1.994e-05 | 1.169e-08
  SNES converged via DOF-wise criteria:
    DOF 0: ABS (atol)
    DOF 1: ABS (atol) STOL (stol)
    DOF 2: ABS (atol) STOL (stol)
Max dt! can not Increase time step: 3.200e+04 -> 3.200e+04 
  BOUNDS: phi_ice [0.0000, 1.0000]  phi_air [0.0000, 1.0000]
  ===============================================================================
  >>> DOMAIN INTEGRALS (PER TIME STEP)
  ===============================================================================
  -------------------------------------------------------------------------------------------------------------
    STEP |     TIME [s] |    DT [s] |    TOT_ICE |    TOT_AIR |      TEMP |  TOT_RHOV | I-A INTERF | TOTAL_MASS
  -------------------------------------------------------------------------------------------------------------
   174 |  3.48681e+06 | 3.200e+04 |  1.379e-08 |  1.621e-08 | -6.000e-07 | 1.376e-11 |  1.038e-10 |  1.267e-05
       |              |           |    +0.000% |    -0.000% |           |   -0.001% |            |    +0.000%
    SNES DOF norms (2-norm) and ratios
    --------------------------------------------------------------------------------------------------------------------------------------
    it |       fnorm |          n0 |        r0 |        s0 |          n1 |        r1 |        s1 |          n2 |        r2 |        s2
    --------------------------------------------------------------------------------------------------------------------------------------
     0 |  1.6034e-08 |   6.165e-18 | 1.000e+00 | 4.715e-04 |   1.603e-08 | 1.000e+00 | 1.033e-11 |   5.661e-18 | 1.000e+00 | 1.169e-08
     1 |  4.4393e-13 |   2.169e-21 | 3.518e-04 | 4.605e-04 |   4.439e-13 | 2.769e-05 | 1.015e-11 |   1.102e-22 | 1.946e-05 | 1.144e-08
  SNES converged via DOF-wise criteria:
    DOF 0: ABS (atol)
    DOF 1: ABS (atol) STOL (stol)
    DOF 2: ABS (atol) STOL (stol)
Max dt! can not Increase time step: 3.200e+04 -> 3.200e+04 
  BOUNDS: phi_ice [0.0000, 1.0000]  phi_air [0.0000, 1.0000]
  ===============================================================================
  >>> DOMAIN INTEGRALS (PER TIME STEP)
  ===============================================================================
  -------------------------------------------------------------------------------------------------------------
    STEP |     TIME [s] |    DT [s] |    TOT_ICE |    TOT_AIR |      TEMP |  TOT_RHOV | I-A INTERF | TOTAL_MASS
  -------------------------------------------------------------------------------------------------------------
   175 |  3.51881e+06 | 3.200e+04 |  1.379e-08 |  1.621e-08 | -6.000e-07 | 1.376e-11 |  1.038e-10 |  1.267e-05
       |              |           |    +0.000% |    -0.000% |           |   -0.001% |            |    +0.000%
    SNES DOF norms (2-norm) and ratios
    --------------------------------------------------------------------------------------------------------------------------------------
    it |       fnorm |          n0 |        r0 |        s0 |          n1 |        r1 |        s1 |          n2 |        r2 |        s2
    --------------------------------------------------------------------------------------------------------------------------------------
     0 |  1.5660e-08 |   6.022e-18 | 1.000e+00 | 4.605e-04 |   1.566e-08 | 1.000e+00 | 1.015e-11 |   5.529e-18 | 1.000e+00 | 1.144e-08
     1 |  4.3008e-13 |   2.069e-21 | 3.436e-04 | 4.498e-04 |   4.301e-13 | 2.746e-05 | 9.969e-12 |   1.050e-22 | 1.900e-05 | 1.119e-08
  SNES converged via DOF-wise criteria:
    DOF 0: ABS (atol)
    DOF 1: ABS (atol) STOL (stol)
    DOF 2: ABS (atol) STOL (stol)
Max dt! can not Increase time step: 3.200e+04 -> 3.200e+04 
  BOUNDS: phi_ice [0.0000, 1.0000]  phi_air [0.0000, 1.0000]
  ===============================================================================
  >>> DOMAIN INTEGRALS (PER TIME STEP)
  ===============================================================================
  -------------------------------------------------------------------------------------------------------------
    STEP |     TIME [s] |    DT [s] |    TOT_ICE |    TOT_AIR |      TEMP |  TOT_RHOV | I-A INTERF | TOTAL_MASS
  -------------------------------------------------------------------------------------------------------------
   176 |  3.55081e+06 | 3.200e+04 |  1.379e-08 |  1.621e-08 | -6.000e-07 | 1.376e-11 |  1.038e-10 |  1.267e-05
       |              |           |    +0.000% |    -0.000% |           |   -0.001% |            |    +0.000%
OUTPUT print!
    SNES DOF norms (2-norm) and ratios
    --------------------------------------------------------------------------------------------------------------------------------------
    it |       fnorm |          n0 |        r0 |        s0 |          n1 |        r1 |        s1 |          n2 |        r2 |        s2
    --------------------------------------------------------------------------------------------------------------------------------------
     0 |  1.5295e-08 |   5.881e-18 | 1.000e+00 | 4.498e-04 |   1.530e-08 | 1.000e+00 | 9.969e-12 |   5.400e-18 | 1.000e+00 | 1.119e-08
     1 |  4.2486e-13 |   1.974e-21 | 3.356e-04 | 4.393e-04 |   4.249e-13 | 2.778e-05 | 9.789e-12 |   1.001e-22 | 1.854e-05 | 1.096e-08
  SNES converged via DOF-wise criteria:
    DOF 0: ABS (atol)
    DOF 1: ABS (atol) STOL (stol)
    DOF 2: ABS (atol) STOL (stol)
Max dt! can not Increase time step: 3.200e+04 -> 3.200e+04 
  BOUNDS: phi_ice [0.0000, 1.0000]  phi_air [0.0000, 1.0000]
  ===============================================================================
  >>> DOMAIN INTEGRALS (PER TIME STEP)
  ===============================================================================
  -------------------------------------------------------------------------------------------------------------
    STEP |     TIME [s] |    DT [s] |    TOT_ICE |    TOT_AIR |      TEMP |  TOT_RHOV | I-A INTERF | TOTAL_MASS
  -------------------------------------------------------------------------------------------------------------
   177 |  3.58281e+06 | 3.200e+04 |  1.379e-08 |  1.621e-08 | -6.000e-07 | 1.376e-11 |  1.038e-10 |  1.267e-05
       |              |           |    +0.000% |    -0.000% |           |   -0.001% |            |    +0.000%
    SNES DOF norms (2-norm) and ratios
    --------------------------------------------------------------------------------------------------------------------------------------
    it |       fnorm |          n0 |        r0 |        s0 |          n1 |        r1 |        s1 |          n2 |        r2 |        s2
    --------------------------------------------------------------------------------------------------------------------------------------
     0 |  1.4939e-08 |   5.744e-18 | 1.000e+00 | 4.393e-04 |   1.494e-08 | 1.000e+00 | 9.789e-12 |   5.274e-18 | 1.000e+00 | 1.096e-08
     1 |  4.1105e-13 |   1.883e-21 | 3.277e-04 | 4.291e-04 |   4.111e-13 | 2.752e-05 | 9.612e-12 |   9.542e-23 | 1.809e-05 | 1.072e-08
  SNES converged via DOF-wise criteria:
    DOF 0: ABS (atol)
    DOF 1: ABS (atol) STOL (stol)
    DOF 2: ABS (atol) STOL (stol)
Max dt! can not Increase time step: 3.200e+04 -> 3.200e+04 
  BOUNDS: phi_ice [0.0000, 1.0000]  phi_air [0.0000, 1.0000]
  ===============================================================================
  >>> DOMAIN INTEGRALS (PER TIME STEP)
  ===============================================================================
  -------------------------------------------------------------------------------------------------------------
    STEP |     TIME [s] |    DT [s] |    TOT_ICE |    TOT_AIR |      TEMP |  TOT_RHOV | I-A INTERF | TOTAL_MASS
  -------------------------------------------------------------------------------------------------------------
   178 |  3.61481e+06 | 3.200e+04 |  1.379e-08 |  1.621e-08 | -6.000e-07 | 1.376e-11 |  1.038e-10 |  1.267e-05
       |              |           |    +0.000% |    -0.000% |           |   -0.001% |            |    +0.000%
    SNES DOF norms (2-norm) and ratios
    --------------------------------------------------------------------------------------------------------------------------------------
    it |       fnorm |          n0 |        r0 |        s0 |          n1 |        r1 |        s1 |          n2 |        r2 |        s2
    --------------------------------------------------------------------------------------------------------------------------------------
     0 |  1.4591e-08 |   5.610e-18 | 1.000e+00 | 4.291e-04 |   1.459e-08 | 1.000e+00 | 9.612e-12 |   5.151e-18 | 1.000e+00 | 1.072e-08
     1 |  4.0411e-13 |   1.796e-21 | 3.201e-04 | 4.191e-04 |   4.041e-13 | 2.770e-05 | 9.437e-12 |   9.096e-23 | 1.766e-05 | 1.049e-08
  SNES converged via DOF-wise criteria:
    DOF 0: ABS (atol)
    DOF 1: ABS (atol) STOL (stol)
    DOF 2: ABS (atol) STOL (stol)
Max dt! can not Increase time step: 3.200e+04 -> 3.200e+04 
  BOUNDS: phi_ice [0.0000, 1.0000]  phi_air [0.0000, 1.0000]
  ===============================================================================
  >>> DOMAIN INTEGRALS (PER TIME STEP)
  ===============================================================================
  -------------------------------------------------------------------------------------------------------------
    STEP |     TIME [s] |    DT [s] |    TOT_ICE |    TOT_AIR |      TEMP |  TOT_RHOV | I-A INTERF | TOTAL_MASS
  -------------------------------------------------------------------------------------------------------------
   179 |  3.64681e+06 | 3.200e+04 |  1.379e-08 |  1.621e-08 | -6.000e-07 | 1.376e-11 |  1.039e-10 |  1.267e-05
       |              |           |    +0.000% |    -0.000% |           |   -0.001% |            |    +0.000%
OUTPUT print!
    SNES DOF norms (2-norm) and ratios
    --------------------------------------------------------------------------------------------------------------------------------------
    it |       fnorm |          n0 |        r0 |        s0 |          n1 |        r1 |        s1 |          n2 |        r2 |        s2
    --------------------------------------------------------------------------------------------------------------------------------------
     0 |  1.4251e-08 |   5.480e-18 | 1.000e+00 | 4.191e-04 |   1.425e-08 | 1.000e+00 | 9.437e-12 |   5.031e-18 | 1.000e+00 | 1.049e-08
     1 |  3.9729e-13 |   1.713e-21 | 3.126e-04 | 4.093e-04 |   3.973e-13 | 2.788e-05 | 9.264e-12 |   8.671e-23 | 1.724e-05 | 1.027e-08
  SNES converged via DOF-wise criteria:
    DOF 0: ABS (atol)
    DOF 1: ABS (atol) STOL (stol)
    DOF 2: ABS (atol) STOL (stol)
Max dt! can not Increase time step: 3.200e+04 -> 3.200e+04 
  BOUNDS: phi_ice [0.0000, 1.0000]  phi_air [0.0000, 1.0000]
  ===============================================================================
  >>> DOMAIN INTEGRALS (PER TIME STEP)
  ===============================================================================
  -------------------------------------------------------------------------------------------------------------
    STEP |     TIME [s] |    DT [s] |    TOT_ICE |    TOT_AIR |      TEMP |  TOT_RHOV | I-A INTERF | TOTAL_MASS
  -------------------------------------------------------------------------------------------------------------
   180 |  3.67881e+06 | 3.200e+04 |  1.379e-08 |  1.621e-08 | -6.000e-07 | 1.376e-11 |  1.039e-10 |  1.267e-05
       |              |           |    +0.000% |    -0.000% |           |   -0.001% |            |    +0.000%
    SNES DOF norms (2-norm) and ratios
    --------------------------------------------------------------------------------------------------------------------------------------
    it |       fnorm |          n0 |        r0 |        s0 |          n1 |        r1 |        s1 |          n2 |        r2 |        s2
    --------------------------------------------------------------------------------------------------------------------------------------
     0 |  1.3919e-08 |   5.352e-18 | 1.000e+00 | 4.093e-04 |   1.392e-08 | 1.000e+00 | 9.264e-12 |   4.914e-18 | 1.000e+00 | 1.027e-08
     1 |  3.8575e-13 |   1.634e-21 | 3.053e-04 | 3.998e-04 |   3.858e-13 | 2.771e-05 | 9.093e-12 |   8.267e-23 | 1.682e-05 | 1.005e-08
  SNES converged via DOF-wise criteria:
    DOF 0: ABS (atol)
    DOF 1: ABS (atol) STOL (stol)
    DOF 2: ABS (atol) STOL (stol)
Max dt! can not Increase time step: 3.200e+04 -> 3.200e+04 
  BOUNDS: phi_ice [0.0000, 1.0000]  phi_air [0.0000, 1.0000]
  ===============================================================================
  >>> DOMAIN INTEGRALS (PER TIME STEP)
  ===============================================================================
  -------------------------------------------------------------------------------------------------------------
    STEP |     TIME [s] |    DT [s] |    TOT_ICE |    TOT_AIR |      TEMP |  TOT_RHOV | I-A INTERF | TOTAL_MASS
  -------------------------------------------------------------------------------------------------------------
   181 |  3.71081e+06 | 3.200e+04 |  1.379e-08 |  1.621e-08 | -6.000e-07 | 1.376e-11 |  1.039e-10 |  1.267e-05
       |              |           |    +0.000% |    -0.000% |           |   -0.001% |            |    +0.000%
    SNES DOF norms (2-norm) and ratios
    --------------------------------------------------------------------------------------------------------------------------------------
    it |       fnorm |          n0 |        r0 |        s0 |          n1 |        r1 |        s1 |          n2 |        r2 |        s2
    --------------------------------------------------------------------------------------------------------------------------------------
     0 |  1.3596e-08 |   5.228e-18 | 1.000e+00 | 3.998e-04 |   1.360e-08 | 1.000e+00 | 9.093e-12 |   4.800e-18 | 1.000e+00 | 1.005e-08
     1 |  3.7924e-13 |   1.559e-21 | 2.982e-04 | 3.905e-04 |   3.792e-13 | 2.789e-05 | 8.924e-12 |   7.882e-23 | 1.642e-05 | 9.833e-09
  SNES converged via DOF-wise criteria:
    DOF 0: ABS (atol)
    DOF 1: ABS (atol) STOL (stol)
    DOF 2: ABS (atol) STOL (stol)
Max dt! can not Increase time step: 3.200e+04 -> 3.200e+04 
  BOUNDS: phi_ice [0.0000, 1.0000]  phi_air [0.0000, 1.0000]
  ===============================================================================
  >>> DOMAIN INTEGRALS (PER TIME STEP)
  ===============================================================================
  -------------------------------------------------------------------------------------------------------------
    STEP |     TIME [s] |    DT [s] |    TOT_ICE |    TOT_AIR |      TEMP |  TOT_RHOV | I-A INTERF | TOTAL_MASS
  -------------------------------------------------------------------------------------------------------------
   182 |  3.74281e+06 | 3.200e+04 |  1.379e-08 |  1.621e-08 | -6.000e-07 | 1.376e-11 |  1.039e-10 |  1.267e-05
       |              |           |    +0.000% |    -0.000% |           |   -0.001% |            |    +0.000%
OUTPUT print!
    SNES DOF norms (2-norm) and ratios
    --------------------------------------------------------------------------------------------------------------------------------------
    it |       fnorm |          n0 |        r0 |        s0 |          n1 |        r1 |        s1 |          n2 |        r2 |        s2
    --------------------------------------------------------------------------------------------------------------------------------------
     0 |  1.3280e-08 |   5.106e-18 | 1.000e+00 | 3.905e-04 |   1.328e-08 | 1.000e+00 | 8.924e-12 |   4.688e-18 | 1.000e+00 | 9.833e-09
     1 |  3.7266e-13 |   1.487e-21 | 2.913e-04 | 3.815e-04 |   3.727e-13 | 2.806e-05 | 8.758e-12 |   7.515e-23 | 1.603e-05 | 9.622e-09
  SNES converged via DOF-wise criteria:
    DOF 0: ABS (atol)
    DOF 1: ABS (atol) STOL (stol)
    DOF 2: ABS (atol) STOL (stol)
Max dt! can not Increase time step: 3.200e+04 -> 3.200e+04 
  BOUNDS: phi_ice [0.0000, 1.0000]  phi_air [0.0000, 1.0000]
  ===============================================================================
  >>> DOMAIN INTEGRALS (PER TIME STEP)
  ===============================================================================
  -------------------------------------------------------------------------------------------------------------
    STEP |     TIME [s] |    DT [s] |    TOT_ICE |    TOT_AIR |      TEMP |  TOT_RHOV | I-A INTERF | TOTAL_MASS
  -------------------------------------------------------------------------------------------------------------
   183 |  3.77481e+06 | 3.200e+04 |  1.379e-08 |  1.621e-08 | -6.000e-07 | 1.376e-11 |  1.039e-10 |  1.267e-05
       |              |           |    +0.000% |    -0.000% |           |   -0.001% |            |    +0.000%
    SNES DOF norms (2-norm) and ratios
    --------------------------------------------------------------------------------------------------------------------------------------
    it |       fnorm |          n0 |        r0 |        s0 |          n1 |        r1 |        s1 |          n2 |        r2 |        s2
    --------------------------------------------------------------------------------------------------------------------------------------
     0 |  1.2971e-08 |   4.988e-18 | 1.000e+00 | 3.815e-04 |   1.297e-08 | 1.000e+00 | 8.758e-12 |   4.579e-18 | 1.000e+00 | 9.622e-09
     1 |  3.6719e-13 |   1.419e-21 | 2.845e-04 | 3.726e-04 |   3.672e-13 | 2.831e-05 | 8.593e-12 |   7.165e-23 | 1.565e-05 | 9.415e-09
  SNES converged via DOF-wise criteria:
    DOF 0: ABS (atol)
    DOF 1: ABS (atol) STOL (stol)
    DOF 2: ABS (atol) STOL (stol)
Max dt! can not Increase time step: 3.200e+04 -> 3.200e+04 
  BOUNDS: phi_ice [0.0000, 1.0000]  phi_air [0.0000, 1.0000]
  ===============================================================================
  >>> DOMAIN INTEGRALS (PER TIME STEP)
  ===============================================================================
  -------------------------------------------------------------------------------------------------------------
    STEP |     TIME [s] |    DT [s] |    TOT_ICE |    TOT_AIR |      TEMP |  TOT_RHOV | I-A INTERF | TOTAL_MASS
  -------------------------------------------------------------------------------------------------------------
   184 |  3.80681e+06 | 3.200e+04 |  1.379e-08 |  1.621e-08 | -6.000e-07 | 1.376e-11 |  1.039e-10 |  1.267e-05
       |              |           |    +0.000% |    -0.000% |           |   -0.001% |            |    +0.000%
    SNES DOF norms (2-norm) and ratios
    --------------------------------------------------------------------------------------------------------------------------------------
    it |       fnorm |          n0 |        r0 |        s0 |          n1 |        r1 |        s1 |          n2 |        r2 |        s2
    --------------------------------------------------------------------------------------------------------------------------------------
     0 |  1.2670e-08 |   4.872e-18 | 1.000e+00 | 3.726e-04 |   1.267e-08 | 1.000e+00 | 8.593e-12 |   4.473e-18 | 1.000e+00 | 9.415e-09
     1 |  3.6114e-13 |   1.354e-21 | 2.779e-04 | 3.640e-04 |   3.611e-13 | 2.850e-05 | 8.431e-12 |   6.832e-23 | 1.527e-05 | 9.213e-09
  SNES converged via DOF-wise criteria:
    DOF 0: ABS (atol)
    DOF 1: ABS (atol) STOL (stol)
    DOF 2: ABS (atol) STOL (stol)
Max dt! can not Increase time step: 3.200e+04 -> 3.200e+04 
  BOUNDS: phi_ice [0.0000, 1.0000]  phi_air [0.0000, 1.0000]
  ===============================================================================
  >>> DOMAIN INTEGRALS (PER TIME STEP)
  ===============================================================================
  -------------------------------------------------------------------------------------------------------------
    STEP |     TIME [s] |    DT [s] |    TOT_ICE |    TOT_AIR |      TEMP |  TOT_RHOV | I-A INTERF | TOTAL_MASS
  -------------------------------------------------------------------------------------------------------------
   185 |  3.83881e+06 | 3.200e+04 |  1.379e-08 |  1.621e-08 | -6.000e-07 | 1.376e-11 |  1.040e-10 |  1.267e-05
       |              |           |    +0.000% |    -0.000% |           |   -0.001% |            |    +0.000%
OUTPUT print!
    SNES DOF norms (2-norm) and ratios
    --------------------------------------------------------------------------------------------------------------------------------------
    it |       fnorm |          n0 |        r0 |        s0 |          n1 |        r1 |        s1 |          n2 |        r2 |        s2
    --------------------------------------------------------------------------------------------------------------------------------------
     0 |  1.2376e-08 |   4.759e-18 | 1.000e+00 | 3.640e-04 |   1.238e-08 | 1.000e+00 | 8.431e-12 |   4.369e-18 | 1.000e+00 | 9.213e-09
     1 |  3.5203e-13 |   1.292e-21 | 2.714e-04 | 3.555e-04 |   3.520e-13 | 2.844e-05 | 8.271e-12 |   6.514e-23 | 1.491e-05 | 9.015e-09
  SNES converged via DOF-wise criteria:
    DOF 0: ABS (atol)
    DOF 1: ABS (atol) STOL (stol)
    DOF 2: ABS (atol) STOL (stol)
Max dt! can not Increase time step: 3.200e+04 -> 3.200e+04 
  BOUNDS: phi_ice [0.0000, 1.0000]  phi_air [0.0000, 1.0000]
  ===============================================================================
  >>> DOMAIN INTEGRALS (PER TIME STEP)
  ===============================================================================
  -------------------------------------------------------------------------------------------------------------
    STEP |     TIME [s] |    DT [s] |    TOT_ICE |    TOT_AIR |      TEMP |  TOT_RHOV | I-A INTERF | TOTAL_MASS
  -------------------------------------------------------------------------------------------------------------
   186 |  3.87081e+06 | 3.200e+04 |  1.379e-08 |  1.621e-08 | -6.000e-07 | 1.376e-11 |  1.040e-10 |  1.267e-05
       |              |           |    +0.000% |    -0.000% |           |   -0.001% |            |    +0.000%
    SNES DOF norms (2-norm) and ratios
    --------------------------------------------------------------------------------------------------------------------------------------
    it |       fnorm |          n0 |        r0 |        s0 |          n1 |        r1 |        s1 |          n2 |        r2 |        s2
    --------------------------------------------------------------------------------------------------------------------------------------
     0 |  1.2089e-08 |   4.648e-18 | 1.000e+00 | 3.555e-04 |   1.209e-08 | 1.000e+00 | 8.271e-12 |   4.268e-18 | 1.000e+00 | 9.015e-09
     1 |  3.5122e-13 |   1.232e-21 | 2.651e-04 | 3.473e-04 |   3.512e-13 | 2.905e-05 | 8.172e-12 |   6.215e-23 | 1.456e-05 | 8.821e-09
  SNES converged via DOF-wise criteria:
    DOF 0: ABS (atol)
    DOF 1: ABS (atol) STOL (stol)
    DOF 2: ABS (atol) STOL (stol)
Max dt! can not Increase time step: 3.200e+04 -> 3.200e+04 
  BOUNDS: phi_ice [0.0000, 1.0000]  phi_air [0.0000, 1.0000]
  ===============================================================================
  >>> DOMAIN INTEGRALS (PER TIME STEP)
  ===============================================================================
  -------------------------------------------------------------------------------------------------------------
    STEP |     TIME [s] |    DT [s] |    TOT_ICE |    TOT_AIR |      TEMP |  TOT_RHOV | I-A INTERF | TOTAL_MASS
  -------------------------------------------------------------------------------------------------------------
   187 |  3.90281e+06 | 3.200e+04 |  1.379e-08 |  1.621e-08 | -6.000e-07 | 1.376e-11 |  1.040e-10 |  1.267e-05
       |              |           |    +0.000% |    -0.000% |           |   -0.001% |            |    +0.000%
OUTPUT print!
    SNES DOF norms (2-norm) and ratios
    --------------------------------------------------------------------------------------------------------------------------------------
    it |       fnorm |          n0 |        r0 |        s0 |          n1 |        r1 |        s1 |          n2 |        r2 |        s2
    --------------------------------------------------------------------------------------------------------------------------------------
     0 |  1.1809e-08 |   4.541e-18 | 1.000e+00 | 3.473e-04 |   1.181e-08 | 1.000e+00 | 8.172e-12 |   4.169e-18 | 1.000e+00 | 8.821e-09
     1 |  3.4445e-13 |   1.176e-21 | 2.590e-04 | 3.392e-04 |   3.444e-13 | 2.917e-05 | 7.926e-12 |   5.927e-23 | 1.422e-05 | 8.630e-09
  SNES converged via DOF-wise criteria:
    DOF 0: ABS (atol)
    DOF 1: ABS (atol) STOL (stol)
    DOF 2: ABS (atol) STOL (stol)
Max dt! can not Increase time step: 3.200e+04 -> 3.200e+04 
  BOUNDS: phi_ice [0.0000, 1.0000]  phi_air [0.0000, 1.0000]
  ===============================================================================
  >>> DOMAIN INTEGRALS (PER TIME STEP)
  ===============================================================================
  -------------------------------------------------------------------------------------------------------------
    STEP |     TIME [s] |    DT [s] |    TOT_ICE |    TOT_AIR |      TEMP |  TOT_RHOV | I-A INTERF | TOTAL_MASS
  -------------------------------------------------------------------------------------------------------------
   188 |  3.93481e+06 | 3.200e+04 |  1.379e-08 |  1.621e-08 | -6.000e-07 | 1.376e-11 |  1.040e-10 |  1.267e-05
       |              |           |    +0.000% |    -0.000% |           |   -0.001% |            |    +0.000%
    SNES DOF norms (2-norm) and ratios
    --------------------------------------------------------------------------------------------------------------------------------------
    it |       fnorm |          n0 |        r0 |        s0 |          n1 |        r1 |        s1 |          n2 |        r2 |        s2
    --------------------------------------------------------------------------------------------------------------------------------------
     0 |  1.1535e-08 |   4.435e-18 | 1.000e+00 | 3.392e-04 |   1.153e-08 | 1.000e+00 | 7.926e-12 |   4.072e-18 | 1.000e+00 | 8.630e-09
     1 |  3.4803e-13 |   1.122e-21 | 2.530e-04 | 3.314e-04 |   3.480e-13 | 3.017e-05 | 7.820e-12 |   5.653e-23 | 1.388e-05 | 8.444e-09
  SNES converged via DOF-wise criteria:
    DOF 0: ABS (atol)
    DOF 1: ABS (atol) STOL (stol)
    DOF 2: ABS (atol) STOL (stol)
Max dt! can not Increase time step: 3.200e+04 -> 3.200e+04 
  BOUNDS: phi_ice [0.0000, 1.0000]  phi_air [0.0000, 1.0000]
  ===============================================================================
  >>> DOMAIN INTEGRALS (PER TIME STEP)
  ===============================================================================
  -------------------------------------------------------------------------------------------------------------
    STEP |     TIME [s] |    DT [s] |    TOT_ICE |    TOT_AIR |      TEMP |  TOT_RHOV | I-A INTERF | TOTAL_MASS
  -------------------------------------------------------------------------------------------------------------
   189 |  3.96681e+06 | 3.200e+04 |  1.379e-08 |  1.621e-08 | -6.000e-07 | 1.376e-11 |  1.040e-10 |  1.267e-05
       |              |           |    +0.000% |    -0.000% |           |   -0.001% |            |    +0.000%
    SNES DOF norms (2-norm) and ratios
    --------------------------------------------------------------------------------------------------------------------------------------
    it |       fnorm |          n0 |        r0 |        s0 |          n1 |        r1 |        s1 |          n2 |        r2 |        s2
    --------------------------------------------------------------------------------------------------------------------------------------
     0 |  1.1268e-08 |   4.333e-18 | 1.000e+00 | 3.314e-04 |   1.127e-08 | 1.000e+00 | 7.820e-12 |   3.978e-18 | 1.000e+00 | 8.444e-09
     1 |  3.3731e-13 |   1.071e-21 | 2.471e-04 | 3.237e-04 |   3.373e-13 | 2.994e-05 | 7.644e-12 |   5.391e-23 | 1.355e-05 | 8.262e-09
  SNES converged via DOF-wise criteria:
    DOF 0: ABS (atol)
    DOF 1: ABS (atol) STOL (stol)
    DOF 2: ABS (atol) STOL (stol)
Max dt! can not Increase time step: 3.200e+04 -> 3.200e+04 
  BOUNDS: phi_ice [0.0000, 1.0000]  phi_air [0.0000, 1.0000]
  ===============================================================================
  >>> DOMAIN INTEGRALS (PER TIME STEP)
  ===============================================================================
  -------------------------------------------------------------------------------------------------------------
    STEP |     TIME [s] |    DT [s] |    TOT_ICE |    TOT_AIR |      TEMP |  TOT_RHOV | I-A INTERF | TOTAL_MASS
  -------------------------------------------------------------------------------------------------------------
   190 |  3.99881e+06 | 3.200e+04 |  1.379e-08 |  1.621e-08 | -6.000e-07 | 1.376e-11 |  1.040e-10 |  1.267e-05
       |              |           |    +0.000% |    -0.000% |           |   -0.001% |            |    +0.000%
OUTPUT print!
    SNES DOF norms (2-norm) and ratios
    --------------------------------------------------------------------------------------------------------------------------------------
    it |       fnorm |          n0 |        r0 |        s0 |          n1 |        r1 |        s1 |          n2 |        r2 |        s2
    --------------------------------------------------------------------------------------------------------------------------------------
     0 |  1.1007e-08 |   4.232e-18 | 1.000e+00 | 3.237e-04 |   1.101e-08 | 1.000e+00 | 7.644e-12 |   3.886e-18 | 1.000e+00 | 8.262e-09
     1 |  3.3981e-13 |   1.022e-21 | 2.414e-04 | 3.162e-04 |   3.398e-13 | 3.087e-05 | 7.508e-12 |   5.142e-23 | 1.323e-05 | 8.084e-09
  SNES converged via DOF-wise criteria:
    DOF 0: ABS (atol)
    DOF 1: ABS (atol) STOL (stol)
    DOF 2: ABS (atol) STOL (stol)
Max dt! can not Increase time step: 3.200e+04 -> 3.200e+04 
  BOUNDS: phi_ice [0.0000, 1.0000]  phi_air [0.0000, 1.0000]
  ===============================================================================
  >>> DOMAIN INTEGRALS (PER TIME STEP)
  ===============================================================================
  -------------------------------------------------------------------------------------------------------------
    STEP |     TIME [s] |    DT [s] |    TOT_ICE |    TOT_AIR |      TEMP |  TOT_RHOV | I-A INTERF | TOTAL_MASS
  -------------------------------------------------------------------------------------------------------------
   191 |  4.03081e+06 | 3.200e+04 |  1.379e-08 |  1.621e-08 | -6.000e-07 | 1.376e-11 |  1.041e-10 |  1.267e-05
       |              |           |    +0.000% |    -0.000% |           |   -0.001% |            |    +0.000%
    SNES DOF norms (2-norm) and ratios
    --------------------------------------------------------------------------------------------------------------------------------------
    it |       fnorm |          n0 |        r0 |        s0 |          n1 |        r1 |        s1 |          n2 |        r2 |        s2
    --------------------------------------------------------------------------------------------------------------------------------------
     0 |  1.0752e-08 |   4.134e-18 | 1.000e+00 | 3.162e-04 |   1.075e-08 | 1.000e+00 | 7.508e-12 |   3.796e-18 | 1.000e+00 | 8.084e-09
     1 |  3.3823e-13 |   9.747e-22 | 2.358e-04 | 3.089e-04 |   3.382e-13 | 3.146e-05 | 7.355e-12 |   4.904e-23 | 1.292e-05 | 7.909e-09
  SNES converged via DOF-wise criteria:
    DOF 0: ABS (atol)
    DOF 1: ABS (atol) STOL (stol)
    DOF 2: ABS (atol) STOL (stol)
Max dt! can not Increase time step: 3.200e+04 -> 3.200e+04 
  BOUNDS: phi_ice [0.0000, 1.0000]  phi_air [0.0000, 1.0000]
  ===============================================================================
  >>> DOMAIN INTEGRALS (PER TIME STEP)
  ===============================================================================
  -------------------------------------------------------------------------------------------------------------
    STEP |     TIME [s] |    DT [s] |    TOT_ICE |    TOT_AIR |      TEMP |  TOT_RHOV | I-A INTERF | TOTAL_MASS
  -------------------------------------------------------------------------------------------------------------
   192 |  4.06281e+06 | 3.200e+04 |  1.379e-08 |  1.621e-08 | -6.000e-07 | 1.376e-11 |  1.041e-10 |  1.267e-05
       |              |           |    +0.000% |    -0.000% |           |   -0.001% |            |    +0.000%
    SNES DOF norms (2-norm) and ratios
    --------------------------------------------------------------------------------------------------------------------------------------
    it |       fnorm |          n0 |        r0 |        s0 |          n1 |        r1 |        s1 |          n2 |        r2 |        s2
    --------------------------------------------------------------------------------------------------------------------------------------
     0 |  1.0504e-08 |   4.039e-18 | 1.000e+00 | 3.089e-04 |   1.050e-08 | 1.000e+00 | 7.355e-12 |   3.708e-18 | 1.000e+00 | 7.909e-09
     1 |  3.3244e-13 |   9.301e-22 | 2.303e-04 | 3.018e-04 |   3.324e-13 | 3.165e-05 | 7.214e-12 |   4.678e-23 | 1.261e-05 | 7.738e-09
  SNES converged via DOF-wise criteria:
    DOF 0: ABS (atol)
    DOF 1: ABS (atol) STOL (stol)
    DOF 2: ABS (atol) STOL (stol)
Max dt! can not Increase time step: 3.200e+04 -> 3.200e+04 
  BOUNDS: phi_ice [0.0000, 1.0000]  phi_air [0.0000, 1.0000]
  ===============================================================================
  >>> DOMAIN INTEGRALS (PER TIME STEP)
  ===============================================================================
  -------------------------------------------------------------------------------------------------------------
    STEP |     TIME [s] |    DT [s] |    TOT_ICE |    TOT_AIR |      TEMP |  TOT_RHOV | I-A INTERF | TOTAL_MASS
  -------------------------------------------------------------------------------------------------------------
   193 |  4.09481e+06 | 3.200e+04 |  1.379e-08 |  1.621e-08 | -6.000e-07 | 1.376e-11 |  1.041e-10 |  1.267e-05
       |              |           |    +0.000% |    -0.000% |           |   -0.001% |            |    +0.000%
OUTPUT print!
    SNES DOF norms (2-norm) and ratios
    --------------------------------------------------------------------------------------------------------------------------------------
    it |       fnorm |          n0 |        r0 |        s0 |          n1 |        r1 |        s1 |          n2 |        r2 |        s2
    --------------------------------------------------------------------------------------------------------------------------------------
     0 |  1.0261e-08 |   3.945e-18 | 1.000e+00 | 3.018e-04 |   1.026e-08 | 1.000e+00 | 7.214e-12 |   3.622e-18 | 1.000e+00 | 7.738e-09
     1 |  3.3189e-13 |   8.876e-22 | 2.250e-04 | 2.948e-04 |   3.319e-13 | 3.235e-05 | 7.070e-12 |   4.462e-23 | 1.232e-05 | 7.570e-09
  SNES converged via DOF-wise criteria:
    DOF 0: ABS (atol)
    DOF 1: ABS (atol) STOL (stol)
    DOF 2: ABS (atol) STOL (stol)
Max dt! can not Increase time step: 3.200e+04 -> 3.200e+04 
  BOUNDS: phi_ice [0.0000, 1.0000]  phi_air [0.0000, 1.0000]
  ===============================================================================
  >>> DOMAIN INTEGRALS (PER TIME STEP)
  ===============================================================================
  -------------------------------------------------------------------------------------------------------------
    STEP |     TIME [s] |    DT [s] |    TOT_ICE |    TOT_AIR |      TEMP |  TOT_RHOV | I-A INTERF | TOTAL_MASS
  -------------------------------------------------------------------------------------------------------------
   194 |  4.12681e+06 | 3.200e+04 |  1.379e-08 |  1.621e-08 | -6.000e-07 | 1.376e-11 |  1.041e-10 |  1.267e-05
       |              |           |    +0.000% |    -0.000% |           |   -0.001% |            |    +0.000%
    SNES DOF norms (2-norm) and ratios
    --------------------------------------------------------------------------------------------------------------------------------------
    it |       fnorm |          n0 |        r0 |        s0 |          n1 |        r1 |        s1 |          n2 |        r2 |        s2
    --------------------------------------------------------------------------------------------------------------------------------------
     0 |  1.0024e-08 |   3.854e-18 | 1.000e+00 | 2.948e-04 |   1.002e-08 | 1.000e+00 | 7.070e-12 |   3.539e-18 | 1.000e+00 | 7.570e-09
     1 |  3.3316e-13 |   8.470e-22 | 2.198e-04 | 2.880e-04 |   3.332e-13 | 3.324e-05 | 6.931e-12 |   4.256e-23 | 1.203e-05 | 7.406e-09
  SNES converged via DOF-wise criteria:
    DOF 0: ABS (atol)
    DOF 1: ABS (atol) STOL (stol)
    DOF 2: ABS (atol) STOL (stol)
Max dt! can not Increase time step: 3.200e+04 -> 3.200e+04 
  BOUNDS: phi_ice [0.0000, 1.0000]  phi_air [0.0000, 1.0000]
  ===============================================================================
  >>> DOMAIN INTEGRALS (PER TIME STEP)
  ===============================================================================
  -------------------------------------------------------------------------------------------------------------
    STEP |     TIME [s] |    DT [s] |    TOT_ICE |    TOT_AIR |      TEMP |  TOT_RHOV | I-A INTERF | TOTAL_MASS
  -------------------------------------------------------------------------------------------------------------
   195 |  4.15881e+06 | 3.200e+04 |  1.379e-08 |  1.621e-08 | -6.000e-07 | 1.376e-11 |  1.041e-10 |  1.267e-05
       |              |           |    +0.000% |    -0.000% |           |   -0.001% |            |    +0.000%
    SNES DOF norms (2-norm) and ratios
    --------------------------------------------------------------------------------------------------------------------------------------
    it |       fnorm |          n0 |        r0 |        s0 |          n1 |        r1 |        s1 |          n2 |        r2 |        s2
    --------------------------------------------------------------------------------------------------------------------------------------
     0 |  9.7920e-09 |   3.765e-18 | 1.000e+00 | 2.880e-04 |   9.792e-09 | 1.000e+00 | 6.931e-12 |   3.457e-18 | 1.000e+00 | 7.406e-09
     1 |  3.1916e-13 |   8.083e-22 | 2.147e-04 | 2.813e-04 |   3.192e-13 | 3.259e-05 | 6.793e-12 |   4.060e-23 | 1.174e-05 | 7.246e-09
  SNES converged via DOF-wise criteria:
    DOF 0: ABS (atol)
    DOF 1: ABS (atol) STOL (stol)
    DOF 2: ABS (atol) STOL (stol)
Max dt! can not Increase time step: 3.200e+04 -> 3.200e+04 
  BOUNDS: phi_ice [0.0000, 1.0000]  phi_air [0.0000, 1.0000]
  ===============================================================================
  >>> DOMAIN INTEGRALS (PER TIME STEP)
  ===============================================================================
  -------------------------------------------------------------------------------------------------------------
    STEP |     TIME [s] |    DT [s] |    TOT_ICE |    TOT_AIR |      TEMP |  TOT_RHOV | I-A INTERF | TOTAL_MASS
  -------------------------------------------------------------------------------------------------------------
   196 |  4.19081e+06 | 3.200e+04 |  1.379e-08 |  1.621e-08 | -6.000e-07 | 1.376e-11 |  1.041e-10 |  1.267e-05
       |              |           |    +0.000% |    -0.000% |           |   -0.001% |            |    +0.000%
OUTPUT print!
    SNES DOF norms (2-norm) and ratios
    --------------------------------------------------------------------------------------------------------------------------------------
    it |       fnorm |          n0 |        r0 |        s0 |          n1 |        r1 |        s1 |          n2 |        r2 |        s2
    --------------------------------------------------------------------------------------------------------------------------------------
     0 |  9.5659e-09 |   3.678e-18 | 1.000e+00 | 2.813e-04 |   9.566e-09 | 1.000e+00 | 6.793e-12 |   3.377e-18 | 1.000e+00 | 7.246e-09
     1 |  3.2144e-13 |   7.714e-22 | 2.097e-04 | 2.748e-04 |   3.214e-13 | 3.360e-05 | 6.658e-12 |   3.872e-23 | 1.147e-05 | 7.089e-09
  SNES converged via DOF-wise criteria:
    DOF 0: ABS (atol)
    DOF 1: ABS (atol) STOL (stol)
    DOF 2: ABS (atol) STOL (stol)
Max dt! can not Increase time step: 3.200e+04 -> 3.200e+04 
  BOUNDS: phi_ice [0.0000, 1.0000]  phi_air [0.0000, 1.0000]
  ===============================================================================
  >>> DOMAIN INTEGRALS (PER TIME STEP)
  ===============================================================================
  -------------------------------------------------------------------------------------------------------------
    STEP |     TIME [s] |    DT [s] |    TOT_ICE |    TOT_AIR |      TEMP |  TOT_RHOV | I-A INTERF | TOTAL_MASS
  -------------------------------------------------------------------------------------------------------------
   197 |  4.22281e+06 | 3.200e+04 |  1.379e-08 |  1.621e-08 | -6.000e-07 | 1.376e-11 |  1.041e-10 |  1.267e-05
       |              |           |    +0.000% |    -0.000% |           |   -0.001% |            |    +0.000%
    SNES DOF norms (2-norm) and ratios
    --------------------------------------------------------------------------------------------------------------------------------------
    it |       fnorm |          n0 |        r0 |        s0 |          n1 |        r1 |        s1 |          n2 |        r2 |        s2
    --------------------------------------------------------------------------------------------------------------------------------------
     0 |  9.3451e-09 |   3.593e-18 | 1.000e+00 | 2.748e-04 |   9.345e-09 | 1.000e+00 | 6.658e-12 |   3.299e-18 | 1.000e+00 | 7.089e-09
     1 |  3.1574e-13 |   7.362e-22 | 2.049e-04 | 2.685e-04 |   3.157e-13 | 3.379e-05 | 6.525e-12 |   3.694e-23 | 1.120e-05 | 6.934e-09
  SNES converged via DOF-wise criteria:
    DOF 0: ABS (atol)
    DOF 1: ABS (atol) STOL (stol)
    DOF 2: ABS (atol) STOL (stol)
Max dt! can not Increase time step: 3.200e+04 -> 3.200e+04 
  BOUNDS: phi_ice [0.0000, 1.0000]  phi_air [0.0000, 1.0000]
  ===============================================================================
  >>> DOMAIN INTEGRALS (PER TIME STEP)
  ===============================================================================
  -------------------------------------------------------------------------------------------------------------
    STEP |     TIME [s] |    DT [s] |    TOT_ICE |    TOT_AIR |      TEMP |  TOT_RHOV | I-A INTERF | TOTAL_MASS
  -------------------------------------------------------------------------------------------------------------
   198 |  4.25481e+06 | 3.200e+04 |  1.379e-08 |  1.621e-08 | -6.000e-07 | 1.376e-11 |  1.041e-10 |  1.267e-05
       |              |           |    +0.000% |    -0.000% |           |   -0.001% |            |    +0.000%
    SNES DOF norms (2-norm) and ratios
    --------------------------------------------------------------------------------------------------------------------------------------
    it |       fnorm |          n0 |        r0 |        s0 |          n1 |        r1 |        s1 |          n2 |        r2 |        s2
    --------------------------------------------------------------------------------------------------------------------------------------
     0 |  9.1295e-09 |   3.510e-18 | 1.000e+00 | 2.685e-04 |   9.130e-09 | 1.000e+00 | 6.525e-12 |   3.223e-18 | 1.000e+00 | 6.934e-09
     1 |  3.1908e-13 |   7.026e-22 | 2.001e-04 | 2.623e-04 |   3.191e-13 | 3.495e-05 | 6.394e-12 |   3.524e-23 | 1.093e-05 | 6.784e-09
  SNES converged via DOF-wise criteria:
    DOF 0: ABS (atol)
    DOF 1: ABS (atol) STOL (stol)
    DOF 2: ABS (atol) STOL (stol)
Max dt! can not Increase time step: 3.200e+04 -> 3.200e+04 
  BOUNDS: phi_ice [0.0000, 1.0000]  phi_air [0.0000, 1.0000]
  ===============================================================================
  >>> DOMAIN INTEGRALS (PER TIME STEP)
  ===============================================================================
  -------------------------------------------------------------------------------------------------------------
    STEP |     TIME [s] |    DT [s] |    TOT_ICE |    TOT_AIR |      TEMP |  TOT_RHOV | I-A INTERF | TOTAL_MASS
  -------------------------------------------------------------------------------------------------------------
   199 |  4.28681e+06 | 3.200e+04 |  1.379e-08 |  1.621e-08 | -6.000e-07 | 1.376e-11 |  1.042e-10 |  1.267e-05
       |              |           |    +0.000% |    -0.000% |           |   -0.001% |            |    +0.000%
OUTPUT print!
    SNES DOF norms (2-norm) and ratios
    --------------------------------------------------------------------------------------------------------------------------------------
    it |       fnorm |          n0 |        r0 |        s0 |          n1 |        r1 |        s1 |          n2 |        r2 |        s2
    --------------------------------------------------------------------------------------------------------------------------------------
     0 |  8.9190e-09 |   3.429e-18 | 1.000e+00 | 2.623e-04 |   8.919e-09 | 1.000e+00 | 6.394e-12 |   3.149e-18 | 1.000e+00 | 6.784e-09
     1 |  3.1846e-13 |   6.705e-22 | 1.955e-04 | 2.563e-04 |   3.185e-13 | 3.571e-05 | 6.265e-12 |   3.362e-23 | 1.068e-05 | 6.636e-09
  SNES converged via DOF-wise criteria:
    DOF 0: ABS (atol)
    DOF 1: ABS (atol) STOL (stol)
    DOF 2: ABS (atol) STOL (stol)
Max dt! can not Increase time step: 3.200e+04 -> 3.200e+04 
  BOUNDS: phi_ice [0.0000, 1.0000]  phi_air [0.0000, 1.0000]
  ===============================================================================
  >>> DOMAIN INTEGRALS (PER TIME STEP)
  ===============================================================================
  -------------------------------------------------------------------------------------------------------------
    STEP |     TIME [s] |    DT [s] |    TOT_ICE |    TOT_AIR |      TEMP |  TOT_RHOV | I-A INTERF | TOTAL_MASS
  -------------------------------------------------------------------------------------------------------------
   200 |  4.31881e+06 | 3.200e+04 |  1.379e-08 |  1.621e-08 | -6.000e-07 | 1.376e-11 |  1.042e-10 |  1.267e-05
       |              |           |    +0.000% |    -0.000% |           |   -0.001% |            |    +0.000%
    SNES DOF norms (2-norm) and ratios
    --------------------------------------------------------------------------------------------------------------------------------------
    it |       fnorm |          n0 |        r0 |        s0 |          n1 |        r1 |        s1 |          n2 |        r2 |        s2
    --------------------------------------------------------------------------------------------------------------------------------------
     0 |  8.7134e-09 |   3.350e-18 | 1.000e+00 | 2.563e-04 |   8.713e-09 | 1.000e+00 | 6.265e-12 |   3.076e-18 | 1.000e+00 | 6.636e-09
     1 |  3.1879e-13 |   6.399e-22 | 1.910e-04 | 2.504e-04 |   3.188e-13 | 3.659e-05 | 6.139e-12 |   3.208e-23 | 1.043e-05 | 6.491e-09
  SNES converged via DOF-wise criteria:
    DOF 0: ABS (atol)
    DOF 1: ABS (atol) STOL (stol)
    DOF 2: ABS (atol) STOL (stol)
Max dt! can not Increase time step: 3.200e+04 -> 3.200e+04 
  BOUNDS: phi_ice [0.0000, 1.0000]  phi_air [0.0000, 1.0000]
  ===============================================================================
  >>> DOMAIN INTEGRALS (PER TIME STEP)
  ===============================================================================
  -------------------------------------------------------------------------------------------------------------
    STEP |     TIME [s] |    DT [s] |    TOT_ICE |    TOT_AIR |      TEMP |  TOT_RHOV | I-A INTERF | TOTAL_MASS
  -------------------------------------------------------------------------------------------------------------
   201 |  4.35081e+06 | 3.200e+04 |  1.379e-08 |  1.621e-08 | -6.000e-07 | 1.376e-11 |  1.042e-10 |  1.267e-05
       |              |           |    +0.000% |    -0.000% |           |   -0.001% |            |    +0.000%
    SNES DOF norms (2-norm) and ratios
    --------------------------------------------------------------------------------------------------------------------------------------
    it |       fnorm |          n0 |        r0 |        s0 |          n1 |        r1 |        s1 |          n2 |        r2 |        s2
    --------------------------------------------------------------------------------------------------------------------------------------
     0 |  8.5125e-09 |   3.273e-18 | 1.000e+00 | 2.504e-04 |   8.513e-09 | 1.000e+00 | 6.139e-12 |   3.005e-18 | 1.000e+00 | 6.491e-09
     1 |  3.1219e-13 |   6.108e-22 | 1.866e-04 | 2.446e-04 |   3.122e-13 | 3.667e-05 | 6.014e-12 |   3.060e-23 | 1.018e-05 | 6.350e-09
  SNES converged via DOF-wise criteria:
    DOF 0: ABS (atol)
    DOF 1: ABS (atol) STOL (stol)
    DOF 2: ABS (atol) STOL (stol)
Max dt! can not Increase time step: 3.200e+04 -> 3.200e+04 
  BOUNDS: phi_ice [0.0000, 1.0000]  phi_air [0.0000, 1.0000]
  ===============================================================================
  >>> DOMAIN INTEGRALS (PER TIME STEP)
  ===============================================================================
  -------------------------------------------------------------------------------------------------------------
    STEP |     TIME [s] |    DT [s] |    TOT_ICE |    TOT_AIR |      TEMP |  TOT_RHOV | I-A INTERF | TOTAL_MASS
  -------------------------------------------------------------------------------------------------------------
   202 |  4.38281e+06 | 3.200e+04 |  1.379e-08 |  1.621e-08 | -6.000e-07 | 1.376e-11 |  1.042e-10 |  1.267e-05
       |              |           |    +0.000% |    -0.000% |           |   -0.001% |            |    +0.000%
OUTPUT print!
    SNES DOF norms (2-norm) and ratios
    --------------------------------------------------------------------------------------------------------------------------------------
    it |       fnorm |          n0 |        r0 |        s0 |          n1 |        r1 |        s1 |          n2 |        r2 |        s2
    --------------------------------------------------------------------------------------------------------------------------------------
     0 |  8.3164e-09 |   3.198e-18 | 1.000e+00 | 2.446e-04 |   8.316e-09 | 1.000e+00 | 6.014e-12 |   2.936e-18 | 1.000e+00 | 6.350e-09
     1 |  3.1911e-13 |   5.829e-22 | 1.823e-04 | 2.390e-04 |   3.191e-13 | 3.837e-05 | 5.892e-12 |   2.920e-23 | 9.944e-06 | 6.211e-09
  SNES converged via DOF-wise criteria:
    DOF 0: ABS (atol)
    DOF 1: ABS (atol) STOL (stol)
    DOF 2: ABS (atol) STOL (stol)
Max dt! can not Increase time step: 3.200e+04 -> 3.200e+04 
  BOUNDS: phi_ice [0.0000, 1.0000]  phi_air [0.0000, 1.0000]
  ===============================================================================
  >>> DOMAIN INTEGRALS (PER TIME STEP)
  ===============================================================================
  -------------------------------------------------------------------------------------------------------------
    STEP |     TIME [s] |    DT [s] |    TOT_ICE |    TOT_AIR |      TEMP |  TOT_RHOV | I-A INTERF | TOTAL_MASS
  -------------------------------------------------------------------------------------------------------------
   203 |  4.41481e+06 | 3.200e+04 |  1.379e-08 |  1.621e-08 | -6.000e-07 | 1.376e-11 |  1.042e-10 |  1.267e-05
       |              |           |    +0.000% |    -0.000% |           |   -0.001% |            |    +0.000%
    SNES DOF norms (2-norm) and ratios
    --------------------------------------------------------------------------------------------------------------------------------------
    it |       fnorm |          n0 |        r0 |        s0 |          n1 |        r1 |        s1 |          n2 |        r2 |        s2
    --------------------------------------------------------------------------------------------------------------------------------------
     0 |  8.1249e-09 |   3.124e-18 | 1.000e+00 | 2.390e-04 |   8.125e-09 | 1.000e+00 | 5.892e-12 |   2.868e-18 | 1.000e+00 | 6.211e-09
     1 |  3.1768e-13 |   5.564e-22 | 1.781e-04 | 2.335e-04 |   3.177e-13 | 3.910e-05 | 5.772e-12 |   2.786e-23 | 9.711e-06 | 6.076e-09
  SNES converged via DOF-wise criteria:
    DOF 0: ABS (atol)
    DOF 1: ABS (atol) STOL (stol)
    DOF 2: ABS (atol) STOL (stol)
Max dt! can not Increase time step: 3.200e+04 -> 3.200e+04 
  BOUNDS: phi_ice [0.0000, 1.0000]  phi_air [0.0000, 1.0000]
  ===============================================================================
  >>> DOMAIN INTEGRALS (PER TIME STEP)
  ===============================================================================
  -------------------------------------------------------------------------------------------------------------
    STEP |     TIME [s] |    DT [s] |    TOT_ICE |    TOT_AIR |      TEMP |  TOT_RHOV | I-A INTERF | TOTAL_MASS
  -------------------------------------------------------------------------------------------------------------
   204 |  4.44681e+06 | 3.200e+04 |  1.379e-08 |  1.621e-08 | -6.000e-07 | 1.376e-11 |  1.042e-10 |  1.267e-05
       |              |           |    +0.000% |    -0.000% |           |   -0.001% |            |    +0.000%
    SNES DOF norms (2-norm) and ratios
    --------------------------------------------------------------------------------------------------------------------------------------
    it |       fnorm |          n0 |        r0 |        s0 |          n1 |        r1 |        s1 |          n2 |        r2 |        s2
    --------------------------------------------------------------------------------------------------------------------------------------
     0 |  7.9379e-09 |   3.052e-18 | 1.000e+00 | 2.335e-04 |   7.938e-09 | 1.000e+00 | 5.772e-12 |   2.802e-18 | 1.000e+00 | 6.076e-09
     1 |  3.1501e-13 |   5.310e-22 | 1.740e-04 | 2.281e-04 |   3.150e-13 | 3.968e-05 | 5.654e-12 |   2.658e-23 | 9.485e-06 | 5.943e-09
  SNES converged via DOF-wise criteria:
    DOF 0: ABS (atol)
    DOF 1: ABS (atol) STOL (stol)
    DOF 2: ABS (atol) STOL (stol)
Max dt! can not Increase time step: 3.200e+04 -> 3.200e+04 
  BOUNDS: phi_ice [0.0000, 1.0000]  phi_air [0.0000, 1.0000]
  ===============================================================================
  >>> DOMAIN INTEGRALS (PER TIME STEP)
  ===============================================================================
  -------------------------------------------------------------------------------------------------------------
    STEP |     TIME [s] |    DT [s] |    TOT_ICE |    TOT_AIR |      TEMP |  TOT_RHOV | I-A INTERF | TOTAL_MASS
  -------------------------------------------------------------------------------------------------------------
   205 |  4.47881e+06 | 3.200e+04 |  1.379e-08 |  1.621e-08 | -6.000e-07 | 1.376e-11 |  1.042e-10 |  1.267e-05
       |              |           |    +0.000% |    -0.000% |           |   -0.001% |            |    +0.000%
OUTPUT print!
    SNES DOF norms (2-norm) and ratios
    --------------------------------------------------------------------------------------------------------------------------------------
    it |       fnorm |          n0 |        r0 |        s0 |          n1 |        r1 |        s1 |          n2 |        r2 |        s2
    --------------------------------------------------------------------------------------------------------------------------------------
     0 |  7.7552e-09 |   2.982e-18 | 1.000e+00 | 2.281e-04 |   7.755e-09 | 1.000e+00 | 5.654e-12 |   2.738e-18 | 1.000e+00 | 5.943e-09
     1 |  3.1345e-13 |   5.069e-22 | 1.700e-04 | 2.228e-04 |   3.134e-13 | 4.042e-05 | 5.538e-12 |   2.536e-23 | 9.263e-06 | 5.813e-09
  SNES converged via DOF-wise criteria:
    DOF 0: ABS (atol)
    DOF 1: ABS (atol) STOL (stol)
    DOF 2: ABS (atol) STOL (stol)
Max dt! can not Increase time step: 3.200e+04 -> 3.200e+04 
  BOUNDS: phi_ice [0.0000, 1.0000]  phi_air [0.0000, 1.0000]
  ===============================================================================
  >>> DOMAIN INTEGRALS (PER TIME STEP)
  ===============================================================================
  -------------------------------------------------------------------------------------------------------------
    STEP |     TIME [s] |    DT [s] |    TOT_ICE |    TOT_AIR |      TEMP |  TOT_RHOV | I-A INTERF | TOTAL_MASS
  -------------------------------------------------------------------------------------------------------------
   206 |  4.51081e+06 | 3.200e+04 |  1.379e-08 |  1.621e-08 | -6.000e-07 | 1.376e-11 |  1.042e-10 |  1.267e-05
       |              |           |    +0.000% |    -0.000% |           |   -0.001% |            |    +0.000%
    SNES DOF norms (2-norm) and ratios
    --------------------------------------------------------------------------------------------------------------------------------------
    it |       fnorm |          n0 |        r0 |        s0 |          n1 |        r1 |        s1 |          n2 |        r2 |        s2
    --------------------------------------------------------------------------------------------------------------------------------------
     0 |  7.5768e-09 |   2.913e-18 | 1.000e+00 | 2.228e-04 |   7.577e-09 | 1.000e+00 | 5.538e-12 |   2.675e-18 | 1.000e+00 | 5.813e-09
     1 |  3.1112e-13 |   4.838e-22 | 1.661e-04 | 2.177e-04 |   3.111e-13 | 4.106e-05 | 5.424e-12 |   2.420e-23 | 9.046e-06 | 5.686e-09
  SNES converged via DOF-wise criteria:
    DOF 0: ABS (atol)
    DOF 1: ABS (atol) STOL (stol)
    DOF 2: ABS (atol) STOL (stol)
Max dt! can not Increase time step: 3.200e+04 -> 3.200e+04 
  BOUNDS: phi_ice [0.0000, 1.0000]  phi_air [0.0000, 1.0000]
  ===============================================================================
  >>> DOMAIN INTEGRALS (PER TIME STEP)
  ===============================================================================
  -------------------------------------------------------------------------------------------------------------
    STEP |     TIME [s] |    DT [s] |    TOT_ICE |    TOT_AIR |      TEMP |  TOT_RHOV | I-A INTERF | TOTAL_MASS
  -------------------------------------------------------------------------------------------------------------
   207 |  4.54281e+06 | 3.200e+04 |  1.379e-08 |  1.621e-08 | -6.000e-07 | 1.376e-11 |  1.043e-10 |  1.267e-05
       |              |           |    +0.000% |    -0.000% |           |   -0.001% |            |    +0.000%
    SNES DOF norms (2-norm) and ratios
    --------------------------------------------------------------------------------------------------------------------------------------
    it |       fnorm |          n0 |        r0 |        s0 |          n1 |        r1 |        s1 |          n2 |        r2 |        s2
    --------------------------------------------------------------------------------------------------------------------------------------
     0 |  7.4025e-09 |   2.846e-18 | 1.000e+00 | 2.177e-04 |   7.403e-09 | 1.000e+00 | 5.424e-12 |   2.613e-18 | 1.000e+00 | 5.686e-09
     1 |  3.2322e-13 |   4.618e-22 | 1.622e-04 | 2.127e-04 |   3.232e-13 | 4.366e-05 | 5.312e-12 |   2.309e-23 | 8.835e-06 | 5.561e-09
  SNES converged via DOF-wise criteria:
    DOF 0: ABS (atol)
    DOF 1: ABS (atol) STOL (stol)
    DOF 2: ABS (atol) STOL (stol)
Max dt! can not Increase time step: 3.200e+04 -> 3.200e+04 
  BOUNDS: phi_ice [0.0000, 1.0000]  phi_air [0.0000, 1.0000]
  ===============================================================================
  >>> DOMAIN INTEGRALS (PER TIME STEP)
  ===============================================================================
  -------------------------------------------------------------------------------------------------------------
    STEP |     TIME [s] |    DT [s] |    TOT_ICE |    TOT_AIR |      TEMP |  TOT_RHOV | I-A INTERF | TOTAL_MASS
  -------------------------------------------------------------------------------------------------------------
   208 |  4.57481e+06 | 3.200e+04 |  1.379e-08 |  1.621e-08 | -6.000e-07 | 1.376e-11 |  1.043e-10 |  1.267e-05
       |              |           |    +0.000% |    -0.000% |           |   -0.001% |            |    +0.000%
OUTPUT print!
    SNES DOF norms (2-norm) and ratios
    --------------------------------------------------------------------------------------------------------------------------------------
    it |       fnorm |          n0 |        r0 |        s0 |          n1 |        r1 |        s1 |          n2 |        r2 |        s2
    --------------------------------------------------------------------------------------------------------------------------------------
     0 |  7.2323e-09 |   2.781e-18 | 1.000e+00 | 2.127e-04 |   7.232e-09 | 1.000e+00 | 5.312e-12 |   2.553e-18 | 1.000e+00 | 5.561e-09
     1 |  3.0980e-13 |   4.408e-22 | 1.585e-04 | 2.078e-04 |   3.098e-13 | 4.284e-05 | 5.203e-12 |   2.203e-23 | 8.629e-06 | 5.440e-09
  SNES converged via DOF-wise criteria:
    DOF 0: ABS (atol)
    DOF 1: ABS (atol) STOL (stol)
    DOF 2: ABS (atol) STOL (stol)
Max dt! can not Increase time step: 3.200e+04 -> 3.200e+04 
  BOUNDS: phi_ice [0.0000, 1.0000]  phi_air [0.0000, 1.0000]
  ===============================================================================
  >>> DOMAIN INTEGRALS (PER TIME STEP)
  ===============================================================================
  -------------------------------------------------------------------------------------------------------------
    STEP |     TIME [s] |    DT [s] |    TOT_ICE |    TOT_AIR |      TEMP |  TOT_RHOV | I-A INTERF | TOTAL_MASS
  -------------------------------------------------------------------------------------------------------------
   209 |  4.60681e+06 | 3.200e+04 |  1.379e-08 |  1.621e-08 | -6.000e-07 | 1.376e-11 |  1.043e-10 |  1.267e-05
       |              |           |    +0.000% |    -0.000% |           |   -0.001% |            |    +0.000%
    SNES DOF norms (2-norm) and ratios
    --------------------------------------------------------------------------------------------------------------------------------------
    it |       fnorm |          n0 |        r0 |        s0 |          n1 |        r1 |        s1 |          n2 |        r2 |        s2
    --------------------------------------------------------------------------------------------------------------------------------------
     0 |  7.0661e-09 |   2.717e-18 | 1.000e+00 | 2.078e-04 |   7.066e-09 | 1.000e+00 | 5.203e-12 |   2.495e-18 | 1.000e+00 | 5.440e-09
     1 |  3.1636e-13 |   4.208e-22 | 1.549e-04 | 2.030e-04 |   3.164e-13 | 4.477e-05 | 5.095e-12 |   2.102e-23 | 8.428e-06 | 5.320e-09
  SNES converged via DOF-wise criteria:
    DOF 0: ABS (atol)
    DOF 1: ABS (atol) STOL (stol)
    DOF 2: ABS (atol) STOL (stol)
Max dt! can not Increase time step: 3.200e+04 -> 3.200e+04 
  BOUNDS: phi_ice [0.0000, 1.0000]  phi_air [0.0000, 1.0000]
  ===============================================================================
  >>> DOMAIN INTEGRALS (PER TIME STEP)
  ===============================================================================
  -------------------------------------------------------------------------------------------------------------
    STEP |     TIME [s] |    DT [s] |    TOT_ICE |    TOT_AIR |      TEMP |  TOT_RHOV | I-A INTERF | TOTAL_MASS
  -------------------------------------------------------------------------------------------------------------
   210 |  4.63881e+06 | 3.200e+04 |  1.379e-08 |  1.621e-08 | -6.000e-07 | 1.376e-11 |  1.043e-10 |  1.267e-05
       |              |           |    +0.000% |    -0.000% |           |   -0.001% |            |    +0.000%
    SNES DOF norms (2-norm) and ratios
    --------------------------------------------------------------------------------------------------------------------------------------
    it |       fnorm |          n0 |        r0 |        s0 |          n1 |        r1 |        s1 |          n2 |        r2 |        s2
    --------------------------------------------------------------------------------------------------------------------------------------
     0 |  6.9038e-09 |   2.655e-18 | 1.000e+00 | 2.030e-04 |   6.904e-09 | 1.000e+00 | 5.095e-12 |   2.437e-18 | 1.000e+00 | 5.320e-09
     1 |  3.0660e-13 |   4.016e-22 | 1.513e-04 | 1.984e-04 |   3.066e-13 | 4.441e-05 | 4.989e-12 |   2.006e-23 | 8.232e-06 | 5.203e-09
  SNES converged via DOF-wise criteria:
    DOF 0: ABS (atol)
    DOF 1: ABS (atol) STOL (stol)
    DOF 2: ABS (atol) STOL (stol)
Max dt! can not Increase time step: 3.200e+04 -> 3.200e+04 
  BOUNDS: phi_ice [0.0000, 1.0000]  phi_air [0.0000, 1.0000]
  ===============================================================================
  >>> DOMAIN INTEGRALS (PER TIME STEP)
  ===============================================================================
  -------------------------------------------------------------------------------------------------------------
    STEP |     TIME [s] |    DT [s] |    TOT_ICE |    TOT_AIR |      TEMP |  TOT_RHOV | I-A INTERF | TOTAL_MASS
  -------------------------------------------------------------------------------------------------------------
   211 |  4.67081e+06 | 3.200e+04 |  1.379e-08 |  1.621e-08 | -6.000e-07 | 1.376e-11 |  1.043e-10 |  1.267e-05
       |              |           |    +0.000% |    -0.000% |           |   -0.001% |            |    +0.000%
OUTPUT print!
    SNES DOF norms (2-norm) and ratios
    --------------------------------------------------------------------------------------------------------------------------------------
    it |       fnorm |          n0 |        r0 |        s0 |          n1 |        r1 |        s1 |          n2 |        r2 |        s2
    --------------------------------------------------------------------------------------------------------------------------------------
     0 |  6.7452e-09 |   2.594e-18 | 1.000e+00 | 1.984e-04 |   6.745e-09 | 1.000e+00 | 4.989e-12 |   2.381e-18 | 1.000e+00 | 5.203e-09
     1 |  3.1380e-13 |   3.834e-22 | 1.478e-04 | 1.938e-04 |   3.138e-13 | 4.652e-05 | 4.885e-12 |   1.915e-23 | 8.040e-06 | 5.089e-09
  SNES converged via DOF-wise criteria:
    DOF 0: ABS (atol)
    DOF 1: ABS (atol) STOL (stol)
    DOF 2: ABS (atol) STOL (stol)
Max dt! can not Increase time step: 3.200e+04 -> 3.200e+04 
  BOUNDS: phi_ice [0.0000, 1.0000]  phi_air [0.0000, 1.0000]
  ===============================================================================
  >>> DOMAIN INTEGRALS (PER TIME STEP)
  ===============================================================================
  -------------------------------------------------------------------------------------------------------------
    STEP |     TIME [s] |    DT [s] |    TOT_ICE |    TOT_AIR |      TEMP |  TOT_RHOV | I-A INTERF | TOTAL_MASS
  -------------------------------------------------------------------------------------------------------------
   212 |  4.70281e+06 | 3.200e+04 |  1.379e-08 |  1.621e-08 | -6.000e-07 | 1.376e-11 |  1.043e-10 |  1.267e-05
       |              |           |    +0.000% |    -0.000% |           |   -0.001% |            |    +0.000%
    SNES DOF norms (2-norm) and ratios
    --------------------------------------------------------------------------------------------------------------------------------------
    it |       fnorm |          n0 |        r0 |        s0 |          n1 |        r1 |        s1 |          n2 |        r2 |        s2
    --------------------------------------------------------------------------------------------------------------------------------------
     0 |  6.5903e-09 |   2.534e-18 | 1.000e+00 | 1.938e-04 |   6.590e-09 | 1.000e+00 | 4.885e-12 |   2.327e-18 | 1.000e+00 | 5.089e-09
     1 |  3.1248e-13 |   3.660e-22 | 1.444e-04 | 1.894e-04 |   3.125e-13 | 4.741e-05 | 4.783e-12 |   1.827e-23 | 7.853e-06 | 4.977e-09
  SNES converged via DOF-wise criteria:
    DOF 0: ABS (atol)
    DOF 1: ABS (atol) STOL (stol)
    DOF 2: ABS (atol) STOL (stol)
Max dt! can not Increase time step: 3.200e+04 -> 3.200e+04 
  BOUNDS: phi_ice [0.0000, 1.0000]  phi_air [0.0000, 1.0000]
  ===============================================================================
  >>> DOMAIN INTEGRALS (PER TIME STEP)
  ===============================================================================
  -------------------------------------------------------------------------------------------------------------
    STEP |     TIME [s] |    DT [s] |    TOT_ICE |    TOT_AIR |      TEMP |  TOT_RHOV | I-A INTERF | TOTAL_MASS
  -------------------------------------------------------------------------------------------------------------
   213 |  4.73481e+06 | 3.200e+04 |  1.379e-08 |  1.621e-08 | -6.000e-07 | 1.376e-11 |  1.043e-10 |  1.267e-05
       |              |           |    +0.000% |    -0.000% |           |   -0.001% |            |    +0.000%
    SNES DOF norms (2-norm) and ratios
    --------------------------------------------------------------------------------------------------------------------------------------
    it |       fnorm |          n0 |        r0 |        s0 |          n1 |        r1 |        s1 |          n2 |        r2 |        s2
    --------------------------------------------------------------------------------------------------------------------------------------
     0 |  6.4390e-09 |   2.476e-18 | 1.000e+00 | 1.894e-04 |   6.439e-09 | 1.000e+00 | 4.783e-12 |   2.273e-18 | 1.000e+00 | 4.977e-09
     1 |  3.0075e-13 |   3.494e-22 | 1.411e-04 | 1.850e-04 |   3.007e-13 | 4.671e-05 | 4.683e-12 |   1.744e-23 | 7.671e-06 | 4.868e-09
  SNES converged via DOF-wise criteria:
    DOF 0: ABS (atol)
    DOF 1: ABS (atol) STOL (stol)
    DOF 2: ABS (atol) STOL (stol)
Max dt! can not Increase time step: 3.200e+04 -> 3.200e+04 
  BOUNDS: phi_ice [0.0000, 1.0000]  phi_air [0.0000, 1.0000]
  ===============================================================================
  >>> DOMAIN INTEGRALS (PER TIME STEP)
  ===============================================================================
  -------------------------------------------------------------------------------------------------------------
    STEP |     TIME [s] |    DT [s] |    TOT_ICE |    TOT_AIR |      TEMP |  TOT_RHOV | I-A INTERF | TOTAL_MASS
  -------------------------------------------------------------------------------------------------------------
   214 |  4.76681e+06 | 3.200e+04 |  1.379e-08 |  1.621e-08 | -6.000e-07 | 1.376e-11 |  1.043e-10 |  1.267e-05
       |              |           |    +0.000% |    -0.000% |           |   -0.001% |            |    +0.000%
OUTPUT print!
    SNES DOF norms (2-norm) and ratios
    --------------------------------------------------------------------------------------------------------------------------------------
    it |       fnorm |          n0 |        r0 |        s0 |          n1 |        r1 |        s1 |          n2 |        r2 |        s2
    --------------------------------------------------------------------------------------------------------------------------------------
     0 |  6.2912e-09 |   2.419e-18 | 1.000e+00 | 1.850e-04 |   6.291e-09 | 1.000e+00 | 4.683e-12 |   2.221e-18 | 1.000e+00 | 4.868e-09
     1 |  3.1101e-13 |   3.335e-22 | 1.379e-04 | 1.808e-04 |   3.110e-13 | 4.944e-05 | 4.585e-12 |   1.664e-23 | 7.492e-06 | 4.761e-09
  SNES converged via DOF-wise criteria:
    DOF 0: ABS (atol)
    DOF 1: ABS (atol) STOL (stol)
    DOF 2: ABS (atol) STOL (stol)
Max dt! can not Increase time step: 3.200e+04 -> 3.200e+04 
  BOUNDS: phi_ice [0.0000, 1.0000]  phi_air [0.0000, 1.0000]
  ===============================================================================
  >>> DOMAIN INTEGRALS (PER TIME STEP)
  ===============================================================================
  -------------------------------------------------------------------------------------------------------------
    STEP |     TIME [s] |    DT [s] |    TOT_ICE |    TOT_AIR |      TEMP |  TOT_RHOV | I-A INTERF | TOTAL_MASS
  -------------------------------------------------------------------------------------------------------------
   215 |  4.79881e+06 | 3.200e+04 |  1.379e-08 |  1.621e-08 | -6.000e-07 | 1.376e-11 |  1.043e-10 |  1.267e-05
       |              |           |    +0.000% |    -0.000% |           |   -0.001% |            |    +0.000%
    SNES DOF norms (2-norm) and ratios
    --------------------------------------------------------------------------------------------------------------------------------------
    it |       fnorm |          n0 |        r0 |        s0 |          n1 |        r1 |        s1 |          n2 |        r2 |        s2
    --------------------------------------------------------------------------------------------------------------------------------------
     0 |  6.1469e-09 |   2.364e-18 | 1.000e+00 | 1.808e-04 |   6.147e-09 | 1.000e+00 | 4.585e-12 |   2.170e-18 | 1.000e+00 | 4.761e-09
     1 |  3.0215e-13 |   3.184e-22 | 1.347e-04 | 1.766e-04 |   3.021e-13 | 4.915e-05 | 4.489e-12 |   1.588e-23 | 7.318e-06 | 4.656e-09
  SNES converged via DOF-wise criteria:
    DOF 0: ABS (atol)
    DOF 1: ABS (atol) STOL (stol)
    DOF 2: ABS (atol) STOL (stol)
Max dt! can not Increase time step: 3.200e+04 -> 3.200e+04 
  BOUNDS: phi_ice [0.0000, 1.0000]  phi_air [0.0000, 1.0000]
  ===============================================================================
  >>> DOMAIN INTEGRALS (PER TIME STEP)
  ===============================================================================
  -------------------------------------------------------------------------------------------------------------
    STEP |     TIME [s] |    DT [s] |    TOT_ICE |    TOT_AIR |      TEMP |  TOT_RHOV | I-A INTERF | TOTAL_MASS
  -------------------------------------------------------------------------------------------------------------
   216 |  4.83081e+06 | 3.200e+04 |  1.379e-08 |  1.621e-08 | -6.000e-07 | 1.376e-11 |  1.043e-10 |  1.267e-05
       |              |           |    +0.000% |    -0.000% |           |   -0.001% |            |    +0.000%
    SNES DOF norms (2-norm) and ratios
    --------------------------------------------------------------------------------------------------------------------------------------
    it |       fnorm |          n0 |        r0 |        s0 |          n1 |        r1 |        s1 |          n2 |        r2 |        s2
    --------------------------------------------------------------------------------------------------------------------------------------
     0 |  6.0059e-09 |   2.309e-18 | 1.000e+00 | 1.766e-04 |   6.006e-09 | 1.000e+00 | 4.489e-12 |   2.120e-18 | 1.000e+00 | 4.656e-09
     1 |  3.0490e-13 |   3.039e-22 | 1.316e-04 | 1.726e-04 |   3.049e-13 | 5.077e-05 | 4.395e-12 |   1.516e-23 | 7.149e-06 | 4.553e-09
  SNES converged via DOF-wise criteria:
    DOF 0: ABS (atol)
    DOF 1: ABS (atol) STOL (stol)
    DOF 2: ABS (atol) STOL (stol)
Max dt! can not Increase time step: 3.200e+04 -> 3.200e+04 
  BOUNDS: phi_ice [0.0000, 1.0000]  phi_air [0.0000, 1.0000]
  ===============================================================================
  >>> DOMAIN INTEGRALS (PER TIME STEP)
  ===============================================================================
  -------------------------------------------------------------------------------------------------------------
    STEP |     TIME [s] |    DT [s] |    TOT_ICE |    TOT_AIR |      TEMP |  TOT_RHOV | I-A INTERF | TOTAL_MASS
  -------------------------------------------------------------------------------------------------------------
   217 |  4.86281e+06 | 3.200e+04 |  1.379e-08 |  1.621e-08 | -6.000e-07 | 1.376e-11 |  1.043e-10 |  1.267e-05
       |              |           |    +0.000% |    -0.000% |           |   -0.001% |            |    +0.000%
OUTPUT print!
    SNES DOF norms (2-norm) and ratios
    --------------------------------------------------------------------------------------------------------------------------------------
    it |       fnorm |          n0 |        r0 |        s0 |          n1 |        r1 |        s1 |          n2 |        r2 |        s2
    --------------------------------------------------------------------------------------------------------------------------------------
     0 |  5.8682e-09 |   2.256e-18 | 1.000e+00 | 1.726e-04 |   5.868e-09 | 1.000e+00 | 4.395e-12 |   2.072e-18 | 1.000e+00 | 4.553e-09
     1 |  3.1037e-13 |   2.901e-22 | 1.286e-04 | 1.686e-04 |   3.104e-13 | 5.289e-05 | 4.302e-12 |   1.447e-23 | 6.983e-06 | 4.453e-09
  SNES converged via DOF-wise criteria:
    DOF 0: ABS (atol)
    DOF 1: ABS (atol) STOL (stol)
    DOF 2: ABS (atol) STOL (stol)
Max dt! can not Increase time step: 3.200e+04 -> 3.200e+04 
  BOUNDS: phi_ice [0.0000, 1.0000]  phi_air [0.0000, 1.0000]
  ===============================================================================
  >>> DOMAIN INTEGRALS (PER TIME STEP)
  ===============================================================================
  -------------------------------------------------------------------------------------------------------------
    STEP |     TIME [s] |    DT [s] |    TOT_ICE |    TOT_AIR |      TEMP |  TOT_RHOV | I-A INTERF | TOTAL_MASS
  -------------------------------------------------------------------------------------------------------------
   218 |  4.89481e+06 | 3.200e+04 |  1.379e-08 |  1.621e-08 | -6.000e-07 | 1.376e-11 |  1.044e-10 |  1.267e-05
       |              |           |    +0.000% |    -0.000% |           |   -0.001% |            |    +0.000%
    SNES DOF norms (2-norm) and ratios
    --------------------------------------------------------------------------------------------------------------------------------------
    it |       fnorm |          n0 |        r0 |        s0 |          n1 |        r1 |        s1 |          n2 |        r2 |        s2
    --------------------------------------------------------------------------------------------------------------------------------------
     0 |  5.7336e-09 |   2.205e-18 | 1.000e+00 | 1.686e-04 |   5.734e-09 | 1.000e+00 | 4.302e-12 |   2.024e-18 | 1.000e+00 | 4.453e-09
     1 |  3.0847e-13 |   2.770e-22 | 1.256e-04 | 1.648e-04 |   3.085e-13 | 5.380e-05 | 4.211e-12 |   1.381e-23 | 6.821e-06 | 4.355e-09
  SNES converged via DOF-wise criteria:
    DOF 0: ABS (atol)
    DOF 1: ABS (atol) STOL (stol)
    DOF 2: ABS (atol) STOL (stol)
Max dt! can not Increase time step: 3.200e+04 -> 3.200e+04 
  BOUNDS: phi_ice [0.0000, 1.0000]  phi_air [0.0000, 1.0000]
  ===============================================================================
  >>> DOMAIN INTEGRALS (PER TIME STEP)
  ===============================================================================
  -------------------------------------------------------------------------------------------------------------
    STEP |     TIME [s] |    DT [s] |    TOT_ICE |    TOT_AIR |      TEMP |  TOT_RHOV | I-A INTERF | TOTAL_MASS
  -------------------------------------------------------------------------------------------------------------
   219 |  4.92681e+06 | 3.200e+04 |  1.379e-08 |  1.621e-08 | -6.000e-07 | 1.376e-11 |  1.044e-10 |  1.267e-05
       |              |           |    +0.000% |    -0.000% |           |   -0.001% |            |    +0.000%
    SNES DOF norms (2-norm) and ratios
    --------------------------------------------------------------------------------------------------------------------------------------
    it |       fnorm |          n0 |        r0 |        s0 |          n1 |        r1 |        s1 |          n2 |        r2 |        s2
    --------------------------------------------------------------------------------------------------------------------------------------
     0 |  5.6022e-09 |   2.154e-18 | 1.000e+00 | 1.648e-04 |   5.602e-09 | 1.000e+00 | 4.211e-12 |   1.978e-18 | 1.000e+00 | 4.355e-09
     1 |  3.0664e-13 |   2.644e-22 | 1.228e-04 | 1.610e-04 |   3.066e-13 | 5.473e-05 | 4.122e-12 |   1.318e-23 | 6.663e-06 | 4.258e-09
  SNES converged via DOF-wise criteria:
    DOF 0: ABS (atol)
    DOF 1: ABS (atol) STOL (stol)
    DOF 2: ABS (atol) STOL (stol)
Max dt! can not Increase time step: 3.200e+04 -> 3.200e+04 
  BOUNDS: phi_ice [0.0000, 1.0000]  phi_air [0.0000, 1.0000]
  ===============================================================================
  >>> DOMAIN INTEGRALS (PER TIME STEP)
  ===============================================================================
  -------------------------------------------------------------------------------------------------------------
    STEP |     TIME [s] |    DT [s] |    TOT_ICE |    TOT_AIR |      TEMP |  TOT_RHOV | I-A INTERF | TOTAL_MASS
  -------------------------------------------------------------------------------------------------------------
   220 |  4.95881e+06 | 3.200e+04 |  1.379e-08 |  1.621e-08 | -6.000e-07 | 1.376e-11 |  1.044e-10 |  1.267e-05
       |              |           |    +0.000% |    -0.000% |           |   -0.001% |            |    +0.000%
OUTPUT print!
    SNES DOF norms (2-norm) and ratios
    --------------------------------------------------------------------------------------------------------------------------------------
    it |       fnorm |          n0 |        r0 |        s0 |          n1 |        r1 |        s1 |          n2 |        r2 |        s2
    --------------------------------------------------------------------------------------------------------------------------------------
     0 |  5.4739e-09 |   2.105e-18 | 1.000e+00 | 1.610e-04 |   5.474e-09 | 1.000e+00 | 4.122e-12 |   1.932e-18 | 1.000e+00 | 4.258e-09
     1 |  3.0688e-13 |   2.524e-22 | 1.199e-04 | 1.573e-04 |   3.069e-13 | 5.606e-05 | 4.035e-12 |   1.258e-23 | 6.509e-06 | 4.164e-09
  SNES converged via DOF-wise criteria:
    DOF 0: ABS (atol)
    DOF 1: ABS (atol) STOL (stol)
    DOF 2: ABS (atol) STOL (stol)
Max dt! can not Increase time step: 3.200e+04 -> 3.200e+04 
  BOUNDS: phi_ice [0.0000, 1.0000]  phi_air [0.0000, 1.0000]
  ===============================================================================
  >>> DOMAIN INTEGRALS (PER TIME STEP)
  ===============================================================================
  -------------------------------------------------------------------------------------------------------------
    STEP |     TIME [s] |    DT [s] |    TOT_ICE |    TOT_AIR |      TEMP |  TOT_RHOV | I-A INTERF | TOTAL_MASS
  -------------------------------------------------------------------------------------------------------------
   221 |  4.99081e+06 | 3.200e+04 |  1.379e-08 |  1.621e-08 | -6.000e-07 | 1.376e-11 |  1.044e-10 |  1.267e-05
       |              |           |    +0.000% |    -0.000% |           |   -0.001% |            |    +0.000%
    SNES DOF norms (2-norm) and ratios
    --------------------------------------------------------------------------------------------------------------------------------------
    it |       fnorm |          n0 |        r0 |        s0 |          n1 |        r1 |        s1 |          n2 |        r2 |        s2
    --------------------------------------------------------------------------------------------------------------------------------------
     0 |  5.3485e-09 |   2.057e-18 | 1.000e+00 | 1.573e-04 |   5.348e-09 | 1.000e+00 | 4.035e-12 |   1.888e-18 | 1.000e+00 | 4.164e-09
     1 |  3.0823e-13 |   2.410e-22 | 1.172e-04 | 1.537e-04 |   3.082e-13 | 5.763e-05 | 3.949e-12 |   1.200e-23 | 6.358e-06 | 4.072e-09
  SNES converged via DOF-wise criteria:
    DOF 0: ABS (atol)
    DOF 1: ABS (atol) STOL (stol)
    DOF 2: ABS (atol) STOL (stol)
Max dt! can not Increase time step: 3.200e+04 -> 3.200e+04 
  BOUNDS: phi_ice [0.0000, 1.0000]  phi_air [0.0000, 1.0000]
  ===============================================================================
  >>> DOMAIN INTEGRALS (PER TIME STEP)
  ===============================================================================
  -------------------------------------------------------------------------------------------------------------
    STEP |     TIME [s] |    DT [s] |    TOT_ICE |    TOT_AIR |      TEMP |  TOT_RHOV | I-A INTERF | TOTAL_MASS
  -------------------------------------------------------------------------------------------------------------
   222 |  5.02281e+06 | 3.200e+04 |  1.379e-08 |  1.621e-08 | -6.000e-07 | 1.376e-11 |  1.044e-10 |  1.267e-05
       |              |           |    +0.000% |    -0.000% |           |   -0.001% |            |    +0.000%
    SNES DOF norms (2-norm) and ratios
    --------------------------------------------------------------------------------------------------------------------------------------
    it |       fnorm |          n0 |        r0 |        s0 |          n1 |        r1 |        s1 |          n2 |        r2 |        s2
    --------------------------------------------------------------------------------------------------------------------------------------
     0 |  5.2260e-09 |   2.009e-18 | 1.000e+00 | 1.537e-04 |   5.226e-09 | 1.000e+00 | 3.949e-12 |   1.845e-18 | 1.000e+00 | 4.072e-09
     1 |  3.1112e-13 |   2.301e-22 | 1.145e-04 | 1.502e-04 |   3.111e-13 | 5.953e-05 | 3.865e-12 |   1.146e-23 | 6.211e-06 | 3.982e-09
  SNES converged via DOF-wise criteria:
    DOF 0: ABS (atol)
    DOF 1: ABS (atol) STOL (stol)
    DOF 2: ABS (atol) STOL (stol)
Max dt! can not Increase time step: 3.200e+04 -> 3.200e+04 
  BOUNDS: phi_ice [0.0000, 1.0000]  phi_air [0.0000, 1.0000]
  ===============================================================================
  >>> DOMAIN INTEGRALS (PER TIME STEP)
  ===============================================================================
  -------------------------------------------------------------------------------------------------------------
    STEP |     TIME [s] |    DT [s] |    TOT_ICE |    TOT_AIR |      TEMP |  TOT_RHOV | I-A INTERF | TOTAL_MASS
  -------------------------------------------------------------------------------------------------------------
   223 |  5.05481e+06 | 3.200e+04 |  1.379e-08 |  1.621e-08 | -6.000e-07 | 1.376e-11 |  1.044e-10 |  1.267e-05
       |              |           |    +0.000% |    -0.000% |           |   -0.001% |            |    +0.000%
OUTPUT print!
    SNES DOF norms (2-norm) and ratios
    --------------------------------------------------------------------------------------------------------------------------------------
    it |       fnorm |          n0 |        r0 |        s0 |          n1 |        r1 |        s1 |          n2 |        r2 |        s2
    --------------------------------------------------------------------------------------------------------------------------------------
     0 |  5.1063e-09 |   1.963e-18 | 1.000e+00 | 1.502e-04 |   5.106e-09 | 1.000e+00 | 3.865e-12 |   1.803e-18 | 1.000e+00 | 3.982e-09
     1 |  3.1490e-13 |   2.197e-22 | 1.119e-04 | 1.468e-04 |   3.149e-13 | 6.167e-05 | 3.783e-12 |   1.094e-23 | 6.067e-06 | 3.894e-09
  SNES converged via DOF-wise criteria:
    DOF 0: ABS (atol)
    DOF 1: ABS (atol) STOL (stol)
    DOF 2: ABS (atol) STOL (stol)
Max dt! can not Increase time step: 3.200e+04 -> 3.200e+04 
  BOUNDS: phi_ice [0.0000, 1.0000]  phi_air [0.0000, 1.0000]
  ===============================================================================
  >>> DOMAIN INTEGRALS (PER TIME STEP)
  ===============================================================================
  -------------------------------------------------------------------------------------------------------------
    STEP |     TIME [s] |    DT [s] |    TOT_ICE |    TOT_AIR |      TEMP |  TOT_RHOV | I-A INTERF | TOTAL_MASS
  -------------------------------------------------------------------------------------------------------------
   224 |  5.08681e+06 | 3.200e+04 |  1.379e-08 |  1.621e-08 | -6.000e-07 | 1.376e-11 |  1.044e-10 |  1.267e-05
       |              |           |    +0.000% |    -0.000% |           |   -0.001% |            |    +0.000%
    SNES DOF norms (2-norm) and ratios
    --------------------------------------------------------------------------------------------------------------------------------------
    it |       fnorm |          n0 |        r0 |        s0 |          n1 |        r1 |        s1 |          n2 |        r2 |        s2
    --------------------------------------------------------------------------------------------------------------------------------------
     0 |  4.9894e-09 |   1.918e-18 | 1.000e+00 | 1.468e-04 |   4.989e-09 | 1.000e+00 | 3.783e-12 |   1.761e-18 | 1.000e+00 | 3.894e-09
     1 |  3.1537e-13 |   2.097e-22 | 1.093e-04 | 1.434e-04 |   3.154e-13 | 6.321e-05 | 3.702e-12 |   1.044e-23 | 5.927e-06 | 3.808e-09
  SNES converged via DOF-wise criteria:
    DOF 0: ABS (atol)
    DOF 1: ABS (atol) STOL (stol)
    DOF 2: ABS (atol) STOL (stol)
Max dt! can not Increase time step: 3.200e+04 -> 3.200e+04 
  BOUNDS: phi_ice [0.0000, 1.0000]  phi_air [0.0000, 1.0000]
  ===============================================================================
  >>> DOMAIN INTEGRALS (PER TIME STEP)
  ===============================================================================
  -------------------------------------------------------------------------------------------------------------
    STEP |     TIME [s] |    DT [s] |    TOT_ICE |    TOT_AIR |      TEMP |  TOT_RHOV | I-A INTERF | TOTAL_MASS
  -------------------------------------------------------------------------------------------------------------
   225 |  5.11881e+06 | 3.200e+04 |  1.379e-08 |  1.621e-08 | -6.000e-07 | 1.376e-11 |  1.044e-10 |  1.267e-05
       |              |           |    +0.000% |    -0.000% |           |   -0.001% |            |    +0.000%
    SNES DOF norms (2-norm) and ratios
    --------------------------------------------------------------------------------------------------------------------------------------
    it |       fnorm |          n0 |        r0 |        s0 |          n1 |        r1 |        s1 |          n2 |        r2 |        s2
    --------------------------------------------------------------------------------------------------------------------------------------
     0 |  4.8752e-09 |   1.875e-18 | 1.000e+00 | 1.434e-04 |   4.875e-09 | 1.000e+00 | 3.702e-12 |   1.721e-18 | 1.000e+00 | 3.808e-09
     1 |  3.1077e-13 |   2.002e-22 | 1.068e-04 | 1.401e-04 |   3.108e-13 | 6.374e-05 | 3.623e-12 |   9.965e-24 | 5.790e-06 | 3.724e-09
  SNES converged via DOF-wise criteria:
    DOF 0: ABS (atol)
    DOF 1: ABS (atol) STOL (stol)
    DOF 2: ABS (atol) STOL (stol)
Max dt! can not Increase time step: 3.200e+04 -> 3.200e+04 
  BOUNDS: phi_ice [0.0000, 1.0000]  phi_air [0.0000, 1.0000]
  ===============================================================================
  >>> DOMAIN INTEGRALS (PER TIME STEP)
  ===============================================================================
  -------------------------------------------------------------------------------------------------------------
    STEP |     TIME [s] |    DT [s] |    TOT_ICE |    TOT_AIR |      TEMP |  TOT_RHOV | I-A INTERF | TOTAL_MASS
  -------------------------------------------------------------------------------------------------------------
   226 |  5.15081e+06 | 3.200e+04 |  1.379e-08 |  1.621e-08 | -6.000e-07 | 1.376e-11 |  1.044e-10 |  1.267e-05
       |              |           |    +0.000% |    -0.000% |           |   -0.001% |            |    +0.000%
OUTPUT print!
    SNES DOF norms (2-norm) and ratios
    --------------------------------------------------------------------------------------------------------------------------------------
    it |       fnorm |          n0 |        r0 |        s0 |          n1 |        r1 |        s1 |          n2 |        r2 |        s2
    --------------------------------------------------------------------------------------------------------------------------------------
     0 |  4.7637e-09 |   1.832e-18 | 1.000e+00 | 1.401e-04 |   4.764e-09 | 1.000e+00 | 3.623e-12 |   1.682e-18 | 1.000e+00 | 3.724e-09
     1 |  3.0614e-13 |   1.912e-22 | 1.044e-04 | 1.369e-04 |   3.061e-13 | 6.427e-05 | 3.546e-12 |   9.513e-24 | 5.657e-06 | 3.641e-09
  SNES converged via DOF-wise criteria:
    DOF 0: ABS (atol)
    DOF 1: ABS (atol) STOL (stol)
    DOF 2: ABS (atol) STOL (stol)
Max dt! can not Increase time step: 3.200e+04 -> 3.200e+04 
  BOUNDS: phi_ice [0.0000, 1.0000]  phi_air [0.0000, 1.0000]
  ===============================================================================
  >>> DOMAIN INTEGRALS (PER TIME STEP)
  ===============================================================================
  -------------------------------------------------------------------------------------------------------------
    STEP |     TIME [s] |    DT [s] |    TOT_ICE |    TOT_AIR |      TEMP |  TOT_RHOV | I-A INTERF | TOTAL_MASS
  -------------------------------------------------------------------------------------------------------------
   227 |  5.18281e+06 | 3.200e+04 |  1.379e-08 |  1.621e-08 | -6.000e-07 | 1.376e-11 |  1.044e-10 |  1.267e-05
       |              |           |    +0.000% |    -0.000% |           |   -0.001% |            |    +0.000%
    SNES DOF norms (2-norm) and ratios
    --------------------------------------------------------------------------------------------------------------------------------------
    it |       fnorm |          n0 |        r0 |        s0 |          n1 |        r1 |        s1 |          n2 |        r2 |        s2
    --------------------------------------------------------------------------------------------------------------------------------------
     0 |  4.6547e-09 |   1.790e-18 | 1.000e+00 | 1.369e-04 |   4.655e-09 | 1.000e+00 | 3.546e-12 |   1.643e-18 | 1.000e+00 | 3.641e-09
     1 |  3.1095e-13 |   1.825e-22 | 1.020e-04 | 1.338e-04 |   3.110e-13 | 6.680e-05 | 3.470e-12 |   9.081e-24 | 5.526e-06 | 3.560e-09
  SNES converged via DOF-wise criteria:
    DOF 0: ABS (atol)
    DOF 1: ABS (atol) STOL (stol)
    DOF 2: ABS (atol) STOL (stol)
Max dt! can not Increase time step: 3.200e+04 -> 3.200e+04 
  BOUNDS: phi_ice [0.0000, 1.0000]  phi_air [0.0000, 1.0000]
  ===============================================================================
  >>> DOMAIN INTEGRALS (PER TIME STEP)
  ===============================================================================
  -------------------------------------------------------------------------------------------------------------
    STEP |     TIME [s] |    DT [s] |    TOT_ICE |    TOT_AIR |      TEMP |  TOT_RHOV | I-A INTERF | TOTAL_MASS
  -------------------------------------------------------------------------------------------------------------
   228 |  5.21481e+06 | 3.200e+04 |  1.379e-08 |  1.621e-08 | -6.000e-07 | 1.376e-11 |  1.044e-10 |  1.267e-05
       |              |           |    +0.000% |    -0.000% |           |   -0.001% |            |    +0.000%
    SNES DOF norms (2-norm) and ratios
    --------------------------------------------------------------------------------------------------------------------------------------
    it |       fnorm |          n0 |        r0 |        s0 |          n1 |        r1 |        s1 |          n2 |        r2 |        s2
    --------------------------------------------------------------------------------------------------------------------------------------
     0 |  4.5482e-09 |   1.749e-18 | 1.000e+00 | 1.338e-04 |   4.548e-09 | 1.000e+00 | 3.470e-12 |   1.606e-18 | 1.000e+00 | 3.560e-09
     1 |  3.0467e-13 |   1.743e-22 | 9.964e-05 | 1.307e-04 |   3.047e-13 | 6.699e-05 | 3.395e-12 |   8.668e-24 | 5.399e-06 | 3.481e-09
  SNES converged via DOF-wise criteria:
    DOF 0: ABS (atol)
    DOF 1: ABS (atol) STOL (stol)
    DOF 2: ABS (atol) STOL (stol)
Max dt! can not Increase time step: 3.200e+04 -> 3.200e+04 
  BOUNDS: phi_ice [0.0000, 1.0000]  phi_air [0.0000, 1.0000]
  ===============================================================================
  >>> DOMAIN INTEGRALS (PER TIME STEP)
  ===============================================================================
  -------------------------------------------------------------------------------------------------------------
    STEP |     TIME [s] |    DT [s] |    TOT_ICE |    TOT_AIR |      TEMP |  TOT_RHOV | I-A INTERF | TOTAL_MASS
  -------------------------------------------------------------------------------------------------------------
   229 |  5.24681e+06 | 3.200e+04 |  1.379e-08 |  1.621e-08 | -6.000e-07 | 1.376e-11 |  1.044e-10 |  1.267e-05
       |              |           |    +0.000% |    -0.000% |           |   -0.001% |            |    +0.000%
OUTPUT print!
    SNES DOF norms (2-norm) and ratios
    --------------------------------------------------------------------------------------------------------------------------------------
    it |       fnorm |          n0 |        r0 |        s0 |          n1 |        r1 |        s1 |          n2 |        r2 |        s2
    --------------------------------------------------------------------------------------------------------------------------------------
     0 |  4.4442e-09 |   1.709e-18 | 1.000e+00 | 1.307e-04 |   4.444e-09 | 1.000e+00 | 3.395e-12 |   1.569e-18 | 1.000e+00 | 3.481e-09
     1 |  3.0769e-13 |   1.664e-22 | 9.736e-05 | 1.277e-04 |   3.077e-13 | 6.923e-05 | 3.322e-12 |   8.275e-24 | 5.274e-06 | 3.404e-09
  SNES converged via DOF-wise criteria:
    DOF 0: ABS (atol)
    DOF 1: ABS (atol) STOL (stol)
    DOF 2: ABS (atol) STOL (stol)
Max dt! can not Increase time step: 3.200e+04 -> 3.200e+04 
  BOUNDS: phi_ice [0.0000, 1.0000]  phi_air [0.0000, 1.0000]
  ===============================================================================
  >>> DOMAIN INTEGRALS (PER TIME STEP)
  ===============================================================================
  -------------------------------------------------------------------------------------------------------------
    STEP |     TIME [s] |    DT [s] |    TOT_ICE |    TOT_AIR |      TEMP |  TOT_RHOV | I-A INTERF | TOTAL_MASS
  -------------------------------------------------------------------------------------------------------------
   230 |  5.27881e+06 | 3.200e+04 |  1.379e-08 |  1.621e-08 | -6.000e-07 | 1.376e-11 |  1.044e-10 |  1.267e-05
       |              |           |    +0.000% |    -0.000% |           |   -0.001% |            |    +0.000%
    SNES DOF norms (2-norm) and ratios
    --------------------------------------------------------------------------------------------------------------------------------------
    it |       fnorm |          n0 |        r0 |        s0 |          n1 |        r1 |        s1 |          n2 |        r2 |        s2
    --------------------------------------------------------------------------------------------------------------------------------------
     0 |  4.3426e-09 |   1.670e-18 | 1.000e+00 | 1.277e-04 |   4.343e-09 | 1.000e+00 | 3.322e-12 |   1.533e-18 | 1.000e+00 | 3.404e-09
     1 |  3.0180e-13 |   1.589e-22 | 9.514e-05 | 1.248e-04 |   3.018e-13 | 6.950e-05 | 3.251e-12 |   7.899e-24 | 5.153e-06 | 3.328e-09
  SNES converged via DOF-wise criteria:
    DOF 0: ABS (atol)
    DOF 1: ABS (atol) STOL (stol)
    DOF 2: ABS (atol) STOL (stol)
Max dt! can not Increase time step: 3.200e+04 -> 3.200e+04 
  BOUNDS: phi_ice [0.0000, 1.0000]  phi_air [0.0000, 1.0000]
  ===============================================================================
  >>> DOMAIN INTEGRALS (PER TIME STEP)
  ===============================================================================
  -------------------------------------------------------------------------------------------------------------
    STEP |     TIME [s] |    DT [s] |    TOT_ICE |    TOT_AIR |      TEMP |  TOT_RHOV | I-A INTERF | TOTAL_MASS
  -------------------------------------------------------------------------------------------------------------
   231 |  5.31081e+06 | 3.200e+04 |  1.379e-08 |  1.621e-08 | -6.000e-07 | 1.376e-11 |  1.044e-10 |  1.267e-05
       |              |           |    +0.000% |    -0.000% |           |   -0.001% |            |    +0.000%
    SNES DOF norms (2-norm) and ratios
    --------------------------------------------------------------------------------------------------------------------------------------
    it |       fnorm |          n0 |        r0 |        s0 |          n1 |        r1 |        s1 |          n2 |        r2 |        s2
    --------------------------------------------------------------------------------------------------------------------------------------
     0 |  4.2434e-09 |   1.632e-18 | 1.000e+00 | 1.248e-04 |   4.243e-09 | 1.000e+00 | 3.251e-12 |   1.498e-18 | 1.000e+00 | 3.328e-09
     1 |  3.0611e-13 |   1.517e-22 | 9.296e-05 | 1.220e-04 |   3.061e-13 | 7.214e-05 | 3.181e-12 |   7.541e-24 | 5.034e-06 | 3.254e-09
  SNES converged via DOF-wise criteria:
    DOF 0: ABS (atol)
    DOF 1: ABS (atol) STOL (stol)
    DOF 2: ABS (atol) STOL (stol)
Max dt! can not Increase time step: 3.200e+04 -> 3.200e+04 
  BOUNDS: phi_ice [0.0000, 1.0000]  phi_air [0.0000, 1.0000]
  ===============================================================================
  >>> DOMAIN INTEGRALS (PER TIME STEP)
  ===============================================================================
  -------------------------------------------------------------------------------------------------------------
    STEP |     TIME [s] |    DT [s] |    TOT_ICE |    TOT_AIR |      TEMP |  TOT_RHOV | I-A INTERF | TOTAL_MASS
  -------------------------------------------------------------------------------------------------------------
   232 |  5.34281e+06 | 3.200e+04 |  1.379e-08 |  1.621e-08 | -6.000e-07 | 1.376e-11 |  1.045e-10 |  1.267e-05
       |              |           |    +0.000% |    -0.000% |           |   -0.001% |            |    +0.000%
OUTPUT print!
    SNES DOF norms (2-norm) and ratios
    --------------------------------------------------------------------------------------------------------------------------------------
    it |       fnorm |          n0 |        r0 |        s0 |          n1 |        r1 |        s1 |          n2 |        r2 |        s2
    --------------------------------------------------------------------------------------------------------------------------------------
     0 |  4.1464e-09 |   1.594e-18 | 1.000e+00 | 1.220e-04 |   4.146e-09 | 1.000e+00 | 3.181e-12 |   1.464e-18 | 1.000e+00 | 3.254e-09
     1 |  2.9678e-13 |   1.448e-22 | 9.084e-05 | 1.192e-04 |   2.968e-13 | 7.157e-05 | 3.112e-12 |   7.199e-24 | 4.918e-06 | 3.182e-09
  SNES converged via DOF-wise criteria:
    DOF 0: ABS (atol)
    DOF 1: ABS (atol) STOL (stol)
    DOF 2: ABS (atol) STOL (stol)
Max dt! can not Increase time step: 3.200e+04 -> 3.200e+04 
  BOUNDS: phi_ice [0.0000, 1.0000]  phi_air [0.0000, 1.0000]
  ===============================================================================
  >>> DOMAIN INTEGRALS (PER TIME STEP)
  ===============================================================================
  -------------------------------------------------------------------------------------------------------------
    STEP |     TIME [s] |    DT [s] |    TOT_ICE |    TOT_AIR |      TEMP |  TOT_RHOV | I-A INTERF | TOTAL_MASS
  -------------------------------------------------------------------------------------------------------------
   233 |  5.37481e+06 | 3.200e+04 |  1.379e-08 |  1.621e-08 | -6.000e-07 | 1.376e-11 |  1.045e-10 |  1.267e-05
       |              |           |    +0.000% |    -0.000% |           |   -0.001% |            |    +0.000%
    SNES DOF norms (2-norm) and ratios
    --------------------------------------------------------------------------------------------------------------------------------------
    it |       fnorm |          n0 |        r0 |        s0 |          n1 |        r1 |        s1 |          n2 |        r2 |        s2
    --------------------------------------------------------------------------------------------------------------------------------------
     0 |  4.0516e-09 |   1.558e-18 | 1.000e+00 | 1.192e-04 |   4.052e-09 | 1.000e+00 | 3.112e-12 |   1.430e-18 | 1.000e+00 | 3.182e-09
     1 |  3.0212e-13 |   1.383e-22 | 8.876e-05 | 1.164e-04 |   3.021e-13 | 7.457e-05 | 3.045e-12 |   6.873e-24 | 4.805e-06 | 3.111e-09
  SNES converged via DOF-wise criteria:
    DOF 0: ABS (atol)
    DOF 1: ABS (atol) STOL (stol)
    DOF 2: ABS (atol) STOL (stol)
Max dt! can not Increase time step: 3.200e+04 -> 3.200e+04 
  BOUNDS: phi_ice [0.0000, 1.0000]  phi_air [0.0000, 1.0000]
  ===============================================================================
  >>> DOMAIN INTEGRALS (PER TIME STEP)
  ===============================================================================
  -------------------------------------------------------------------------------------------------------------
    STEP |     TIME [s] |    DT [s] |    TOT_ICE |    TOT_AIR |      TEMP |  TOT_RHOV | I-A INTERF | TOTAL_MASS
  -------------------------------------------------------------------------------------------------------------
   234 |  5.40681e+06 | 3.200e+04 |  1.379e-08 |  1.621e-08 | -6.000e-07 | 1.376e-11 |  1.045e-10 |  1.267e-05
       |              |           |    +0.000% |    -0.000% |           |   -0.001% |            |    +0.000%
    SNES DOF norms (2-norm) and ratios
    --------------------------------------------------------------------------------------------------------------------------------------
    it |       fnorm |          n0 |        r0 |        s0 |          n1 |        r1 |        s1 |          n2 |        r2 |        s2
    --------------------------------------------------------------------------------------------------------------------------------------
     0 |  3.9591e-09 |   1.522e-18 | 1.000e+00 | 1.164e-04 |   3.959e-09 | 1.000e+00 | 3.045e-12 |   1.398e-18 | 1.000e+00 | 3.111e-09
     1 |  2.9829e-13 |   1.320e-22 | 8.673e-05 | 1.138e-04 |   2.983e-13 | 7.534e-05 | 2.979e-12 |   6.561e-24 | 4.694e-06 | 3.042e-09
  SNES converged via DOF-wise criteria:
    DOF 0: ABS (atol)
    DOF 1: ABS (atol) STOL (stol)
    DOF 2: ABS (atol) STOL (stol)
Max dt! can not Increase time step: 3.200e+04 -> 3.200e+04 
  BOUNDS: phi_ice [0.0000, 1.0000]  phi_air [0.0000, 1.0000]
  ===============================================================================
  >>> DOMAIN INTEGRALS (PER TIME STEP)
  ===============================================================================
  -------------------------------------------------------------------------------------------------------------
    STEP |     TIME [s] |    DT [s] |    TOT_ICE |    TOT_AIR |      TEMP |  TOT_RHOV | I-A INTERF | TOTAL_MASS
  -------------------------------------------------------------------------------------------------------------
   235 |  5.43881e+06 | 3.200e+04 |  1.379e-08 |  1.621e-08 | -6.000e-07 | 1.376e-11 |  1.045e-10 |  1.267e-05
       |              |           |    +0.000% |    -0.000% |           |   -0.001% |            |    +0.000%
OUTPUT print!
    SNES DOF norms (2-norm) and ratios
    --------------------------------------------------------------------------------------------------------------------------------------
    it |       fnorm |          n0 |        r0 |        s0 |          n1 |        r1 |        s1 |          n2 |        r2 |        s2
    --------------------------------------------------------------------------------------------------------------------------------------
     0 |  3.8686e-09 |   1.488e-18 | 1.000e+00 | 1.138e-04 |   3.869e-09 | 1.000e+00 | 2.979e-12 |   1.366e-18 | 1.000e+00 | 3.042e-09
     1 |  3.1432e-13 |   1.261e-22 | 8.475e-05 | 1.112e-04 |   3.143e-13 | 8.125e-05 | 2.915e-12 |   6.265e-24 | 4.587e-06 | 2.974e-09
  SNES converged via DOF-wise criteria:
    DOF 0: ABS (atol)
    DOF 1: ABS (atol) STOL (stol)
    DOF 2: ABS (atol) STOL (stol)
Max dt! can not Increase time step: 3.200e+04 -> 3.200e+04 
  BOUNDS: phi_ice [0.0000, 1.0000]  phi_air [0.0000, 1.0000]
  ===============================================================================
  >>> DOMAIN INTEGRALS (PER TIME STEP)
  ===============================================================================
  -------------------------------------------------------------------------------------------------------------
    STEP |     TIME [s] |    DT [s] |    TOT_ICE |    TOT_AIR |      TEMP |  TOT_RHOV | I-A INTERF | TOTAL_MASS
  -------------------------------------------------------------------------------------------------------------
   236 |  5.47081e+06 | 3.200e+04 |  1.379e-08 |  1.621e-08 | -6.000e-07 | 1.376e-11 |  1.045e-10 |  1.267e-05
       |              |           |    +0.000% |    -0.000% |           |   -0.001% |            |    +0.000%
    SNES DOF norms (2-norm) and ratios
    --------------------------------------------------------------------------------------------------------------------------------------
    it |       fnorm |          n0 |        r0 |        s0 |          n1 |        r1 |        s1 |          n2 |        r2 |        s2
    --------------------------------------------------------------------------------------------------------------------------------------
     0 |  3.7803e-09 |   1.454e-18 | 1.000e+00 | 1.112e-04 |   3.780e-09 | 1.000e+00 | 2.915e-12 |   1.335e-18 | 1.000e+00 | 2.974e-09
     1 |  3.1249e-13 |   1.204e-22 | 8.281e-05 | 1.087e-04 |   3.125e-13 | 8.266e-05 | 2.852e-12 |   5.981e-24 | 4.481e-06 | 2.908e-09
  SNES converged via DOF-wise criteria:
    DOF 0: ABS (atol)
    DOF 1: ABS (atol) STOL (stol)
    DOF 2: ABS (atol) STOL (stol)
Max dt! can not Increase time step: 3.200e+04 -> 3.200e+04 
  BOUNDS: phi_ice [0.0000, 1.0000]  phi_air [0.0000, 1.0000]
  ===============================================================================
  >>> DOMAIN INTEGRALS (PER TIME STEP)
  ===============================================================================
  -------------------------------------------------------------------------------------------------------------
    STEP |     TIME [s] |    DT [s] |    TOT_ICE |    TOT_AIR |      TEMP |  TOT_RHOV | I-A INTERF | TOTAL_MASS
  -------------------------------------------------------------------------------------------------------------
   237 |  5.50281e+06 | 3.200e+04 |  1.379e-08 |  1.621e-08 | -6.000e-07 | 1.376e-11 |  1.045e-10 |  1.267e-05
       |              |           |    +0.000% |    -0.000% |           |   -0.001% |            |    +0.000%
    SNES DOF norms (2-norm) and ratios
    --------------------------------------------------------------------------------------------------------------------------------------
    it |       fnorm |          n0 |        r0 |        s0 |          n1 |        r1 |        s1 |          n2 |        r2 |        s2
    --------------------------------------------------------------------------------------------------------------------------------------
     0 |  3.6940e-09 |   1.420e-18 | 1.000e+00 | 1.087e-04 |   3.694e-09 | 1.000e+00 | 2.852e-12 |   1.304e-18 | 1.000e+00 | 2.908e-09
     1 |  3.0116e-13 |   1.149e-22 | 8.092e-05 | 1.062e-04 |   3.012e-13 | 8.153e-05 | 2.790e-12 |   5.710e-24 | 4.378e-06 | 2.843e-09
  SNES converged via DOF-wise criteria:
    DOF 0: ABS (atol)
    DOF 1: ABS (atol) STOL (stol)
    DOF 2: ABS (atol) STOL (stol)
Max dt! can not Increase time step: 3.200e+04 -> 3.200e+04 
  BOUNDS: phi_ice [0.0000, 1.0000]  phi_air [0.0000, 1.0000]
  ===============================================================================
  >>> DOMAIN INTEGRALS (PER TIME STEP)
  ===============================================================================
  -------------------------------------------------------------------------------------------------------------
    STEP |     TIME [s] |    DT [s] |    TOT_ICE |    TOT_AIR |      TEMP |  TOT_RHOV | I-A INTERF | TOTAL_MASS
  -------------------------------------------------------------------------------------------------------------
   238 |  5.53481e+06 | 3.200e+04 |  1.379e-08 |  1.621e-08 | -6.000e-07 | 1.376e-11 |  1.045e-10 |  1.267e-05
       |              |           |    +0.000% |    -0.000% |           |   -0.001% |            |    +0.000%
OUTPUT print!
    SNES DOF norms (2-norm) and ratios
    --------------------------------------------------------------------------------------------------------------------------------------
    it |       fnorm |          n0 |        r0 |        s0 |          n1 |        r1 |        s1 |          n2 |        r2 |        s2
    --------------------------------------------------------------------------------------------------------------------------------------
     0 |  3.6096e-09 |   1.388e-18 | 1.000e+00 | 1.062e-04 |   3.610e-09 | 1.000e+00 | 2.790e-12 |   1.274e-18 | 1.000e+00 | 2.843e-09
     1 |  3.1037e-13 |   1.097e-22 | 7.907e-05 | 1.037e-04 |   3.104e-13 | 8.598e-05 | 2.729e-12 |   5.452e-24 | 4.278e-06 | 2.780e-09
  SNES converged via DOF-wise criteria:
    DOF 0: ABS (atol)
    DOF 1: ABS (atol) STOL (stol)
    DOF 2: ABS (atol) STOL (stol)
Max dt! can not Increase time step: 2.459e+04 -> 2.459e+04 
  BOUNDS: phi_ice [0.0000, 1.0000]  phi_air [0.0000, 1.0000]
  ===============================================================================
  >>> DOMAIN INTEGRALS (PER TIME STEP)
  ===============================================================================
  -------------------------------------------------------------------------------------------------------------
    STEP |     TIME [s] |    DT [s] |    TOT_ICE |    TOT_AIR |      TEMP |  TOT_RHOV | I-A INTERF | TOTAL_MASS
  -------------------------------------------------------------------------------------------------------------
   239 |  5.56681e+06 | 2.459e+04 |  1.379e-08 |  1.621e-08 | -6.000e-07 | 1.376e-11 |  1.045e-10 |  1.267e-05
       |              |           |    +0.000% |    -0.000% |           |   -0.001% |            |    +0.000%
    SNES DOF norms (2-norm) and ratios
    --------------------------------------------------------------------------------------------------------------------------------------
    it |       fnorm |          n0 |        r0 |        s0 |          n1 |        r1 |        s1 |          n2 |        r2 |        s2
    --------------------------------------------------------------------------------------------------------------------------------------
     0 |  3.5272e-09 |   1.356e-18 | 1.000e+00 | 1.037e-04 |   3.527e-09 | 1.000e+00 | 2.729e-12 |   1.245e-18 | 1.000e+00 | 2.780e-09
     1 |  3.1658e-13 |   1.048e-22 | 7.727e-05 | 1.014e-04 |   3.166e-13 | 8.975e-05 | 2.670e-12 |   5.205e-24 | 4.180e-06 | 2.718e-09
  SNES converged via DOF-wise criteria:
    DOF 0: ABS (atol)
    DOF 1: ABS (atol) STOL (stol)
    DOF 2: REL (rtol) ABS (atol) STOL (stol)
Increase time step: 1.719e+04 -> 2.292e+04 
  BOUNDS: phi_ice [0.0000, 1.0000]  phi_air [0.0000, 1.0000]
  ===============================================================================
  >>> DOMAIN INTEGRALS (PER TIME STEP)
  ===============================================================================
  -------------------------------------------------------------------------------------------------------------
    STEP |     TIME [s] |    DT [s] |    TOT_ICE |    TOT_AIR |      TEMP |  TOT_RHOV | I-A INTERF | TOTAL_MASS
  -------------------------------------------------------------------------------------------------------------
   240 |  5.59881e+06 | 2.292e+04 |  1.379e-08 |  1.621e-08 | -6.000e-07 | 1.376e-11 |  1.045e-10 |  1.267e-05
       |              |           |    +0.000% |    -0.000% |           |   -0.001% |            |    +0.000%
    SNES DOF norms (2-norm) and ratios
    --------------------------------------------------------------------------------------------------------------------------------------
    it |       fnorm |          n0 |        r0 |        s0 |          n1 |        r1 |        s1 |          n2 |        r2 |        s2
    --------------------------------------------------------------------------------------------------------------------------------------
     0 |  3.4467e-09 |   1.325e-18 | 1.000e+00 | 1.014e-04 |   3.447e-09 | 1.000e+00 | 2.670e-12 |   1.217e-18 | 1.000e+00 | 2.718e-09
     1 |  3.0288e-13 |   5.167e-23 | 3.899e-05 | 7.119e-05 |   3.029e-13 | 8.787e-05 | 1.857e-12 |   2.558e-24 | 2.102e-06 | 1.907e-09
  SNES converged via DOF-wise criteria:
    DOF 0: ABS (atol)
    DOF 1: ABS (atol) STOL (stol)
    DOF 2: REL (rtol) ABS (atol) STOL (stol)
Increase time step: 2.292e+04 -> 3.056e+04 
  BOUNDS: phi_ice [0.0000, 1.0000]  phi_air [0.0000, 1.0000]
  ===============================================================================
  >>> DOMAIN INTEGRALS (PER TIME STEP)
  ===============================================================================
  -------------------------------------------------------------------------------------------------------------
    STEP |     TIME [s] |    DT [s] |    TOT_ICE |    TOT_AIR |      TEMP |  TOT_RHOV | I-A INTERF | TOTAL_MASS
  -------------------------------------------------------------------------------------------------------------
   241 |  5.62173e+06 | 3.056e+04 |  1.379e-08 |  1.621e-08 | -6.000e-07 | 1.376e-11 |  1.045e-10 |  1.267e-05
       |              |           |    +0.000% |    -0.000% |           |   -0.001% |            |    +0.000%
OUTPUT print!
Solution completed. 
Setup time 7.492504e+01 sec  =  1.25 min 

WARNING! There are options you set that were not used!
WARNING! could be spelling mistake, etc!
There are 3 unused database options. They are:
Option left: name:-ksp_gmres_restart value: 200 source: file
Option left: name:-Lz value: 0 source: file
Option left: name:-Nz value: 1 source: file
✅ Simulation completed successfully.

--- Copying source code ---
✅ Source code copied to /Users/jacksonbaglino/SimulationResults/lunar_regolith_DSM/scratch/channel_2D_H100um_eps3.00um/2026-09-13__13.56.13_relax_T-20_theta60_dtmax3.2e4/src

=========================================================================
  Phase-field post-processing
  Run folder : /Users/jacksonbaglino/SimulationResults/lunar_regolith_DSM/scratch/channel_2D_H100um_eps3.00um/2026-09-13__13.56.13_relax_T-20_theta60_dtmax3.2e4
=========================================================================
Detected dim = 2

--- VTK conversion ---
    Written: /Users/jacksonbaglino/SimulationResults/lunar_regolith_DSM/scratch/channel_2D_H100um_eps3.00um/2026-09-13__13.56.13_relax_T-20_theta60_dtmax3.2e4/vtkOut/solV_00000.vts
    Written: /Users/jacksonbaglino/SimulationResults/lunar_regolith_DSM/scratch/channel_2D_H100um_eps3.00um/2026-09-13__13.56.13_relax_T-20_theta60_dtmax3.2e4/vtkOut/solV_00001.vts
    Written: /Users/jacksonbaglino/SimulationResults/lunar_regolith_DSM/scratch/channel_2D_H100um_eps3.00um/2026-09-13__13.56.13_relax_T-20_theta60_dtmax3.2e4/vtkOut/solV_00069.vts
    Written: /Users/jacksonbaglino/SimulationResults/lunar_regolith_DSM/scratch/channel_2D_H100um_eps3.00um/2026-09-13__13.56.13_relax_T-20_theta60_dtmax3.2e4/vtkOut/solV_00071.vts
    Written: /Users/jacksonbaglino/SimulationResults/lunar_regolith_DSM/scratch/channel_2D_H100um_eps3.00um/2026-09-13__13.56.13_relax_T-20_theta60_dtmax3.2e4/vtkOut/solV_00074.vts
    Written: /Users/jacksonbaglino/SimulationResults/lunar_regolith_DSM/scratch/channel_2D_H100um_eps3.00um/2026-09-13__13.56.13_relax_T-20_theta60_dtmax3.2e4/vtkOut/solV_00077.vts
    Written: /Users/jacksonbaglino/SimulationResults/lunar_regolith_DSM/scratch/channel_2D_H100um_eps3.00um/2026-09-13__13.56.13_relax_T-20_theta60_dtmax3.2e4/vtkOut/solV_00080.vts
    Written: /Users/jacksonbaglino/SimulationResults/lunar_regolith_DSM/scratch/channel_2D_H100um_eps3.00um/2026-09-13__13.56.13_relax_T-20_theta60_dtmax3.2e4/vtkOut/solV_00083.vts
    Written: /Users/jacksonbaglino/SimulationResults/lunar_regolith_DSM/scratch/channel_2D_H100um_eps3.00um/2026-09-13__13.56.13_relax_T-20_theta60_dtmax3.2e4/vtkOut/solV_00086.vts
    Written: /Users/jacksonbaglino/SimulationResults/lunar_regolith_DSM/scratch/channel_2D_H100um_eps3.00um/2026-09-13__13.56.13_relax_T-20_theta60_dtmax3.2e4/vtkOut/solV_00089.vts
    Written: /Users/jacksonbaglino/SimulationResults/lunar_regolith_DSM/scratch/channel_2D_H100um_eps3.00um/2026-09-13__13.56.13_relax_T-20_theta60_dtmax3.2e4/vtkOut/solV_00092.vts
    Written: /Users/jacksonbaglino/SimulationResults/lunar_regolith_DSM/scratch/channel_2D_H100um_eps3.00um/2026-09-13__13.56.13_relax_T-20_theta60_dtmax3.2e4/vtkOut/solV_00095.vts
    Written: /Users/jacksonbaglino/SimulationResults/lunar_regolith_DSM/scratch/channel_2D_H100um_eps3.00um/2026-09-13__13.56.13_relax_T-20_theta60_dtmax3.2e4/vtkOut/solV_00098.vts
    Written: /Users/jacksonbaglino/SimulationResults/lunar_regolith_DSM/scratch/channel_2D_H100um_eps3.00um/2026-09-13__13.56.13_relax_T-20_theta60_dtmax3.2e4/vtkOut/solV_00101.vts
    Written: /Users/jacksonbaglino/SimulationResults/lunar_regolith_DSM/scratch/channel_2D_H100um_eps3.00um/2026-09-13__13.56.13_relax_T-20_theta60_dtmax3.2e4/vtkOut/solV_00104.vts
    Written: /Users/jacksonbaglino/SimulationResults/lunar_regolith_DSM/scratch/channel_2D_H100um_eps3.00um/2026-09-13__13.56.13_relax_T-20_theta60_dtmax3.2e4/vtkOut/solV_00107.vts
    Written: /Users/jacksonbaglino/SimulationResults/lunar_regolith_DSM/scratch/channel_2D_H100um_eps3.00um/2026-09-13__13.56.13_relax_T-20_theta60_dtmax3.2e4/vtkOut/solV_00110.vts
    Written: /Users/jacksonbaglino/SimulationResults/lunar_regolith_DSM/scratch/channel_2D_H100um_eps3.00um/2026-09-13__13.56.13_relax_T-20_theta60_dtmax3.2e4/vtkOut/solV_00113.vts
    Written: /Users/jacksonbaglino/SimulationResults/lunar_regolith_DSM/scratch/channel_2D_H100um_eps3.00um/2026-09-13__13.56.13_relax_T-20_theta60_dtmax3.2e4/vtkOut/solV_00116.vts
    Written: /Users/jacksonbaglino/SimulationResults/lunar_regolith_DSM/scratch/channel_2D_H100um_eps3.00um/2026-09-13__13.56.13_relax_T-20_theta60_dtmax3.2e4/vtkOut/solV_00119.vts
    Written: /Users/jacksonbaglino/SimulationResults/lunar_regolith_DSM/scratch/channel_2D_H100um_eps3.00um/2026-09-13__13.56.13_relax_T-20_theta60_dtmax3.2e4/vtkOut/solV_00122.vts
    Written: /Users/jacksonbaglino/SimulationResults/lunar_regolith_DSM/scratch/channel_2D_H100um_eps3.00um/2026-09-13__13.56.13_relax_T-20_theta60_dtmax3.2e4/vtkOut/solV_00125.vts
    Written: /Users/jacksonbaglino/SimulationResults/lunar_regolith_DSM/scratch/channel_2D_H100um_eps3.00um/2026-09-13__13.56.13_relax_T-20_theta60_dtmax3.2e4/vtkOut/solV_00128.vts
    Written: /Users/jacksonbaglino/SimulationResults/lunar_regolith_DSM/scratch/channel_2D_H100um_eps3.00um/2026-09-13__13.56.13_relax_T-20_theta60_dtmax3.2e4/vtkOut/solV_00131.vts
    Written: /Users/jacksonbaglino/SimulationResults/lunar_regolith_DSM/scratch/channel_2D_H100um_eps3.00um/2026-09-13__13.56.13_relax_T-20_theta60_dtmax3.2e4/vtkOut/solV_00134.vts
    Written: /Users/jacksonbaglino/SimulationResults/lunar_regolith_DSM/scratch/channel_2D_H100um_eps3.00um/2026-09-13__13.56.13_relax_T-20_theta60_dtmax3.2e4/vtkOut/solV_00137.vts
    Written: /Users/jacksonbaglino/SimulationResults/lunar_regolith_DSM/scratch/channel_2D_H100um_eps3.00um/2026-09-13__13.56.13_relax_T-20_theta60_dtmax3.2e4/vtkOut/solV_00140.vts
    Written: /Users/jacksonbaglino/SimulationResults/lunar_regolith_DSM/scratch/channel_2D_H100um_eps3.00um/2026-09-13__13.56.13_relax_T-20_theta60_dtmax3.2e4/vtkOut/solV_00143.vts
    Written: /Users/jacksonbaglino/SimulationResults/lunar_regolith_DSM/scratch/channel_2D_H100um_eps3.00um/2026-09-13__13.56.13_relax_T-20_theta60_dtmax3.2e4/vtkOut/solV_00146.vts
    Written: /Users/jacksonbaglino/SimulationResults/lunar_regolith_DSM/scratch/channel_2D_H100um_eps3.00um/2026-09-13__13.56.13_relax_T-20_theta60_dtmax3.2e4/vtkOut/solV_00149.vts
    Written: /Users/jacksonbaglino/SimulationResults/lunar_regolith_DSM/scratch/channel_2D_H100um_eps3.00um/2026-09-13__13.56.13_relax_T-20_theta60_dtmax3.2e4/vtkOut/solV_00152.vts
    Written: /Users/jacksonbaglino/SimulationResults/lunar_regolith_DSM/scratch/channel_2D_H100um_eps3.00um/2026-09-13__13.56.13_relax_T-20_theta60_dtmax3.2e4/vtkOut/solV_00155.vts
    Written: /Users/jacksonbaglino/SimulationResults/lunar_regolith_DSM/scratch/channel_2D_H100um_eps3.00um/2026-09-13__13.56.13_relax_T-20_theta60_dtmax3.2e4/vtkOut/solV_00158.vts
    Written: /Users/jacksonbaglino/SimulationResults/lunar_regolith_DSM/scratch/channel_2D_H100um_eps3.00um/2026-09-13__13.56.13_relax_T-20_theta60_dtmax3.2e4/vtkOut/solV_00161.vts
    Written: /Users/jacksonbaglino/SimulationResults/lunar_regolith_DSM/scratch/channel_2D_H100um_eps3.00um/2026-09-13__13.56.13_relax_T-20_theta60_dtmax3.2e4/vtkOut/solV_00164.vts
    Written: /Users/jacksonbaglino/SimulationResults/lunar_regolith_DSM/scratch/channel_2D_H100um_eps3.00um/2026-09-13__13.56.13_relax_T-20_theta60_dtmax3.2e4/vtkOut/solV_00167.vts
    Written: /Users/jacksonbaglino/SimulationResults/lunar_regolith_DSM/scratch/channel_2D_H100um_eps3.00um/2026-09-13__13.56.13_relax_T-20_theta60_dtmax3.2e4/vtkOut/solV_00170.vts
    Written: /Users/jacksonbaglino/SimulationResults/lunar_regolith_DSM/scratch/channel_2D_H100um_eps3.00um/2026-09-13__13.56.13_relax_T-20_theta60_dtmax3.2e4/vtkOut/solV_00173.vts
    Written: /Users/jacksonbaglino/SimulationResults/lunar_regolith_DSM/scratch/channel_2D_H100um_eps3.00um/2026-09-13__13.56.13_relax_T-20_theta60_dtmax3.2e4/vtkOut/solV_00176.vts
    Written: /Users/jacksonbaglino/SimulationResults/lunar_regolith_DSM/scratch/channel_2D_H100um_eps3.00um/2026-09-13__13.56.13_relax_T-20_theta60_dtmax3.2e4/vtkOut/solV_00179.vts
    Written: /Users/jacksonbaglino/SimulationResults/lunar_regolith_DSM/scratch/channel_2D_H100um_eps3.00um/2026-09-13__13.56.13_relax_T-20_theta60_dtmax3.2e4/vtkOut/solV_00182.vts
    Written: /Users/jacksonbaglino/SimulationResults/lunar_regolith_DSM/scratch/channel_2D_H100um_eps3.00um/2026-09-13__13.56.13_relax_T-20_theta60_dtmax3.2e4/vtkOut/solV_00185.vts
    Written: /Users/jacksonbaglino/SimulationResults/lunar_regolith_DSM/scratch/channel_2D_H100um_eps3.00um/2026-09-13__13.56.13_relax_T-20_theta60_dtmax3.2e4/vtkOut/solV_00187.vts
    Written: /Users/jacksonbaglino/SimulationResults/lunar_regolith_DSM/scratch/channel_2D_H100um_eps3.00um/2026-09-13__13.56.13_relax_T-20_theta60_dtmax3.2e4/vtkOut/solV_00190.vts
    Written: /Users/jacksonbaglino/SimulationResults/lunar_regolith_DSM/scratch/channel_2D_H100um_eps3.00um/2026-09-13__13.56.13_relax_T-20_theta60_dtmax3.2e4/vtkOut/solV_00193.vts
    Written: /Users/jacksonbaglino/SimulationResults/lunar_regolith_DSM/scratch/channel_2D_H100um_eps3.00um/2026-09-13__13.56.13_relax_T-20_theta60_dtmax3.2e4/vtkOut/solV_00196.vts
    Written: /Users/jacksonbaglino/SimulationResults/lunar_regolith_DSM/scratch/channel_2D_H100um_eps3.00um/2026-09-13__13.56.13_relax_T-20_theta60_dtmax3.2e4/vtkOut/solV_00199.vts
    Written: /Users/jacksonbaglino/SimulationResults/lunar_regolith_DSM/scratch/channel_2D_H100um_eps3.00um/2026-09-13__13.56.13_relax_T-20_theta60_dtmax3.2e4/vtkOut/solV_00202.vts
    Written: /Users/jacksonbaglino/SimulationResults/lunar_regolith_DSM/scratch/channel_2D_H100um_eps3.00um/2026-09-13__13.56.13_relax_T-20_theta60_dtmax3.2e4/vtkOut/solV_00205.vts
    Written: /Users/jacksonbaglino/SimulationResults/lunar_regolith_DSM/scratch/channel_2D_H100um_eps3.00um/2026-09-13__13.56.13_relax_T-20_theta60_dtmax3.2e4/vtkOut/solV_00208.vts
    Written: /Users/jacksonbaglino/SimulationResults/lunar_regolith_DSM/scratch/channel_2D_H100um_eps3.00um/2026-09-13__13.56.13_relax_T-20_theta60_dtmax3.2e4/vtkOut/solV_00211.vts
    Written: /Users/jacksonbaglino/SimulationResults/lunar_regolith_DSM/scratch/channel_2D_H100um_eps3.00um/2026-09-13__13.56.13_relax_T-20_theta60_dtmax3.2e4/vtkOut/solV_00214.vts
    Written: /Users/jacksonbaglino/SimulationResults/lunar_regolith_DSM/scratch/channel_2D_H100um_eps3.00um/2026-09-13__13.56.13_relax_T-20_theta60_dtmax3.2e4/vtkOut/solV_00217.vts
    Written: /Users/jacksonbaglino/SimulationResults/lunar_regolith_DSM/scratch/channel_2D_H100um_eps3.00um/2026-09-13__13.56.13_relax_T-20_theta60_dtmax3.2e4/vtkOut/solV_00220.vts
    Written: /Users/jacksonbaglino/SimulationResults/lunar_regolith_DSM/scratch/channel_2D_H100um_eps3.00um/2026-09-13__13.56.13_relax_T-20_theta60_dtmax3.2e4/vtkOut/solV_00223.vts
    Written: /Users/jacksonbaglino/SimulationResults/lunar_regolith_DSM/scratch/channel_2D_H100um_eps3.00um/2026-09-13__13.56.13_relax_T-20_theta60_dtmax3.2e4/vtkOut/solV_00226.vts
    Written: /Users/jacksonbaglino/SimulationResults/lunar_regolith_DSM/scratch/channel_2D_H100um_eps3.00um/2026-09-13__13.56.13_relax_T-20_theta60_dtmax3.2e4/vtkOut/solV_00229.vts
    Written: /Users/jacksonbaglino/SimulationResults/lunar_regolith_DSM/scratch/channel_2D_H100um_eps3.00um/2026-09-13__13.56.13_relax_T-20_theta60_dtmax3.2e4/vtkOut/solV_00232.vts
    Written: /Users/jacksonbaglino/SimulationResults/lunar_regolith_DSM/scratch/channel_2D_H100um_eps3.00um/2026-09-13__13.56.13_relax_T-20_theta60_dtmax3.2e4/vtkOut/solV_00235.vts
    Written: /Users/jacksonbaglino/SimulationResults/lunar_regolith_DSM/scratch/channel_2D_H100um_eps3.00um/2026-09-13__13.56.13_relax_T-20_theta60_dtmax3.2e4/vtkOut/solV_00238.vts
    Written: /Users/jacksonbaglino/SimulationResults/lunar_regolith_DSM/scratch/channel_2D_H100um_eps3.00um/2026-09-13__13.56.13_relax_T-20_theta60_dtmax3.2e4/vtkOut/solV_00241.vts
    PVD collection written: /Users/jacksonbaglino/SimulationResults/lunar_regolith_DSM/scratch/channel_2D_H100um_eps3.00um/2026-09-13__13.56.13_relax_T-20_theta60_dtmax3.2e4/pf.pvd

--- Porosity + interface density ---
    porosity: 0.540424 → 0.540424   (tot_air / (tot_ice + tot_air))
    wrote /Users/jacksonbaglino/SimulationResults/lunar_regolith_DSM/scratch/channel_2D_H100um_eps3.00um/2026-09-13__13.56.13_relax_T-20_theta60_dtmax3.2e4/plots/porosity.png

--- Ice-air surface area ---
    surface: 0.000224473 → 0.000209004 m
    power-law fit  S ~ C t^n   (OLS on log S vs log t)
      exponent n = +0.0022 ± 0.0009   (R² = 0.0340)
      window     = 0.8229 → 65.07 d  (175 points)
      local log-slope across that window: -0.0287 → +0.0089
      ⚠ the local slope moves by more than half the fitted exponent across the window:
        this curve is not a clean power law, so n is a property of the WINDOW as much as of the run.
      (a fitted exponent is a property of the curve AND the fit protocol — always quote n with its form and window)
    wrote /Users/jacksonbaglino/SimulationResults/lunar_regolith_DSM/scratch/channel_2D_H100um_eps3.00um/2026-09-13__13.56.13_relax_T-20_theta60_dtmax3.2e4/plots/ssa.png

--- Time step diagnostic ---
  Time step figure saved to: /Users/jacksonbaglino/SimulationResults/lunar_regolith_DSM/scratch/channel_2D_H100um_eps3.00um/2026-09-13__13.56.13_relax_T-20_theta60_dtmax3.2e4/plots/timestep.png

--- Phase mass vs. time ---
  Figure saved to: /Users/jacksonbaglino/SimulationResults/lunar_regolith_DSM/scratch/channel_2D_H100um_eps3.00um/2026-09-13__13.56.13_relax_T-20_theta60_dtmax3.2e4/plots/mass.png
  Per-phase plots saved to: /Users/jacksonbaglino/SimulationResults/lunar_regolith_DSM/scratch/channel_2D_H100um_eps3.00um/2026-09-13__13.56.13_relax_T-20_theta60_dtmax3.2e4/plots/mass/
  Log-log change plot saved to: /Users/jacksonbaglino/SimulationResults/lunar_regolith_DSM/scratch/channel_2D_H100um_eps3.00um/2026-09-13__13.56.13_relax_T-20_theta60_dtmax3.2e4/plots/mass/change_loglog.png

--- Contact angle vs Young's equation ---
  
    CONTACT ANGLE  (2026-09-13__13.56.13_relax_T-20_theta60_dtmax3.2e4)
      gamma_ia = 0.109  gamma_is = 0.2455  gamma_as = 0.3   J/m^2
      theta_Young    =   60.000 deg   [Young from gamma_is/gamma_as]
      theta_measured =   61.680 +/- 0.001 deg (4 estimates, final snapshot)
      error          =   +1.680 deg
      theta_inf      =   60.109 +/- 0.010 deg   [extrapolated, tau = 15.84 d, fit RMS 0.0114 over 36 pts]
      error(inf)     =   +0.109 deg
      NOTE: the run stopped 1.6 deg short of its own extrapolated equilibrium; t_final is too small to
            read the angle directly. Trust theta_inf, or extend to ~18 days.
      -> /Users/jacksonbaglino/SimulationResults/lunar_regolith_DSM/scratch/channel_2D_H100um_eps3.00um/2026-09-13__13.56.13_relax_T-20_theta60_dtmax3.2e4/contact_angle.csv
      -> /Users/jacksonbaglino/SimulationResults/lunar_regolith_DSM/scratch/channel_2D_H100um_eps3.00um/2026-09-13__13.56.13_relax_T-20_theta60_dtmax3.2e4/plots/contact_angle.png

=========================================================================
  ✅ Post-processing complete
  Results in: /Users/jacksonbaglino/SimulationResults/lunar_regolith_DSM/scratch/channel_2D_H100um_eps3.00um/2026-09-13__13.56.13_relax_T-20_theta60_dtmax3.2e4
  Figures in: /Users/jacksonbaglino/SimulationResults/lunar_regolith_DSM/scratch/channel_2D_H100um_eps3.00um/2026-09-13__13.56.13_relax_T-20_theta60_dtmax3.2e4/plots
      contact_angle.png
      mass.png
      porosity.png
      ssa.png
      timestep.png
=========================================================================


=========================================================================
  ✅ Workflow completed successfully
  Results: /Users/jacksonbaglino/SimulationResults/lunar_regolith_DSM/scratch/channel_2D_H100um_eps3.00um/2026-09-13__13.56.13_relax_T-20_theta60_dtmax3.2e4
  Figures: /Users/jacksonbaglino/SimulationResults/lunar_regolith_DSM/scratch/channel_2D_H100um_eps3.00um/2026-09-13__13.56.13_relax_T-20_theta60_dtmax3.2e4/plots
=========================================================================

