
=== G2: wall Jacobian vs finite differences ===
    (wall block isolated by differencing costhet on/off)
Running on 1 processes.


OUTPUT DATA ERROR: Reduce maximum time step, or increase t_interval 


================================================================================
 PHASE-FIELD SIMULATION PARAMETERS
================================================================================

 MESH & DISCRETIZATION
   Nx = 24,  Ny = 12
   Lx = 6.2500e-05 m,  Ly = 3.1250e-05 m
   dx = 2.6042e-06 m,  dy = 2.6042e-06 m
   p = 2 (quadratic),  C = 1

 PHASE-FIELD INTERFACE
   eps      =  1.2000e-06 m
   Sigma_i  =  1.0900e-01 J/m²   (ice surface energy)
   Sigma_a  =  1.3200e-01 J/m²   (air surface energy)
   Lambda   =  0.0000e+00

 ENVIRONMENT & INITIAL CONDITIONS
   T0       =  -20.00 °C,  humidity = 1.0000
   grad_T   =  (0.0000e+00, 0.0000e+00) °C/m

 TIME STEPPING
   dt0      =  1.0000e-04 s
   t_final  =  0.0000e+00 s,  n_out = 5000
   adaptive    ON  (NRmin = 5,  NRmax = 15,  factor = 1.3335)
   dtmin    =  1.0000e-06 s,  dtmax = 2.0000e+02 s

 TRANSPORT & THERMOPHYSICAL PROPERTIES
   D_v      =  2.1780e-05 m²/s    (vapor diffusivity)
   k_ice    =  2.2900e+00 W/m/K,  k_air  = 2.0000e-02 W/m/K
   rho_ice  =  9.1900e+02 kg/m³,  rho_air = 1.3410e+00 kg/m³
   cp_ice   =  1.9600e+03 J/kg/K, cp_air = 1.0440e+03 J/kg/K
   lat_sub  =  2.8300e+06 J/kg    (latent heat of sublimation)

 PHASE-CHANGE KINETICS
   rho_ice/rho_vs   = 1.0829e+06   (density ratio at T0)
   d0_sub0          = 1.0000e-07 m   (capillary length; M&F use 1e-7)
   beta_sub (K&P β₀, M&F β_sub, UNSCALED) = 9.9000e+05 s/m   [M&F range: 2e4–2e6]
   beta_sub (SCALED = β₀·ρ_vs/ρ_ice = β_HK) = 9.1425e-01 s/m
   lambda   =  6.4971e+07
   tau_sub  =  1.4256e+01 s
   tau_sub terms:  kinetic 1.4256e+01 s   (-thin_iface_corr 0)
   beta realised  =  9.9000e+05 s/m  =  1.0000 x -beta_sub0
   mob_sub  =  2.8058e-08 m/s   [M&F: 4.33e-7]
   alph_sub =  4.5575e+06 1/s
   xi_T     =  1.0000e+00   (thermal conduction + latent heat scale)
   xi_v     =  1.0000e-03   (vapor diffusion + rho_ice source scale)

 SOLVER
   VI bounds:  OFF (unbounded Newton — pair with -snes_type newtonls)

 BOUNDARY CONDITIONS
   Per wall, per equation. "Neumann" is the NATURAL condition —
   zero normal flux, imposed by omission rather than explicitly:
   dphi/dn = 0 for the phase field (a 90° contact angle where ice
   meets the wall), zero heat flux for T (insulating), and zero
   vapor flux for rho_v (sealed — no mass enters or leaves there).

   Wall               phi_i (ice)            T (temperature)          rho_v (vapor)
   ------------------ ---------------------- ------------------------ ------------------------
   x = 0   (left)     Neumann  dphi/dn=0     Neumann  (insulating)    Neumann  (sealed)
   x = Lx  (right)    Neumann  dphi/dn=0     Neumann  (insulating)    Neumann  (sealed)
   y = 0   (bottom)   regolith  theta=0.0°  Neumann  (insulating)    Neumann  (sealed)
   y = Ly  (top)      regolith  theta=0.0°  Neumann  (insulating)    Neumann  (sealed)

   phi_i is never pinned (no Dirichlet path exists for it). On a
   face marked "regolith" above, its NATURAL condition is the wall
   free-energy term  dphi/dn = cos(theta)*phi(1-phi)/eps  rather than
   zero; every other face keeps dphi/dn = 0 (a 90° contact angle).
   gamma_ia = 1.0900e-01   gamma_is = 0.0000e+00   gamma_as = 0.0000e+00  J/m²
   cos(theta) = 1.000000  ->  theta = 0.00°   [-contact_angle_deg: Young's equation BYPASSED, debug only]

================================================================================

Setting up initial conditions... 
IC type: multi_grains
--- INITIAL CONDITIONS (2D multi-grain) ---
  1 ice grain(s), 0 sediment bump(s)
  ice grain 0: centre = (3.1250e-05, 1.5625e-05) m,  ax = 2.3438e-05 m,  ay = 2.3438e-05 m

 WALL JACOBIAN CHECK (-test_wall_jacobian)   h = 1.0e-07,  cos(theta) = 1.000000
   The full-system column is dominated by the interior form, so it
   is insensitive to the wall block; the isolated column differences
   both J and F between costhet on and off and is the real gate.

   dir   full system      wall block       ||Jbnd*v||
     0   1.849332e-08    7.856127e-10    4.457834e-13
     1   1.738476e-08    7.322474e-10    4.241752e-13
     2   1.954618e-08    7.342379e-10    4.390727e-13
     3   1.745779e-08    6.165874e-10    4.679463e-13
     4   1.871669e-08    8.987994e-10    4.478549e-13
   worst 1.954618e-08    8.987994e-10
   (||Jbnd*v|| = 0 would mean the wall block is never exercised --
    the interface must actually cross a face named by -wall_faces.)
Setup time 2.232890e-01 sec  =  0.00 min 

WARNING! There are options you set that were not used!
WARNING! could be spelling mistake, etc!
There are 5 unused database options. They are:
Option left: name:-ksp_converged_reason value: ::failed source: file
Option left: name:-ksp_gmres_restart value: 200 source: file
Option left: name:-snes_converged_reason value: ::failed source: file
Option left: name:-sub_pc_factor_levels value: 3 source: file
Option left: name:-sub_pc_type value: ilu source: file
  theta=0     rel.err=8.987994e-10    ||Jbnd*v||=4.478549e-13    PASS
Running on 1 processes.


OUTPUT DATA ERROR: Reduce maximum time step, or increase t_interval 


================================================================================
 PHASE-FIELD SIMULATION PARAMETERS
================================================================================

 MESH & DISCRETIZATION
   Nx = 24,  Ny = 12
   Lx = 6.2500e-05 m,  Ly = 3.1250e-05 m
   dx = 2.6042e-06 m,  dy = 2.6042e-06 m
   p = 2 (quadratic),  C = 1

 PHASE-FIELD INTERFACE
   eps      =  1.2000e-06 m
   Sigma_i  =  1.0900e-01 J/m²   (ice surface energy)
   Sigma_a  =  1.3200e-01 J/m²   (air surface energy)
   Lambda   =  0.0000e+00

 ENVIRONMENT & INITIAL CONDITIONS
   T0       =  -20.00 °C,  humidity = 1.0000
   grad_T   =  (0.0000e+00, 0.0000e+00) °C/m

 TIME STEPPING
   dt0      =  1.0000e-04 s
   t_final  =  0.0000e+00 s,  n_out = 5000
   adaptive    ON  (NRmin = 5,  NRmax = 15,  factor = 1.3335)
   dtmin    =  1.0000e-06 s,  dtmax = 2.0000e+02 s

 TRANSPORT & THERMOPHYSICAL PROPERTIES
   D_v      =  2.1780e-05 m²/s    (vapor diffusivity)
   k_ice    =  2.2900e+00 W/m/K,  k_air  = 2.0000e-02 W/m/K
   rho_ice  =  9.1900e+02 kg/m³,  rho_air = 1.3410e+00 kg/m³
   cp_ice   =  1.9600e+03 J/kg/K, cp_air = 1.0440e+03 J/kg/K
   lat_sub  =  2.8300e+06 J/kg    (latent heat of sublimation)

 PHASE-CHANGE KINETICS
   rho_ice/rho_vs   = 1.0829e+06   (density ratio at T0)
   d0_sub0          = 1.0000e-07 m   (capillary length; M&F use 1e-7)
   beta_sub (K&P β₀, M&F β_sub, UNSCALED) = 9.9000e+05 s/m   [M&F range: 2e4–2e6]
   beta_sub (SCALED = β₀·ρ_vs/ρ_ice = β_HK) = 9.1425e-01 s/m
   lambda   =  6.4971e+07
   tau_sub  =  1.4256e+01 s
   tau_sub terms:  kinetic 1.4256e+01 s   (-thin_iface_corr 0)
   beta realised  =  9.9000e+05 s/m  =  1.0000 x -beta_sub0
   mob_sub  =  2.8058e-08 m/s   [M&F: 4.33e-7]
   alph_sub =  4.5575e+06 1/s
   xi_T     =  1.0000e+00   (thermal conduction + latent heat scale)
   xi_v     =  1.0000e-03   (vapor diffusion + rho_ice source scale)

 SOLVER
   VI bounds:  OFF (unbounded Newton — pair with -snes_type newtonls)

 BOUNDARY CONDITIONS
   Per wall, per equation. "Neumann" is the NATURAL condition —
   zero normal flux, imposed by omission rather than explicitly:
   dphi/dn = 0 for the phase field (a 90° contact angle where ice
   meets the wall), zero heat flux for T (insulating), and zero
   vapor flux for rho_v (sealed — no mass enters or leaves there).

   Wall               phi_i (ice)            T (temperature)          rho_v (vapor)
   ------------------ ---------------------- ------------------------ ------------------------
   x = 0   (left)     Neumann  dphi/dn=0     Neumann  (insulating)    Neumann  (sealed)
   x = Lx  (right)    Neumann  dphi/dn=0     Neumann  (insulating)    Neumann  (sealed)
   y = 0   (bottom)   regolith  theta=30.0° Neumann  (insulating)    Neumann  (sealed)
   y = Ly  (top)      regolith  theta=30.0° Neumann  (insulating)    Neumann  (sealed)

   phi_i is never pinned (no Dirichlet path exists for it). On a
   face marked "regolith" above, its NATURAL condition is the wall
   free-energy term  dphi/dn = cos(theta)*phi(1-phi)/eps  rather than
   zero; every other face keeps dphi/dn = 0 (a 90° contact angle).
   gamma_ia = 1.0900e-01   gamma_is = 0.0000e+00   gamma_as = 0.0000e+00  J/m²
   cos(theta) = 0.866025  ->  theta = 30.00°   [-contact_angle_deg: Young's equation BYPASSED, debug only]

================================================================================

Setting up initial conditions... 
IC type: multi_grains
--- INITIAL CONDITIONS (2D multi-grain) ---
  1 ice grain(s), 0 sediment bump(s)
  ice grain 0: centre = (3.1250e-05, 1.5625e-05) m,  ax = 2.3438e-05 m,  ay = 2.3438e-05 m

 WALL JACOBIAN CHECK (-test_wall_jacobian)   h = 1.0e-07,  cos(theta) = 0.866025
   The full-system column is dominated by the interior form, so it
   is insensitive to the wall block; the isolated column differences
   both J and F between costhet on and off and is the real gate.

   dir   full system      wall block       ||Jbnd*v||
     0   1.849332e-08    8.771158e-10    3.860598e-13
     1   1.738476e-08    6.250541e-10    3.673465e-13
     2   1.954618e-08    7.444742e-10    3.802481e-13
     3   1.745779e-08    7.241494e-10    4.052534e-13
     4   1.871669e-08    8.844704e-10    3.878537e-13
   worst 1.954618e-08    8.844704e-10
   (||Jbnd*v|| = 0 would mean the wall block is never exercised --
    the interface must actually cross a face named by -wall_faces.)
Setup time 2.241070e-01 sec  =  0.00 min 

WARNING! There are options you set that were not used!
WARNING! could be spelling mistake, etc!
There are 5 unused database options. They are:
Option left: name:-ksp_converged_reason value: ::failed source: file
Option left: name:-ksp_gmres_restart value: 200 source: file
Option left: name:-snes_converged_reason value: ::failed source: file
Option left: name:-sub_pc_factor_levels value: 3 source: file
Option left: name:-sub_pc_type value: ilu source: file
  theta=30    rel.err=8.844704e-10    ||Jbnd*v||=3.878537e-13    PASS
Running on 1 processes.


OUTPUT DATA ERROR: Reduce maximum time step, or increase t_interval 


================================================================================
 PHASE-FIELD SIMULATION PARAMETERS
================================================================================

 MESH & DISCRETIZATION
   Nx = 24,  Ny = 12
   Lx = 6.2500e-05 m,  Ly = 3.1250e-05 m
   dx = 2.6042e-06 m,  dy = 2.6042e-06 m
   p = 2 (quadratic),  C = 1

 PHASE-FIELD INTERFACE
   eps      =  1.2000e-06 m
   Sigma_i  =  1.0900e-01 J/m²   (ice surface energy)
   Sigma_a  =  1.3200e-01 J/m²   (air surface energy)
   Lambda   =  0.0000e+00

 ENVIRONMENT & INITIAL CONDITIONS
   T0       =  -20.00 °C,  humidity = 1.0000
   grad_T   =  (0.0000e+00, 0.0000e+00) °C/m

 TIME STEPPING
   dt0      =  1.0000e-04 s
   t_final  =  0.0000e+00 s,  n_out = 5000
   adaptive    ON  (NRmin = 5,  NRmax = 15,  factor = 1.3335)
   dtmin    =  1.0000e-06 s,  dtmax = 2.0000e+02 s

 TRANSPORT & THERMOPHYSICAL PROPERTIES
   D_v      =  2.1780e-05 m²/s    (vapor diffusivity)
   k_ice    =  2.2900e+00 W/m/K,  k_air  = 2.0000e-02 W/m/K
   rho_ice  =  9.1900e+02 kg/m³,  rho_air = 1.3410e+00 kg/m³
   cp_ice   =  1.9600e+03 J/kg/K, cp_air = 1.0440e+03 J/kg/K
   lat_sub  =  2.8300e+06 J/kg    (latent heat of sublimation)

 PHASE-CHANGE KINETICS
   rho_ice/rho_vs   = 1.0829e+06   (density ratio at T0)
   d0_sub0          = 1.0000e-07 m   (capillary length; M&F use 1e-7)
   beta_sub (K&P β₀, M&F β_sub, UNSCALED) = 9.9000e+05 s/m   [M&F range: 2e4–2e6]
   beta_sub (SCALED = β₀·ρ_vs/ρ_ice = β_HK) = 9.1425e-01 s/m
   lambda   =  6.4971e+07
   tau_sub  =  1.4256e+01 s
   tau_sub terms:  kinetic 1.4256e+01 s   (-thin_iface_corr 0)
   beta realised  =  9.9000e+05 s/m  =  1.0000 x -beta_sub0
   mob_sub  =  2.8058e-08 m/s   [M&F: 4.33e-7]
   alph_sub =  4.5575e+06 1/s
   xi_T     =  1.0000e+00   (thermal conduction + latent heat scale)
   xi_v     =  1.0000e-03   (vapor diffusion + rho_ice source scale)

 SOLVER
   VI bounds:  OFF (unbounded Newton — pair with -snes_type newtonls)

 BOUNDARY CONDITIONS
   Per wall, per equation. "Neumann" is the NATURAL condition —
   zero normal flux, imposed by omission rather than explicitly:
   dphi/dn = 0 for the phase field (a 90° contact angle where ice
   meets the wall), zero heat flux for T (insulating), and zero
   vapor flux for rho_v (sealed — no mass enters or leaves there).

   Wall               phi_i (ice)            T (temperature)          rho_v (vapor)
   ------------------ ---------------------- ------------------------ ------------------------
   x = 0   (left)     Neumann  dphi/dn=0     Neumann  (insulating)    Neumann  (sealed)
   x = Lx  (right)    Neumann  dphi/dn=0     Neumann  (insulating)    Neumann  (sealed)
   y = 0   (bottom)   regolith  theta=45.0° Neumann  (insulating)    Neumann  (sealed)
   y = Ly  (top)      regolith  theta=45.0° Neumann  (insulating)    Neumann  (sealed)

   phi_i is never pinned (no Dirichlet path exists for it). On a
   face marked "regolith" above, its NATURAL condition is the wall
   free-energy term  dphi/dn = cos(theta)*phi(1-phi)/eps  rather than
   zero; every other face keeps dphi/dn = 0 (a 90° contact angle).
   gamma_ia = 1.0900e-01   gamma_is = 0.0000e+00   gamma_as = 0.0000e+00  J/m²
   cos(theta) = 0.707107  ->  theta = 45.00°   [-contact_angle_deg: Young's equation BYPASSED, debug only]

================================================================================

Setting up initial conditions... 
IC type: multi_grains
--- INITIAL CONDITIONS (2D multi-grain) ---
  1 ice grain(s), 0 sediment bump(s)
  ice grain 0: centre = (3.1250e-05, 1.5625e-05) m,  ax = 2.3438e-05 m,  ay = 2.3438e-05 m

 WALL JACOBIAN CHECK (-test_wall_jacobian)   h = 1.0e-07,  cos(theta) = 0.707107
   The full-system column is dominated by the interior form, so it
   is insensitive to the wall block; the isolated column differences
   both J and F between costhet on and off and is the real gate.

   dir   full system      wall block       ||Jbnd*v||
     0   1.849332e-08    7.834894e-10    3.152165e-13
     1   1.738476e-08    7.851697e-10    2.999371e-13
     2   1.954618e-08    8.180692e-10    3.104713e-13
     3   1.745779e-08    7.166483e-10    3.308880e-13
     4   1.871669e-08    9.891514e-10    3.166812e-13
   worst 1.954618e-08    9.891514e-10
   (||Jbnd*v|| = 0 would mean the wall block is never exercised --
    the interface must actually cross a face named by -wall_faces.)
Setup time 2.352290e-01 sec  =  0.00 min 

WARNING! There are options you set that were not used!
WARNING! could be spelling mistake, etc!
There are 5 unused database options. They are:
Option left: name:-ksp_converged_reason value: ::failed source: file
Option left: name:-ksp_gmres_restart value: 200 source: file
Option left: name:-snes_converged_reason value: ::failed source: file
Option left: name:-sub_pc_factor_levels value: 3 source: file
Option left: name:-sub_pc_type value: ilu source: file
  theta=45    rel.err=9.891514e-10    ||Jbnd*v||=3.166812e-13    PASS
Running on 1 processes.


OUTPUT DATA ERROR: Reduce maximum time step, or increase t_interval 


================================================================================
 PHASE-FIELD SIMULATION PARAMETERS
================================================================================

 MESH & DISCRETIZATION
   Nx = 24,  Ny = 12
   Lx = 6.2500e-05 m,  Ly = 3.1250e-05 m
   dx = 2.6042e-06 m,  dy = 2.6042e-06 m
   p = 2 (quadratic),  C = 1

 PHASE-FIELD INTERFACE
   eps      =  1.2000e-06 m
   Sigma_i  =  1.0900e-01 J/m²   (ice surface energy)
   Sigma_a  =  1.3200e-01 J/m²   (air surface energy)
   Lambda   =  0.0000e+00

 ENVIRONMENT & INITIAL CONDITIONS
   T0       =  -20.00 °C,  humidity = 1.0000
   grad_T   =  (0.0000e+00, 0.0000e+00) °C/m

 TIME STEPPING
   dt0      =  1.0000e-04 s
   t_final  =  0.0000e+00 s,  n_out = 5000
   adaptive    ON  (NRmin = 5,  NRmax = 15,  factor = 1.3335)
   dtmin    =  1.0000e-06 s,  dtmax = 2.0000e+02 s

 TRANSPORT & THERMOPHYSICAL PROPERTIES
   D_v      =  2.1780e-05 m²/s    (vapor diffusivity)
   k_ice    =  2.2900e+00 W/m/K,  k_air  = 2.0000e-02 W/m/K
   rho_ice  =  9.1900e+02 kg/m³,  rho_air = 1.3410e+00 kg/m³
   cp_ice   =  1.9600e+03 J/kg/K, cp_air = 1.0440e+03 J/kg/K
   lat_sub  =  2.8300e+06 J/kg    (latent heat of sublimation)

 PHASE-CHANGE KINETICS
   rho_ice/rho_vs   = 1.0829e+06   (density ratio at T0)
   d0_sub0          = 1.0000e-07 m   (capillary length; M&F use 1e-7)
   beta_sub (K&P β₀, M&F β_sub, UNSCALED) = 9.9000e+05 s/m   [M&F range: 2e4–2e6]
   beta_sub (SCALED = β₀·ρ_vs/ρ_ice = β_HK) = 9.1425e-01 s/m
   lambda   =  6.4971e+07
   tau_sub  =  1.4256e+01 s
   tau_sub terms:  kinetic 1.4256e+01 s   (-thin_iface_corr 0)
   beta realised  =  9.9000e+05 s/m  =  1.0000 x -beta_sub0
   mob_sub  =  2.8058e-08 m/s   [M&F: 4.33e-7]
   alph_sub =  4.5575e+06 1/s
   xi_T     =  1.0000e+00   (thermal conduction + latent heat scale)
   xi_v     =  1.0000e-03   (vapor diffusion + rho_ice source scale)

 SOLVER
   VI bounds:  OFF (unbounded Newton — pair with -snes_type newtonls)

 BOUNDARY CONDITIONS
   Per wall, per equation. "Neumann" is the NATURAL condition —
   zero normal flux, imposed by omission rather than explicitly:
   dphi/dn = 0 for the phase field (a 90° contact angle where ice
   meets the wall), zero heat flux for T (insulating), and zero
   vapor flux for rho_v (sealed — no mass enters or leaves there).

   Wall               phi_i (ice)            T (temperature)          rho_v (vapor)
   ------------------ ---------------------- ------------------------ ------------------------
   x = 0   (left)     Neumann  dphi/dn=0     Neumann  (insulating)    Neumann  (sealed)
   x = Lx  (right)    Neumann  dphi/dn=0     Neumann  (insulating)    Neumann  (sealed)
   y = 0   (bottom)   regolith  theta=60.0° Neumann  (insulating)    Neumann  (sealed)
   y = Ly  (top)      regolith  theta=60.0° Neumann  (insulating)    Neumann  (sealed)

   phi_i is never pinned (no Dirichlet path exists for it). On a
   face marked "regolith" above, its NATURAL condition is the wall
   free-energy term  dphi/dn = cos(theta)*phi(1-phi)/eps  rather than
   zero; every other face keeps dphi/dn = 0 (a 90° contact angle).
   gamma_ia = 1.0900e-01   gamma_is = 0.0000e+00   gamma_as = 0.0000e+00  J/m²
   cos(theta) = 0.500000  ->  theta = 60.00°   [-contact_angle_deg: Young's equation BYPASSED, debug only]

================================================================================

Setting up initial conditions... 
IC type: multi_grains
--- INITIAL CONDITIONS (2D multi-grain) ---
  1 ice grain(s), 0 sediment bump(s)
  ice grain 0: centre = (3.1250e-05, 1.5625e-05) m,  ax = 2.3438e-05 m,  ay = 2.3438e-05 m

 WALL JACOBIAN CHECK (-test_wall_jacobian)   h = 1.0e-07,  cos(theta) = 0.500000
   The full-system column is dominated by the interior form, so it
   is insensitive to the wall block; the isolated column differences
   both J and F between costhet on and off and is the real gate.

   dir   full system      wall block       ||Jbnd*v||
     0   1.849332e-08    1.041563e-09    2.228917e-13
     1   1.738476e-08    9.992359e-10    2.120876e-13
     2   1.954618e-08    1.068018e-09    2.195363e-13
     3   1.745779e-08    7.008489e-10    2.339731e-13
     4   1.871669e-08    9.003116e-10    2.239274e-13
   worst 1.954618e-08    1.068018e-09
   (||Jbnd*v|| = 0 would mean the wall block is never exercised --
    the interface must actually cross a face named by -wall_faces.)
Setup time 2.222230e-01 sec  =  0.00 min 

WARNING! There are options you set that were not used!
WARNING! could be spelling mistake, etc!
There are 5 unused database options. They are:
Option left: name:-ksp_converged_reason value: ::failed source: file
Option left: name:-ksp_gmres_restart value: 200 source: file
Option left: name:-snes_converged_reason value: ::failed source: file
Option left: name:-sub_pc_factor_levels value: 3 source: file
Option left: name:-sub_pc_type value: ilu source: file
  theta=60    rel.err=1.068018e-09    ||Jbnd*v||=2.239274e-13    PASS
Running on 1 processes.


OUTPUT DATA ERROR: Reduce maximum time step, or increase t_interval 


================================================================================
 PHASE-FIELD SIMULATION PARAMETERS
================================================================================

 MESH & DISCRETIZATION
   Nx = 24,  Ny = 12
   Lx = 6.2500e-05 m,  Ly = 3.1250e-05 m
   dx = 2.6042e-06 m,  dy = 2.6042e-06 m
   p = 2 (quadratic),  C = 1

 PHASE-FIELD INTERFACE
   eps      =  1.2000e-06 m
   Sigma_i  =  1.0900e-01 J/m²   (ice surface energy)
   Sigma_a  =  1.3200e-01 J/m²   (air surface energy)
   Lambda   =  0.0000e+00

 ENVIRONMENT & INITIAL CONDITIONS
   T0       =  -20.00 °C,  humidity = 1.0000
   grad_T   =  (0.0000e+00, 0.0000e+00) °C/m

 TIME STEPPING
   dt0      =  1.0000e-04 s
   t_final  =  0.0000e+00 s,  n_out = 5000
   adaptive    ON  (NRmin = 5,  NRmax = 15,  factor = 1.3335)
   dtmin    =  1.0000e-06 s,  dtmax = 2.0000e+02 s

 TRANSPORT & THERMOPHYSICAL PROPERTIES
   D_v      =  2.1780e-05 m²/s    (vapor diffusivity)
   k_ice    =  2.2900e+00 W/m/K,  k_air  = 2.0000e-02 W/m/K
   rho_ice  =  9.1900e+02 kg/m³,  rho_air = 1.3410e+00 kg/m³
   cp_ice   =  1.9600e+03 J/kg/K, cp_air = 1.0440e+03 J/kg/K
   lat_sub  =  2.8300e+06 J/kg    (latent heat of sublimation)

 PHASE-CHANGE KINETICS
   rho_ice/rho_vs   = 1.0829e+06   (density ratio at T0)
   d0_sub0          = 1.0000e-07 m   (capillary length; M&F use 1e-7)
   beta_sub (K&P β₀, M&F β_sub, UNSCALED) = 9.9000e+05 s/m   [M&F range: 2e4–2e6]
   beta_sub (SCALED = β₀·ρ_vs/ρ_ice = β_HK) = 9.1425e-01 s/m
   lambda   =  6.4971e+07
   tau_sub  =  1.4256e+01 s
   tau_sub terms:  kinetic 1.4256e+01 s   (-thin_iface_corr 0)
   beta realised  =  9.9000e+05 s/m  =  1.0000 x -beta_sub0
   mob_sub  =  2.8058e-08 m/s   [M&F: 4.33e-7]
   alph_sub =  4.5575e+06 1/s
   xi_T     =  1.0000e+00   (thermal conduction + latent heat scale)
   xi_v     =  1.0000e-03   (vapor diffusion + rho_ice source scale)

 SOLVER
   VI bounds:  OFF (unbounded Newton — pair with -snes_type newtonls)

 BOUNDARY CONDITIONS
   Per wall, per equation. "Neumann" is the NATURAL condition —
   zero normal flux, imposed by omission rather than explicitly:
   dphi/dn = 0 for the phase field (a 90° contact angle where ice
   meets the wall), zero heat flux for T (insulating), and zero
   vapor flux for rho_v (sealed — no mass enters or leaves there).

   Wall               phi_i (ice)            T (temperature)          rho_v (vapor)
   ------------------ ---------------------- ------------------------ ------------------------
   x = 0   (left)     Neumann  dphi/dn=0     Neumann  (insulating)    Neumann  (sealed)
   x = Lx  (right)    Neumann  dphi/dn=0     Neumann  (insulating)    Neumann  (sealed)
   y = 0   (bottom)   regolith  theta=90.0° Neumann  (insulating)    Neumann  (sealed)
   y = Ly  (top)      regolith  theta=90.0° Neumann  (insulating)    Neumann  (sealed)

   phi_i is never pinned (no Dirichlet path exists for it). On a
   face marked "regolith" above, its NATURAL condition is the wall
   free-energy term  dphi/dn = cos(theta)*phi(1-phi)/eps  rather than
   zero; every other face keeps dphi/dn = 0 (a 90° contact angle).
   gamma_ia = 1.0900e-01   gamma_is = 0.0000e+00   gamma_as = 0.0000e+00  J/m²
   cos(theta) = 0.000000  ->  theta = 90.00°   [-contact_angle_deg: Young's equation BYPASSED, debug only]

================================================================================

Setting up initial conditions... 
IC type: multi_grains
--- INITIAL CONDITIONS (2D multi-grain) ---
  1 ice grain(s), 0 sediment bump(s)
  ice grain 0: centre = (3.1250e-05, 1.5625e-05) m,  ax = 2.3438e-05 m,  ay = 2.3438e-05 m

 WALL JACOBIAN CHECK (-test_wall_jacobian)   h = 1.0e-07,  cos(theta) = 0.000000
   The full-system column is dominated by the interior form, so it
   is insensitive to the wall block; the isolated column differences
   both J and F between costhet on and off and is the real gate.

   dir   full system      wall block       ||Jbnd*v||
     0   1.849332e-08    6.666456e+04    8.102059e-28
     1   1.738476e-08    1.346516e+06    6.466765e-29
     2   1.954618e-08    1.336880e+06    4.246864e-29
     3   1.745779e-08    1.070634e+06    5.681989e-29
     4   1.871669e-08    2.844326e+05    2.052737e-28
   worst 1.954618e-08    1.346516e+06
   (||Jbnd*v|| = 0 would mean the wall block is never exercised --
    the interface must actually cross a face named by -wall_faces.)
Setup time 2.212620e-01 sec  =  0.00 min 

WARNING! There are options you set that were not used!
WARNING! could be spelling mistake, etc!
There are 5 unused database options. They are:
Option left: name:-ksp_converged_reason value: ::failed source: file
Option left: name:-ksp_gmres_restart value: 200 source: file
Option left: name:-snes_converged_reason value: ::failed source: file
Option left: name:-sub_pc_factor_levels value: 3 source: file
Option left: name:-sub_pc_type value: ilu source: file
  theta=90    wall block is zero (no-op): ||Jbnd*v||=2.052737e-28 PASS
Running on 1 processes.


OUTPUT DATA ERROR: Reduce maximum time step, or increase t_interval 


================================================================================
 PHASE-FIELD SIMULATION PARAMETERS
================================================================================

 MESH & DISCRETIZATION
   Nx = 24,  Ny = 12
   Lx = 6.2500e-05 m,  Ly = 3.1250e-05 m
   dx = 2.6042e-06 m,  dy = 2.6042e-06 m
   p = 2 (quadratic),  C = 1

 PHASE-FIELD INTERFACE
   eps      =  1.2000e-06 m
   Sigma_i  =  1.0900e-01 J/m²   (ice surface energy)
   Sigma_a  =  1.3200e-01 J/m²   (air surface energy)
   Lambda   =  0.0000e+00

 ENVIRONMENT & INITIAL CONDITIONS
   T0       =  -20.00 °C,  humidity = 1.0000
   grad_T   =  (0.0000e+00, 0.0000e+00) °C/m

 TIME STEPPING
   dt0      =  1.0000e-04 s
   t_final  =  0.0000e+00 s,  n_out = 5000
   adaptive    ON  (NRmin = 5,  NRmax = 15,  factor = 1.3335)
   dtmin    =  1.0000e-06 s,  dtmax = 2.0000e+02 s

 TRANSPORT & THERMOPHYSICAL PROPERTIES
   D_v      =  2.1780e-05 m²/s    (vapor diffusivity)
   k_ice    =  2.2900e+00 W/m/K,  k_air  = 2.0000e-02 W/m/K
   rho_ice  =  9.1900e+02 kg/m³,  rho_air = 1.3410e+00 kg/m³
   cp_ice   =  1.9600e+03 J/kg/K, cp_air = 1.0440e+03 J/kg/K
   lat_sub  =  2.8300e+06 J/kg    (latent heat of sublimation)

 PHASE-CHANGE KINETICS
   rho_ice/rho_vs   = 1.0829e+06   (density ratio at T0)
   d0_sub0          = 1.0000e-07 m   (capillary length; M&F use 1e-7)
   beta_sub (K&P β₀, M&F β_sub, UNSCALED) = 9.9000e+05 s/m   [M&F range: 2e4–2e6]
   beta_sub (SCALED = β₀·ρ_vs/ρ_ice = β_HK) = 9.1425e-01 s/m
   lambda   =  6.4971e+07
   tau_sub  =  1.4256e+01 s
   tau_sub terms:  kinetic 1.4256e+01 s   (-thin_iface_corr 0)
   beta realised  =  9.9000e+05 s/m  =  1.0000 x -beta_sub0
   mob_sub  =  2.8058e-08 m/s   [M&F: 4.33e-7]
   alph_sub =  4.5575e+06 1/s
   xi_T     =  1.0000e+00   (thermal conduction + latent heat scale)
   xi_v     =  1.0000e-03   (vapor diffusion + rho_ice source scale)

 SOLVER
   VI bounds:  OFF (unbounded Newton — pair with -snes_type newtonls)

 BOUNDARY CONDITIONS
   Per wall, per equation. "Neumann" is the NATURAL condition —
   zero normal flux, imposed by omission rather than explicitly:
   dphi/dn = 0 for the phase field (a 90° contact angle where ice
   meets the wall), zero heat flux for T (insulating), and zero
   vapor flux for rho_v (sealed — no mass enters or leaves there).

   Wall               phi_i (ice)            T (temperature)          rho_v (vapor)
   ------------------ ---------------------- ------------------------ ------------------------
   x = 0   (left)     Neumann  dphi/dn=0     Neumann  (insulating)    Neumann  (sealed)
   x = Lx  (right)    Neumann  dphi/dn=0     Neumann  (insulating)    Neumann  (sealed)
   y = 0   (bottom)   regolith  theta=120.0° Neumann  (insulating)    Neumann  (sealed)
   y = Ly  (top)      regolith  theta=120.0° Neumann  (insulating)    Neumann  (sealed)

   phi_i is never pinned (no Dirichlet path exists for it). On a
   face marked "regolith" above, its NATURAL condition is the wall
   free-energy term  dphi/dn = cos(theta)*phi(1-phi)/eps  rather than
   zero; every other face keeps dphi/dn = 0 (a 90° contact angle).
   gamma_ia = 1.0900e-01   gamma_is = 0.0000e+00   gamma_as = 0.0000e+00  J/m²
   cos(theta) = -0.500000  ->  theta = 120.00°   [-contact_angle_deg: Young's equation BYPASSED, debug only]

================================================================================

Setting up initial conditions... 
IC type: multi_grains
--- INITIAL CONDITIONS (2D multi-grain) ---
  1 ice grain(s), 0 sediment bump(s)
  ice grain 0: centre = (3.1250e-05, 1.5625e-05) m,  ax = 2.3438e-05 m,  ay = 2.3438e-05 m

 WALL JACOBIAN CHECK (-test_wall_jacobian)   h = 1.0e-07,  cos(theta) = -0.500000
   The full-system column is dominated by the interior form, so it
   is insensitive to the wall block; the isolated column differences
   both J and F between costhet on and off and is the real gate.

   dir   full system      wall block       ||Jbnd*v||
     0   1.849332e-08    6.798439e-10    2.228917e-13
     1   1.738476e-08    6.799393e-10    2.120876e-13
     2   1.954618e-08    8.055833e-10    2.195363e-13
     3   1.745779e-08    5.924056e-10    2.339731e-13
     4   1.871669e-08    7.932424e-10    2.239274e-13
   worst 1.954618e-08    8.055833e-10
   (||Jbnd*v|| = 0 would mean the wall block is never exercised --
    the interface must actually cross a face named by -wall_faces.)
Setup time 2.234220e-01 sec  =  0.00 min 

WARNING! There are options you set that were not used!
WARNING! could be spelling mistake, etc!
There are 5 unused database options. They are:
Option left: name:-ksp_converged_reason value: ::failed source: file
Option left: name:-ksp_gmres_restart value: 200 source: file
Option left: name:-snes_converged_reason value: ::failed source: file
Option left: name:-sub_pc_factor_levels value: 3 source: file
Option left: name:-sub_pc_type value: ilu source: file
  theta=120   rel.err=8.055833e-10    ||Jbnd*v||=2.239274e-13    PASS
Running on 1 processes.


OUTPUT DATA ERROR: Reduce maximum time step, or increase t_interval 


================================================================================
 PHASE-FIELD SIMULATION PARAMETERS
================================================================================

 MESH & DISCRETIZATION
   Nx = 24,  Ny = 12
   Lx = 6.2500e-05 m,  Ly = 3.1250e-05 m
   dx = 2.6042e-06 m,  dy = 2.6042e-06 m
   p = 2 (quadratic),  C = 1

 PHASE-FIELD INTERFACE
   eps      =  1.2000e-06 m
   Sigma_i  =  1.0900e-01 J/m²   (ice surface energy)
   Sigma_a  =  1.3200e-01 J/m²   (air surface energy)
   Lambda   =  0.0000e+00

 ENVIRONMENT & INITIAL CONDITIONS
   T0       =  -20.00 °C,  humidity = 1.0000
   grad_T   =  (0.0000e+00, 0.0000e+00) °C/m

 TIME STEPPING
   dt0      =  1.0000e-04 s
   t_final  =  0.0000e+00 s,  n_out = 5000
   adaptive    ON  (NRmin = 5,  NRmax = 15,  factor = 1.3335)
   dtmin    =  1.0000e-06 s,  dtmax = 2.0000e+02 s

 TRANSPORT & THERMOPHYSICAL PROPERTIES
   D_v      =  2.1780e-05 m²/s    (vapor diffusivity)
   k_ice    =  2.2900e+00 W/m/K,  k_air  = 2.0000e-02 W/m/K
   rho_ice  =  9.1900e+02 kg/m³,  rho_air = 1.3410e+00 kg/m³
   cp_ice   =  1.9600e+03 J/kg/K, cp_air = 1.0440e+03 J/kg/K
   lat_sub  =  2.8300e+06 J/kg    (latent heat of sublimation)

 PHASE-CHANGE KINETICS
   rho_ice/rho_vs   = 1.0829e+06   (density ratio at T0)
   d0_sub0          = 1.0000e-07 m   (capillary length; M&F use 1e-7)
   beta_sub (K&P β₀, M&F β_sub, UNSCALED) = 9.9000e+05 s/m   [M&F range: 2e4–2e6]
   beta_sub (SCALED = β₀·ρ_vs/ρ_ice = β_HK) = 9.1425e-01 s/m
   lambda   =  6.4971e+07
   tau_sub  =  1.4256e+01 s
   tau_sub terms:  kinetic 1.4256e+01 s   (-thin_iface_corr 0)
   beta realised  =  9.9000e+05 s/m  =  1.0000 x -beta_sub0
   mob_sub  =  2.8058e-08 m/s   [M&F: 4.33e-7]
   alph_sub =  4.5575e+06 1/s
   xi_T     =  1.0000e+00   (thermal conduction + latent heat scale)
   xi_v     =  1.0000e-03   (vapor diffusion + rho_ice source scale)

 SOLVER
   VI bounds:  OFF (unbounded Newton — pair with -snes_type newtonls)

 BOUNDARY CONDITIONS
   Per wall, per equation. "Neumann" is the NATURAL condition —
   zero normal flux, imposed by omission rather than explicitly:
   dphi/dn = 0 for the phase field (a 90° contact angle where ice
   meets the wall), zero heat flux for T (insulating), and zero
   vapor flux for rho_v (sealed — no mass enters or leaves there).

   Wall               phi_i (ice)            T (temperature)          rho_v (vapor)
   ------------------ ---------------------- ------------------------ ------------------------
   x = 0   (left)     Neumann  dphi/dn=0     Neumann  (insulating)    Neumann  (sealed)
   x = Lx  (right)    Neumann  dphi/dn=0     Neumann  (insulating)    Neumann  (sealed)
   y = 0   (bottom)   regolith  theta=150.0° Neumann  (insulating)    Neumann  (sealed)
   y = Ly  (top)      regolith  theta=150.0° Neumann  (insulating)    Neumann  (sealed)

   phi_i is never pinned (no Dirichlet path exists for it). On a
   face marked "regolith" above, its NATURAL condition is the wall
   free-energy term  dphi/dn = cos(theta)*phi(1-phi)/eps  rather than
   zero; every other face keeps dphi/dn = 0 (a 90° contact angle).
   gamma_ia = 1.0900e-01   gamma_is = 0.0000e+00   gamma_as = 0.0000e+00  J/m²
   cos(theta) = -0.866025  ->  theta = 150.00°   [-contact_angle_deg: Young's equation BYPASSED, debug only]

================================================================================

Setting up initial conditions... 
IC type: multi_grains
--- INITIAL CONDITIONS (2D multi-grain) ---
  1 ice grain(s), 0 sediment bump(s)
  ice grain 0: centre = (3.1250e-05, 1.5625e-05) m,  ax = 2.3438e-05 m,  ay = 2.3438e-05 m

 WALL JACOBIAN CHECK (-test_wall_jacobian)   h = 1.0e-07,  cos(theta) = -0.866025
   The full-system column is dominated by the interior form, so it
   is insensitive to the wall block; the isolated column differences
   both J and F between costhet on and off and is the real gate.

   dir   full system      wall block       ||Jbnd*v||
     0   1.849332e-08    7.422566e-10    3.860598e-13
     1   1.738476e-08    6.175438e-10    3.673465e-13
     2   1.954618e-08    7.693260e-10    3.802481e-13
     3   1.745779e-08    5.650537e-10    4.052534e-13
     4   1.871669e-08    8.401736e-10    3.878537e-13
   worst 1.954618e-08    8.401736e-10
   (||Jbnd*v|| = 0 would mean the wall block is never exercised --
    the interface must actually cross a face named by -wall_faces.)
Setup time 2.214330e-01 sec  =  0.00 min 

WARNING! There are options you set that were not used!
WARNING! could be spelling mistake, etc!
There are 5 unused database options. They are:
Option left: name:-ksp_converged_reason value: ::failed source: file
Option left: name:-ksp_gmres_restart value: 200 source: file
Option left: name:-snes_converged_reason value: ::failed source: file
Option left: name:-sub_pc_factor_levels value: 3 source: file
Option left: name:-sub_pc_type value: ilu source: file
  theta=150   rel.err=8.401736e-10    ||Jbnd*v||=3.878537e-13    PASS
Running on 1 processes.


OUTPUT DATA ERROR: Reduce maximum time step, or increase t_interval 


================================================================================
 PHASE-FIELD SIMULATION PARAMETERS
================================================================================

 MESH & DISCRETIZATION
   Nx = 24,  Ny = 12
   Lx = 6.2500e-05 m,  Ly = 3.1250e-05 m
   dx = 2.6042e-06 m,  dy = 2.6042e-06 m
   p = 2 (quadratic),  C = 1

 PHASE-FIELD INTERFACE
   eps      =  1.2000e-06 m
   Sigma_i  =  1.0900e-01 J/m²   (ice surface energy)
   Sigma_a  =  1.3200e-01 J/m²   (air surface energy)
   Lambda   =  0.0000e+00

 ENVIRONMENT & INITIAL CONDITIONS
   T0       =  -20.00 °C,  humidity = 1.0000
   grad_T   =  (0.0000e+00, 0.0000e+00) °C/m

 TIME STEPPING
   dt0      =  1.0000e-04 s
   t_final  =  0.0000e+00 s,  n_out = 5000
   adaptive    ON  (NRmin = 5,  NRmax = 15,  factor = 1.3335)
   dtmin    =  1.0000e-06 s,  dtmax = 2.0000e+02 s

 TRANSPORT & THERMOPHYSICAL PROPERTIES
   D_v      =  2.1780e-05 m²/s    (vapor diffusivity)
   k_ice    =  2.2900e+00 W/m/K,  k_air  = 2.0000e-02 W/m/K
   rho_ice  =  9.1900e+02 kg/m³,  rho_air = 1.3410e+00 kg/m³
   cp_ice   =  1.9600e+03 J/kg/K, cp_air = 1.0440e+03 J/kg/K
   lat_sub  =  2.8300e+06 J/kg    (latent heat of sublimation)

 PHASE-CHANGE KINETICS
   rho_ice/rho_vs   = 1.0829e+06   (density ratio at T0)
   d0_sub0          = 1.0000e-07 m   (capillary length; M&F use 1e-7)
   beta_sub (K&P β₀, M&F β_sub, UNSCALED) = 9.9000e+05 s/m   [M&F range: 2e4–2e6]
   beta_sub (SCALED = β₀·ρ_vs/ρ_ice = β_HK) = 9.1425e-01 s/m
   lambda   =  6.4971e+07
   tau_sub  =  1.4256e+01 s
   tau_sub terms:  kinetic 1.4256e+01 s   (-thin_iface_corr 0)
   beta realised  =  9.9000e+05 s/m  =  1.0000 x -beta_sub0
   mob_sub  =  2.8058e-08 m/s   [M&F: 4.33e-7]
   alph_sub =  4.5575e+06 1/s
   xi_T     =  1.0000e+00   (thermal conduction + latent heat scale)
   xi_v     =  1.0000e-03   (vapor diffusion + rho_ice source scale)

 SOLVER
   VI bounds:  OFF (unbounded Newton — pair with -snes_type newtonls)

 BOUNDARY CONDITIONS
   Per wall, per equation. "Neumann" is the NATURAL condition —
   zero normal flux, imposed by omission rather than explicitly:
   dphi/dn = 0 for the phase field (a 90° contact angle where ice
   meets the wall), zero heat flux for T (insulating), and zero
   vapor flux for rho_v (sealed — no mass enters or leaves there).

   Wall               phi_i (ice)            T (temperature)          rho_v (vapor)
   ------------------ ---------------------- ------------------------ ------------------------
   x = 0   (left)     Neumann  dphi/dn=0     Neumann  (insulating)    Neumann  (sealed)
   x = Lx  (right)    Neumann  dphi/dn=0     Neumann  (insulating)    Neumann  (sealed)
   y = 0   (bottom)   regolith  theta=180.0° Neumann  (insulating)    Neumann  (sealed)
   y = Ly  (top)      regolith  theta=180.0° Neumann  (insulating)    Neumann  (sealed)

   phi_i is never pinned (no Dirichlet path exists for it). On a
   face marked "regolith" above, its NATURAL condition is the wall
   free-energy term  dphi/dn = cos(theta)*phi(1-phi)/eps  rather than
   zero; every other face keeps dphi/dn = 0 (a 90° contact angle).
   gamma_ia = 1.0900e-01   gamma_is = 0.0000e+00   gamma_as = 0.0000e+00  J/m²
   cos(theta) = -1.000000  ->  theta = 180.00°   [-contact_angle_deg: Young's equation BYPASSED, debug only]

================================================================================

Setting up initial conditions... 
IC type: multi_grains
--- INITIAL CONDITIONS (2D multi-grain) ---
  1 ice grain(s), 0 sediment bump(s)
  ice grain 0: centre = (3.1250e-05, 1.5625e-05) m,  ax = 2.3438e-05 m,  ay = 2.3438e-05 m

 WALL JACOBIAN CHECK (-test_wall_jacobian)   h = 1.0e-07,  cos(theta) = -1.000000
   The full-system column is dominated by the interior form, so it
   is insensitive to the wall block; the isolated column differences
   both J and F between costhet on and off and is the real gate.

   dir   full system      wall block       ||Jbnd*v||
     0   1.849332e-08    7.073576e-10    4.457834e-13
     1   1.738476e-08    5.971012e-10    4.241752e-13
     2   1.954618e-08    7.710976e-10    4.390727e-13
     3   1.745779e-08    4.839791e-10    4.679463e-13
     4   1.871669e-08    8.084520e-10    4.478549e-13
   worst 1.954618e-08    8.084520e-10
   (||Jbnd*v|| = 0 would mean the wall block is never exercised --
    the interface must actually cross a face named by -wall_faces.)
Setup time 2.215300e-01 sec  =  0.00 min 

WARNING! There are options you set that were not used!
WARNING! could be spelling mistake, etc!
There are 5 unused database options. They are:
Option left: name:-ksp_converged_reason value: ::failed source: file
Option left: name:-ksp_gmres_restart value: 200 source: file
Option left: name:-snes_converged_reason value: ::failed source: file
Option left: name:-sub_pc_factor_levels value: 3 source: file
Option left: name:-sub_pc_type value: ilu source: file
  theta=180   rel.err=8.084520e-10    ||Jbnd*v||=4.478549e-13    PASS
Running on 1 processes.


OUTPUT DATA ERROR: Reduce maximum time step, or increase t_interval 


================================================================================
 PHASE-FIELD SIMULATION PARAMETERS
================================================================================

 MESH & DISCRETIZATION
   Nx = 24,  Ny = 12
   Lx = 6.2500e-05 m,  Ly = 3.1250e-05 m
   dx = 2.6042e-06 m,  dy = 2.6042e-06 m
   p = 2 (quadratic),  C = 1

 PHASE-FIELD INTERFACE
   eps      =  1.2000e-06 m
   Sigma_i  =  1.0900e-01 J/m²   (ice surface energy)
   Sigma_a  =  1.3200e-01 J/m²   (air surface energy)
   Lambda   =  0.0000e+00

 ENVIRONMENT & INITIAL CONDITIONS
   T0       =  -20.00 °C,  humidity = 1.0000
   grad_T   =  (0.0000e+00, 0.0000e+00) °C/m

 TIME STEPPING
   dt0      =  1.0000e-04 s
   t_final  =  0.0000e+00 s,  n_out = 5000
   adaptive    ON  (NRmin = 5,  NRmax = 15,  factor = 1.3335)
   dtmin    =  1.0000e-06 s,  dtmax = 2.0000e+02 s

 TRANSPORT & THERMOPHYSICAL PROPERTIES
   D_v      =  2.1780e-05 m²/s    (vapor diffusivity)
   k_ice    =  2.2900e+00 W/m/K,  k_air  = 2.0000e-02 W/m/K
   rho_ice  =  9.1900e+02 kg/m³,  rho_air = 1.3410e+00 kg/m³
   cp_ice   =  1.9600e+03 J/kg/K, cp_air = 1.0440e+03 J/kg/K
   lat_sub  =  2.8300e+06 J/kg    (latent heat of sublimation)

 PHASE-CHANGE KINETICS
   rho_ice/rho_vs   = 1.0829e+06   (density ratio at T0)
   d0_sub0          = 1.0000e-07 m   (capillary length; M&F use 1e-7)
   beta_sub (K&P β₀, M&F β_sub, UNSCALED) = 9.9000e+05 s/m   [M&F range: 2e4–2e6]
   beta_sub (SCALED = β₀·ρ_vs/ρ_ice = β_HK) = 9.1425e-01 s/m
   lambda   =  6.4971e+07
   tau_sub  =  1.4256e+01 s
   tau_sub terms:  kinetic 1.4256e+01 s   (-thin_iface_corr 0)
   beta realised  =  9.9000e+05 s/m  =  1.0000 x -beta_sub0
   mob_sub  =  2.8058e-08 m/s   [M&F: 4.33e-7]
   alph_sub =  4.5575e+06 1/s
   xi_T     =  1.0000e+00   (thermal conduction + latent heat scale)
   xi_v     =  1.0000e-03   (vapor diffusion + rho_ice source scale)

 SOLVER
   VI bounds:  OFF (unbounded Newton — pair with -snes_type newtonls)

 BOUNDARY CONDITIONS
   Per wall, per equation. "Neumann" is the NATURAL condition —
   zero normal flux, imposed by omission rather than explicitly:
   dphi/dn = 0 for the phase field (a 90° contact angle where ice
   meets the wall), zero heat flux for T (insulating), and zero
   vapor flux for rho_v (sealed — no mass enters or leaves there).

   Wall               phi_i (ice)            T (temperature)          rho_v (vapor)
   ------------------ ---------------------- ------------------------ ------------------------
   x = 0   (left)     Neumann  dphi/dn=0     Neumann  (insulating)    Neumann  (sealed)
   x = Lx  (right)    Neumann  dphi/dn=0     Neumann  (insulating)    Neumann  (sealed)
   y = 0   (bottom)   regolith  theta=60.0° Neumann  (insulating)    Neumann  (sealed)
   y = Ly  (top)      regolith  theta=60.0° Neumann  (insulating)    Neumann  (sealed)

   phi_i is never pinned (no Dirichlet path exists for it). On a
   face marked "regolith" above, its NATURAL condition is the wall
   free-energy term  dphi/dn = cos(theta)*phi(1-phi)/eps  rather than
   zero; every other face keeps dphi/dn = 0 (a 90° contact angle).
   gamma_ia = 1.0900e-01   gamma_is = 2.4550e-01   gamma_as = 3.0000e-01  J/m²
   cos(theta) = (gamma_as - gamma_is)/gamma_ia = 0.500000  ->  theta = 60.00°

================================================================================

Setting up initial conditions... 
IC type: multi_grains
--- INITIAL CONDITIONS (2D multi-grain) ---
  1 ice grain(s), 0 sediment bump(s)
  ice grain 0: centre = (3.1250e-05, 1.5625e-05) m,  ax = 2.3438e-05 m,  ay = 2.3438e-05 m

 WALL JACOBIAN CHECK (-test_wall_jacobian)   h = 1.0e-07,  cos(theta) = 0.500000
   The full-system column is dominated by the interior form, so it
   is insensitive to the wall block; the isolated column differences
   both J and F between costhet on and off and is the real gate.

   dir   full system      wall block       ||Jbnd*v||
     0   1.849332e-08    8.794477e-10    2.228917e-13
     1   1.738476e-08    8.858683e-10    2.120876e-13
     2   1.954618e-08    1.025291e-09    2.195363e-13
     3   1.745779e-08    8.220665e-10    2.339731e-13
     4   1.871669e-08    8.549738e-10    2.239274e-13
   worst 1.954618e-08    1.025291e-09
   (||Jbnd*v|| = 0 would mean the wall block is never exercised --
    the interface must actually cross a face named by -wall_faces.)
Setup time 2.219240e-01 sec  =  0.00 min 

WARNING! There are options you set that were not used!
WARNING! could be spelling mistake, etc!
There are 5 unused database options. They are:
Option left: name:-ksp_converged_reason value: ::failed source: file
Option left: name:-ksp_gmres_restart value: 200 source: file
Option left: name:-snes_converged_reason value: ::failed source: file
Option left: name:-sub_pc_factor_levels value: 3 source: file
Option left: name:-sub_pc_type value: ilu source: file
  gammas(60deg) rel.err=1.025291e-09    PASS

=== G3: boundary surface measure ===
Running on 1 processes.


OUTPUT DATA ERROR: Reduce maximum time step, or increase t_interval 


================================================================================
 PHASE-FIELD SIMULATION PARAMETERS
================================================================================

 MESH & DISCRETIZATION
   Nx = 10,  Ny = 6
   Lx = 6.2500e-05 m,  Ly = 3.1250e-05 m
   dx = 6.2500e-06 m,  dy = 5.2083e-06 m
   p = 2 (quadratic),  C = 1

 PHASE-FIELD INTERFACE
   eps      =  3.0000e-06 m
   Sigma_i  =  1.0900e-01 J/m²   (ice surface energy)
   Sigma_a  =  1.3200e-01 J/m²   (air surface energy)
   Lambda   =  0.0000e+00

 ENVIRONMENT & INITIAL CONDITIONS
   T0       =  -20.00 °C,  humidity = 1.0000
   grad_T   =  (0.0000e+00, 0.0000e+00) °C/m

 TIME STEPPING
   dt0      =  1.0000e-04 s
   t_final  =  0.0000e+00 s,  n_out = 5000
   adaptive    ON  (NRmin = 5,  NRmax = 15,  factor = 1.3335)
   dtmin    =  1.0000e-06 s,  dtmax = 2.0000e+02 s

 TRANSPORT & THERMOPHYSICAL PROPERTIES
   D_v      =  2.1780e-05 m²/s    (vapor diffusivity)
   k_ice    =  2.2900e+00 W/m/K,  k_air  = 2.0000e-02 W/m/K
   rho_ice  =  9.1900e+02 kg/m³,  rho_air = 1.3410e+00 kg/m³
   cp_ice   =  1.9600e+03 J/kg/K, cp_air = 1.0440e+03 J/kg/K
   lat_sub  =  2.8300e+06 J/kg    (latent heat of sublimation)

 PHASE-CHANGE KINETICS
   rho_ice/rho_vs   = 1.0829e+06   (density ratio at T0)
   d0_sub0          = 1.0000e-07 m   (capillary length; M&F use 1e-7)
   beta_sub (K&P β₀, M&F β_sub, UNSCALED) = 9.9000e+05 s/m   [M&F range: 2e4–2e6]
   beta_sub (SCALED = β₀·ρ_vs/ρ_ice = β_HK) = 9.1425e-01 s/m
   lambda   =  1.6243e+08
   tau_sub  =  8.9100e+01 s
   tau_sub terms:  kinetic 8.9100e+01 s   (-thin_iface_corr 0)
   beta realised  =  9.9000e+05 s/m  =  1.0000 x -beta_sub0
   mob_sub  =  1.1223e-08 m/s   [M&F: 4.33e-7]
   alph_sub =  1.8230e+06 1/s
   xi_T     =  1.0000e+00   (thermal conduction + latent heat scale)
   xi_v     =  1.0000e-03   (vapor diffusion + rho_ice source scale)

 SOLVER
   VI bounds:  OFF (unbounded Newton — pair with -snes_type newtonls)

 BOUNDARY CONDITIONS
   Per wall, per equation. "Neumann" is the NATURAL condition —
   zero normal flux, imposed by omission rather than explicitly:
   dphi/dn = 0 for the phase field (a 90° contact angle where ice
   meets the wall), zero heat flux for T (insulating), and zero
   vapor flux for rho_v (sealed — no mass enters or leaves there).

   Wall               phi_i (ice)            T (temperature)          rho_v (vapor)
   ------------------ ---------------------- ------------------------ ------------------------
   x = 0   (left)     Neumann  dphi/dn=0     Neumann  (insulating)    Neumann  (sealed)
   x = Lx  (right)    Neumann  dphi/dn=0     Neumann  (insulating)    Neumann  (sealed)
   y = 0   (bottom)   regolith  theta=0.0°  Neumann  (insulating)    Neumann  (sealed)
   y = Ly  (top)      regolith  theta=0.0°  Neumann  (insulating)    Neumann  (sealed)

   phi_i is never pinned (no Dirichlet path exists for it). On a
   face marked "regolith" above, its NATURAL condition is the wall
   free-energy term  dphi/dn = cos(theta)*phi(1-phi)/eps  rather than
   zero; every other face keeps dphi/dn = 0 (a 90° contact angle).
   gamma_ia = 1.0900e-01   gamma_is = 0.0000e+00   gamma_as = 0.0000e+00  J/m²
   cos(theta) = 1.000000  ->  theta = 0.00°   [-contact_angle_deg: Young's equation BYPASSED, debug only]

================================================================================

Setting up initial conditions... 
IC type: single_ice
--- INITIAL CONDITIONS (2D single ice grain) ---
  centre = (3.1250e-05, 1.5625e-05) m,  RCice = 1.0000e-05 m

 WALL SURFACE-MEASURE CHECK (-test_wall_measure)
   |Gamma_wall|   = 1.250000000000e-04 m^1
   cos(theta)     = 1.000000000000
   sum F[.][0]    = -1.052188552189e-12   (assembled)
   expected       = -1.052188552189e-12   (-3*M*phi(1-phi)*cos(theta)*|Gamma|)
   rel. error     = 7.485e-15
Setup time 7.528000e-03 sec  =  0.00 min 

WARNING! There are options you set that were not used!
WARNING! could be spelling mistake, etc!
There are 5 unused database options. They are:
Option left: name:-ksp_converged_reason value: ::failed source: file
Option left: name:-ksp_gmres_restart value: 200 source: file
Option left: name:-snes_converged_reason value: ::failed source: file
Option left: name:-sub_pc_factor_levels value: 3 source: file
Option left: name:-sub_pc_type value: ilu source: file
  mesh_10x6        |Gamma|=1.250000000000e-04 rel.err=7.485e-15    PASS
Running on 1 processes.


OUTPUT DATA ERROR: Reduce maximum time step, or increase t_interval 


================================================================================
 PHASE-FIELD SIMULATION PARAMETERS
================================================================================

 MESH & DISCRETIZATION
   Nx = 20,  Ny = 12
   Lx = 6.2500e-05 m,  Ly = 3.1250e-05 m
   dx = 3.1250e-06 m,  dy = 2.6042e-06 m
   p = 2 (quadratic),  C = 1

 PHASE-FIELD INTERFACE
   eps      =  3.0000e-06 m
   Sigma_i  =  1.0900e-01 J/m²   (ice surface energy)
   Sigma_a  =  1.3200e-01 J/m²   (air surface energy)
   Lambda   =  0.0000e+00

 ENVIRONMENT & INITIAL CONDITIONS
   T0       =  -20.00 °C,  humidity = 1.0000
   grad_T   =  (0.0000e+00, 0.0000e+00) °C/m

 TIME STEPPING
   dt0      =  1.0000e-04 s
   t_final  =  0.0000e+00 s,  n_out = 5000
   adaptive    ON  (NRmin = 5,  NRmax = 15,  factor = 1.3335)
   dtmin    =  1.0000e-06 s,  dtmax = 2.0000e+02 s

 TRANSPORT & THERMOPHYSICAL PROPERTIES
   D_v      =  2.1780e-05 m²/s    (vapor diffusivity)
   k_ice    =  2.2900e+00 W/m/K,  k_air  = 2.0000e-02 W/m/K
   rho_ice  =  9.1900e+02 kg/m³,  rho_air = 1.3410e+00 kg/m³
   cp_ice   =  1.9600e+03 J/kg/K, cp_air = 1.0440e+03 J/kg/K
   lat_sub  =  2.8300e+06 J/kg    (latent heat of sublimation)

 PHASE-CHANGE KINETICS
   rho_ice/rho_vs   = 1.0829e+06   (density ratio at T0)
   d0_sub0          = 1.0000e-07 m   (capillary length; M&F use 1e-7)
   beta_sub (K&P β₀, M&F β_sub, UNSCALED) = 9.9000e+05 s/m   [M&F range: 2e4–2e6]
   beta_sub (SCALED = β₀·ρ_vs/ρ_ice = β_HK) = 9.1425e-01 s/m
   lambda   =  1.6243e+08
   tau_sub  =  8.9100e+01 s
   tau_sub terms:  kinetic 8.9100e+01 s   (-thin_iface_corr 0)
   beta realised  =  9.9000e+05 s/m  =  1.0000 x -beta_sub0
   mob_sub  =  1.1223e-08 m/s   [M&F: 4.33e-7]
   alph_sub =  1.8230e+06 1/s
   xi_T     =  1.0000e+00   (thermal conduction + latent heat scale)
   xi_v     =  1.0000e-03   (vapor diffusion + rho_ice source scale)

 SOLVER
   VI bounds:  OFF (unbounded Newton — pair with -snes_type newtonls)

 BOUNDARY CONDITIONS
   Per wall, per equation. "Neumann" is the NATURAL condition —
   zero normal flux, imposed by omission rather than explicitly:
   dphi/dn = 0 for the phase field (a 90° contact angle where ice
   meets the wall), zero heat flux for T (insulating), and zero
   vapor flux for rho_v (sealed — no mass enters or leaves there).

   Wall               phi_i (ice)            T (temperature)          rho_v (vapor)
   ------------------ ---------------------- ------------------------ ------------------------
   x = 0   (left)     Neumann  dphi/dn=0     Neumann  (insulating)    Neumann  (sealed)
   x = Lx  (right)    Neumann  dphi/dn=0     Neumann  (insulating)    Neumann  (sealed)
   y = 0   (bottom)   regolith  theta=0.0°  Neumann  (insulating)    Neumann  (sealed)
   y = Ly  (top)      regolith  theta=0.0°  Neumann  (insulating)    Neumann  (sealed)

   phi_i is never pinned (no Dirichlet path exists for it). On a
   face marked "regolith" above, its NATURAL condition is the wall
   free-energy term  dphi/dn = cos(theta)*phi(1-phi)/eps  rather than
   zero; every other face keeps dphi/dn = 0 (a 90° contact angle).
   gamma_ia = 1.0900e-01   gamma_is = 0.0000e+00   gamma_as = 0.0000e+00  J/m²
   cos(theta) = 1.000000  ->  theta = 0.00°   [-contact_angle_deg: Young's equation BYPASSED, debug only]

================================================================================

Setting up initial conditions... 
IC type: single_ice
--- INITIAL CONDITIONS (2D single ice grain) ---
  centre = (3.1250e-05, 1.5625e-05) m,  RCice = 1.0000e-05 m

 WALL SURFACE-MEASURE CHECK (-test_wall_measure)
   |Gamma_wall|   = 1.250000000000e-04 m^1
   cos(theta)     = 1.000000000000
   sum F[.][0]    = -1.052188552189e-12   (assembled)
   expected       = -1.052188552189e-12   (-3*M*phi(1-phi)*cos(theta)*|Gamma|)
   rel. error     = 9.597e-16
Setup time 1.378100e-02 sec  =  0.00 min 

WARNING! There are options you set that were not used!
WARNING! could be spelling mistake, etc!
There are 5 unused database options. They are:
Option left: name:-ksp_converged_reason value: ::failed source: file
Option left: name:-ksp_gmres_restart value: 200 source: file
Option left: name:-snes_converged_reason value: ::failed source: file
Option left: name:-sub_pc_factor_levels value: 3 source: file
Option left: name:-sub_pc_type value: ilu source: file
  mesh_20x12       |Gamma|=1.250000000000e-04 rel.err=9.597e-16    PASS
Running on 1 processes.


OUTPUT DATA ERROR: Reduce maximum time step, or increase t_interval 


================================================================================
 PHASE-FIELD SIMULATION PARAMETERS
================================================================================

 MESH & DISCRETIZATION
   Nx = 41,  Ny = 23
   Lx = 6.2500e-05 m,  Ly = 3.1250e-05 m
   dx = 1.5244e-06 m,  dy = 1.3587e-06 m
   p = 2 (quadratic),  C = 1

 PHASE-FIELD INTERFACE
   eps      =  3.0000e-06 m
   Sigma_i  =  1.0900e-01 J/m²   (ice surface energy)
   Sigma_a  =  1.3200e-01 J/m²   (air surface energy)
   Lambda   =  0.0000e+00

 ENVIRONMENT & INITIAL CONDITIONS
   T0       =  -20.00 °C,  humidity = 1.0000
   grad_T   =  (0.0000e+00, 0.0000e+00) °C/m

 TIME STEPPING
   dt0      =  1.0000e-04 s
   t_final  =  0.0000e+00 s,  n_out = 5000
   adaptive    ON  (NRmin = 5,  NRmax = 15,  factor = 1.3335)
   dtmin    =  1.0000e-06 s,  dtmax = 2.0000e+02 s

 TRANSPORT & THERMOPHYSICAL PROPERTIES
   D_v      =  2.1780e-05 m²/s    (vapor diffusivity)
   k_ice    =  2.2900e+00 W/m/K,  k_air  = 2.0000e-02 W/m/K
   rho_ice  =  9.1900e+02 kg/m³,  rho_air = 1.3410e+00 kg/m³
   cp_ice   =  1.9600e+03 J/kg/K, cp_air = 1.0440e+03 J/kg/K
   lat_sub  =  2.8300e+06 J/kg    (latent heat of sublimation)

 PHASE-CHANGE KINETICS
   rho_ice/rho_vs   = 1.0829e+06   (density ratio at T0)
   d0_sub0          = 1.0000e-07 m   (capillary length; M&F use 1e-7)
   beta_sub (K&P β₀, M&F β_sub, UNSCALED) = 9.9000e+05 s/m   [M&F range: 2e4–2e6]
   beta_sub (SCALED = β₀·ρ_vs/ρ_ice = β_HK) = 9.1425e-01 s/m
   lambda   =  1.6243e+08
   tau_sub  =  8.9100e+01 s
   tau_sub terms:  kinetic 8.9100e+01 s   (-thin_iface_corr 0)
   beta realised  =  9.9000e+05 s/m  =  1.0000 x -beta_sub0
   mob_sub  =  1.1223e-08 m/s   [M&F: 4.33e-7]
   alph_sub =  1.8230e+06 1/s
   xi_T     =  1.0000e+00   (thermal conduction + latent heat scale)
   xi_v     =  1.0000e-03   (vapor diffusion + rho_ice source scale)

 SOLVER
   VI bounds:  OFF (unbounded Newton — pair with -snes_type newtonls)

 BOUNDARY CONDITIONS
   Per wall, per equation. "Neumann" is the NATURAL condition —
   zero normal flux, imposed by omission rather than explicitly:
   dphi/dn = 0 for the phase field (a 90° contact angle where ice
   meets the wall), zero heat flux for T (insulating), and zero
   vapor flux for rho_v (sealed — no mass enters or leaves there).

   Wall               phi_i (ice)            T (temperature)          rho_v (vapor)
   ------------------ ---------------------- ------------------------ ------------------------
   x = 0   (left)     Neumann  dphi/dn=0     Neumann  (insulating)    Neumann  (sealed)
   x = Lx  (right)    Neumann  dphi/dn=0     Neumann  (insulating)    Neumann  (sealed)
   y = 0   (bottom)   regolith  theta=0.0°  Neumann  (insulating)    Neumann  (sealed)
   y = Ly  (top)      regolith  theta=0.0°  Neumann  (insulating)    Neumann  (sealed)

   phi_i is never pinned (no Dirichlet path exists for it). On a
   face marked "regolith" above, its NATURAL condition is the wall
   free-energy term  dphi/dn = cos(theta)*phi(1-phi)/eps  rather than
   zero; every other face keeps dphi/dn = 0 (a 90° contact angle).
   gamma_ia = 1.0900e-01   gamma_is = 0.0000e+00   gamma_as = 0.0000e+00  J/m²
   cos(theta) = 1.000000  ->  theta = 0.00°   [-contact_angle_deg: Young's equation BYPASSED, debug only]

================================================================================

Setting up initial conditions... 
IC type: single_ice
--- INITIAL CONDITIONS (2D single ice grain) ---
  centre = (3.1250e-05, 1.5625e-05) m,  RCice = 1.0000e-05 m

 WALL SURFACE-MEASURE CHECK (-test_wall_measure)
   |Gamma_wall|   = 1.250000000000e-04 m^1
   cos(theta)     = 1.000000000000
   sum F[.][0]    = -1.052188552189e-12   (assembled)
   expected       = -1.052188552189e-12   (-3*M*phi(1-phi)*cos(theta)*|Gamma|)
   rel. error     = 1.919e-16
Setup time 3.793100e-02 sec  =  0.00 min 

WARNING! There are options you set that were not used!
WARNING! could be spelling mistake, etc!
There are 5 unused database options. They are:
Option left: name:-ksp_converged_reason value: ::failed source: file
Option left: name:-ksp_gmres_restart value: 200 source: file
Option left: name:-snes_converged_reason value: ::failed source: file
Option left: name:-sub_pc_factor_levels value: 3 source: file
Option left: name:-sub_pc_type value: ilu source: file
  mesh_41x23       |Gamma|=1.250000000000e-04 rel.err=1.919e-16    PASS
Running on 1 processes.


OUTPUT DATA ERROR: Reduce maximum time step, or increase t_interval 


================================================================================
 PHASE-FIELD SIMULATION PARAMETERS
================================================================================

 MESH & DISCRETIZATION
   Nx = 20,  Ny = 12
   Lx = 6.2500e-05 m,  Ly = 3.1250e-05 m
   dx = 3.1250e-06 m,  dy = 2.6042e-06 m
   p = 2 (quadratic),  C = 1

 PHASE-FIELD INTERFACE
   eps      =  3.0000e-06 m
   Sigma_i  =  1.0900e-01 J/m²   (ice surface energy)
   Sigma_a  =  1.3200e-01 J/m²   (air surface energy)
   Lambda   =  0.0000e+00

 ENVIRONMENT & INITIAL CONDITIONS
   T0       =  -20.00 °C,  humidity = 1.0000
   grad_T   =  (0.0000e+00, 0.0000e+00) °C/m

 TIME STEPPING
   dt0      =  1.0000e-04 s
   t_final  =  0.0000e+00 s,  n_out = 5000
   adaptive    ON  (NRmin = 5,  NRmax = 15,  factor = 1.3335)
   dtmin    =  1.0000e-06 s,  dtmax = 2.0000e+02 s

 TRANSPORT & THERMOPHYSICAL PROPERTIES
   D_v      =  2.1780e-05 m²/s    (vapor diffusivity)
   k_ice    =  2.2900e+00 W/m/K,  k_air  = 2.0000e-02 W/m/K
   rho_ice  =  9.1900e+02 kg/m³,  rho_air = 1.3410e+00 kg/m³
   cp_ice   =  1.9600e+03 J/kg/K, cp_air = 1.0440e+03 J/kg/K
   lat_sub  =  2.8300e+06 J/kg    (latent heat of sublimation)

 PHASE-CHANGE KINETICS
   rho_ice/rho_vs   = 1.0829e+06   (density ratio at T0)
   d0_sub0          = 1.0000e-07 m   (capillary length; M&F use 1e-7)
   beta_sub (K&P β₀, M&F β_sub, UNSCALED) = 9.9000e+05 s/m   [M&F range: 2e4–2e6]
   beta_sub (SCALED = β₀·ρ_vs/ρ_ice = β_HK) = 9.1425e-01 s/m
   lambda   =  1.6243e+08
   tau_sub  =  8.9100e+01 s
   tau_sub terms:  kinetic 8.9100e+01 s   (-thin_iface_corr 0)
   beta realised  =  9.9000e+05 s/m  =  1.0000 x -beta_sub0
   mob_sub  =  1.1223e-08 m/s   [M&F: 4.33e-7]
   alph_sub =  1.8230e+06 1/s
   xi_T     =  1.0000e+00   (thermal conduction + latent heat scale)
   xi_v     =  1.0000e-03   (vapor diffusion + rho_ice source scale)

 SOLVER
   VI bounds:  OFF (unbounded Newton — pair with -snes_type newtonls)

 BOUNDARY CONDITIONS
   Per wall, per equation. "Neumann" is the NATURAL condition —
   zero normal flux, imposed by omission rather than explicitly:
   dphi/dn = 0 for the phase field (a 90° contact angle where ice
   meets the wall), zero heat flux for T (insulating), and zero
   vapor flux for rho_v (sealed — no mass enters or leaves there).

   Wall               phi_i (ice)            T (temperature)          rho_v (vapor)
   ------------------ ---------------------- ------------------------ ------------------------
   x = 0   (left)     Neumann  dphi/dn=0     Neumann  (insulating)    Neumann  (sealed)
   x = Lx  (right)    Neumann  dphi/dn=0     Neumann  (insulating)    Neumann  (sealed)
   y = 0   (bottom)   regolith  theta=0.0°  Neumann  (insulating)    Neumann  (sealed)
   y = Ly  (top)      Neumann  dphi/dn=0     Neumann  (insulating)    Neumann  (sealed)

   phi_i is never pinned (no Dirichlet path exists for it). On a
   face marked "regolith" above, its NATURAL condition is the wall
   free-energy term  dphi/dn = cos(theta)*phi(1-phi)/eps  rather than
   zero; every other face keeps dphi/dn = 0 (a 90° contact angle).
   gamma_ia = 1.0900e-01   gamma_is = 0.0000e+00   gamma_as = 0.0000e+00  J/m²
   cos(theta) = 1.000000  ->  theta = 0.00°   [-contact_angle_deg: Young's equation BYPASSED, debug only]

================================================================================

Setting up initial conditions... 
IC type: single_ice
--- INITIAL CONDITIONS (2D single ice grain) ---
  centre = (3.1250e-05, 1.5625e-05) m,  RCice = 1.0000e-05 m

 WALL SURFACE-MEASURE CHECK (-test_wall_measure)
   |Gamma_wall|   = 6.250000000000e-05 m^1
   cos(theta)     = 1.000000000000
   sum F[.][0]    = -5.260942760943e-13   (assembled)
   expected       = -5.260942760943e-13   (-3*M*phi(1-phi)*cos(theta)*|Gamma|)
   rel. error     = 1.152e-15
Setup time 1.331000e-02 sec  =  0.00 min 

WARNING! There are options you set that were not used!
WARNING! could be spelling mistake, etc!
There are 5 unused database options. They are:
Option left: name:-ksp_converged_reason value: ::failed source: file
Option left: name:-ksp_gmres_restart value: 200 source: file
Option left: name:-snes_converged_reason value: ::failed source: file
Option left: name:-sub_pc_factor_levels value: 3 source: file
Option left: name:-sub_pc_type value: ilu source: file
  one_wall         |Gamma|=6.250000000000e-05 rel.err=1.152e-15    PASS
Running on 1 processes.


OUTPUT DATA ERROR: Reduce maximum time step, or increase t_interval 


================================================================================
 PHASE-FIELD SIMULATION PARAMETERS
================================================================================

 MESH & DISCRETIZATION
   Nx = 20,  Ny = 12
   Lx = 6.2500e-05 m,  Ly = 3.1250e-05 m
   dx = 3.1250e-06 m,  dy = 2.6042e-06 m
   p = 2 (quadratic),  C = 1

 PHASE-FIELD INTERFACE
   eps      =  3.0000e-06 m
   Sigma_i  =  1.0900e-01 J/m²   (ice surface energy)
   Sigma_a  =  1.3200e-01 J/m²   (air surface energy)
   Lambda   =  0.0000e+00

 ENVIRONMENT & INITIAL CONDITIONS
   T0       =  -20.00 °C,  humidity = 1.0000
   grad_T   =  (0.0000e+00, 0.0000e+00) °C/m

 TIME STEPPING
   dt0      =  1.0000e-04 s
   t_final  =  0.0000e+00 s,  n_out = 5000
   adaptive    ON  (NRmin = 5,  NRmax = 15,  factor = 1.3335)
   dtmin    =  1.0000e-06 s,  dtmax = 2.0000e+02 s

 TRANSPORT & THERMOPHYSICAL PROPERTIES
   D_v      =  2.1780e-05 m²/s    (vapor diffusivity)
   k_ice    =  2.2900e+00 W/m/K,  k_air  = 2.0000e-02 W/m/K
   rho_ice  =  9.1900e+02 kg/m³,  rho_air = 1.3410e+00 kg/m³
   cp_ice   =  1.9600e+03 J/kg/K, cp_air = 1.0440e+03 J/kg/K
   lat_sub  =  2.8300e+06 J/kg    (latent heat of sublimation)

 PHASE-CHANGE KINETICS
   rho_ice/rho_vs   = 1.0829e+06   (density ratio at T0)
   d0_sub0          = 1.0000e-07 m   (capillary length; M&F use 1e-7)
   beta_sub (K&P β₀, M&F β_sub, UNSCALED) = 9.9000e+05 s/m   [M&F range: 2e4–2e6]
   beta_sub (SCALED = β₀·ρ_vs/ρ_ice = β_HK) = 9.1425e-01 s/m
   lambda   =  1.6243e+08
   tau_sub  =  8.9100e+01 s
   tau_sub terms:  kinetic 8.9100e+01 s   (-thin_iface_corr 0)
   beta realised  =  9.9000e+05 s/m  =  1.0000 x -beta_sub0
   mob_sub  =  1.1223e-08 m/s   [M&F: 4.33e-7]
   alph_sub =  1.8230e+06 1/s
   xi_T     =  1.0000e+00   (thermal conduction + latent heat scale)
   xi_v     =  1.0000e-03   (vapor diffusion + rho_ice source scale)

 SOLVER
   VI bounds:  OFF (unbounded Newton — pair with -snes_type newtonls)

 BOUNDARY CONDITIONS
   Per wall, per equation. "Neumann" is the NATURAL condition —
   zero normal flux, imposed by omission rather than explicitly:
   dphi/dn = 0 for the phase field (a 90° contact angle where ice
   meets the wall), zero heat flux for T (insulating), and zero
   vapor flux for rho_v (sealed — no mass enters or leaves there).

   Wall               phi_i (ice)            T (temperature)          rho_v (vapor)
   ------------------ ---------------------- ------------------------ ------------------------
   x = 0   (left)     regolith  theta=0.0°  Neumann  (insulating)    Neumann  (sealed)
   x = Lx  (right)    regolith  theta=0.0°  Neumann  (insulating)    Neumann  (sealed)
   y = 0   (bottom)   Neumann  dphi/dn=0     Neumann  (insulating)    Neumann  (sealed)
   y = Ly  (top)      Neumann  dphi/dn=0     Neumann  (insulating)    Neumann  (sealed)

   phi_i is never pinned (no Dirichlet path exists for it). On a
   face marked "regolith" above, its NATURAL condition is the wall
   free-energy term  dphi/dn = cos(theta)*phi(1-phi)/eps  rather than
   zero; every other face keeps dphi/dn = 0 (a 90° contact angle).
   gamma_ia = 1.0900e-01   gamma_is = 0.0000e+00   gamma_as = 0.0000e+00  J/m²
   cos(theta) = 1.000000  ->  theta = 0.00°   [-contact_angle_deg: Young's equation BYPASSED, debug only]

================================================================================

Setting up initial conditions... 
IC type: single_ice
--- INITIAL CONDITIONS (2D single ice grain) ---
  centre = (3.1250e-05, 1.5625e-05) m,  RCice = 1.0000e-05 m

 WALL SURFACE-MEASURE CHECK (-test_wall_measure)
   |Gamma_wall|   = 6.250000000000e-05 m^1
   cos(theta)     = 1.000000000000
   sum F[.][0]    = -5.260942760943e-13   (assembled)
   expected       = -5.260942760943e-13   (-3*M*phi(1-phi)*cos(theta)*|Gamma|)
   rel. error     = 2.111e-15
Setup time 1.323100e-02 sec  =  0.00 min 

WARNING! There are options you set that were not used!
WARNING! could be spelling mistake, etc!
There are 5 unused database options. They are:
Option left: name:-ksp_converged_reason value: ::failed source: file
Option left: name:-ksp_gmres_restart value: 200 source: file
Option left: name:-snes_converged_reason value: ::failed source: file
Option left: name:-sub_pc_factor_levels value: 3 source: file
Option left: name:-sub_pc_type value: ilu source: file
  x_faces          |Gamma|=6.250000000000e-05 rel.err=2.111e-15    PASS
Running on 1 processes.


OUTPUT DATA ERROR: Reduce maximum time step, or increase t_interval 


================================================================================
 PHASE-FIELD SIMULATION PARAMETERS
================================================================================

 MESH & DISCRETIZATION
   Nx = 20,  Ny = 12
   Lx = 6.2500e-05 m,  Ly = 3.1250e-05 m
   dx = 3.1250e-06 m,  dy = 2.6042e-06 m
   p = 2 (quadratic),  C = 1

 PHASE-FIELD INTERFACE
   eps      =  3.0000e-06 m
   Sigma_i  =  1.0900e-01 J/m²   (ice surface energy)
   Sigma_a  =  1.3200e-01 J/m²   (air surface energy)
   Lambda   =  0.0000e+00

 ENVIRONMENT & INITIAL CONDITIONS
   T0       =  -20.00 °C,  humidity = 1.0000
   grad_T   =  (0.0000e+00, 0.0000e+00) °C/m

 TIME STEPPING
   dt0      =  1.0000e-04 s
   t_final  =  0.0000e+00 s,  n_out = 5000
   adaptive    ON  (NRmin = 5,  NRmax = 15,  factor = 1.3335)
   dtmin    =  1.0000e-06 s,  dtmax = 2.0000e+02 s

 TRANSPORT & THERMOPHYSICAL PROPERTIES
   D_v      =  2.1780e-05 m²/s    (vapor diffusivity)
   k_ice    =  2.2900e+00 W/m/K,  k_air  = 2.0000e-02 W/m/K
   rho_ice  =  9.1900e+02 kg/m³,  rho_air = 1.3410e+00 kg/m³
   cp_ice   =  1.9600e+03 J/kg/K, cp_air = 1.0440e+03 J/kg/K
   lat_sub  =  2.8300e+06 J/kg    (latent heat of sublimation)

 PHASE-CHANGE KINETICS
   rho_ice/rho_vs   = 1.0829e+06   (density ratio at T0)
   d0_sub0          = 1.0000e-07 m   (capillary length; M&F use 1e-7)
   beta_sub (K&P β₀, M&F β_sub, UNSCALED) = 9.9000e+05 s/m   [M&F range: 2e4–2e6]
   beta_sub (SCALED = β₀·ρ_vs/ρ_ice = β_HK) = 9.1425e-01 s/m
   lambda   =  1.6243e+08
   tau_sub  =  8.9100e+01 s
   tau_sub terms:  kinetic 8.9100e+01 s   (-thin_iface_corr 0)
   beta realised  =  9.9000e+05 s/m  =  1.0000 x -beta_sub0
   mob_sub  =  1.1223e-08 m/s   [M&F: 4.33e-7]
   alph_sub =  1.8230e+06 1/s
   xi_T     =  1.0000e+00   (thermal conduction + latent heat scale)
   xi_v     =  1.0000e-03   (vapor diffusion + rho_ice source scale)

 SOLVER
   VI bounds:  OFF (unbounded Newton — pair with -snes_type newtonls)

 BOUNDARY CONDITIONS
   Per wall, per equation. "Neumann" is the NATURAL condition —
   zero normal flux, imposed by omission rather than explicitly:
   dphi/dn = 0 for the phase field (a 90° contact angle where ice
   meets the wall), zero heat flux for T (insulating), and zero
   vapor flux for rho_v (sealed — no mass enters or leaves there).

   Wall               phi_i (ice)            T (temperature)          rho_v (vapor)
   ------------------ ---------------------- ------------------------ ------------------------
   x = 0   (left)     Neumann  dphi/dn=0     Neumann  (insulating)    Neumann  (sealed)
   x = Lx  (right)    Neumann  dphi/dn=0     Neumann  (insulating)    Neumann  (sealed)
   y = 0   (bottom)   regolith  theta=60.0° Neumann  (insulating)    Neumann  (sealed)
   y = Ly  (top)      regolith  theta=60.0° Neumann  (insulating)    Neumann  (sealed)

   phi_i is never pinned (no Dirichlet path exists for it). On a
   face marked "regolith" above, its NATURAL condition is the wall
   free-energy term  dphi/dn = cos(theta)*phi(1-phi)/eps  rather than
   zero; every other face keeps dphi/dn = 0 (a 90° contact angle).
   gamma_ia = 1.0900e-01   gamma_is = 0.0000e+00   gamma_as = 0.0000e+00  J/m²
   cos(theta) = 0.500000  ->  theta = 60.00°   [-contact_angle_deg: Young's equation BYPASSED, debug only]

================================================================================

Setting up initial conditions... 
IC type: single_ice
--- INITIAL CONDITIONS (2D single ice grain) ---
  centre = (3.1250e-05, 1.5625e-05) m,  RCice = 1.0000e-05 m

 WALL SURFACE-MEASURE CHECK (-test_wall_measure)
   |Gamma_wall|   = 1.250000000000e-04 m^1
   cos(theta)     = 0.500000000000
   sum F[.][0]    = -5.260942760943e-13   (assembled)
   expected       = -5.260942760943e-13   (-3*M*phi(1-phi)*cos(theta)*|Gamma|)
   rel. error     = 2.687e-15
Setup time 1.360500e-02 sec  =  0.00 min 

WARNING! There are options you set that were not used!
WARNING! could be spelling mistake, etc!
There are 5 unused database options. They are:
Option left: name:-ksp_converged_reason value: ::failed source: file
Option left: name:-ksp_gmres_restart value: 200 source: file
Option left: name:-snes_converged_reason value: ::failed source: file
Option left: name:-sub_pc_factor_levels value: 3 source: file
Option left: name:-sub_pc_type value: ilu source: file
  theta60          |Gamma|=1.250000000000e-04 rel.err=2.687e-15    PASS
Running on 1 processes.


OUTPUT DATA ERROR: Reduce maximum time step, or increase t_interval 


================================================================================
 PHASE-FIELD SIMULATION PARAMETERS
================================================================================

 MESH & DISCRETIZATION
   Nx = 20,  Ny = 12
   Lx = 6.2500e-05 m,  Ly = 3.1250e-05 m
   dx = 3.1250e-06 m,  dy = 2.6042e-06 m
   p = 2 (quadratic),  C = 1

 PHASE-FIELD INTERFACE
   eps      =  3.0000e-06 m
   Sigma_i  =  1.0900e-01 J/m²   (ice surface energy)
   Sigma_a  =  1.3200e-01 J/m²   (air surface energy)
   Lambda   =  0.0000e+00

 ENVIRONMENT & INITIAL CONDITIONS
   T0       =  -20.00 °C,  humidity = 1.0000
   grad_T   =  (0.0000e+00, 0.0000e+00) °C/m

 TIME STEPPING
   dt0      =  1.0000e-04 s
   t_final  =  0.0000e+00 s,  n_out = 5000
   adaptive    ON  (NRmin = 5,  NRmax = 15,  factor = 1.3335)
   dtmin    =  1.0000e-06 s,  dtmax = 2.0000e+02 s

 TRANSPORT & THERMOPHYSICAL PROPERTIES
   D_v      =  2.1780e-05 m²/s    (vapor diffusivity)
   k_ice    =  2.2900e+00 W/m/K,  k_air  = 2.0000e-02 W/m/K
   rho_ice  =  9.1900e+02 kg/m³,  rho_air = 1.3410e+00 kg/m³
   cp_ice   =  1.9600e+03 J/kg/K, cp_air = 1.0440e+03 J/kg/K
   lat_sub  =  2.8300e+06 J/kg    (latent heat of sublimation)

 PHASE-CHANGE KINETICS
   rho_ice/rho_vs   = 1.0829e+06   (density ratio at T0)
   d0_sub0          = 1.0000e-07 m   (capillary length; M&F use 1e-7)
   beta_sub (K&P β₀, M&F β_sub, UNSCALED) = 9.9000e+05 s/m   [M&F range: 2e4–2e6]
   beta_sub (SCALED = β₀·ρ_vs/ρ_ice = β_HK) = 9.1425e-01 s/m
   lambda   =  1.6243e+08
   tau_sub  =  8.9100e+01 s
   tau_sub terms:  kinetic 8.9100e+01 s   (-thin_iface_corr 0)
   beta realised  =  9.9000e+05 s/m  =  1.0000 x -beta_sub0
   mob_sub  =  1.1223e-08 m/s   [M&F: 4.33e-7]
   alph_sub =  1.8230e+06 1/s
   xi_T     =  1.0000e+00   (thermal conduction + latent heat scale)
   xi_v     =  1.0000e-03   (vapor diffusion + rho_ice source scale)

 SOLVER
   VI bounds:  OFF (unbounded Newton — pair with -snes_type newtonls)

 BOUNDARY CONDITIONS
   Per wall, per equation. "Neumann" is the NATURAL condition —
   zero normal flux, imposed by omission rather than explicitly:
   dphi/dn = 0 for the phase field (a 90° contact angle where ice
   meets the wall), zero heat flux for T (insulating), and zero
   vapor flux for rho_v (sealed — no mass enters or leaves there).

   Wall               phi_i (ice)            T (temperature)          rho_v (vapor)
   ------------------ ---------------------- ------------------------ ------------------------
   x = 0   (left)     Neumann  dphi/dn=0     Neumann  (insulating)    Neumann  (sealed)
   x = Lx  (right)    Neumann  dphi/dn=0     Neumann  (insulating)    Neumann  (sealed)
   y = 0   (bottom)   regolith  theta=135.0° Neumann  (insulating)    Neumann  (sealed)
   y = Ly  (top)      regolith  theta=135.0° Neumann  (insulating)    Neumann  (sealed)

   phi_i is never pinned (no Dirichlet path exists for it). On a
   face marked "regolith" above, its NATURAL condition is the wall
   free-energy term  dphi/dn = cos(theta)*phi(1-phi)/eps  rather than
   zero; every other face keeps dphi/dn = 0 (a 90° contact angle).
   gamma_ia = 1.0900e-01   gamma_is = 0.0000e+00   gamma_as = 0.0000e+00  J/m²
   cos(theta) = -0.707107  ->  theta = 135.00°   [-contact_angle_deg: Young's equation BYPASSED, debug only]

================================================================================

Setting up initial conditions... 
IC type: single_ice
--- INITIAL CONDITIONS (2D single ice grain) ---
  centre = (3.1250e-05, 1.5625e-05) m,  RCice = 1.0000e-05 m

 WALL SURFACE-MEASURE CHECK (-test_wall_measure)
   |Gamma_wall|   = 1.250000000000e-04 m^1
   cos(theta)     = -0.707106781187
   sum F[.][0]    = 7.440096603394e-13   (assembled)
   expected       = 7.440096603394e-13   (-3*M*phi(1-phi)*cos(theta)*|Gamma|)
   rel. error     = 1.629e-15
Setup time 1.388300e-02 sec  =  0.00 min 

WARNING! There are options you set that were not used!
WARNING! could be spelling mistake, etc!
There are 5 unused database options. They are:
Option left: name:-ksp_converged_reason value: ::failed source: file
Option left: name:-ksp_gmres_restart value: 200 source: file
Option left: name:-snes_converged_reason value: ::failed source: file
Option left: name:-sub_pc_factor_levels value: 3 source: file
Option left: name:-sub_pc_type value: ilu source: file
  theta135         |Gamma|=1.250000000000e-04 rel.err=1.629e-15    PASS
Running on 1 processes.


OUTPUT DATA ERROR: Reduce maximum time step, or increase t_interval 


================================================================================
 PHASE-FIELD SIMULATION PARAMETERS
================================================================================

 MESH & DISCRETIZATION
   Nx = 20,  Ny = 12
   Lx = 6.2500e-05 m,  Ly = 3.1250e-05 m
   dx = 3.1250e-06 m,  dy = 2.6042e-06 m
   p = 2 (quadratic),  C = 1

 PHASE-FIELD INTERFACE
   eps      =  3.0000e-06 m
   Sigma_i  =  1.0900e-01 J/m²   (ice surface energy)
   Sigma_a  =  1.3200e-01 J/m²   (air surface energy)
   Lambda   =  0.0000e+00

 ENVIRONMENT & INITIAL CONDITIONS
   T0       =  -20.00 °C,  humidity = 1.0000
   grad_T   =  (0.0000e+00, 0.0000e+00) °C/m

 TIME STEPPING
   dt0      =  1.0000e-04 s
   t_final  =  0.0000e+00 s,  n_out = 5000
   adaptive    ON  (NRmin = 5,  NRmax = 15,  factor = 1.3335)
   dtmin    =  1.0000e-06 s,  dtmax = 2.0000e+02 s

 TRANSPORT & THERMOPHYSICAL PROPERTIES
   D_v      =  2.1780e-05 m²/s    (vapor diffusivity)
   k_ice    =  2.2900e+00 W/m/K,  k_air  = 2.0000e-02 W/m/K
   rho_ice  =  9.1900e+02 kg/m³,  rho_air = 1.3410e+00 kg/m³
   cp_ice   =  1.9600e+03 J/kg/K, cp_air = 1.0440e+03 J/kg/K
   lat_sub  =  2.8300e+06 J/kg    (latent heat of sublimation)

 PHASE-CHANGE KINETICS
   rho_ice/rho_vs   = 1.0829e+06   (density ratio at T0)
   d0_sub0          = 1.0000e-07 m   (capillary length; M&F use 1e-7)
   beta_sub (K&P β₀, M&F β_sub, UNSCALED) = 9.9000e+05 s/m   [M&F range: 2e4–2e6]
   beta_sub (SCALED = β₀·ρ_vs/ρ_ice = β_HK) = 9.1425e-01 s/m
   lambda   =  1.6243e+08
   tau_sub  =  8.9100e+01 s
   tau_sub terms:  kinetic 8.9100e+01 s   (-thin_iface_corr 0)
   beta realised  =  9.9000e+05 s/m  =  1.0000 x -beta_sub0
   mob_sub  =  1.1223e-08 m/s   [M&F: 4.33e-7]
   alph_sub =  1.8230e+06 1/s
   xi_T     =  1.0000e+00   (thermal conduction + latent heat scale)
   xi_v     =  1.0000e-03   (vapor diffusion + rho_ice source scale)

 SOLVER
   VI bounds:  OFF (unbounded Newton — pair with -snes_type newtonls)

 BOUNDARY CONDITIONS
   Per wall, per equation. "Neumann" is the NATURAL condition —
   zero normal flux, imposed by omission rather than explicitly:
   dphi/dn = 0 for the phase field (a 90° contact angle where ice
   meets the wall), zero heat flux for T (insulating), and zero
   vapor flux for rho_v (sealed — no mass enters or leaves there).

   Wall               phi_i (ice)            T (temperature)          rho_v (vapor)
   ------------------ ---------------------- ------------------------ ------------------------
   x = 0   (left)     regolith  theta=0.0°  Neumann  (insulating)    Neumann  (sealed)
   x = Lx  (right)    regolith  theta=0.0°  Neumann  (insulating)    Neumann  (sealed)
   y = 0   (bottom)   regolith  theta=0.0°  Neumann  (insulating)    Neumann  (sealed)
   y = Ly  (top)      regolith  theta=0.0°  Neumann  (insulating)    Neumann  (sealed)

   phi_i is never pinned (no Dirichlet path exists for it). On a
   face marked "regolith" above, its NATURAL condition is the wall
   free-energy term  dphi/dn = cos(theta)*phi(1-phi)/eps  rather than
   zero; every other face keeps dphi/dn = 0 (a 90° contact angle).
   gamma_ia = 1.0900e-01   gamma_is = 0.0000e+00   gamma_as = 0.0000e+00  J/m²
   cos(theta) = 1.000000  ->  theta = 0.00°   [-contact_angle_deg: Young's equation BYPASSED, debug only]

================================================================================

Setting up initial conditions... 
IC type: single_ice
--- INITIAL CONDITIONS (2D single ice grain) ---
  centre = (3.1250e-05, 1.5625e-05) m,  RCice = 1.0000e-05 m

 WALL SURFACE-MEASURE CHECK (-test_wall_measure)
   |Gamma_wall|   = 1.875000000000e-04 m^1
   cos(theta)     = 1.000000000000
   sum F[.][0]    = -1.578282828283e-12   (assembled)
   expected       = -1.578282828283e-12   (-3*M*phi(1-phi)*cos(theta)*|Gamma|)
   rel. error     = 7.677e-16
Setup time 1.425000e-02 sec  =  0.00 min 

WARNING! There are options you set that were not used!
WARNING! could be spelling mistake, etc!
There are 5 unused database options. They are:
Option left: name:-ksp_converged_reason value: ::failed source: file
Option left: name:-ksp_gmres_restart value: 200 source: file
Option left: name:-snes_converged_reason value: ::failed source: file
Option left: name:-sub_pc_factor_levels value: 3 source: file
Option left: name:-sub_pc_type value: ilu source: file
  all_faces        |Gamma|=1.875000000000e-04 rel.err=7.677e-16    PASS

=== G4: sign -- wetting advances the contact line ===
Running on 1 processes.


OUTPUT DATA ERROR: Reduce maximum time step, or increase t_interval 


================================================================================
 PHASE-FIELD SIMULATION PARAMETERS
================================================================================

 MESH & DISCRETIZATION
   Nx = 20,  Ny = 12
   Lx = 6.2500e-05 m,  Ly = 3.1250e-05 m
   dx = 3.1250e-06 m,  dy = 2.6042e-06 m
   p = 2 (quadratic),  C = 1

 PHASE-FIELD INTERFACE
   eps      =  3.0000e-06 m
   Sigma_i  =  1.0900e-01 J/m²   (ice surface energy)
   Sigma_a  =  1.3200e-01 J/m²   (air surface energy)
   Lambda   =  0.0000e+00

 ENVIRONMENT & INITIAL CONDITIONS
   T0       =  -20.00 °C,  humidity = 1.0000
   grad_T   =  (0.0000e+00, 0.0000e+00) °C/m

 TIME STEPPING
   dt0      =  1.0000e-04 s
   t_final  =  0.0000e+00 s,  n_out = 5000
   adaptive    ON  (NRmin = 5,  NRmax = 15,  factor = 1.3335)
   dtmin    =  1.0000e-06 s,  dtmax = 2.0000e+02 s

 TRANSPORT & THERMOPHYSICAL PROPERTIES
   D_v      =  2.1780e-05 m²/s    (vapor diffusivity)
   k_ice    =  2.2900e+00 W/m/K,  k_air  = 2.0000e-02 W/m/K
   rho_ice  =  9.1900e+02 kg/m³,  rho_air = 1.3410e+00 kg/m³
   cp_ice   =  1.9600e+03 J/kg/K, cp_air = 1.0440e+03 J/kg/K
   lat_sub  =  2.8300e+06 J/kg    (latent heat of sublimation)

 PHASE-CHANGE KINETICS
   rho_ice/rho_vs   = 1.0829e+06   (density ratio at T0)
   d0_sub0          = 1.0000e-07 m   (capillary length; M&F use 1e-7)
   beta_sub (K&P β₀, M&F β_sub, UNSCALED) = 9.9000e+05 s/m   [M&F range: 2e4–2e6]
   beta_sub (SCALED = β₀·ρ_vs/ρ_ice = β_HK) = 9.1425e-01 s/m
   lambda   =  1.6243e+08
   tau_sub  =  8.9100e+01 s
   tau_sub terms:  kinetic 8.9100e+01 s   (-thin_iface_corr 0)
   beta realised  =  9.9000e+05 s/m  =  1.0000 x -beta_sub0
   mob_sub  =  1.1223e-08 m/s   [M&F: 4.33e-7]
   alph_sub =  1.8230e+06 1/s
   xi_T     =  1.0000e+00   (thermal conduction + latent heat scale)
   xi_v     =  1.0000e-03   (vapor diffusion + rho_ice source scale)

 SOLVER
   VI bounds:  OFF (unbounded Newton — pair with -snes_type newtonls)

 BOUNDARY CONDITIONS
   Per wall, per equation. "Neumann" is the NATURAL condition —
   zero normal flux, imposed by omission rather than explicitly:
   dphi/dn = 0 for the phase field (a 90° contact angle where ice
   meets the wall), zero heat flux for T (insulating), and zero
   vapor flux for rho_v (sealed — no mass enters or leaves there).

   Wall               phi_i (ice)            T (temperature)          rho_v (vapor)
   ------------------ ---------------------- ------------------------ ------------------------
   x = 0   (left)     Neumann  dphi/dn=0     Neumann  (insulating)    Neumann  (sealed)
   x = Lx  (right)    Neumann  dphi/dn=0     Neumann  (insulating)    Neumann  (sealed)
   y = 0   (bottom)   regolith  theta=0.0°  Neumann  (insulating)    Neumann  (sealed)
   y = Ly  (top)      regolith  theta=0.0°  Neumann  (insulating)    Neumann  (sealed)

   phi_i is never pinned (no Dirichlet path exists for it). On a
   face marked "regolith" above, its NATURAL condition is the wall
   free-energy term  dphi/dn = cos(theta)*phi(1-phi)/eps  rather than
   zero; every other face keeps dphi/dn = 0 (a 90° contact angle).
   gamma_ia = 1.0900e-01   gamma_is = 0.0000e+00   gamma_as = 0.0000e+00  J/m²
   cos(theta) = 1.000000  ->  theta = 0.00°   [-contact_angle_deg: Young's equation BYPASSED, debug only]

================================================================================

Setting up initial conditions... 
IC type: single_ice
--- INITIAL CONDITIONS (2D single ice grain) ---
  centre = (3.1250e-05, 1.5625e-05) m,  RCice = 1.0000e-05 m

 WALL SURFACE-MEASURE CHECK (-test_wall_measure)
   |Gamma_wall|   = 1.250000000000e-04 m^1
   cos(theta)     = 1.000000000000
   sum F[.][0]    = -1.052188552189e-12   (assembled)
   expected       = -1.052188552189e-12   (-3*M*phi(1-phi)*cos(theta)*|Gamma|)
   rel. error     = 9.597e-16
Setup time 1.337600e-02 sec  =  0.00 min 

WARNING! There are options you set that were not used!
WARNING! could be spelling mistake, etc!
There are 5 unused database options. They are:
Option left: name:-ksp_converged_reason value: ::failed source: file
Option left: name:-ksp_gmres_restart value: 200 source: file
Option left: name:-snes_converged_reason value: ::failed source: file
Option left: name:-sub_pc_factor_levels value: 3 source: file
Option left: name:-sub_pc_type value: ilu source: file
  theta=0    sum_wall R = -1.052188552189e-12 expect neg  PASS
Running on 1 processes.


OUTPUT DATA ERROR: Reduce maximum time step, or increase t_interval 


================================================================================
 PHASE-FIELD SIMULATION PARAMETERS
================================================================================

 MESH & DISCRETIZATION
   Nx = 20,  Ny = 12
   Lx = 6.2500e-05 m,  Ly = 3.1250e-05 m
   dx = 3.1250e-06 m,  dy = 2.6042e-06 m
   p = 2 (quadratic),  C = 1

 PHASE-FIELD INTERFACE
   eps      =  3.0000e-06 m
   Sigma_i  =  1.0900e-01 J/m²   (ice surface energy)
   Sigma_a  =  1.3200e-01 J/m²   (air surface energy)
   Lambda   =  0.0000e+00

 ENVIRONMENT & INITIAL CONDITIONS
   T0       =  -20.00 °C,  humidity = 1.0000
   grad_T   =  (0.0000e+00, 0.0000e+00) °C/m

 TIME STEPPING
   dt0      =  1.0000e-04 s
   t_final  =  0.0000e+00 s,  n_out = 5000
   adaptive    ON  (NRmin = 5,  NRmax = 15,  factor = 1.3335)
   dtmin    =  1.0000e-06 s,  dtmax = 2.0000e+02 s

 TRANSPORT & THERMOPHYSICAL PROPERTIES
   D_v      =  2.1780e-05 m²/s    (vapor diffusivity)
   k_ice    =  2.2900e+00 W/m/K,  k_air  = 2.0000e-02 W/m/K
   rho_ice  =  9.1900e+02 kg/m³,  rho_air = 1.3410e+00 kg/m³
   cp_ice   =  1.9600e+03 J/kg/K, cp_air = 1.0440e+03 J/kg/K
   lat_sub  =  2.8300e+06 J/kg    (latent heat of sublimation)

 PHASE-CHANGE KINETICS
   rho_ice/rho_vs   = 1.0829e+06   (density ratio at T0)
   d0_sub0          = 1.0000e-07 m   (capillary length; M&F use 1e-7)
   beta_sub (K&P β₀, M&F β_sub, UNSCALED) = 9.9000e+05 s/m   [M&F range: 2e4–2e6]
   beta_sub (SCALED = β₀·ρ_vs/ρ_ice = β_HK) = 9.1425e-01 s/m
   lambda   =  1.6243e+08
   tau_sub  =  8.9100e+01 s
   tau_sub terms:  kinetic 8.9100e+01 s   (-thin_iface_corr 0)
   beta realised  =  9.9000e+05 s/m  =  1.0000 x -beta_sub0
   mob_sub  =  1.1223e-08 m/s   [M&F: 4.33e-7]
   alph_sub =  1.8230e+06 1/s
   xi_T     =  1.0000e+00   (thermal conduction + latent heat scale)
   xi_v     =  1.0000e-03   (vapor diffusion + rho_ice source scale)

 SOLVER
   VI bounds:  OFF (unbounded Newton — pair with -snes_type newtonls)

 BOUNDARY CONDITIONS
   Per wall, per equation. "Neumann" is the NATURAL condition —
   zero normal flux, imposed by omission rather than explicitly:
   dphi/dn = 0 for the phase field (a 90° contact angle where ice
   meets the wall), zero heat flux for T (insulating), and zero
   vapor flux for rho_v (sealed — no mass enters or leaves there).

   Wall               phi_i (ice)            T (temperature)          rho_v (vapor)
   ------------------ ---------------------- ------------------------ ------------------------
   x = 0   (left)     Neumann  dphi/dn=0     Neumann  (insulating)    Neumann  (sealed)
   x = Lx  (right)    Neumann  dphi/dn=0     Neumann  (insulating)    Neumann  (sealed)
   y = 0   (bottom)   regolith  theta=60.0° Neumann  (insulating)    Neumann  (sealed)
   y = Ly  (top)      regolith  theta=60.0° Neumann  (insulating)    Neumann  (sealed)

   phi_i is never pinned (no Dirichlet path exists for it). On a
   face marked "regolith" above, its NATURAL condition is the wall
   free-energy term  dphi/dn = cos(theta)*phi(1-phi)/eps  rather than
   zero; every other face keeps dphi/dn = 0 (a 90° contact angle).
   gamma_ia = 1.0900e-01   gamma_is = 0.0000e+00   gamma_as = 0.0000e+00  J/m²
   cos(theta) = 0.500000  ->  theta = 60.00°   [-contact_angle_deg: Young's equation BYPASSED, debug only]

================================================================================

Setting up initial conditions... 
IC type: single_ice
--- INITIAL CONDITIONS (2D single ice grain) ---
  centre = (3.1250e-05, 1.5625e-05) m,  RCice = 1.0000e-05 m

 WALL SURFACE-MEASURE CHECK (-test_wall_measure)
   |Gamma_wall|   = 1.250000000000e-04 m^1
   cos(theta)     = 0.500000000000
   sum F[.][0]    = -5.260942760943e-13   (assembled)
   expected       = -5.260942760943e-13   (-3*M*phi(1-phi)*cos(theta)*|Gamma|)
   rel. error     = 2.687e-15
Setup time 1.382100e-02 sec  =  0.00 min 

WARNING! There are options you set that were not used!
WARNING! could be spelling mistake, etc!
There are 5 unused database options. They are:
Option left: name:-ksp_converged_reason value: ::failed source: file
Option left: name:-ksp_gmres_restart value: 200 source: file
Option left: name:-snes_converged_reason value: ::failed source: file
Option left: name:-sub_pc_factor_levels value: 3 source: file
Option left: name:-sub_pc_type value: ilu source: file
  theta=60   sum_wall R = -5.260942760943e-13 expect neg  PASS
Running on 1 processes.


OUTPUT DATA ERROR: Reduce maximum time step, or increase t_interval 


================================================================================
 PHASE-FIELD SIMULATION PARAMETERS
================================================================================

 MESH & DISCRETIZATION
   Nx = 20,  Ny = 12
   Lx = 6.2500e-05 m,  Ly = 3.1250e-05 m
   dx = 3.1250e-06 m,  dy = 2.6042e-06 m
   p = 2 (quadratic),  C = 1

 PHASE-FIELD INTERFACE
   eps      =  3.0000e-06 m
   Sigma_i  =  1.0900e-01 J/m²   (ice surface energy)
   Sigma_a  =  1.3200e-01 J/m²   (air surface energy)
   Lambda   =  0.0000e+00

 ENVIRONMENT & INITIAL CONDITIONS
   T0       =  -20.00 °C,  humidity = 1.0000
   grad_T   =  (0.0000e+00, 0.0000e+00) °C/m

 TIME STEPPING
   dt0      =  1.0000e-04 s
   t_final  =  0.0000e+00 s,  n_out = 5000
   adaptive    ON  (NRmin = 5,  NRmax = 15,  factor = 1.3335)
   dtmin    =  1.0000e-06 s,  dtmax = 2.0000e+02 s

 TRANSPORT & THERMOPHYSICAL PROPERTIES
   D_v      =  2.1780e-05 m²/s    (vapor diffusivity)
   k_ice    =  2.2900e+00 W/m/K,  k_air  = 2.0000e-02 W/m/K
   rho_ice  =  9.1900e+02 kg/m³,  rho_air = 1.3410e+00 kg/m³
   cp_ice   =  1.9600e+03 J/kg/K, cp_air = 1.0440e+03 J/kg/K
   lat_sub  =  2.8300e+06 J/kg    (latent heat of sublimation)

 PHASE-CHANGE KINETICS
   rho_ice/rho_vs   = 1.0829e+06   (density ratio at T0)
   d0_sub0          = 1.0000e-07 m   (capillary length; M&F use 1e-7)
   beta_sub (K&P β₀, M&F β_sub, UNSCALED) = 9.9000e+05 s/m   [M&F range: 2e4–2e6]
   beta_sub (SCALED = β₀·ρ_vs/ρ_ice = β_HK) = 9.1425e-01 s/m
   lambda   =  1.6243e+08
   tau_sub  =  8.9100e+01 s
   tau_sub terms:  kinetic 8.9100e+01 s   (-thin_iface_corr 0)
   beta realised  =  9.9000e+05 s/m  =  1.0000 x -beta_sub0
   mob_sub  =  1.1223e-08 m/s   [M&F: 4.33e-7]
   alph_sub =  1.8230e+06 1/s
   xi_T     =  1.0000e+00   (thermal conduction + latent heat scale)
   xi_v     =  1.0000e-03   (vapor diffusion + rho_ice source scale)

 SOLVER
   VI bounds:  OFF (unbounded Newton — pair with -snes_type newtonls)

 BOUNDARY CONDITIONS
   Per wall, per equation. "Neumann" is the NATURAL condition —
   zero normal flux, imposed by omission rather than explicitly:
   dphi/dn = 0 for the phase field (a 90° contact angle where ice
   meets the wall), zero heat flux for T (insulating), and zero
   vapor flux for rho_v (sealed — no mass enters or leaves there).

   Wall               phi_i (ice)            T (temperature)          rho_v (vapor)
   ------------------ ---------------------- ------------------------ ------------------------
   x = 0   (left)     Neumann  dphi/dn=0     Neumann  (insulating)    Neumann  (sealed)
   x = Lx  (right)    Neumann  dphi/dn=0     Neumann  (insulating)    Neumann  (sealed)
   y = 0   (bottom)   regolith  theta=90.0° Neumann  (insulating)    Neumann  (sealed)
   y = Ly  (top)      regolith  theta=90.0° Neumann  (insulating)    Neumann  (sealed)

   phi_i is never pinned (no Dirichlet path exists for it). On a
   face marked "regolith" above, its NATURAL condition is the wall
   free-energy term  dphi/dn = cos(theta)*phi(1-phi)/eps  rather than
   zero; every other face keeps dphi/dn = 0 (a 90° contact angle).
   gamma_ia = 1.0900e-01   gamma_is = 0.0000e+00   gamma_as = 0.0000e+00  J/m²
   cos(theta) = 0.000000  ->  theta = 90.00°   [-contact_angle_deg: Young's equation BYPASSED, debug only]

================================================================================

Setting up initial conditions... 
IC type: single_ice
--- INITIAL CONDITIONS (2D single ice grain) ---
  centre = (3.1250e-05, 1.5625e-05) m,  RCice = 1.0000e-05 m

 WALL SURFACE-MEASURE CHECK (-test_wall_measure)
   |Gamma_wall|   = 1.250000000000e-04 m^1
   cos(theta)     = 0.000000000000
   sum F[.][0]    = 1.315986859616e-27   (assembled)
   expected       = -6.442796712686e-29   (-3*M*phi(1-phi)*cos(theta)*|Gamma|)
   rel. error     = 2.143e+01
Setup time 1.335800e-02 sec  =  0.00 min 

WARNING! There are options you set that were not used!
WARNING! could be spelling mistake, etc!
There are 5 unused database options. They are:
Option left: name:-ksp_converged_reason value: ::failed source: file
Option left: name:-ksp_gmres_restart value: 200 source: file
Option left: name:-snes_converged_reason value: ::failed source: file
Option left: name:-sub_pc_factor_levels value: 3 source: file
Option left: name:-sub_pc_type value: ilu source: file
  theta=90   sum_wall R = 1.315986859616e-27 expect zero PASS
Running on 1 processes.


OUTPUT DATA ERROR: Reduce maximum time step, or increase t_interval 


================================================================================
 PHASE-FIELD SIMULATION PARAMETERS
================================================================================

 MESH & DISCRETIZATION
   Nx = 20,  Ny = 12
   Lx = 6.2500e-05 m,  Ly = 3.1250e-05 m
   dx = 3.1250e-06 m,  dy = 2.6042e-06 m
   p = 2 (quadratic),  C = 1

 PHASE-FIELD INTERFACE
   eps      =  3.0000e-06 m
   Sigma_i  =  1.0900e-01 J/m²   (ice surface energy)
   Sigma_a  =  1.3200e-01 J/m²   (air surface energy)
   Lambda   =  0.0000e+00

 ENVIRONMENT & INITIAL CONDITIONS
   T0       =  -20.00 °C,  humidity = 1.0000
   grad_T   =  (0.0000e+00, 0.0000e+00) °C/m

 TIME STEPPING
   dt0      =  1.0000e-04 s
   t_final  =  0.0000e+00 s,  n_out = 5000
   adaptive    ON  (NRmin = 5,  NRmax = 15,  factor = 1.3335)
   dtmin    =  1.0000e-06 s,  dtmax = 2.0000e+02 s

 TRANSPORT & THERMOPHYSICAL PROPERTIES
   D_v      =  2.1780e-05 m²/s    (vapor diffusivity)
   k_ice    =  2.2900e+00 W/m/K,  k_air  = 2.0000e-02 W/m/K
   rho_ice  =  9.1900e+02 kg/m³,  rho_air = 1.3410e+00 kg/m³
   cp_ice   =  1.9600e+03 J/kg/K, cp_air = 1.0440e+03 J/kg/K
   lat_sub  =  2.8300e+06 J/kg    (latent heat of sublimation)

 PHASE-CHANGE KINETICS
   rho_ice/rho_vs   = 1.0829e+06   (density ratio at T0)
   d0_sub0          = 1.0000e-07 m   (capillary length; M&F use 1e-7)
   beta_sub (K&P β₀, M&F β_sub, UNSCALED) = 9.9000e+05 s/m   [M&F range: 2e4–2e6]
   beta_sub (SCALED = β₀·ρ_vs/ρ_ice = β_HK) = 9.1425e-01 s/m
   lambda   =  1.6243e+08
   tau_sub  =  8.9100e+01 s
   tau_sub terms:  kinetic 8.9100e+01 s   (-thin_iface_corr 0)
   beta realised  =  9.9000e+05 s/m  =  1.0000 x -beta_sub0
   mob_sub  =  1.1223e-08 m/s   [M&F: 4.33e-7]
   alph_sub =  1.8230e+06 1/s
   xi_T     =  1.0000e+00   (thermal conduction + latent heat scale)
   xi_v     =  1.0000e-03   (vapor diffusion + rho_ice source scale)

 SOLVER
   VI bounds:  OFF (unbounded Newton — pair with -snes_type newtonls)

 BOUNDARY CONDITIONS
   Per wall, per equation. "Neumann" is the NATURAL condition —
   zero normal flux, imposed by omission rather than explicitly:
   dphi/dn = 0 for the phase field (a 90° contact angle where ice
   meets the wall), zero heat flux for T (insulating), and zero
   vapor flux for rho_v (sealed — no mass enters or leaves there).

   Wall               phi_i (ice)            T (temperature)          rho_v (vapor)
   ------------------ ---------------------- ------------------------ ------------------------
   x = 0   (left)     Neumann  dphi/dn=0     Neumann  (insulating)    Neumann  (sealed)
   x = Lx  (right)    Neumann  dphi/dn=0     Neumann  (insulating)    Neumann  (sealed)
   y = 0   (bottom)   regolith  theta=120.0° Neumann  (insulating)    Neumann  (sealed)
   y = Ly  (top)      regolith  theta=120.0° Neumann  (insulating)    Neumann  (sealed)

   phi_i is never pinned (no Dirichlet path exists for it). On a
   face marked "regolith" above, its NATURAL condition is the wall
   free-energy term  dphi/dn = cos(theta)*phi(1-phi)/eps  rather than
   zero; every other face keeps dphi/dn = 0 (a 90° contact angle).
   gamma_ia = 1.0900e-01   gamma_is = 0.0000e+00   gamma_as = 0.0000e+00  J/m²
   cos(theta) = -0.500000  ->  theta = 120.00°   [-contact_angle_deg: Young's equation BYPASSED, debug only]

================================================================================

Setting up initial conditions... 
IC type: single_ice
--- INITIAL CONDITIONS (2D single ice grain) ---
  centre = (3.1250e-05, 1.5625e-05) m,  RCice = 1.0000e-05 m

 WALL SURFACE-MEASURE CHECK (-test_wall_measure)
   |Gamma_wall|   = 1.250000000000e-04 m^1
   cos(theta)     = -0.500000000000
   sum F[.][0]    = 5.260942760943e-13   (assembled)
   expected       = 5.260942760943e-13   (-3*M*phi(1-phi)*cos(theta)*|Gamma|)
   rel. error     = 2.111e-15
Setup time 1.332500e-02 sec  =  0.00 min 

WARNING! There are options you set that were not used!
WARNING! could be spelling mistake, etc!
There are 5 unused database options. They are:
Option left: name:-ksp_converged_reason value: ::failed source: file
Option left: name:-ksp_gmres_restart value: 200 source: file
Option left: name:-snes_converged_reason value: ::failed source: file
Option left: name:-sub_pc_factor_levels value: 3 source: file
Option left: name:-sub_pc_type value: ilu source: file
  theta=120  sum_wall R = 5.260942760943e-13 expect pos  PASS
Running on 1 processes.


OUTPUT DATA ERROR: Reduce maximum time step, or increase t_interval 


================================================================================
 PHASE-FIELD SIMULATION PARAMETERS
================================================================================

 MESH & DISCRETIZATION
   Nx = 20,  Ny = 12
   Lx = 6.2500e-05 m,  Ly = 3.1250e-05 m
   dx = 3.1250e-06 m,  dy = 2.6042e-06 m
   p = 2 (quadratic),  C = 1

 PHASE-FIELD INTERFACE
   eps      =  3.0000e-06 m
   Sigma_i  =  1.0900e-01 J/m²   (ice surface energy)
   Sigma_a  =  1.3200e-01 J/m²   (air surface energy)
   Lambda   =  0.0000e+00

 ENVIRONMENT & INITIAL CONDITIONS
   T0       =  -20.00 °C,  humidity = 1.0000
   grad_T   =  (0.0000e+00, 0.0000e+00) °C/m

 TIME STEPPING
   dt0      =  1.0000e-04 s
   t_final  =  0.0000e+00 s,  n_out = 5000
   adaptive    ON  (NRmin = 5,  NRmax = 15,  factor = 1.3335)
   dtmin    =  1.0000e-06 s,  dtmax = 2.0000e+02 s

 TRANSPORT & THERMOPHYSICAL PROPERTIES
   D_v      =  2.1780e-05 m²/s    (vapor diffusivity)
   k_ice    =  2.2900e+00 W/m/K,  k_air  = 2.0000e-02 W/m/K
   rho_ice  =  9.1900e+02 kg/m³,  rho_air = 1.3410e+00 kg/m³
   cp_ice   =  1.9600e+03 J/kg/K, cp_air = 1.0440e+03 J/kg/K
   lat_sub  =  2.8300e+06 J/kg    (latent heat of sublimation)

 PHASE-CHANGE KINETICS
   rho_ice/rho_vs   = 1.0829e+06   (density ratio at T0)
   d0_sub0          = 1.0000e-07 m   (capillary length; M&F use 1e-7)
   beta_sub (K&P β₀, M&F β_sub, UNSCALED) = 9.9000e+05 s/m   [M&F range: 2e4–2e6]
   beta_sub (SCALED = β₀·ρ_vs/ρ_ice = β_HK) = 9.1425e-01 s/m
   lambda   =  1.6243e+08
   tau_sub  =  8.9100e+01 s
   tau_sub terms:  kinetic 8.9100e+01 s   (-thin_iface_corr 0)
   beta realised  =  9.9000e+05 s/m  =  1.0000 x -beta_sub0
   mob_sub  =  1.1223e-08 m/s   [M&F: 4.33e-7]
   alph_sub =  1.8230e+06 1/s
   xi_T     =  1.0000e+00   (thermal conduction + latent heat scale)
   xi_v     =  1.0000e-03   (vapor diffusion + rho_ice source scale)

 SOLVER
   VI bounds:  OFF (unbounded Newton — pair with -snes_type newtonls)

 BOUNDARY CONDITIONS
   Per wall, per equation. "Neumann" is the NATURAL condition —
   zero normal flux, imposed by omission rather than explicitly:
   dphi/dn = 0 for the phase field (a 90° contact angle where ice
   meets the wall), zero heat flux for T (insulating), and zero
   vapor flux for rho_v (sealed — no mass enters or leaves there).

   Wall               phi_i (ice)            T (temperature)          rho_v (vapor)
   ------------------ ---------------------- ------------------------ ------------------------
   x = 0   (left)     Neumann  dphi/dn=0     Neumann  (insulating)    Neumann  (sealed)
   x = Lx  (right)    Neumann  dphi/dn=0     Neumann  (insulating)    Neumann  (sealed)
   y = 0   (bottom)   regolith  theta=180.0° Neumann  (insulating)    Neumann  (sealed)
   y = Ly  (top)      regolith  theta=180.0° Neumann  (insulating)    Neumann  (sealed)

   phi_i is never pinned (no Dirichlet path exists for it). On a
   face marked "regolith" above, its NATURAL condition is the wall
   free-energy term  dphi/dn = cos(theta)*phi(1-phi)/eps  rather than
   zero; every other face keeps dphi/dn = 0 (a 90° contact angle).
   gamma_ia = 1.0900e-01   gamma_is = 0.0000e+00   gamma_as = 0.0000e+00  J/m²
   cos(theta) = -1.000000  ->  theta = 180.00°   [-contact_angle_deg: Young's equation BYPASSED, debug only]

================================================================================

Setting up initial conditions... 
IC type: single_ice
--- INITIAL CONDITIONS (2D single ice grain) ---
  centre = (3.1250e-05, 1.5625e-05) m,  RCice = 1.0000e-05 m

 WALL SURFACE-MEASURE CHECK (-test_wall_measure)
   |Gamma_wall|   = 1.250000000000e-04 m^1
   cos(theta)     = -1.000000000000
   sum F[.][0]    = 1.052188552189e-12   (assembled)
   expected       = 1.052188552189e-12   (-3*M*phi(1-phi)*cos(theta)*|Gamma|)
   rel. error     = 9.597e-16
Setup time 1.317000e-02 sec  =  0.00 min 

WARNING! There are options you set that were not used!
WARNING! could be spelling mistake, etc!
There are 5 unused database options. They are:
Option left: name:-ksp_converged_reason value: ::failed source: file
Option left: name:-ksp_gmres_restart value: 200 source: file
Option left: name:-snes_converged_reason value: ::failed source: file
Option left: name:-sub_pc_factor_levels value: 3 source: file
Option left: name:-sub_pc_type value: ilu source: file
  theta=180  sum_wall R = 1.052188552189e-12 expect pos  PASS

=== G1: regression, no -wall_faces reproduces pre-feature solver ===
/Users/jacksonbaglino/Petsc-3.20/MAC_Si-M2_MPICH-4.3.0_PETSC-3.20_GCC-12.4.0_DEBUG/bin/mpicc -O3 -march=native -mtune=native -funroll-loops -fomit-frame-pointer -pipe -Wall -Wextra -Wno-unused-parameter -Wshadow -I/Users/jacksonbaglino/Petsc-3.20/include -I/Users/jacksonbaglino/Petsc-3.20/include/petsc/private -I/Users/jacksonbaglino/PetIGA-3.20/include -I./include -MMD -MP -c src/assembly.c -o obj/assembly.o
/Users/jacksonbaglino/Petsc-3.20/MAC_Si-M2_MPICH-4.3.0_PETSC-3.20_GCC-12.4.0_DEBUG/bin/mpicc -O3 -march=native -mtune=native -funroll-loops -fomit-frame-pointer -pipe -Wall -Wextra -Wno-unused-parameter -Wshadow -I/Users/jacksonbaglino/Petsc-3.20/include -I/Users/jacksonbaglino/Petsc-3.20/include/petsc/private -I/Users/jacksonbaglino/PetIGA-3.20/include -I./include -MMD -MP -c src/env_helper.c -o obj/env_helper.o
/Users/jacksonbaglino/Petsc-3.20/MAC_Si-M2_MPICH-4.3.0_PETSC-3.20_GCC-12.4.0_DEBUG/bin/mpicc -O3 -march=native -mtune=native -funroll-loops -fomit-frame-pointer -pipe -Wall -Wextra -Wno-unused-parameter -Wshadow -I/Users/jacksonbaglino/Petsc-3.20/include -I/Users/jacksonbaglino/Petsc-3.20/include/petsc/private -I/Users/jacksonbaglino/PetIGA-3.20/include -I./include -MMD -MP -c src/initial_conditions.c -o obj/initial_conditions.o
/Users/jacksonbaglino/Petsc-3.20/MAC_Si-M2_MPICH-4.3.0_PETSC-3.20_GCC-12.4.0_DEBUG/bin/mpicc -O3 -march=native -mtune=native -funroll-loops -fomit-frame-pointer -pipe -Wall -Wextra -Wno-unused-parameter -Wshadow -I/Users/jacksonbaglino/Petsc-3.20/include -I/Users/jacksonbaglino/Petsc-3.20/include/petsc/private -I/Users/jacksonbaglino/PetIGA-3.20/include -I./include -MMD -MP -c src/lunar_main.c -o obj/lunar_main.o
/Users/jacksonbaglino/Petsc-3.20/MAC_Si-M2_MPICH-4.3.0_PETSC-3.20_GCC-12.4.0_DEBUG/bin/mpicc -O3 -march=native -mtune=native -funroll-loops -fomit-frame-pointer -pipe -Wall -Wextra -Wno-unused-parameter -Wshadow -I/Users/jacksonbaglino/Petsc-3.20/include -I/Users/jacksonbaglino/Petsc-3.20/include/petsc/private -I/Users/jacksonbaglino/PetIGA-3.20/include -I./include -MMD -MP -c src/material_properties.c -o obj/material_properties.o
/Users/jacksonbaglino/Petsc-3.20/MAC_Si-M2_MPICH-4.3.0_PETSC-3.20_GCC-12.4.0_DEBUG/bin/mpicc -O3 -march=native -mtune=native -funroll-loops -fomit-frame-pointer -pipe -Wall -Wextra -Wno-unused-parameter -Wshadow -I/Users/jacksonbaglino/Petsc-3.20/include -I/Users/jacksonbaglino/Petsc-3.20/include/petsc/private -I/Users/jacksonbaglino/PetIGA-3.20/include -I./include -MMD -MP -c src/monitoring.c -o obj/monitoring.o
/Users/jacksonbaglino/Petsc-3.20/MAC_Si-M2_MPICH-4.3.0_PETSC-3.20_GCC-12.4.0_DEBUG/bin/mpicc -O3 -march=native -mtune=native -funroll-loops -fomit-frame-pointer -pipe -Wall -Wextra -Wno-unused-parameter -Wshadow -I/Users/jacksonbaglino/Petsc-3.20/include -I/Users/jacksonbaglino/Petsc-3.20/include/petsc/private -I/Users/jacksonbaglino/PetIGA-3.20/include -I./include -MMD -MP -c src/snes_convergence.c -o obj/snes_convergence.o
/Users/jacksonbaglino/Petsc-3.20/MAC_Si-M2_MPICH-4.3.0_PETSC-3.20_GCC-12.4.0_DEBUG/bin/mpicc -Wl,-ld_classic -Wl,-bind_at_load -Wl,-commons,use_dylibs -Wl,-search_paths_first -Wl,-no_compact_unwind -Wl,-ld_classic -Wl,-bind_at_load -Wl,-commons,use_dylibs -Wl,-search_paths_first -Wl,-no_compact_unwind  -Wall -Wwrite-strings -Wno-unknown-pragmas -fstack-protector -fno-stack-check -Qunused-arguments -O3 -march=native -mtune=native -O3 -march=native -mtune=native -funroll-loops -fomit-frame-pointer -pipe -Wall -Wextra -Wno-unused-parameter -Wshadow -I/Users/jacksonbaglino/Petsc-3.20/include -I/Users/jacksonbaglino/Petsc-3.20/include/petsc/private -I/Users/jacksonbaglino/PetIGA-3.20/include -I./include -MMD -MP -o lunar_regolith_dsm obj/assembly.o obj/env_helper.o obj/initial_conditions.o obj/lunar_main.o obj/material_properties.o obj/monitoring.o obj/snes_convergence.o -Wl,-rpath,/Users/jacksonbaglino/PetIGA-3.20/MAC_Si-M2_MPICH-4.3.0_PETSC-3.20_GCC-12.4.0_DEBUG/lib -L/Users/jacksonbaglino/PetIGA-3.20/MAC_Si-M2_MPICH-4.3.0_PETSC-3.20_GCC-12.4.0_DEBUG/lib -lpetiga -L/Users/jacksonbaglino/Petsc-3.20/MAC_Si-M2_MPICH-4.3.0_PETSC-3.20_GCC-12.4.0_DEBUG/lib -Wl,-rpath,/Users/jacksonbaglino/Petsc-3.20/MAC_Si-M2_MPICH-4.3.0_PETSC-3.20_GCC-12.4.0_DEBUG/lib -L/Users/jacksonbaglino/Petsc-3.20/MAC_Si-M2_MPICH-4.3.0_PETSC-3.20_GCC-12.4.0_DEBUG/lib -Wl,-rpath,/opt/X11/lib -L/opt/X11/lib -L/opt/homebrew/Cellar/gcc@12/12.4.0/lib/gcc/12/gcc/aarch64-apple-darwin23/12 -L/opt/homebrew/Cellar/gcc@12/12.4.0/lib/gcc/12/gcc -L/opt/homebrew/Cellar/gcc@12/12.4.0/lib/gcc/12 -Wl,-rpath,/opt/homebrew/Cellar/gcc@12/12.4.0/lib/gcc/12/gcc/aarch64-apple-darwin23/12 -Wl,-rpath,/opt/homebrew/Cellar/gcc@12/12.4.0/lib/gcc/12/gcc -Wl,-rpath,/opt/homebrew/Cellar/gcc@12/12.4.0/lib/gcc/12 -lpetsc -lsuperlu_dist -lflapack -lfblas -lparmetis -lmetis -lX11 -lmpifort -lmpi -lpmpi -lpthread -lm -lgfortran -lemutls_w -lheapt_w -ld_classic -lgfortran -lquadmath -lc++
ld: warning: -commons use_dylibs is no longer supported, using error treatment instead
ld: warning: -commons use_dylibs is no longer supported, using error treatment instead
ld: warning: -bind_at_load is deprecated on macOS
  SSA_evo.dat identical            PASS

ALL GATES PASSED   (see /Users/jacksonbaglino/PetIGA-3.20/projects/lunar_regolith_DSM/studies/contact_angle/verification/verify_wall_bc.csv)
