packing,y_over_L,hline_rel,vline_rel
pilot_LR40/pilot_phi0.325_Rave50um_LR40_seed1,0.00195,0.16557,0.83012
pilot_LR40/pilot_phi0.325_Rave50um_LR40_seed1,0.00586,0.22076,0.83012
pilot_LR40/pilot_phi0.325_Rave50um_LR40_seed1,0.00977,0.33115,0.83012
pilot_LR40/pilot_phi0.325_Rave50um_LR40_seed1,0.01367,0.33115,0.83012
pilot_LR40/pilot_phi0.325_Rave50um_LR40_seed1,0.01758,0.44153,0.88546
pilot_LR40/pilot_phi0.325_Rave50um_LR40_seed1,0.02148,0.55191,0.83012
pilot_LR40/pilot_phi0.325_Rave50um_LR40_seed1,0.02539,0.55191,0.77478
pilot_LR40/pilot_phi0.325_Rave50um_LR40_seed1,0.02930,0.49672,0.83012
pilot_LR40/pilot_phi0.325_Rave50um_LR40_seed1,0.03320,0.60710,0.83012
pilot_LR40/pilot_phi0.325_Rave50um_LR40_seed1,0.03711,0.60710,0.83012
pilot_LR40/pilot_phi0.325_Rave50um_LR40_seed1,0.04102,0.60710,0.83012
pilot_LR40/pilot_phi0.325_Rave50um_LR40_seed1,0.04492,0.77268,0.83012
pilot_LR40/pilot_phi0.325_Rave50um_LR40_seed1,0.04883,0.77268,0.83012
pilot_LR40/pilot_phi0.325_Rave50um_LR40_seed1,0.05273,0.77268,0.83012
pilot_LR40/pilot_phi0.325_Rave50um_LR40_seed1,0.05664,0.82787,0.88546
pilot_LR40/pilot_phi0.325_Rave50um_LR40_seed1,0.06055,0.77268,0.83012
pilot_LR40/pilot_phi0.325_Rave50um_LR40_seed1,0.06445,0.71748,0.83012
pilot_LR40/pilot_phi0.325_Rave50um_LR40_seed1,0.06836,0.88306,0.94080
pilot_LR40/pilot_phi0.325_Rave50um_LR40_seed1,0.07227,0.88306,0.99614
pilot_LR40/pilot_phi0.325_Rave50um_LR40_seed1,0.07617,0.82787,0.99614
pilot_LR40/pilot_phi0.325_Rave50um_LR40_seed1,0.08008,0.82787,0.99614
pilot_LR40/pilot_phi0.325_Rave50um_LR40_seed1,0.08398,0.82787,0.99614
pilot_LR40/pilot_phi0.325_Rave50um_LR40_seed1,0.08789,0.82787,0.99614
pilot_LR40/pilot_phi0.325_Rave50um_LR40_seed1,0.09180,0.82787,0.99614
pilot_LR40/pilot_phi0.325_Rave50um_LR40_seed1,0.09570,0.82787,1.10683
pilot_LR40/pilot_phi0.325_Rave50um_LR40_seed1,0.09961,0.82787,1.10683
pilot_LR40/pilot_phi0.325_Rave50um_LR40_seed1,0.10352,0.93825,1.05149
pilot_LR40/pilot_phi0.325_Rave50um_LR40_seed1,0.10742,1.04863,1.05149
pilot_LR40/pilot_phi0.325_Rave50um_LR40_seed1,0.11133,1.04863,1.05149
pilot_LR40/pilot_phi0.325_Rave50um_LR40_seed1,0.11523,1.21420,0.99614
pilot_LR40/pilot_phi0.325_Rave50um_LR40_seed1,0.11914,1.15901,1.10683
pilot_LR40/pilot_phi0.325_Rave50um_LR40_seed1,0.12305,1.04863,1.05149
pilot_LR40/pilot_phi0.325_Rave50um_LR40_seed1,0.12695,1.21420,1.05149
pilot_LR40/pilot_phi0.325_Rave50um_LR40_seed1,0.13086,1.37978,1.10683
pilot_LR40/pilot_phi0.325_Rave50um_LR40_seed1,0.13477,1.37978,1.10683
pilot_LR40/pilot_phi0.325_Rave50um_LR40_seed1,0.13867,1.37978,1.21751
pilot_LR40/pilot_phi0.325_Rave50um_LR40_seed1,0.14258,1.43497,1.21751
pilot_LR40/pilot_phi0.325_Rave50um_LR40_seed1,0.14648,1.43497,1.38353
pilot_LR40/pilot_phi0.325_Rave50um_LR40_seed1,0.15039,1.43497,1.38353
pilot_LR40/pilot_phi0.325_Rave50um_LR40_seed1,0.15430,1.37978,1.49422
pilot_LR40/pilot_phi0.325_Rave50um_LR40_seed1,0.15820,1.49016,1.38353
pilot_LR40/pilot_phi0.325_Rave50um_LR40_seed1,0.16211,1.49016,1.43888
pilot_LR40/pilot_phi0.325_Rave50um_LR40_seed1,0.16602,1.26940,1.43888
pilot_LR40/pilot_phi0.325_Rave50um_LR40_seed1,0.16992,1.32459,1.43888
pilot_LR40/pilot_phi0.325_Rave50um_LR40_seed1,0.17383,1.32459,1.43888
pilot_LR40/pilot_phi0.325_Rave50um_LR40_seed1,0.17773,1.26940,1.43888
pilot_LR40/pilot_phi0.325_Rave50um_LR40_seed1,0.18164,1.32459,1.38353
pilot_LR40/pilot_phi0.325_Rave50um_LR40_seed1,0.18555,1.26940,1.38353
pilot_LR40/pilot_phi0.325_Rave50um_LR40_seed1,0.18945,1.32459,1.43888
pilot_LR40/pilot_phi0.325_Rave50um_LR40_seed1,0.19336,1.37978,1.43888
pilot_LR40/pilot_phi0.325_Rave50um_LR40_seed1,0.19727,1.32459,1.38353
pilot_LR40/pilot_phi0.325_Rave50um_LR40_seed1,0.20117,1.26940,1.16217
pilot_LR40/pilot_phi0.325_Rave50um_LR40_seed1,0.20508,1.21420,1.05149
pilot_LR40/pilot_phi0.325_Rave50um_LR40_seed1,0.20898,1.43497,1.05149
pilot_LR40/pilot_phi0.325_Rave50um_LR40_seed1,0.21289,1.43497,0.99614
pilot_LR40/pilot_phi0.325_Rave50um_LR40_seed1,0.21680,1.43497,0.99614
pilot_LR40/pilot_phi0.325_Rave50um_LR40_seed1,0.22070,1.37978,0.99614
pilot_LR40/pilot_phi0.325_Rave50um_LR40_seed1,0.22461,1.32459,0.88546
pilot_LR40/pilot_phi0.325_Rave50um_LR40_seed1,0.22852,1.32459,0.94080
pilot_LR40/pilot_phi0.325_Rave50um_LR40_seed1,0.23242,1.32459,0.83012
pilot_LR40/pilot_phi0.325_Rave50um_LR40_seed1,0.23633,1.10382,0.83012
pilot_LR40/pilot_phi0.325_Rave50um_LR40_seed1,0.24023,1.10382,0.83012
pilot_LR40/pilot_phi0.325_Rave50um_LR40_seed1,0.24414,1.15901,0.83012
pilot_LR40/pilot_phi0.325_Rave50um_LR40_seed1,0.24805,1.15901,0.77478
pilot_LR40/pilot_phi0.325_Rave50um_LR40_seed1,0.25195,0.99344,0.77478
pilot_LR40/pilot_phi0.325_Rave50um_LR40_seed1,0.25586,0.99344,0.88546
pilot_LR40/pilot_phi0.325_Rave50um_LR40_seed1,0.25977,0.99344,0.83012
pilot_LR40/pilot_phi0.325_Rave50um_LR40_seed1,0.26367,0.99344,0.83012
pilot_LR40/pilot_phi0.325_Rave50um_LR40_seed1,0.26758,0.88306,0.83012
pilot_LR40/pilot_phi0.325_Rave50um_LR40_seed1,0.27148,0.77268,0.88546
pilot_LR40/pilot_phi0.325_Rave50um_LR40_seed1,0.27539,0.77268,0.88546
pilot_LR40/pilot_phi0.325_Rave50um_LR40_seed1,0.27930,0.82787,1.05149
pilot_LR40/pilot_phi0.325_Rave50um_LR40_seed1,0.28320,0.82787,1.10683
pilot_LR40/pilot_phi0.325_Rave50um_LR40_seed1,0.28711,0.88306,1.16217
pilot_LR40/pilot_phi0.325_Rave50um_LR40_seed1,0.29102,0.88306,1.16217
pilot_LR40/pilot_phi0.325_Rave50um_LR40_seed1,0.29492,0.93825,1.21751
pilot_LR40/pilot_phi0.325_Rave50um_LR40_seed1,0.29883,0.99344,1.27285
pilot_LR40/pilot_phi0.325_Rave50um_LR40_seed1,0.30273,1.21420,1.21751
pilot_LR40/pilot_phi0.325_Rave50um_LR40_seed1,0.30664,1.21420,1.27285
pilot_LR40/pilot_phi0.325_Rave50um_LR40_seed1,0.31055,1.15901,1.27285
pilot_LR40/pilot_phi0.325_Rave50um_LR40_seed1,0.31445,1.10382,1.16217
pilot_LR40/pilot_phi0.325_Rave50um_LR40_seed1,0.31836,0.99344,1.16217
pilot_LR40/pilot_phi0.325_Rave50um_LR40_seed1,0.32227,0.99344,1.16217
pilot_LR40/pilot_phi0.325_Rave50um_LR40_seed1,0.32617,0.93825,1.16217
pilot_LR40/pilot_phi0.325_Rave50um_LR40_seed1,0.33008,0.82787,0.88546
pilot_LR40/pilot_phi0.325_Rave50um_LR40_seed1,0.33398,0.82787,0.77478
pilot_LR40/pilot_phi0.325_Rave50um_LR40_seed1,0.33789,0.71748,0.77478
pilot_LR40/pilot_phi0.325_Rave50um_LR40_seed1,0.34180,0.71748,0.71944
pilot_LR40/pilot_phi0.325_Rave50um_LR40_seed1,0.34570,0.71748,0.94080
pilot_LR40/pilot_phi0.325_Rave50um_LR40_seed1,0.34961,0.71748,0.94080
pilot_LR40/pilot_phi0.325_Rave50um_LR40_seed1,0.35352,0.77268,0.99614
pilot_LR40/pilot_phi0.325_Rave50um_LR40_seed1,0.35742,0.88306,1.10683
pilot_LR40/pilot_phi0.325_Rave50um_LR40_seed1,0.36133,0.77268,1.16217
pilot_LR40/pilot_phi0.325_Rave50um_LR40_seed1,0.36523,0.77268,1.16217
pilot_LR40/pilot_phi0.325_Rave50um_LR40_seed1,0.36914,0.77268,1.10683
pilot_LR40/pilot_phi0.325_Rave50um_LR40_seed1,0.37305,0.66229,1.21751
pilot_LR40/pilot_phi0.325_Rave50um_LR40_seed1,0.37695,0.66229,1.16217
pilot_LR40/pilot_phi0.325_Rave50um_LR40_seed1,0.38086,0.66229,1.10683
pilot_LR40/pilot_phi0.325_Rave50um_LR40_seed1,0.38477,0.66229,1.21751
pilot_LR40/pilot_phi0.325_Rave50um_LR40_seed1,0.38867,0.77268,1.32819
pilot_LR40/pilot_phi0.325_Rave50um_LR40_seed1,0.39258,0.77268,1.32819
pilot_LR40/pilot_phi0.325_Rave50um_LR40_seed1,0.39648,1.10382,1.21751
pilot_LR40/pilot_phi0.325_Rave50um_LR40_seed1,0.40039,1.15901,1.16217
pilot_LR40/pilot_phi0.325_Rave50um_LR40_seed1,0.40430,1.10382,1.16217
pilot_LR40/pilot_phi0.325_Rave50um_LR40_seed1,0.40820,1.04863,0.99614
pilot_LR40/pilot_phi0.325_Rave50um_LR40_seed1,0.41211,1.04863,0.99614
pilot_LR40/pilot_phi0.325_Rave50um_LR40_seed1,0.41602,1.10382,0.99614
pilot_LR40/pilot_phi0.325_Rave50um_LR40_seed1,0.41992,1.10382,0.99614
pilot_LR40/pilot_phi0.325_Rave50um_LR40_seed1,0.42383,1.10382,0.99614
pilot_LR40/pilot_phi0.325_Rave50um_LR40_seed1,0.42773,1.04863,0.99614
pilot_LR40/pilot_phi0.325_Rave50um_LR40_seed1,0.43164,0.93825,0.99614
pilot_LR40/pilot_phi0.325_Rave50um_LR40_seed1,0.43555,0.93825,0.99614
pilot_LR40/pilot_phi0.325_Rave50um_LR40_seed1,0.43945,0.93825,0.99614
pilot_LR40/pilot_phi0.325_Rave50um_LR40_seed1,0.44336,0.82787,0.77478
pilot_LR40/pilot_phi0.325_Rave50um_LR40_seed1,0.44727,0.82787,0.88546
pilot_LR40/pilot_phi0.325_Rave50um_LR40_seed1,0.45117,0.82787,0.88546
pilot_LR40/pilot_phi0.325_Rave50um_LR40_seed1,0.45508,0.82787,0.94080
pilot_LR40/pilot_phi0.325_Rave50um_LR40_seed1,0.45898,0.88306,0.94080
pilot_LR40/pilot_phi0.325_Rave50um_LR40_seed1,0.46289,0.88306,0.99614
pilot_LR40/pilot_phi0.325_Rave50um_LR40_seed1,0.46680,0.99344,1.16217
pilot_LR40/pilot_phi0.325_Rave50um_LR40_seed1,0.47070,1.04863,0.99614
pilot_LR40/pilot_phi0.325_Rave50um_LR40_seed1,0.47461,0.99344,0.99614
pilot_LR40/pilot_phi0.325_Rave50um_LR40_seed1,0.47852,0.99344,1.05149
pilot_LR40/pilot_phi0.325_Rave50um_LR40_seed1,0.48242,0.99344,1.05149
pilot_LR40/pilot_phi0.325_Rave50um_LR40_seed1,0.48633,0.93825,1.10683
pilot_LR40/pilot_phi0.325_Rave50um_LR40_seed1,0.49023,0.88306,0.99614
pilot_LR40/pilot_phi0.325_Rave50um_LR40_seed1,0.49414,0.88306,0.99614
pilot_LR40/pilot_phi0.325_Rave50um_LR40_seed1,0.49805,0.88306,0.99614
pilot_LR40/pilot_phi0.325_Rave50um_LR40_seed1,0.50195,0.82787,0.99614
pilot_LR40/pilot_phi0.325_Rave50um_LR40_seed1,0.50586,0.82787,0.99614
pilot_LR40/pilot_phi0.325_Rave50um_LR40_seed1,0.50977,0.82787,1.05149
pilot_LR40/pilot_phi0.325_Rave50um_LR40_seed1,0.51367,0.82787,1.05149
pilot_LR40/pilot_phi0.325_Rave50um_LR40_seed1,0.51758,0.77268,0.99614
pilot_LR40/pilot_phi0.325_Rave50um_LR40_seed1,0.52148,0.71748,0.88546
pilot_LR40/pilot_phi0.325_Rave50um_LR40_seed1,0.52539,0.71748,0.88546
pilot_LR40/pilot_phi0.325_Rave50um_LR40_seed1,0.52930,0.77268,0.71944
pilot_LR40/pilot_phi0.325_Rave50um_LR40_seed1,0.53320,0.82787,0.77478
pilot_LR40/pilot_phi0.325_Rave50um_LR40_seed1,0.53711,0.82787,0.71944
pilot_LR40/pilot_phi0.325_Rave50um_LR40_seed1,0.54102,0.93825,0.71944
pilot_LR40/pilot_phi0.325_Rave50um_LR40_seed1,0.54492,0.93825,0.71944
pilot_LR40/pilot_phi0.325_Rave50um_LR40_seed1,0.54883,0.93825,0.71944
pilot_LR40/pilot_phi0.325_Rave50um_LR40_seed1,0.55273,0.93825,0.71944
pilot_LR40/pilot_phi0.325_Rave50um_LR40_seed1,0.55664,0.77268,0.71944
pilot_LR40/pilot_phi0.325_Rave50um_LR40_seed1,0.56055,0.88306,0.66410
pilot_LR40/pilot_phi0.325_Rave50um_LR40_seed1,0.56445,0.93825,0.71944
pilot_LR40/pilot_phi0.325_Rave50um_LR40_seed1,0.56836,0.93825,0.71944
pilot_LR40/pilot_phi0.325_Rave50um_LR40_seed1,0.57227,0.93825,0.71944
pilot_LR40/pilot_phi0.325_Rave50um_LR40_seed1,0.57617,0.82787,0.71944
pilot_LR40/pilot_phi0.325_Rave50um_LR40_seed1,0.58008,0.77268,0.60875
pilot_LR40/pilot_phi0.325_Rave50um_LR40_seed1,0.58398,0.77268,0.60875
pilot_LR40/pilot_phi0.325_Rave50um_LR40_seed1,0.58789,0.77268,0.60875
pilot_LR40/pilot_phi0.325_Rave50um_LR40_seed1,0.59180,0.77268,0.49807
pilot_LR40/pilot_phi0.325_Rave50um_LR40_seed1,0.59570,0.82787,0.49807
pilot_LR40/pilot_phi0.325_Rave50um_LR40_seed1,0.59961,0.93825,0.55341
pilot_LR40/pilot_phi0.325_Rave50um_LR40_seed1,0.60352,0.99344,0.55341
pilot_LR40/pilot_phi0.325_Rave50um_LR40_seed1,0.60742,0.99344,0.55341
pilot_LR40/pilot_phi0.325_Rave50um_LR40_seed1,0.61133,0.99344,0.60875
pilot_LR40/pilot_phi0.325_Rave50um_LR40_seed1,0.61523,0.99344,0.71944
pilot_LR40/pilot_phi0.325_Rave50um_LR40_seed1,0.61914,0.99344,0.77478
pilot_LR40/pilot_phi0.325_Rave50um_LR40_seed1,0.62305,0.99344,0.77478
pilot_LR40/pilot_phi0.325_Rave50um_LR40_seed1,0.62695,0.99344,0.77478
pilot_LR40/pilot_phi0.325_Rave50um_LR40_seed1,0.63086,1.15901,0.88546
pilot_LR40/pilot_phi0.325_Rave50um_LR40_seed1,0.63477,1.15901,0.88546
pilot_LR40/pilot_phi0.325_Rave50um_LR40_seed1,0.63867,1.15901,0.88546
pilot_LR40/pilot_phi0.325_Rave50um_LR40_seed1,0.64258,1.15901,0.83012
pilot_LR40/pilot_phi0.325_Rave50um_LR40_seed1,0.64648,1.21420,0.88546
pilot_LR40/pilot_phi0.325_Rave50um_LR40_seed1,0.65039,1.15901,0.88546
pilot_LR40/pilot_phi0.325_Rave50um_LR40_seed1,0.65430,1.15901,0.83012
pilot_LR40/pilot_phi0.325_Rave50um_LR40_seed1,0.65820,1.15901,0.77478
pilot_LR40/pilot_phi0.325_Rave50um_LR40_seed1,0.66211,1.21420,0.77478
pilot_LR40/pilot_phi0.325_Rave50um_LR40_seed1,0.66602,1.21420,0.71944
pilot_LR40/pilot_phi0.325_Rave50um_LR40_seed1,0.66992,1.15901,0.77478
pilot_LR40/pilot_phi0.325_Rave50um_LR40_seed1,0.67383,1.26940,0.83012
pilot_LR40/pilot_phi0.325_Rave50um_LR40_seed1,0.67773,1.26940,0.88546
pilot_LR40/pilot_phi0.325_Rave50um_LR40_seed1,0.68164,1.37978,0.88546
pilot_LR40/pilot_phi0.325_Rave50um_LR40_seed1,0.68555,1.49016,0.88546
pilot_LR40/pilot_phi0.325_Rave50um_LR40_seed1,0.68945,1.49016,0.94080
pilot_LR40/pilot_phi0.325_Rave50um_LR40_seed1,0.69336,1.49016,0.99614
pilot_LR40/pilot_phi0.325_Rave50um_LR40_seed1,0.69727,1.37978,0.99614
pilot_LR40/pilot_phi0.325_Rave50um_LR40_seed1,0.70117,1.37978,0.99614
pilot_LR40/pilot_phi0.325_Rave50um_LR40_seed1,0.70508,1.37978,0.99614
pilot_LR40/pilot_phi0.325_Rave50um_LR40_seed1,0.70898,1.32459,1.10683
pilot_LR40/pilot_phi0.325_Rave50um_LR40_seed1,0.71289,1.37978,1.10683
pilot_LR40/pilot_phi0.325_Rave50um_LR40_seed1,0.71680,1.37978,0.94080
pilot_LR40/pilot_phi0.325_Rave50um_LR40_seed1,0.72070,1.37978,0.88546
pilot_LR40/pilot_phi0.325_Rave50um_LR40_seed1,0.72461,1.21420,0.99614
pilot_LR40/pilot_phi0.325_Rave50um_LR40_seed1,0.72852,1.21420,0.99614
pilot_LR40/pilot_phi0.325_Rave50um_LR40_seed1,0.73242,1.15901,1.05149
pilot_LR40/pilot_phi0.325_Rave50um_LR40_seed1,0.73633,1.15901,0.99614
pilot_LR40/pilot_phi0.325_Rave50um_LR40_seed1,0.74023,1.15901,0.99614
pilot_LR40/pilot_phi0.325_Rave50um_LR40_seed1,0.74414,1.15901,0.99614
pilot_LR40/pilot_phi0.325_Rave50um_LR40_seed1,0.74805,1.15901,0.94080
pilot_LR40/pilot_phi0.325_Rave50um_LR40_seed1,0.75195,1.04863,1.05149
pilot_LR40/pilot_phi0.325_Rave50um_LR40_seed1,0.75586,1.04863,1.05149
pilot_LR40/pilot_phi0.325_Rave50um_LR40_seed1,0.75977,0.99344,1.05149
pilot_LR40/pilot_phi0.325_Rave50um_LR40_seed1,0.76367,0.93825,1.16217
pilot_LR40/pilot_phi0.325_Rave50um_LR40_seed1,0.76758,0.93825,1.21751
pilot_LR40/pilot_phi0.325_Rave50um_LR40_seed1,0.77148,0.88306,1.21751
pilot_LR40/pilot_phi0.325_Rave50um_LR40_seed1,0.77539,0.88306,1.16217
pilot_LR40/pilot_phi0.325_Rave50um_LR40_seed1,0.77930,0.82787,1.10683
pilot_LR40/pilot_phi0.325_Rave50um_LR40_seed1,0.78320,0.77268,1.05149
pilot_LR40/pilot_phi0.325_Rave50um_LR40_seed1,0.78711,0.82787,1.05149
pilot_LR40/pilot_phi0.325_Rave50um_LR40_seed1,0.79102,0.77268,1.21751
pilot_LR40/pilot_phi0.325_Rave50um_LR40_seed1,0.79492,0.71748,1.21751
pilot_LR40/pilot_phi0.325_Rave50um_LR40_seed1,0.79883,0.71748,1.38353
pilot_LR40/pilot_phi0.325_Rave50um_LR40_seed1,0.80273,0.71748,1.32819
pilot_LR40/pilot_phi0.325_Rave50um_LR40_seed1,0.80664,0.71748,1.32819
pilot_LR40/pilot_phi0.325_Rave50um_LR40_seed1,0.81055,0.71748,1.32819
pilot_LR40/pilot_phi0.325_Rave50um_LR40_seed1,0.81445,0.88306,1.32819
pilot_LR40/pilot_phi0.325_Rave50um_LR40_seed1,0.81836,0.88306,1.32819
pilot_LR40/pilot_phi0.325_Rave50um_LR40_seed1,0.82227,0.88306,1.32819
pilot_LR40/pilot_phi0.325_Rave50um_LR40_seed1,0.82617,0.88306,1.38353
pilot_LR40/pilot_phi0.325_Rave50um_LR40_seed1,0.83008,1.04863,1.32819
pilot_LR40/pilot_phi0.325_Rave50um_LR40_seed1,0.83398,1.15901,1.16217
pilot_LR40/pilot_phi0.325_Rave50um_LR40_seed1,0.83789,1.10382,1.10683
pilot_LR40/pilot_phi0.325_Rave50um_LR40_seed1,0.84180,1.15901,1.16217
pilot_LR40/pilot_phi0.325_Rave50um_LR40_seed1,0.84570,1.10382,1.21751
pilot_LR40/pilot_phi0.325_Rave50um_LR40_seed1,0.84961,1.04863,1.05149
pilot_LR40/pilot_phi0.325_Rave50um_LR40_seed1,0.85352,1.04863,1.05149
pilot_LR40/pilot_phi0.325_Rave50um_LR40_seed1,0.85742,1.10382,1.05149
pilot_LR40/pilot_phi0.325_Rave50um_LR40_seed1,0.86133,1.10382,1.10683
pilot_LR40/pilot_phi0.325_Rave50um_LR40_seed1,0.86523,0.99344,1.05149
pilot_LR40/pilot_phi0.325_Rave50um_LR40_seed1,0.86914,0.93825,0.99614
pilot_LR40/pilot_phi0.325_Rave50um_LR40_seed1,0.87305,0.93825,1.05149
pilot_LR40/pilot_phi0.325_Rave50um_LR40_seed1,0.87695,0.88306,0.99614
pilot_LR40/pilot_phi0.325_Rave50um_LR40_seed1,0.88086,0.88306,0.94080
pilot_LR40/pilot_phi0.325_Rave50um_LR40_seed1,0.88477,0.99344,0.94080
pilot_LR40/pilot_phi0.325_Rave50um_LR40_seed1,0.88867,1.10382,0.94080
pilot_LR40/pilot_phi0.325_Rave50um_LR40_seed1,0.89258,1.10382,0.94080
pilot_LR40/pilot_phi0.325_Rave50um_LR40_seed1,0.89648,1.10382,0.99614
pilot_LR40/pilot_phi0.325_Rave50um_LR40_seed1,0.90039,1.10382,0.99614
pilot_LR40/pilot_phi0.325_Rave50um_LR40_seed1,0.90430,1.15901,0.94080
pilot_LR40/pilot_phi0.325_Rave50um_LR40_seed1,0.90820,1.21420,0.94080
pilot_LR40/pilot_phi0.325_Rave50um_LR40_seed1,0.91211,1.10382,0.88546
pilot_LR40/pilot_phi0.325_Rave50um_LR40_seed1,0.91602,1.04863,0.83012
pilot_LR40/pilot_phi0.325_Rave50um_LR40_seed1,0.91992,1.04863,0.83012
pilot_LR40/pilot_phi0.325_Rave50um_LR40_seed1,0.92383,0.93825,0.83012
pilot_LR40/pilot_phi0.325_Rave50um_LR40_seed1,0.92773,0.93825,0.88546
pilot_LR40/pilot_phi0.325_Rave50um_LR40_seed1,0.93164,0.93825,0.88546
pilot_LR40/pilot_phi0.325_Rave50um_LR40_seed1,0.93555,0.88306,0.88546
pilot_LR40/pilot_phi0.325_Rave50um_LR40_seed1,0.93945,0.82787,0.94080
pilot_LR40/pilot_phi0.325_Rave50um_LR40_seed1,0.94336,0.82787,0.99614
pilot_LR40/pilot_phi0.325_Rave50um_LR40_seed1,0.94727,0.77268,0.99614
pilot_LR40/pilot_phi0.325_Rave50um_LR40_seed1,0.95117,0.71748,1.10683
pilot_LR40/pilot_phi0.325_Rave50um_LR40_seed1,0.95508,0.71748,1.05149
pilot_LR40/pilot_phi0.325_Rave50um_LR40_seed1,0.95898,0.77268,0.94080
pilot_LR40/pilot_phi0.325_Rave50um_LR40_seed1,0.96289,0.88306,0.94080
pilot_LR40/pilot_phi0.325_Rave50um_LR40_seed1,0.96680,0.66229,0.99614
pilot_LR40/pilot_phi0.325_Rave50um_LR40_seed1,0.97070,0.77268,0.99614
pilot_LR40/pilot_phi0.325_Rave50um_LR40_seed1,0.97461,0.44153,0.99614
pilot_LR40/pilot_phi0.325_Rave50um_LR40_seed1,0.97852,0.44153,1.05149
pilot_LR40/pilot_phi0.325_Rave50um_LR40_seed1,0.98242,0.44153,1.05149
pilot_LR40/pilot_phi0.325_Rave50um_LR40_seed1,0.98633,0.44153,1.05149
pilot_LR40/pilot_phi0.325_Rave50um_LR40_seed1,0.99023,0.27596,0.99614
pilot_LR40/pilot_phi0.325_Rave50um_LR40_seed1,0.99414,0.16557,0.99614
pilot_LR40/pilot_phi0.325_Rave50um_LR40_seed1,0.99805,0.16557,0.94080
pilot_LR40/pilot_phi0.325_Rave50um_LR40_seed2,0.00195,0.78367,0.51893
pilot_LR40/pilot_phi0.325_Rave50um_LR40_seed2,0.00586,0.89562,0.51893
pilot_LR40/pilot_phi0.325_Rave50um_LR40_seed2,0.00977,1.00757,0.62271
pilot_LR40/pilot_phi0.325_Rave50um_LR40_seed2,0.01367,1.17550,0.72650
pilot_LR40/pilot_phi0.325_Rave50um_LR40_seed2,0.01758,1.23148,0.77839
pilot_LR40/pilot_phi0.325_Rave50um_LR40_seed2,0.02148,1.34343,0.77839
pilot_LR40/pilot_phi0.325_Rave50um_LR40_seed2,0.02539,1.23148,0.77839
pilot_LR40/pilot_phi0.325_Rave50um_LR40_seed2,0.02930,1.23148,0.77839
pilot_LR40/pilot_phi0.325_Rave50um_LR40_seed2,0.03320,1.23148,0.83028
pilot_LR40/pilot_phi0.325_Rave50um_LR40_seed2,0.03711,1.23148,0.83028
pilot_LR40/pilot_phi0.325_Rave50um_LR40_seed2,0.04102,1.34343,0.77839
pilot_LR40/pilot_phi0.325_Rave50um_LR40_seed2,0.04492,1.34343,0.88218
pilot_LR40/pilot_phi0.325_Rave50um_LR40_seed2,0.04883,1.28745,0.88218
pilot_LR40/pilot_phi0.325_Rave50um_LR40_seed2,0.05273,1.28745,1.03786
pilot_LR40/pilot_phi0.325_Rave50um_LR40_seed2,0.05664,1.39940,0.98596
pilot_LR40/pilot_phi0.325_Rave50um_LR40_seed2,0.06055,1.34343,1.03786
pilot_LR40/pilot_phi0.325_Rave50um_LR40_seed2,0.06445,1.34343,1.03786
pilot_LR40/pilot_phi0.325_Rave50um_LR40_seed2,0.06836,1.28745,0.93407
pilot_LR40/pilot_phi0.325_Rave50um_LR40_seed2,0.07227,1.39940,0.83028
pilot_LR40/pilot_phi0.325_Rave50um_LR40_seed2,0.07617,1.45538,0.83028
pilot_LR40/pilot_phi0.325_Rave50um_LR40_seed2,0.08008,1.45538,0.88218
pilot_LR40/pilot_phi0.325_Rave50um_LR40_seed2,0.08398,1.11952,0.88218
pilot_LR40/pilot_phi0.325_Rave50um_LR40_seed2,0.08789,1.11952,0.88218
pilot_LR40/pilot_phi0.325_Rave50um_LR40_seed2,0.09180,1.06355,0.93407
pilot_LR40/pilot_phi0.325_Rave50um_LR40_seed2,0.09570,1.06355,0.88218
pilot_LR40/pilot_phi0.325_Rave50um_LR40_seed2,0.09961,1.06355,0.93407
pilot_LR40/pilot_phi0.325_Rave50um_LR40_seed2,0.10352,1.06355,0.93407
pilot_LR40/pilot_phi0.325_Rave50um_LR40_seed2,0.10742,1.06355,0.83028
pilot_LR40/pilot_phi0.325_Rave50um_LR40_seed2,0.11133,1.06355,0.77839
pilot_LR40/pilot_phi0.325_Rave50um_LR40_seed2,0.11523,1.34343,0.77839
pilot_LR40/pilot_phi0.325_Rave50um_LR40_seed2,0.11914,1.34343,0.77839
pilot_LR40/pilot_phi0.325_Rave50um_LR40_seed2,0.12305,1.28745,0.77839
pilot_LR40/pilot_phi0.325_Rave50um_LR40_seed2,0.12695,1.28745,0.77839
pilot_LR40/pilot_phi0.325_Rave50um_LR40_seed2,0.13086,1.23148,0.72650
pilot_LR40/pilot_phi0.325_Rave50um_LR40_seed2,0.13477,1.17550,0.83028
pilot_LR40/pilot_phi0.325_Rave50um_LR40_seed2,0.13867,1.17550,0.83028
pilot_LR40/pilot_phi0.325_Rave50um_LR40_seed2,0.14258,1.17550,0.72650
pilot_LR40/pilot_phi0.325_Rave50um_LR40_seed2,0.14648,1.28745,0.77839
pilot_LR40/pilot_phi0.325_Rave50um_LR40_seed2,0.15039,1.17550,0.77839
pilot_LR40/pilot_phi0.325_Rave50um_LR40_seed2,0.15430,1.28745,0.77839
pilot_LR40/pilot_phi0.325_Rave50um_LR40_seed2,0.15820,1.23148,0.77839
pilot_LR40/pilot_phi0.325_Rave50um_LR40_seed2,0.16211,1.28745,0.72650
pilot_LR40/pilot_phi0.325_Rave50um_LR40_seed2,0.16602,1.17550,0.72650
pilot_LR40/pilot_phi0.325_Rave50um_LR40_seed2,0.16992,1.00757,0.77839
pilot_LR40/pilot_phi0.325_Rave50um_LR40_seed2,0.17383,1.00757,0.77839
pilot_LR40/pilot_phi0.325_Rave50um_LR40_seed2,0.17773,0.95159,0.83028
pilot_LR40/pilot_phi0.325_Rave50um_LR40_seed2,0.18164,0.95159,0.83028
pilot_LR40/pilot_phi0.325_Rave50um_LR40_seed2,0.18555,0.95159,0.83028
pilot_LR40/pilot_phi0.325_Rave50um_LR40_seed2,0.18945,0.89562,0.88218
pilot_LR40/pilot_phi0.325_Rave50um_LR40_seed2,0.19336,0.89562,0.88218
pilot_LR40/pilot_phi0.325_Rave50um_LR40_seed2,0.19727,0.89562,0.93407
pilot_LR40/pilot_phi0.325_Rave50um_LR40_seed2,0.20117,0.89562,0.98596
pilot_LR40/pilot_phi0.325_Rave50um_LR40_seed2,0.20508,0.83964,1.08975
pilot_LR40/pilot_phi0.325_Rave50um_LR40_seed2,0.20898,0.83964,1.19353
pilot_LR40/pilot_phi0.325_Rave50um_LR40_seed2,0.21289,0.78367,1.19353
pilot_LR40/pilot_phi0.325_Rave50um_LR40_seed2,0.21680,0.67171,1.19353
pilot_LR40/pilot_phi0.325_Rave50um_LR40_seed2,0.22070,0.83964,1.14164
pilot_LR40/pilot_phi0.325_Rave50um_LR40_seed2,0.22461,0.78367,1.08975
pilot_LR40/pilot_phi0.325_Rave50um_LR40_seed2,0.22852,0.78367,1.08975
pilot_LR40/pilot_phi0.325_Rave50um_LR40_seed2,0.23242,0.78367,1.08975
pilot_LR40/pilot_phi0.325_Rave50um_LR40_seed2,0.23633,0.78367,1.14164
pilot_LR40/pilot_phi0.325_Rave50um_LR40_seed2,0.24023,0.78367,1.14164
pilot_LR40/pilot_phi0.325_Rave50um_LR40_seed2,0.24414,0.61574,1.19353
pilot_LR40/pilot_phi0.325_Rave50um_LR40_seed2,0.24805,0.61574,1.29732
pilot_LR40/pilot_phi0.325_Rave50um_LR40_seed2,0.25195,0.61574,1.24543
pilot_LR40/pilot_phi0.325_Rave50um_LR40_seed2,0.25586,0.61574,1.24543
pilot_LR40/pilot_phi0.325_Rave50um_LR40_seed2,0.25977,0.67171,1.24543
pilot_LR40/pilot_phi0.325_Rave50um_LR40_seed2,0.26367,0.55976,1.24543
pilot_LR40/pilot_phi0.325_Rave50um_LR40_seed2,0.26758,0.50379,1.19353
pilot_LR40/pilot_phi0.325_Rave50um_LR40_seed2,0.27148,0.50379,1.03786
pilot_LR40/pilot_phi0.325_Rave50um_LR40_seed2,0.27539,0.50379,0.88218
pilot_LR40/pilot_phi0.325_Rave50um_LR40_seed2,0.27930,0.50379,0.88218
pilot_LR40/pilot_phi0.325_Rave50um_LR40_seed2,0.28320,0.50379,0.83028
pilot_LR40/pilot_phi0.325_Rave50um_LR40_seed2,0.28711,0.50379,0.83028
pilot_LR40/pilot_phi0.325_Rave50um_LR40_seed2,0.29102,0.67171,0.83028
pilot_LR40/pilot_phi0.325_Rave50um_LR40_seed2,0.29492,0.67171,0.72650
pilot_LR40/pilot_phi0.325_Rave50um_LR40_seed2,0.29883,0.72769,0.72650
pilot_LR40/pilot_phi0.325_Rave50um_LR40_seed2,0.30273,0.61574,0.72650
pilot_LR40/pilot_phi0.325_Rave50um_LR40_seed2,0.30664,0.61574,0.77839
pilot_LR40/pilot_phi0.325_Rave50um_LR40_seed2,0.31055,0.61574,0.77839
pilot_LR40/pilot_phi0.325_Rave50um_LR40_seed2,0.31445,0.67171,0.93407
pilot_LR40/pilot_phi0.325_Rave50um_LR40_seed2,0.31836,0.83964,1.03786
pilot_LR40/pilot_phi0.325_Rave50um_LR40_seed2,0.32227,0.83964,0.93407
pilot_LR40/pilot_phi0.325_Rave50um_LR40_seed2,0.32617,0.83964,0.93407
pilot_LR40/pilot_phi0.325_Rave50um_LR40_seed2,0.33008,0.78367,0.93407
pilot_LR40/pilot_phi0.325_Rave50um_LR40_seed2,0.33398,0.78367,0.88218
pilot_LR40/pilot_phi0.325_Rave50um_LR40_seed2,0.33789,0.95159,0.93407
pilot_LR40/pilot_phi0.325_Rave50um_LR40_seed2,0.34180,0.89562,0.93407
pilot_LR40/pilot_phi0.325_Rave50um_LR40_seed2,0.34570,0.95159,1.08975
pilot_LR40/pilot_phi0.325_Rave50um_LR40_seed2,0.34961,0.89562,0.98596
pilot_LR40/pilot_phi0.325_Rave50um_LR40_seed2,0.35352,0.89562,0.98596
pilot_LR40/pilot_phi0.325_Rave50um_LR40_seed2,0.35742,0.89562,0.98596
pilot_LR40/pilot_phi0.325_Rave50um_LR40_seed2,0.36133,0.89562,1.03786
pilot_LR40/pilot_phi0.325_Rave50um_LR40_seed2,0.36523,0.78367,1.03786
pilot_LR40/pilot_phi0.325_Rave50um_LR40_seed2,0.36914,0.67171,1.03786
pilot_LR40/pilot_phi0.325_Rave50um_LR40_seed2,0.37305,0.72769,1.14164
pilot_LR40/pilot_phi0.325_Rave50um_LR40_seed2,0.37695,0.72769,1.03786
pilot_LR40/pilot_phi0.325_Rave50um_LR40_seed2,0.38086,0.72769,1.08975
pilot_LR40/pilot_phi0.325_Rave50um_LR40_seed2,0.38477,0.83964,0.88218
pilot_LR40/pilot_phi0.325_Rave50um_LR40_seed2,0.38867,0.78367,0.88218
pilot_LR40/pilot_phi0.325_Rave50um_LR40_seed2,0.39258,0.78367,0.88218
pilot_LR40/pilot_phi0.325_Rave50um_LR40_seed2,0.39648,0.83964,0.88218
pilot_LR40/pilot_phi0.325_Rave50um_LR40_seed2,0.40039,0.83964,0.83028
pilot_LR40/pilot_phi0.325_Rave50um_LR40_seed2,0.40430,0.83964,0.83028
pilot_LR40/pilot_phi0.325_Rave50um_LR40_seed2,0.40820,0.83964,0.88218
pilot_LR40/pilot_phi0.325_Rave50um_LR40_seed2,0.41211,0.83964,0.88218
pilot_LR40/pilot_phi0.325_Rave50um_LR40_seed2,0.41602,0.89562,0.83028
pilot_LR40/pilot_phi0.325_Rave50um_LR40_seed2,0.41992,0.89562,0.88218
pilot_LR40/pilot_phi0.325_Rave50um_LR40_seed2,0.42383,0.89562,0.93407
pilot_LR40/pilot_phi0.325_Rave50um_LR40_seed2,0.42773,0.89562,0.93407
pilot_LR40/pilot_phi0.325_Rave50um_LR40_seed2,0.43164,1.06355,0.93407
pilot_LR40/pilot_phi0.325_Rave50um_LR40_seed2,0.43555,0.89562,0.77839
pilot_LR40/pilot_phi0.325_Rave50um_LR40_seed2,0.43945,0.89562,0.83028
pilot_LR40/pilot_phi0.325_Rave50um_LR40_seed2,0.44336,0.89562,0.72650
pilot_LR40/pilot_phi0.325_Rave50um_LR40_seed2,0.44727,0.95159,0.72650
pilot_LR40/pilot_phi0.325_Rave50um_LR40_seed2,0.45117,0.95159,0.77839
pilot_LR40/pilot_phi0.325_Rave50um_LR40_seed2,0.45508,0.83964,0.77839
pilot_LR40/pilot_phi0.325_Rave50um_LR40_seed2,0.45898,0.83964,0.83028
pilot_LR40/pilot_phi0.325_Rave50um_LR40_seed2,0.46289,0.83964,0.83028
pilot_LR40/pilot_phi0.325_Rave50um_LR40_seed2,0.46680,0.67171,0.83028
pilot_LR40/pilot_phi0.325_Rave50um_LR40_seed2,0.47070,0.67171,0.83028
pilot_LR40/pilot_phi0.325_Rave50um_LR40_seed2,0.47461,0.67171,0.83028
pilot_LR40/pilot_phi0.325_Rave50um_LR40_seed2,0.47852,0.72769,0.77839
pilot_LR40/pilot_phi0.325_Rave50um_LR40_seed2,0.48242,0.72769,0.98596
pilot_LR40/pilot_phi0.325_Rave50um_LR40_seed2,0.48633,0.72769,0.98596
pilot_LR40/pilot_phi0.325_Rave50um_LR40_seed2,0.49023,0.61574,0.98596
pilot_LR40/pilot_phi0.325_Rave50um_LR40_seed2,0.49414,0.61574,0.98596
pilot_LR40/pilot_phi0.325_Rave50um_LR40_seed2,0.49805,0.83964,0.98596
pilot_LR40/pilot_phi0.325_Rave50um_LR40_seed2,0.50195,0.83964,1.08975
pilot_LR40/pilot_phi0.325_Rave50um_LR40_seed2,0.50586,1.00757,1.14164
pilot_LR40/pilot_phi0.325_Rave50um_LR40_seed2,0.50977,0.95159,1.08975
pilot_LR40/pilot_phi0.325_Rave50um_LR40_seed2,0.51367,0.95159,1.08975
pilot_LR40/pilot_phi0.325_Rave50um_LR40_seed2,0.51758,0.89562,1.08975
pilot_LR40/pilot_phi0.325_Rave50um_LR40_seed2,0.52148,0.89562,0.98596
pilot_LR40/pilot_phi0.325_Rave50um_LR40_seed2,0.52539,0.83964,1.03786
pilot_LR40/pilot_phi0.325_Rave50um_LR40_seed2,0.52930,0.83964,1.03786
pilot_LR40/pilot_phi0.325_Rave50um_LR40_seed2,0.53320,0.72769,1.03786
pilot_LR40/pilot_phi0.325_Rave50um_LR40_seed2,0.53711,0.83964,1.03786
pilot_LR40/pilot_phi0.325_Rave50um_LR40_seed2,0.54102,0.83964,1.03786
pilot_LR40/pilot_phi0.325_Rave50um_LR40_seed2,0.54492,0.78367,1.03786
pilot_LR40/pilot_phi0.325_Rave50um_LR40_seed2,0.54883,0.78367,1.03786
pilot_LR40/pilot_phi0.325_Rave50um_LR40_seed2,0.55273,0.83964,0.98596
pilot_LR40/pilot_phi0.325_Rave50um_LR40_seed2,0.55664,0.89562,0.98596
pilot_LR40/pilot_phi0.325_Rave50um_LR40_seed2,0.56055,0.89562,1.03786
pilot_LR40/pilot_phi0.325_Rave50um_LR40_seed2,0.56445,0.78367,1.14164
pilot_LR40/pilot_phi0.325_Rave50um_LR40_seed2,0.56836,0.83964,1.14164
pilot_LR40/pilot_phi0.325_Rave50um_LR40_seed2,0.57227,0.83964,1.14164
pilot_LR40/pilot_phi0.325_Rave50um_LR40_seed2,0.57617,0.83964,1.08975
pilot_LR40/pilot_phi0.325_Rave50um_LR40_seed2,0.58008,0.95159,1.29732
pilot_LR40/pilot_phi0.325_Rave50um_LR40_seed2,0.58398,1.00757,1.24543
pilot_LR40/pilot_phi0.325_Rave50um_LR40_seed2,0.58789,1.00757,1.29732
pilot_LR40/pilot_phi0.325_Rave50um_LR40_seed2,0.59180,0.95159,1.24543
pilot_LR40/pilot_phi0.325_Rave50um_LR40_seed2,0.59570,0.83964,1.24543
pilot_LR40/pilot_phi0.325_Rave50um_LR40_seed2,0.59961,0.83964,1.19353
pilot_LR40/pilot_phi0.325_Rave50um_LR40_seed2,0.60352,0.83964,1.19353
pilot_LR40/pilot_phi0.325_Rave50um_LR40_seed2,0.60742,0.89562,1.34921
pilot_LR40/pilot_phi0.325_Rave50um_LR40_seed2,0.61133,0.89562,1.40111
pilot_LR40/pilot_phi0.325_Rave50um_LR40_seed2,0.61523,0.89562,1.45300
pilot_LR40/pilot_phi0.325_Rave50um_LR40_seed2,0.61914,1.06355,1.40111
pilot_LR40/pilot_phi0.325_Rave50um_LR40_seed2,0.62305,1.06355,1.34921
pilot_LR40/pilot_phi0.325_Rave50um_LR40_seed2,0.62695,1.06355,1.24543
pilot_LR40/pilot_phi0.325_Rave50um_LR40_seed2,0.63086,1.06355,1.08975
pilot_LR40/pilot_phi0.325_Rave50um_LR40_seed2,0.63477,1.06355,1.08975
pilot_LR40/pilot_phi0.325_Rave50um_LR40_seed2,0.63867,1.11952,1.08975
pilot_LR40/pilot_phi0.325_Rave50um_LR40_seed2,0.64258,1.06355,1.08975
pilot_LR40/pilot_phi0.325_Rave50um_LR40_seed2,0.64648,1.06355,1.08975
pilot_LR40/pilot_phi0.325_Rave50um_LR40_seed2,0.65039,1.11952,1.08975
pilot_LR40/pilot_phi0.325_Rave50um_LR40_seed2,0.65430,1.11952,1.14164
pilot_LR40/pilot_phi0.325_Rave50um_LR40_seed2,0.65820,1.11952,1.19353
pilot_LR40/pilot_phi0.325_Rave50um_LR40_seed2,0.66211,0.95159,1.19353
pilot_LR40/pilot_phi0.325_Rave50um_LR40_seed2,0.66602,0.95159,1.24543
pilot_LR40/pilot_phi0.325_Rave50um_LR40_seed2,0.66992,1.00757,1.29732
pilot_LR40/pilot_phi0.325_Rave50um_LR40_seed2,0.67383,1.17550,1.34921
pilot_LR40/pilot_phi0.325_Rave50um_LR40_seed2,0.67773,1.17550,1.34921
pilot_LR40/pilot_phi0.325_Rave50um_LR40_seed2,0.68164,1.17550,1.19353
pilot_LR40/pilot_phi0.325_Rave50um_LR40_seed2,0.68555,1.11952,1.19353
pilot_LR40/pilot_phi0.325_Rave50um_LR40_seed2,0.68945,1.11952,1.14164
pilot_LR40/pilot_phi0.325_Rave50um_LR40_seed2,0.69336,1.06355,1.14164
pilot_LR40/pilot_phi0.325_Rave50um_LR40_seed2,0.69727,1.06355,1.14164
pilot_LR40/pilot_phi0.325_Rave50um_LR40_seed2,0.70117,1.28745,1.14164
pilot_LR40/pilot_phi0.325_Rave50um_LR40_seed2,0.70508,1.39940,1.19353
pilot_LR40/pilot_phi0.325_Rave50um_LR40_seed2,0.70898,1.39940,1.14164
pilot_LR40/pilot_phi0.325_Rave50um_LR40_seed2,0.71289,1.39940,1.14164
pilot_LR40/pilot_phi0.325_Rave50um_LR40_seed2,0.71680,1.45538,1.14164
pilot_LR40/pilot_phi0.325_Rave50um_LR40_seed2,0.72070,1.45538,1.14164
pilot_LR40/pilot_phi0.325_Rave50um_LR40_seed2,0.72461,1.45538,1.14164
pilot_LR40/pilot_phi0.325_Rave50um_LR40_seed2,0.72852,1.39940,1.08975
pilot_LR40/pilot_phi0.325_Rave50um_LR40_seed2,0.73242,1.34343,1.14164
pilot_LR40/pilot_phi0.325_Rave50um_LR40_seed2,0.73633,1.34343,1.19353
pilot_LR40/pilot_phi0.325_Rave50um_LR40_seed2,0.74023,1.28745,1.19353
pilot_LR40/pilot_phi0.325_Rave50um_LR40_seed2,0.74414,1.28745,1.24543
pilot_LR40/pilot_phi0.325_Rave50um_LR40_seed2,0.74805,1.23148,1.29732
pilot_LR40/pilot_phi0.325_Rave50um_LR40_seed2,0.75195,1.17550,1.24543
pilot_LR40/pilot_phi0.325_Rave50um_LR40_seed2,0.75586,1.00757,1.19353
pilot_LR40/pilot_phi0.325_Rave50um_LR40_seed2,0.75977,1.11952,1.08975
pilot_LR40/pilot_phi0.325_Rave50um_LR40_seed2,0.76367,1.28745,1.08975
pilot_LR40/pilot_phi0.325_Rave50um_LR40_seed2,0.76758,1.23148,1.08975
pilot_LR40/pilot_phi0.325_Rave50um_LR40_seed2,0.77148,1.23148,1.08975
pilot_LR40/pilot_phi0.325_Rave50um_LR40_seed2,0.77539,1.11952,0.88218
pilot_LR40/pilot_phi0.325_Rave50um_LR40_seed2,0.77930,1.17550,0.88218
pilot_LR40/pilot_phi0.325_Rave50um_LR40_seed2,0.78320,1.17550,0.93407
pilot_LR40/pilot_phi0.325_Rave50um_LR40_seed2,0.78711,1.17550,0.93407
pilot_LR40/pilot_phi0.325_Rave50um_LR40_seed2,0.79102,1.00757,1.03786
pilot_LR40/pilot_phi0.325_Rave50um_LR40_seed2,0.79492,0.95159,1.03786
pilot_LR40/pilot_phi0.325_Rave50um_LR40_seed2,0.79883,1.06355,0.93407
pilot_LR40/pilot_phi0.325_Rave50um_LR40_seed2,0.80273,1.06355,0.88218
pilot_LR40/pilot_phi0.325_Rave50um_LR40_seed2,0.80664,1.00757,0.93407
pilot_LR40/pilot_phi0.325_Rave50um_LR40_seed2,0.81055,0.95159,0.93407
pilot_LR40/pilot_phi0.325_Rave50um_LR40_seed2,0.81445,1.00757,0.93407
pilot_LR40/pilot_phi0.325_Rave50um_LR40_seed2,0.81836,1.00757,1.03786
pilot_LR40/pilot_phi0.325_Rave50um_LR40_seed2,0.82227,0.95159,1.08975
pilot_LR40/pilot_phi0.325_Rave50um_LR40_seed2,0.82617,1.00757,1.08975
pilot_LR40/pilot_phi0.325_Rave50um_LR40_seed2,0.83008,1.00757,1.14164
pilot_LR40/pilot_phi0.325_Rave50um_LR40_seed2,0.83398,1.00757,1.19353
pilot_LR40/pilot_phi0.325_Rave50um_LR40_seed2,0.83789,1.06355,1.24543
pilot_LR40/pilot_phi0.325_Rave50um_LR40_seed2,0.84180,1.06355,1.19353
pilot_LR40/pilot_phi0.325_Rave50um_LR40_seed2,0.84570,1.06355,1.19353
pilot_LR40/pilot_phi0.325_Rave50um_LR40_seed2,0.84961,1.06355,1.24543
pilot_LR40/pilot_phi0.325_Rave50um_LR40_seed2,0.85352,1.00757,1.24543
pilot_LR40/pilot_phi0.325_Rave50um_LR40_seed2,0.85742,1.11952,1.14164
pilot_LR40/pilot_phi0.325_Rave50um_LR40_seed2,0.86133,1.06355,1.14164
pilot_LR40/pilot_phi0.325_Rave50um_LR40_seed2,0.86523,1.00757,0.93407
pilot_LR40/pilot_phi0.325_Rave50um_LR40_seed2,0.86914,1.06355,0.93407
pilot_LR40/pilot_phi0.325_Rave50um_LR40_seed2,0.87305,1.06355,0.88218
pilot_LR40/pilot_phi0.325_Rave50um_LR40_seed2,0.87695,1.06355,0.98596
pilot_LR40/pilot_phi0.325_Rave50um_LR40_seed2,0.88086,1.11952,0.98596
pilot_LR40/pilot_phi0.325_Rave50um_LR40_seed2,0.88477,1.11952,0.98596
pilot_LR40/pilot_phi0.325_Rave50um_LR40_seed2,0.88867,1.11952,0.93407
pilot_LR40/pilot_phi0.325_Rave50um_LR40_seed2,0.89258,1.17550,1.08975
pilot_LR40/pilot_phi0.325_Rave50um_LR40_seed2,0.89648,1.39940,1.14164
pilot_LR40/pilot_phi0.325_Rave50um_LR40_seed2,0.90039,1.45538,1.14164
pilot_LR40/pilot_phi0.325_Rave50um_LR40_seed2,0.90430,1.39940,1.14164
pilot_LR40/pilot_phi0.325_Rave50um_LR40_seed2,0.90820,1.45538,1.14164
pilot_LR40/pilot_phi0.325_Rave50um_LR40_seed2,0.91211,1.39940,1.08975
pilot_LR40/pilot_phi0.325_Rave50um_LR40_seed2,0.91602,1.39940,1.14164
pilot_LR40/pilot_phi0.325_Rave50um_LR40_seed2,0.91992,1.45538,1.24543
pilot_LR40/pilot_phi0.325_Rave50um_LR40_seed2,0.92383,1.39940,1.24543
pilot_LR40/pilot_phi0.325_Rave50um_LR40_seed2,0.92773,1.23148,1.24543
pilot_LR40/pilot_phi0.325_Rave50um_LR40_seed2,0.93164,1.23148,0.93407
pilot_LR40/pilot_phi0.325_Rave50um_LR40_seed2,0.93555,1.17550,0.72650
pilot_LR40/pilot_phi0.325_Rave50um_LR40_seed2,0.93945,1.06355,0.72650
pilot_LR40/pilot_phi0.325_Rave50um_LR40_seed2,0.94336,1.06355,0.72650
pilot_LR40/pilot_phi0.325_Rave50um_LR40_seed2,0.94727,1.06355,0.72650
pilot_LR40/pilot_phi0.325_Rave50um_LR40_seed2,0.95117,0.95159,0.72650
pilot_LR40/pilot_phi0.325_Rave50um_LR40_seed2,0.95508,0.95159,0.72650
pilot_LR40/pilot_phi0.325_Rave50um_LR40_seed2,0.95898,1.00757,0.67461
pilot_LR40/pilot_phi0.325_Rave50um_LR40_seed2,0.96289,0.95159,0.67461
pilot_LR40/pilot_phi0.325_Rave50um_LR40_seed2,0.96680,0.95159,0.57082
pilot_LR40/pilot_phi0.325_Rave50um_LR40_seed2,0.97070,1.00757,0.57082
pilot_LR40/pilot_phi0.325_Rave50um_LR40_seed2,0.97461,1.00757,0.46704
pilot_LR40/pilot_phi0.325_Rave50um_LR40_seed2,0.97852,0.89562,0.46704
pilot_LR40/pilot_phi0.325_Rave50um_LR40_seed2,0.98242,0.83964,0.46704
pilot_LR40/pilot_phi0.325_Rave50um_LR40_seed2,0.98633,0.83964,0.36325
pilot_LR40/pilot_phi0.325_Rave50um_LR40_seed2,0.99023,0.78367,0.51893
pilot_LR40/pilot_phi0.325_Rave50um_LR40_seed2,0.99414,0.78367,0.57082
pilot_LR40/pilot_phi0.325_Rave50um_LR40_seed2,0.99805,0.78367,0.57082
pilot_LR40/pilot_phi0.325_Rave50um_LR40_seed3,0.00195,0.83485,0.83580
pilot_LR40/pilot_phi0.325_Rave50um_LR40_seed3,0.00586,0.83485,0.88803
pilot_LR40/pilot_phi0.325_Rave50um_LR40_seed3,0.00977,0.89051,0.88803
pilot_LR40/pilot_phi0.325_Rave50um_LR40_seed3,0.01367,0.89051,1.04474
pilot_LR40/pilot_phi0.325_Rave50um_LR40_seed3,0.01758,0.89051,1.09698
pilot_LR40/pilot_phi0.325_Rave50um_LR40_seed3,0.02148,1.22445,1.09698
pilot_LR40/pilot_phi0.325_Rave50um_LR40_seed3,0.02539,1.11314,0.99251
pilot_LR40/pilot_phi0.325_Rave50um_LR40_seed3,0.02930,1.11314,0.99251
pilot_LR40/pilot_phi0.325_Rave50um_LR40_seed3,0.03320,0.94617,1.04474
pilot_LR40/pilot_phi0.325_Rave50um_LR40_seed3,0.03711,0.94617,1.04474
pilot_LR40/pilot_phi0.325_Rave50um_LR40_seed3,0.04102,0.94617,1.04474
pilot_LR40/pilot_phi0.325_Rave50um_LR40_seed3,0.04492,1.00182,0.99251
pilot_LR40/pilot_phi0.325_Rave50um_LR40_seed3,0.04883,1.00182,1.04474
pilot_LR40/pilot_phi0.325_Rave50um_LR40_seed3,0.05273,1.00182,1.04474
pilot_LR40/pilot_phi0.325_Rave50um_LR40_seed3,0.05664,0.94617,1.30593
pilot_LR40/pilot_phi0.325_Rave50um_LR40_seed3,0.06055,0.94617,1.35817
pilot_LR40/pilot_phi0.325_Rave50um_LR40_seed3,0.06445,0.89051,1.35817
pilot_LR40/pilot_phi0.325_Rave50um_LR40_seed3,0.06836,0.89051,1.35817
pilot_LR40/pilot_phi0.325_Rave50um_LR40_seed3,0.07227,0.89051,1.35817
pilot_LR40/pilot_phi0.325_Rave50um_LR40_seed3,0.07617,0.89051,1.35817
pilot_LR40/pilot_phi0.325_Rave50um_LR40_seed3,0.08008,0.89051,1.30593
pilot_LR40/pilot_phi0.325_Rave50um_LR40_seed3,0.08398,0.83485,1.30593
pilot_LR40/pilot_phi0.325_Rave50um_LR40_seed3,0.08789,0.89051,1.14922
pilot_LR40/pilot_phi0.325_Rave50um_LR40_seed3,0.09180,1.05748,1.09698
pilot_LR40/pilot_phi0.325_Rave50um_LR40_seed3,0.09570,1.11314,0.88803
pilot_LR40/pilot_phi0.325_Rave50um_LR40_seed3,0.09961,1.11314,0.83580
pilot_LR40/pilot_phi0.325_Rave50um_LR40_seed3,0.10352,1.11314,0.83580
pilot_LR40/pilot_phi0.325_Rave50um_LR40_seed3,0.10742,1.11314,0.83580
pilot_LR40/pilot_phi0.325_Rave50um_LR40_seed3,0.11133,1.11314,0.88803
pilot_LR40/pilot_phi0.325_Rave50um_LR40_seed3,0.11523,1.11314,0.88803
pilot_LR40/pilot_phi0.325_Rave50um_LR40_seed3,0.11914,1.16880,0.88803
pilot_LR40/pilot_phi0.325_Rave50um_LR40_seed3,0.12305,1.16880,0.88803
pilot_LR40/pilot_phi0.325_Rave50um_LR40_seed3,0.12695,1.16880,0.94027
pilot_LR40/pilot_phi0.325_Rave50um_LR40_seed3,0.13086,1.22445,0.94027
pilot_LR40/pilot_phi0.325_Rave50um_LR40_seed3,0.13477,1.22445,0.99251
pilot_LR40/pilot_phi0.325_Rave50um_LR40_seed3,0.13867,1.39142,0.99251
pilot_LR40/pilot_phi0.325_Rave50um_LR40_seed3,0.14258,1.39142,1.09698
pilot_LR40/pilot_phi0.325_Rave50um_LR40_seed3,0.14648,1.33577,1.14922
pilot_LR40/pilot_phi0.325_Rave50um_LR40_seed3,0.15039,1.33577,1.20146
pilot_LR40/pilot_phi0.325_Rave50um_LR40_seed3,0.15430,1.44708,1.20146
pilot_LR40/pilot_phi0.325_Rave50um_LR40_seed3,0.15820,1.44708,1.09698
pilot_LR40/pilot_phi0.325_Rave50um_LR40_seed3,0.16211,1.44708,1.09698
pilot_LR40/pilot_phi0.325_Rave50um_LR40_seed3,0.16602,1.33577,1.30593
pilot_LR40/pilot_phi0.325_Rave50um_LR40_seed3,0.16992,1.33577,1.41040
pilot_LR40/pilot_phi0.325_Rave50um_LR40_seed3,0.17383,1.39142,1.30593
pilot_LR40/pilot_phi0.325_Rave50um_LR40_seed3,0.17773,1.39142,1.30593
pilot_LR40/pilot_phi0.325_Rave50um_LR40_seed3,0.18164,1.44708,1.20146
pilot_LR40/pilot_phi0.325_Rave50um_LR40_seed3,0.18555,1.50274,1.14922
pilot_LR40/pilot_phi0.325_Rave50um_LR40_seed3,0.18945,1.44708,1.14922
pilot_LR40/pilot_phi0.325_Rave50um_LR40_seed3,0.19336,1.28011,1.14922
pilot_LR40/pilot_phi0.325_Rave50um_LR40_seed3,0.19727,1.22445,1.14922
pilot_LR40/pilot_phi0.325_Rave50um_LR40_seed3,0.20117,1.16880,1.20146
pilot_LR40/pilot_phi0.325_Rave50um_LR40_seed3,0.20508,1.11314,1.20146
pilot_LR40/pilot_phi0.325_Rave50um_LR40_seed3,0.20898,0.94617,1.25369
pilot_LR40/pilot_phi0.325_Rave50um_LR40_seed3,0.21289,0.94617,1.25369
pilot_LR40/pilot_phi0.325_Rave50um_LR40_seed3,0.21680,0.83485,1.14922
pilot_LR40/pilot_phi0.325_Rave50um_LR40_seed3,0.22070,0.83485,1.14922
pilot_LR40/pilot_phi0.325_Rave50um_LR40_seed3,0.22461,1.05748,1.25369
pilot_LR40/pilot_phi0.325_Rave50um_LR40_seed3,0.22852,1.05748,1.20146
pilot_LR40/pilot_phi0.325_Rave50um_LR40_seed3,0.23242,1.05748,1.09698
pilot_LR40/pilot_phi0.325_Rave50um_LR40_seed3,0.23633,1.05748,0.99251
pilot_LR40/pilot_phi0.325_Rave50um_LR40_seed3,0.24023,1.05748,0.94027
pilot_LR40/pilot_phi0.325_Rave50um_LR40_seed3,0.24414,0.83485,0.88803
pilot_LR40/pilot_phi0.325_Rave50um_LR40_seed3,0.24805,0.83485,0.83580
pilot_LR40/pilot_phi0.325_Rave50um_LR40_seed3,0.25195,0.89051,0.88803
pilot_LR40/pilot_phi0.325_Rave50um_LR40_seed3,0.25586,0.89051,0.88803
pilot_LR40/pilot_phi0.325_Rave50um_LR40_seed3,0.25977,0.94617,0.88803
pilot_LR40/pilot_phi0.325_Rave50um_LR40_seed3,0.26367,1.05748,0.94027
pilot_LR40/pilot_phi0.325_Rave50um_LR40_seed3,0.26758,1.05748,0.94027
pilot_LR40/pilot_phi0.325_Rave50um_LR40_seed3,0.27148,1.05748,1.04474
pilot_LR40/pilot_phi0.325_Rave50um_LR40_seed3,0.27539,1.05748,1.04474
pilot_LR40/pilot_phi0.325_Rave50um_LR40_seed3,0.27930,1.16880,1.04474
pilot_LR40/pilot_phi0.325_Rave50um_LR40_seed3,0.28320,1.16880,1.04474
pilot_LR40/pilot_phi0.325_Rave50um_LR40_seed3,0.28711,1.33577,1.09698
pilot_LR40/pilot_phi0.325_Rave50um_LR40_seed3,0.29102,1.39142,1.14922
pilot_LR40/pilot_phi0.325_Rave50um_LR40_seed3,0.29492,1.50274,1.20146
pilot_LR40/pilot_phi0.325_Rave50um_LR40_seed3,0.29883,1.55839,1.14922
pilot_LR40/pilot_phi0.325_Rave50um_LR40_seed3,0.30273,1.44708,1.25369
pilot_LR40/pilot_phi0.325_Rave50um_LR40_seed3,0.30664,1.39142,1.25369
pilot_LR40/pilot_phi0.325_Rave50um_LR40_seed3,0.31055,1.39142,1.35817
pilot_LR40/pilot_phi0.325_Rave50um_LR40_seed3,0.31445,1.44708,1.35817
pilot_LR40/pilot_phi0.325_Rave50um_LR40_seed3,0.31836,1.44708,1.35817
pilot_LR40/pilot_phi0.325_Rave50um_LR40_seed3,0.32227,1.33577,1.46264
pilot_LR40/pilot_phi0.325_Rave50um_LR40_seed3,0.32617,1.44708,1.41040
pilot_LR40/pilot_phi0.325_Rave50um_LR40_seed3,0.33008,1.39142,1.56712
pilot_LR40/pilot_phi0.325_Rave50um_LR40_seed3,0.33398,1.33577,1.51488
pilot_LR40/pilot_phi0.325_Rave50um_LR40_seed3,0.33789,1.33577,1.35817
pilot_LR40/pilot_phi0.325_Rave50um_LR40_seed3,0.34180,1.16880,1.35817
pilot_LR40/pilot_phi0.325_Rave50um_LR40_seed3,0.34570,1.05748,1.14922
pilot_LR40/pilot_phi0.325_Rave50um_LR40_seed3,0.34961,1.16880,1.14922
pilot_LR40/pilot_phi0.325_Rave50um_LR40_seed3,0.35352,1.22445,1.20146
pilot_LR40/pilot_phi0.325_Rave50um_LR40_seed3,0.35742,1.22445,1.09698
pilot_LR40/pilot_phi0.325_Rave50um_LR40_seed3,0.36133,1.22445,1.09698
pilot_LR40/pilot_phi0.325_Rave50um_LR40_seed3,0.36523,1.22445,1.09698
pilot_LR40/pilot_phi0.325_Rave50um_LR40_seed3,0.36914,1.22445,1.09698
pilot_LR40/pilot_phi0.325_Rave50um_LR40_seed3,0.37305,1.22445,1.14922
pilot_LR40/pilot_phi0.325_Rave50um_LR40_seed3,0.37695,1.16880,1.09698
pilot_LR40/pilot_phi0.325_Rave50um_LR40_seed3,0.38086,1.16880,1.14922
pilot_LR40/pilot_phi0.325_Rave50um_LR40_seed3,0.38477,1.11314,0.99251
pilot_LR40/pilot_phi0.325_Rave50um_LR40_seed3,0.38867,1.11314,0.99251
pilot_LR40/pilot_phi0.325_Rave50um_LR40_seed3,0.39258,1.11314,0.99251
pilot_LR40/pilot_phi0.325_Rave50um_LR40_seed3,0.39648,1.11314,1.04474
pilot_LR40/pilot_phi0.325_Rave50um_LR40_seed3,0.40039,1.16880,0.83580
pilot_LR40/pilot_phi0.325_Rave50um_LR40_seed3,0.40430,1.11314,0.83580
pilot_LR40/pilot_phi0.325_Rave50um_LR40_seed3,0.40820,1.16880,0.88803
pilot_LR40/pilot_phi0.325_Rave50um_LR40_seed3,0.41211,1.16880,0.88803
pilot_LR40/pilot_phi0.325_Rave50um_LR40_seed3,0.41602,0.94617,0.88803
pilot_LR40/pilot_phi0.325_Rave50um_LR40_seed3,0.41992,0.94617,0.94027
pilot_LR40/pilot_phi0.325_Rave50um_LR40_seed3,0.42383,0.77920,0.88803
pilot_LR40/pilot_phi0.325_Rave50um_LR40_seed3,0.42773,0.72354,0.78356
pilot_LR40/pilot_phi0.325_Rave50um_LR40_seed3,0.43164,0.83485,0.67908
pilot_LR40/pilot_phi0.325_Rave50um_LR40_seed3,0.43555,0.83485,0.67908
pilot_LR40/pilot_phi0.325_Rave50um_LR40_seed3,0.43945,0.83485,0.67908
pilot_LR40/pilot_phi0.325_Rave50um_LR40_seed3,0.44336,0.83485,0.67908
pilot_LR40/pilot_phi0.325_Rave50um_LR40_seed3,0.44727,0.83485,0.67908
pilot_LR40/pilot_phi0.325_Rave50um_LR40_seed3,0.45117,0.89051,0.67908
pilot_LR40/pilot_phi0.325_Rave50um_LR40_seed3,0.45508,0.77920,0.67908
pilot_LR40/pilot_phi0.325_Rave50um_LR40_seed3,0.45898,0.72354,0.67908
pilot_LR40/pilot_phi0.325_Rave50um_LR40_seed3,0.46289,0.66788,0.62685
pilot_LR40/pilot_phi0.325_Rave50um_LR40_seed3,0.46680,0.66788,0.73132
pilot_LR40/pilot_phi0.325_Rave50um_LR40_seed3,0.47070,0.72354,0.83580
pilot_LR40/pilot_phi0.325_Rave50um_LR40_seed3,0.47461,0.72354,0.73132
pilot_LR40/pilot_phi0.325_Rave50um_LR40_seed3,0.47852,0.77920,0.73132
pilot_LR40/pilot_phi0.325_Rave50um_LR40_seed3,0.48242,0.72354,0.67908
pilot_LR40/pilot_phi0.325_Rave50um_LR40_seed3,0.48633,0.72354,0.67908
pilot_LR40/pilot_phi0.325_Rave50um_LR40_seed3,0.49023,0.72354,0.62685
pilot_LR40/pilot_phi0.325_Rave50um_LR40_seed3,0.49414,0.72354,0.62685
pilot_LR40/pilot_phi0.325_Rave50um_LR40_seed3,0.49805,0.72354,0.62685
pilot_LR40/pilot_phi0.325_Rave50um_LR40_seed3,0.50195,0.72354,0.62685
pilot_LR40/pilot_phi0.325_Rave50um_LR40_seed3,0.50586,0.61223,0.57461
pilot_LR40/pilot_phi0.325_Rave50um_LR40_seed3,0.50977,0.61223,0.57461
pilot_LR40/pilot_phi0.325_Rave50um_LR40_seed3,0.51367,0.61223,0.52237
pilot_LR40/pilot_phi0.325_Rave50um_LR40_seed3,0.51758,0.61223,0.52237
pilot_LR40/pilot_phi0.325_Rave50um_LR40_seed3,0.52148,0.50091,0.52237
pilot_LR40/pilot_phi0.325_Rave50um_LR40_seed3,0.52539,0.50091,0.57461
pilot_LR40/pilot_phi0.325_Rave50um_LR40_seed3,0.52930,0.50091,0.57461
pilot_LR40/pilot_phi0.325_Rave50um_LR40_seed3,0.53320,0.50091,0.83580
pilot_LR40/pilot_phi0.325_Rave50um_LR40_seed3,0.53711,0.44526,0.83580
pilot_LR40/pilot_phi0.325_Rave50um_LR40_seed3,0.54102,0.44526,0.78356
pilot_LR40/pilot_phi0.325_Rave50um_LR40_seed3,0.54492,0.77920,0.88803
pilot_LR40/pilot_phi0.325_Rave50um_LR40_seed3,0.54883,0.83485,0.88803
pilot_LR40/pilot_phi0.325_Rave50um_LR40_seed3,0.55273,0.83485,0.99251
pilot_LR40/pilot_phi0.325_Rave50um_LR40_seed3,0.55664,0.83485,0.94027
pilot_LR40/pilot_phi0.325_Rave50um_LR40_seed3,0.56055,0.83485,0.94027
pilot_LR40/pilot_phi0.325_Rave50um_LR40_seed3,0.56445,0.83485,0.83580
pilot_LR40/pilot_phi0.325_Rave50um_LR40_seed3,0.56836,0.83485,0.83580
pilot_LR40/pilot_phi0.325_Rave50um_LR40_seed3,0.57227,0.83485,0.83580
pilot_LR40/pilot_phi0.325_Rave50um_LR40_seed3,0.57617,0.83485,0.83580
pilot_LR40/pilot_phi0.325_Rave50um_LR40_seed3,0.58008,0.83485,0.94027
pilot_LR40/pilot_phi0.325_Rave50um_LR40_seed3,0.58398,0.94617,0.94027
pilot_LR40/pilot_phi0.325_Rave50um_LR40_seed3,0.58789,0.94617,0.88803
pilot_LR40/pilot_phi0.325_Rave50um_LR40_seed3,0.59180,1.22445,0.83580
pilot_LR40/pilot_phi0.325_Rave50um_LR40_seed3,0.59570,1.22445,0.88803
pilot_LR40/pilot_phi0.325_Rave50um_LR40_seed3,0.59961,1.28011,0.94027
pilot_LR40/pilot_phi0.325_Rave50um_LR40_seed3,0.60352,1.44708,0.99251
pilot_LR40/pilot_phi0.325_Rave50um_LR40_seed3,0.60742,1.61405,0.99251
pilot_LR40/pilot_phi0.325_Rave50um_LR40_seed3,0.61133,1.78102,1.09698
pilot_LR40/pilot_phi0.325_Rave50um_LR40_seed3,0.61523,1.72536,0.94027
pilot_LR40/pilot_phi0.325_Rave50um_LR40_seed3,0.61914,1.61405,0.94027
pilot_LR40/pilot_phi0.325_Rave50um_LR40_seed3,0.62305,1.55839,0.88803
pilot_LR40/pilot_phi0.325_Rave50um_LR40_seed3,0.62695,1.55839,0.88803
pilot_LR40/pilot_phi0.325_Rave50um_LR40_seed3,0.63086,1.55839,0.83580
pilot_LR40/pilot_phi0.325_Rave50um_LR40_seed3,0.63477,1.50274,0.67908
pilot_LR40/pilot_phi0.325_Rave50um_LR40_seed3,0.63867,1.50274,0.67908
pilot_LR40/pilot_phi0.325_Rave50um_LR40_seed3,0.64258,1.33577,0.67908
pilot_LR40/pilot_phi0.325_Rave50um_LR40_seed3,0.64648,1.33577,0.67908
pilot_LR40/pilot_phi0.325_Rave50um_LR40_seed3,0.65039,1.22445,0.67908
pilot_LR40/pilot_phi0.325_Rave50um_LR40_seed3,0.65430,1.28011,0.73132
pilot_LR40/pilot_phi0.325_Rave50um_LR40_seed3,0.65820,1.22445,0.73132
pilot_LR40/pilot_phi0.325_Rave50um_LR40_seed3,0.66211,1.22445,0.88803
pilot_LR40/pilot_phi0.325_Rave50um_LR40_seed3,0.66602,1.22445,0.88803
pilot_LR40/pilot_phi0.325_Rave50um_LR40_seed3,0.66992,1.28011,1.04474
pilot_LR40/pilot_phi0.325_Rave50um_LR40_seed3,0.67383,1.22445,1.04474
pilot_LR40/pilot_phi0.325_Rave50um_LR40_seed3,0.67773,1.16880,1.04474
pilot_LR40/pilot_phi0.325_Rave50um_LR40_seed3,0.68164,1.16880,1.09698
pilot_LR40/pilot_phi0.325_Rave50um_LR40_seed3,0.68555,1.16880,1.09698
pilot_LR40/pilot_phi0.325_Rave50um_LR40_seed3,0.68945,1.16880,1.20146
pilot_LR40/pilot_phi0.325_Rave50um_LR40_seed3,0.69336,1.22445,1.41040
pilot_LR40/pilot_phi0.325_Rave50um_LR40_seed3,0.69727,1.16880,1.51488
pilot_LR40/pilot_phi0.325_Rave50um_LR40_seed3,0.70117,1.22445,1.56712
pilot_LR40/pilot_phi0.325_Rave50um_LR40_seed3,0.70508,1.28011,1.46264
pilot_LR40/pilot_phi0.325_Rave50um_LR40_seed3,0.70898,1.22445,1.46264
pilot_LR40/pilot_phi0.325_Rave50um_LR40_seed3,0.71289,1.22445,1.41040
pilot_LR40/pilot_phi0.325_Rave50um_LR40_seed3,0.71680,1.33577,1.25369
pilot_LR40/pilot_phi0.325_Rave50um_LR40_seed3,0.72070,1.39142,1.14922
pilot_LR40/pilot_phi0.325_Rave50um_LR40_seed3,0.72461,1.44708,0.73132
pilot_LR40/pilot_phi0.325_Rave50um_LR40_seed3,0.72852,1.33577,0.73132
pilot_LR40/pilot_phi0.325_Rave50um_LR40_seed3,0.73242,1.33577,0.73132
pilot_LR40/pilot_phi0.325_Rave50um_LR40_seed3,0.73633,1.33577,0.73132
pilot_LR40/pilot_phi0.325_Rave50um_LR40_seed3,0.74023,1.28011,0.78356
pilot_LR40/pilot_phi0.325_Rave50um_LR40_seed3,0.74414,1.28011,0.78356
pilot_LR40/pilot_phi0.325_Rave50um_LR40_seed3,0.74805,1.28011,0.78356
pilot_LR40/pilot_phi0.325_Rave50um_LR40_seed3,0.75195,1.22445,0.83580
pilot_LR40/pilot_phi0.325_Rave50um_LR40_seed3,0.75586,1.22445,0.78356
pilot_LR40/pilot_phi0.325_Rave50um_LR40_seed3,0.75977,1.28011,0.83580
pilot_LR40/pilot_phi0.325_Rave50um_LR40_seed3,0.76367,1.22445,0.83580
pilot_LR40/pilot_phi0.325_Rave50um_LR40_seed3,0.76758,1.11314,0.83580
pilot_LR40/pilot_phi0.325_Rave50um_LR40_seed3,0.77148,1.11314,0.99251
pilot_LR40/pilot_phi0.325_Rave50um_LR40_seed3,0.77539,1.11314,0.99251
pilot_LR40/pilot_phi0.325_Rave50um_LR40_seed3,0.77930,0.94617,0.88803
pilot_LR40/pilot_phi0.325_Rave50um_LR40_seed3,0.78320,0.94617,0.88803
pilot_LR40/pilot_phi0.325_Rave50um_LR40_seed3,0.78711,0.83485,0.99251
pilot_LR40/pilot_phi0.325_Rave50um_LR40_seed3,0.79102,0.72354,1.04474
pilot_LR40/pilot_phi0.325_Rave50um_LR40_seed3,0.79492,0.72354,1.09698
pilot_LR40/pilot_phi0.325_Rave50um_LR40_seed3,0.79883,0.72354,1.09698
pilot_LR40/pilot_phi0.325_Rave50um_LR40_seed3,0.80273,0.77920,1.09698
pilot_LR40/pilot_phi0.325_Rave50um_LR40_seed3,0.80664,0.72354,1.20146
pilot_LR40/pilot_phi0.325_Rave50um_LR40_seed3,0.81055,0.72354,1.35817
pilot_LR40/pilot_phi0.325_Rave50um_LR40_seed3,0.81445,0.77920,1.25369
pilot_LR40/pilot_phi0.325_Rave50um_LR40_seed3,0.81836,0.77920,1.25369
pilot_LR40/pilot_phi0.325_Rave50um_LR40_seed3,0.82227,0.77920,1.25369
pilot_LR40/pilot_phi0.325_Rave50um_LR40_seed3,0.82617,0.66788,1.25369
pilot_LR40/pilot_phi0.325_Rave50um_LR40_seed3,0.83008,0.66788,1.25369
pilot_LR40/pilot_phi0.325_Rave50um_LR40_seed3,0.83398,0.55657,1.14922
pilot_LR40/pilot_phi0.325_Rave50um_LR40_seed3,0.83789,0.55657,1.04474
pilot_LR40/pilot_phi0.325_Rave50um_LR40_seed3,0.84180,0.55657,0.99251
pilot_LR40/pilot_phi0.325_Rave50um_LR40_seed3,0.84570,0.50091,0.88803
pilot_LR40/pilot_phi0.325_Rave50um_LR40_seed3,0.84961,0.50091,0.88803
pilot_LR40/pilot_phi0.325_Rave50um_LR40_seed3,0.85352,0.50091,0.88803
pilot_LR40/pilot_phi0.325_Rave50um_LR40_seed3,0.85742,0.50091,0.88803
pilot_LR40/pilot_phi0.325_Rave50um_LR40_seed3,0.86133,0.50091,0.88803
pilot_LR40/pilot_phi0.325_Rave50um_LR40_seed3,0.86523,0.50091,0.73132
pilot_LR40/pilot_phi0.325_Rave50um_LR40_seed3,0.86914,0.38960,0.78356
pilot_LR40/pilot_phi0.325_Rave50um_LR40_seed3,0.87305,0.38960,0.78356
pilot_LR40/pilot_phi0.325_Rave50um_LR40_seed3,0.87695,0.38960,0.78356
pilot_LR40/pilot_phi0.325_Rave50um_LR40_seed3,0.88086,0.38960,0.88803
pilot_LR40/pilot_phi0.325_Rave50um_LR40_seed3,0.88477,0.44526,0.94027
pilot_LR40/pilot_phi0.325_Rave50um_LR40_seed3,0.88867,0.44526,0.99251
pilot_LR40/pilot_phi0.325_Rave50um_LR40_seed3,0.89258,0.55657,0.99251
pilot_LR40/pilot_phi0.325_Rave50um_LR40_seed3,0.89648,0.61223,0.99251
pilot_LR40/pilot_phi0.325_Rave50um_LR40_seed3,0.90039,0.50091,1.04474
pilot_LR40/pilot_phi0.325_Rave50um_LR40_seed3,0.90430,0.55657,1.14922
pilot_LR40/pilot_phi0.325_Rave50um_LR40_seed3,0.90820,0.50091,1.14922
pilot_LR40/pilot_phi0.325_Rave50um_LR40_seed3,0.91211,0.50091,1.14922
pilot_LR40/pilot_phi0.325_Rave50um_LR40_seed3,0.91602,0.50091,1.20146
pilot_LR40/pilot_phi0.325_Rave50um_LR40_seed3,0.91992,0.50091,1.20146
pilot_LR40/pilot_phi0.325_Rave50um_LR40_seed3,0.92383,0.50091,1.20146
pilot_LR40/pilot_phi0.325_Rave50um_LR40_seed3,0.92773,0.50091,1.14922
pilot_LR40/pilot_phi0.325_Rave50um_LR40_seed3,0.93164,0.50091,1.14922
pilot_LR40/pilot_phi0.325_Rave50um_LR40_seed3,0.93555,0.50091,0.99251
pilot_LR40/pilot_phi0.325_Rave50um_LR40_seed3,0.93945,0.55657,0.99251
pilot_LR40/pilot_phi0.325_Rave50um_LR40_seed3,0.94336,0.61223,0.99251
pilot_LR40/pilot_phi0.325_Rave50um_LR40_seed3,0.94727,0.66788,0.99251
pilot_LR40/pilot_phi0.325_Rave50um_LR40_seed3,0.95117,0.61223,1.09698
pilot_LR40/pilot_phi0.325_Rave50um_LR40_seed3,0.95508,0.77920,1.04474
pilot_LR40/pilot_phi0.325_Rave50um_LR40_seed3,0.95898,0.72354,1.04474
pilot_LR40/pilot_phi0.325_Rave50um_LR40_seed3,0.96289,0.77920,0.99251
pilot_LR40/pilot_phi0.325_Rave50um_LR40_seed3,0.96680,0.77920,0.94027
pilot_LR40/pilot_phi0.325_Rave50um_LR40_seed3,0.97070,0.77920,0.94027
pilot_LR40/pilot_phi0.325_Rave50um_LR40_seed3,0.97461,0.89051,0.88803
pilot_LR40/pilot_phi0.325_Rave50um_LR40_seed3,0.97852,0.89051,0.94027
pilot_LR40/pilot_phi0.325_Rave50um_LR40_seed3,0.98242,0.89051,0.99251
pilot_LR40/pilot_phi0.325_Rave50um_LR40_seed3,0.98633,0.94617,0.88803
pilot_LR40/pilot_phi0.325_Rave50um_LR40_seed3,0.99023,0.89051,0.94027
pilot_LR40/pilot_phi0.325_Rave50um_LR40_seed3,0.99414,0.89051,0.94027
pilot_LR40/pilot_phi0.325_Rave50um_LR40_seed3,0.99805,0.77920,0.94027
pilot_LR40/pilot_phi0.325_Rave50um_LR40_seed4,0.00195,0.28040,1.03091
pilot_LR40/pilot_phi0.325_Rave50um_LR40_seed4,0.00586,0.28040,1.08517
pilot_LR40/pilot_phi0.325_Rave50um_LR40_seed4,0.00977,0.28040,1.03091
pilot_LR40/pilot_phi0.325_Rave50um_LR40_seed4,0.01367,0.28040,0.97665
pilot_LR40/pilot_phi0.325_Rave50um_LR40_seed4,0.01758,0.39255,1.03091
pilot_LR40/pilot_phi0.325_Rave50um_LR40_seed4,0.02148,0.33647,1.03091
pilot_LR40/pilot_phi0.325_Rave50um_LR40_seed4,0.02539,0.33647,1.03091
pilot_LR40/pilot_phi0.325_Rave50um_LR40_seed4,0.02930,0.33647,1.08517
pilot_LR40/pilot_phi0.325_Rave50um_LR40_seed4,0.03320,0.39255,1.13943
pilot_LR40/pilot_phi0.325_Rave50um_LR40_seed4,0.03711,0.50471,0.97665
pilot_LR40/pilot_phi0.325_Rave50um_LR40_seed4,0.04102,0.50471,0.97665
pilot_LR40/pilot_phi0.325_Rave50um_LR40_seed4,0.04492,0.50471,0.92239
pilot_LR40/pilot_phi0.325_Rave50um_LR40_seed4,0.04883,0.67295,0.92239
pilot_LR40/pilot_phi0.325_Rave50um_LR40_seed4,0.05273,0.72903,1.03091
pilot_LR40/pilot_phi0.325_Rave50um_LR40_seed4,0.05664,0.72903,1.03091
pilot_LR40/pilot_phi0.325_Rave50um_LR40_seed4,0.06055,0.67295,1.13943
pilot_LR40/pilot_phi0.325_Rave50um_LR40_seed4,0.06445,0.67295,1.24794
pilot_LR40/pilot_phi0.325_Rave50um_LR40_seed4,0.06836,0.67295,1.19368
pilot_LR40/pilot_phi0.325_Rave50um_LR40_seed4,0.07227,0.67295,1.24794
pilot_LR40/pilot_phi0.325_Rave50um_LR40_seed4,0.07617,0.89726,1.24794
pilot_LR40/pilot_phi0.325_Rave50um_LR40_seed4,0.08008,0.95334,1.35646
pilot_LR40/pilot_phi0.325_Rave50um_LR40_seed4,0.08398,0.95334,1.19368
pilot_LR40/pilot_phi0.325_Rave50um_LR40_seed4,0.08789,0.95334,1.19368
pilot_LR40/pilot_phi0.325_Rave50um_LR40_seed4,0.09180,1.12158,1.24794
pilot_LR40/pilot_phi0.325_Rave50um_LR40_seed4,0.09570,1.17766,1.19368
pilot_LR40/pilot_phi0.325_Rave50um_LR40_seed4,0.09961,1.17766,1.13943
pilot_LR40/pilot_phi0.325_Rave50um_LR40_seed4,0.10352,1.23374,1.24794
pilot_LR40/pilot_phi0.325_Rave50um_LR40_seed4,0.10742,1.17766,1.08517
pilot_LR40/pilot_phi0.325_Rave50um_LR40_seed4,0.11133,1.23374,0.92239
pilot_LR40/pilot_phi0.325_Rave50um_LR40_seed4,0.11523,1.28982,1.03091
pilot_LR40/pilot_phi0.325_Rave50um_LR40_seed4,0.11914,1.28982,0.97665
pilot_LR40/pilot_phi0.325_Rave50um_LR40_seed4,0.12305,1.23374,0.97665
pilot_LR40/pilot_phi0.325_Rave50um_LR40_seed4,0.12695,1.23374,0.97665
pilot_LR40/pilot_phi0.325_Rave50um_LR40_seed4,0.13086,1.23374,0.97665
pilot_LR40/pilot_phi0.325_Rave50um_LR40_seed4,0.13477,1.12158,1.08517
pilot_LR40/pilot_phi0.325_Rave50um_LR40_seed4,0.13867,1.23374,0.97665
pilot_LR40/pilot_phi0.325_Rave50um_LR40_seed4,0.14258,1.23374,0.97665
pilot_LR40/pilot_phi0.325_Rave50um_LR40_seed4,0.14648,1.23374,0.92239
pilot_LR40/pilot_phi0.325_Rave50um_LR40_seed4,0.15039,1.34590,0.86813
pilot_LR40/pilot_phi0.325_Rave50um_LR40_seed4,0.15430,1.34590,0.86813
pilot_LR40/pilot_phi0.325_Rave50um_LR40_seed4,0.15820,1.28982,0.81388
pilot_LR40/pilot_phi0.325_Rave50um_LR40_seed4,0.16211,1.23374,0.81388
pilot_LR40/pilot_phi0.325_Rave50um_LR40_seed4,0.16602,1.28982,0.81388
pilot_LR40/pilot_phi0.325_Rave50um_LR40_seed4,0.16992,1.23374,0.75962
pilot_LR40/pilot_phi0.325_Rave50um_LR40_seed4,0.17383,1.12158,0.65110
pilot_LR40/pilot_phi0.325_Rave50um_LR40_seed4,0.17773,1.06550,0.54258
pilot_LR40/pilot_phi0.325_Rave50um_LR40_seed4,0.18164,1.00942,0.70536
pilot_LR40/pilot_phi0.325_Rave50um_LR40_seed4,0.18555,0.95334,0.70536
pilot_LR40/pilot_phi0.325_Rave50um_LR40_seed4,0.18945,0.95334,0.70536
pilot_LR40/pilot_phi0.325_Rave50um_LR40_seed4,0.19336,0.95334,0.70536
pilot_LR40/pilot_phi0.325_Rave50um_LR40_seed4,0.19727,1.06550,0.59684
pilot_LR40/pilot_phi0.325_Rave50um_LR40_seed4,0.20117,0.95334,0.70536
pilot_LR40/pilot_phi0.325_Rave50um_LR40_seed4,0.20508,0.95334,0.70536
pilot_LR40/pilot_phi0.325_Rave50um_LR40_seed4,0.20898,0.89726,0.70536
pilot_LR40/pilot_phi0.325_Rave50um_LR40_seed4,0.21289,0.89726,0.70536
pilot_LR40/pilot_phi0.325_Rave50um_LR40_seed4,0.21680,0.89726,0.70536
pilot_LR40/pilot_phi0.325_Rave50um_LR40_seed4,0.22070,0.72903,0.75962
pilot_LR40/pilot_phi0.325_Rave50um_LR40_seed4,0.22461,0.72903,0.75962
pilot_LR40/pilot_phi0.325_Rave50um_LR40_seed4,0.22852,0.89726,0.75962
pilot_LR40/pilot_phi0.325_Rave50um_LR40_seed4,0.23242,0.95334,0.75962
pilot_LR40/pilot_phi0.325_Rave50um_LR40_seed4,0.23633,0.95334,0.70536
pilot_LR40/pilot_phi0.325_Rave50um_LR40_seed4,0.24023,0.89726,0.75962
pilot_LR40/pilot_phi0.325_Rave50um_LR40_seed4,0.24414,0.89726,0.81388
pilot_LR40/pilot_phi0.325_Rave50um_LR40_seed4,0.24805,1.00942,0.81388
pilot_LR40/pilot_phi0.325_Rave50um_LR40_seed4,0.25195,0.95334,0.70536
pilot_LR40/pilot_phi0.325_Rave50um_LR40_seed4,0.25586,0.95334,0.75962
pilot_LR40/pilot_phi0.325_Rave50um_LR40_seed4,0.25977,1.00942,0.75962
pilot_LR40/pilot_phi0.325_Rave50um_LR40_seed4,0.26367,1.00942,0.92239
pilot_LR40/pilot_phi0.325_Rave50um_LR40_seed4,0.26758,0.95334,0.92239
pilot_LR40/pilot_phi0.325_Rave50um_LR40_seed4,0.27148,0.72903,0.81388
pilot_LR40/pilot_phi0.325_Rave50um_LR40_seed4,0.27539,0.72903,0.75962
pilot_LR40/pilot_phi0.325_Rave50um_LR40_seed4,0.27930,0.61687,0.75962
pilot_LR40/pilot_phi0.325_Rave50um_LR40_seed4,0.28320,0.84119,0.75962
pilot_LR40/pilot_phi0.325_Rave50um_LR40_seed4,0.28711,0.84119,0.75962
pilot_LR40/pilot_phi0.325_Rave50um_LR40_seed4,0.29102,0.84119,1.03091
pilot_LR40/pilot_phi0.325_Rave50um_LR40_seed4,0.29492,0.78511,0.97665
pilot_LR40/pilot_phi0.325_Rave50um_LR40_seed4,0.29883,0.78511,1.03091
pilot_LR40/pilot_phi0.325_Rave50um_LR40_seed4,0.30273,0.72903,0.92239
pilot_LR40/pilot_phi0.325_Rave50um_LR40_seed4,0.30664,0.78511,0.92239
pilot_LR40/pilot_phi0.325_Rave50um_LR40_seed4,0.31055,0.78511,0.92239
pilot_LR40/pilot_phi0.325_Rave50um_LR40_seed4,0.31445,0.84119,1.03091
pilot_LR40/pilot_phi0.325_Rave50um_LR40_seed4,0.31836,0.84119,1.03091
pilot_LR40/pilot_phi0.325_Rave50um_LR40_seed4,0.32227,0.84119,0.92239
pilot_LR40/pilot_phi0.325_Rave50um_LR40_seed4,0.32617,0.84119,0.92239
pilot_LR40/pilot_phi0.325_Rave50um_LR40_seed4,0.33008,0.89726,0.92239
pilot_LR40/pilot_phi0.325_Rave50um_LR40_seed4,0.33398,0.89726,0.92239
pilot_LR40/pilot_phi0.325_Rave50um_LR40_seed4,0.33789,0.89726,0.92239
pilot_LR40/pilot_phi0.325_Rave50um_LR40_seed4,0.34180,1.28982,1.03091
pilot_LR40/pilot_phi0.325_Rave50um_LR40_seed4,0.34570,1.17766,1.03091
pilot_LR40/pilot_phi0.325_Rave50um_LR40_seed4,0.34961,1.17766,1.03091
pilot_LR40/pilot_phi0.325_Rave50um_LR40_seed4,0.35352,1.28982,1.03091
pilot_LR40/pilot_phi0.325_Rave50um_LR40_seed4,0.35742,1.17766,1.08517
pilot_LR40/pilot_phi0.325_Rave50um_LR40_seed4,0.36133,1.17766,1.08517
pilot_LR40/pilot_phi0.325_Rave50um_LR40_seed4,0.36523,1.23374,1.08517
pilot_LR40/pilot_phi0.325_Rave50um_LR40_seed4,0.36914,1.12158,1.13943
pilot_LR40/pilot_phi0.325_Rave50um_LR40_seed4,0.37305,1.12158,1.08517
pilot_LR40/pilot_phi0.325_Rave50um_LR40_seed4,0.37695,1.12158,1.08517
pilot_LR40/pilot_phi0.325_Rave50um_LR40_seed4,0.38086,1.06550,1.19368
pilot_LR40/pilot_phi0.325_Rave50um_LR40_seed4,0.38477,1.06550,1.13943
pilot_LR40/pilot_phi0.325_Rave50um_LR40_seed4,0.38867,1.06550,1.13943
pilot_LR40/pilot_phi0.325_Rave50um_LR40_seed4,0.39258,1.06550,1.13943
pilot_LR40/pilot_phi0.325_Rave50um_LR40_seed4,0.39648,0.95334,1.13943
pilot_LR40/pilot_phi0.325_Rave50um_LR40_seed4,0.40039,0.95334,1.08517
pilot_LR40/pilot_phi0.325_Rave50um_LR40_seed4,0.40430,0.84119,1.13943
pilot_LR40/pilot_phi0.325_Rave50um_LR40_seed4,0.40820,0.78511,1.13943
pilot_LR40/pilot_phi0.325_Rave50um_LR40_seed4,0.41211,0.78511,1.24794
pilot_LR40/pilot_phi0.325_Rave50um_LR40_seed4,0.41602,0.78511,1.19368
pilot_LR40/pilot_phi0.325_Rave50um_LR40_seed4,0.41992,0.78511,1.24794
pilot_LR40/pilot_phi0.325_Rave50um_LR40_seed4,0.42383,0.78511,1.19368
pilot_LR40/pilot_phi0.325_Rave50um_LR40_seed4,0.42773,0.89726,1.19368
pilot_LR40/pilot_phi0.325_Rave50um_LR40_seed4,0.43164,0.95334,1.19368
pilot_LR40/pilot_phi0.325_Rave50um_LR40_seed4,0.43555,0.95334,1.19368
pilot_LR40/pilot_phi0.325_Rave50um_LR40_seed4,0.43945,1.00942,1.30220
pilot_LR40/pilot_phi0.325_Rave50um_LR40_seed4,0.44336,1.06550,1.24794
pilot_LR40/pilot_phi0.325_Rave50um_LR40_seed4,0.44727,1.06550,1.24794
pilot_LR40/pilot_phi0.325_Rave50um_LR40_seed4,0.45117,1.17766,1.30220
pilot_LR40/pilot_phi0.325_Rave50um_LR40_seed4,0.45508,1.17766,1.30220
pilot_LR40/pilot_phi0.325_Rave50um_LR40_seed4,0.45898,1.28982,1.30220
pilot_LR40/pilot_phi0.325_Rave50um_LR40_seed4,0.46289,1.28982,1.35646
pilot_LR40/pilot_phi0.325_Rave50um_LR40_seed4,0.46680,1.23374,1.35646
pilot_LR40/pilot_phi0.325_Rave50um_LR40_seed4,0.47070,1.12158,1.13943
pilot_LR40/pilot_phi0.325_Rave50um_LR40_seed4,0.47461,1.17766,1.41072
pilot_LR40/pilot_phi0.325_Rave50um_LR40_seed4,0.47852,1.12158,1.46498
pilot_LR40/pilot_phi0.325_Rave50um_LR40_seed4,0.48242,1.12158,1.46498
pilot_LR40/pilot_phi0.325_Rave50um_LR40_seed4,0.48633,1.12158,0.97665
pilot_LR40/pilot_phi0.325_Rave50um_LR40_seed4,0.49023,1.17766,0.97665
pilot_LR40/pilot_phi0.325_Rave50um_LR40_seed4,0.49414,1.17766,0.92239
pilot_LR40/pilot_phi0.325_Rave50um_LR40_seed4,0.49805,1.12158,0.92239
pilot_LR40/pilot_phi0.325_Rave50um_LR40_seed4,0.50195,1.12158,0.92239
pilot_LR40/pilot_phi0.325_Rave50um_LR40_seed4,0.50586,1.12158,0.97665
pilot_LR40/pilot_phi0.325_Rave50um_LR40_seed4,0.50977,1.12158,0.97665
pilot_LR40/pilot_phi0.325_Rave50um_LR40_seed4,0.51367,1.17766,0.81388
pilot_LR40/pilot_phi0.325_Rave50um_LR40_seed4,0.51758,1.17766,0.81388
pilot_LR40/pilot_phi0.325_Rave50um_LR40_seed4,0.52148,1.17766,0.81388
pilot_LR40/pilot_phi0.325_Rave50um_LR40_seed4,0.52539,1.06550,0.81388
pilot_LR40/pilot_phi0.325_Rave50um_LR40_seed4,0.52930,1.17766,0.81388
pilot_LR40/pilot_phi0.325_Rave50um_LR40_seed4,0.53320,1.17766,0.59684
pilot_LR40/pilot_phi0.325_Rave50um_LR40_seed4,0.53711,1.17766,0.54258
pilot_LR40/pilot_phi0.325_Rave50um_LR40_seed4,0.54102,1.17766,0.54258
pilot_LR40/pilot_phi0.325_Rave50um_LR40_seed4,0.54492,1.17766,0.48833
pilot_LR40/pilot_phi0.325_Rave50um_LR40_seed4,0.54883,1.23374,0.48833
pilot_LR40/pilot_phi0.325_Rave50um_LR40_seed4,0.55273,1.23374,0.54258
pilot_LR40/pilot_phi0.325_Rave50um_LR40_seed4,0.55664,1.23374,0.59684
pilot_LR40/pilot_phi0.325_Rave50um_LR40_seed4,0.56055,1.23374,0.59684
pilot_LR40/pilot_phi0.325_Rave50um_LR40_seed4,0.56445,1.17766,0.70536
pilot_LR40/pilot_phi0.325_Rave50um_LR40_seed4,0.56836,1.12158,0.81388
pilot_LR40/pilot_phi0.325_Rave50um_LR40_seed4,0.57227,1.00942,0.86813
pilot_LR40/pilot_phi0.325_Rave50um_LR40_seed4,0.57617,1.00942,1.19368
pilot_LR40/pilot_phi0.325_Rave50um_LR40_seed4,0.58008,1.00942,1.19368
pilot_LR40/pilot_phi0.325_Rave50um_LR40_seed4,0.58398,1.06550,1.13943
pilot_LR40/pilot_phi0.325_Rave50um_LR40_seed4,0.58789,1.23374,1.19368
pilot_LR40/pilot_phi0.325_Rave50um_LR40_seed4,0.59180,1.23374,1.13943
pilot_LR40/pilot_phi0.325_Rave50um_LR40_seed4,0.59570,1.23374,1.08517
pilot_LR40/pilot_phi0.325_Rave50um_LR40_seed4,0.59961,1.23374,1.03091
pilot_LR40/pilot_phi0.325_Rave50um_LR40_seed4,0.60352,1.28982,1.03091
pilot_LR40/pilot_phi0.325_Rave50um_LR40_seed4,0.60742,1.34590,1.13943
pilot_LR40/pilot_phi0.325_Rave50um_LR40_seed4,0.61133,1.34590,1.08517
pilot_LR40/pilot_phi0.325_Rave50um_LR40_seed4,0.61523,1.34590,1.19368
pilot_LR40/pilot_phi0.325_Rave50um_LR40_seed4,0.61914,1.45806,1.19368
pilot_LR40/pilot_phi0.325_Rave50um_LR40_seed4,0.62305,1.45806,1.08517
pilot_LR40/pilot_phi0.325_Rave50um_LR40_seed4,0.62695,1.45806,1.08517
pilot_LR40/pilot_phi0.325_Rave50um_LR40_seed4,0.63086,1.45806,1.08517
pilot_LR40/pilot_phi0.325_Rave50um_LR40_seed4,0.63477,1.45806,1.08517
pilot_LR40/pilot_phi0.325_Rave50um_LR40_seed4,0.63867,1.45806,1.08517
pilot_LR40/pilot_phi0.325_Rave50um_LR40_seed4,0.64258,1.45806,1.13943
pilot_LR40/pilot_phi0.325_Rave50um_LR40_seed4,0.64648,1.40198,1.13943
pilot_LR40/pilot_phi0.325_Rave50um_LR40_seed4,0.65039,1.28982,1.13943
pilot_LR40/pilot_phi0.325_Rave50um_LR40_seed4,0.65430,1.28982,1.08517
pilot_LR40/pilot_phi0.325_Rave50um_LR40_seed4,0.65820,1.17766,1.08517
pilot_LR40/pilot_phi0.325_Rave50um_LR40_seed4,0.66211,1.12158,0.97665
pilot_LR40/pilot_phi0.325_Rave50um_LR40_seed4,0.66602,1.00942,0.97665
pilot_LR40/pilot_phi0.325_Rave50um_LR40_seed4,0.66992,1.00942,1.13943
pilot_LR40/pilot_phi0.325_Rave50um_LR40_seed4,0.67383,1.00942,1.13943
pilot_LR40/pilot_phi0.325_Rave50um_LR40_seed4,0.67773,1.00942,1.13943
pilot_LR40/pilot_phi0.325_Rave50um_LR40_seed4,0.68164,0.89726,1.13943
pilot_LR40/pilot_phi0.325_Rave50um_LR40_seed4,0.68555,0.84119,1.24794
pilot_LR40/pilot_phi0.325_Rave50um_LR40_seed4,0.68945,0.84119,1.24794
pilot_LR40/pilot_phi0.325_Rave50um_LR40_seed4,0.69336,0.84119,1.19368
pilot_LR40/pilot_phi0.325_Rave50um_LR40_seed4,0.69727,0.95334,1.19368
pilot_LR40/pilot_phi0.325_Rave50um_LR40_seed4,0.70117,0.84119,1.08517
pilot_LR40/pilot_phi0.325_Rave50um_LR40_seed4,0.70508,0.84119,1.03091
pilot_LR40/pilot_phi0.325_Rave50um_LR40_seed4,0.70898,0.84119,1.08517
pilot_LR40/pilot_phi0.325_Rave50um_LR40_seed4,0.71289,0.84119,1.13943
pilot_LR40/pilot_phi0.325_Rave50um_LR40_seed4,0.71680,0.78511,1.13943
pilot_LR40/pilot_phi0.325_Rave50um_LR40_seed4,0.72070,0.84119,1.13943
pilot_LR40/pilot_phi0.325_Rave50um_LR40_seed4,0.72461,0.84119,1.19368
pilot_LR40/pilot_phi0.325_Rave50um_LR40_seed4,0.72852,0.78511,1.30220
pilot_LR40/pilot_phi0.325_Rave50um_LR40_seed4,0.73242,0.84119,1.35646
pilot_LR40/pilot_phi0.325_Rave50um_LR40_seed4,0.73633,0.84119,1.35646
pilot_LR40/pilot_phi0.325_Rave50um_LR40_seed4,0.74023,0.95334,1.35646
pilot_LR40/pilot_phi0.325_Rave50um_LR40_seed4,0.74414,0.95334,1.30220
pilot_LR40/pilot_phi0.325_Rave50um_LR40_seed4,0.74805,0.84119,1.30220
pilot_LR40/pilot_phi0.325_Rave50um_LR40_seed4,0.75195,1.00942,1.24794
pilot_LR40/pilot_phi0.325_Rave50um_LR40_seed4,0.75586,1.00942,1.13943
pilot_LR40/pilot_phi0.325_Rave50um_LR40_seed4,0.75977,1.00942,1.13943
pilot_LR40/pilot_phi0.325_Rave50um_LR40_seed4,0.76367,1.00942,1.19368
pilot_LR40/pilot_phi0.325_Rave50um_LR40_seed4,0.76758,0.95334,1.19368
pilot_LR40/pilot_phi0.325_Rave50um_LR40_seed4,0.77148,0.95334,1.19368
pilot_LR40/pilot_phi0.325_Rave50um_LR40_seed4,0.77539,0.95334,1.08517
pilot_LR40/pilot_phi0.325_Rave50um_LR40_seed4,0.77930,0.84119,1.08517
pilot_LR40/pilot_phi0.325_Rave50um_LR40_seed4,0.78320,0.84119,1.03091
pilot_LR40/pilot_phi0.325_Rave50um_LR40_seed4,0.78711,0.84119,1.03091
pilot_LR40/pilot_phi0.325_Rave50um_LR40_seed4,0.79102,0.84119,1.03091
pilot_LR40/pilot_phi0.325_Rave50um_LR40_seed4,0.79492,0.84119,1.08517
pilot_LR40/pilot_phi0.325_Rave50um_LR40_seed4,0.79883,0.84119,1.03091
pilot_LR40/pilot_phi0.325_Rave50um_LR40_seed4,0.80273,0.67295,1.03091
pilot_LR40/pilot_phi0.325_Rave50um_LR40_seed4,0.80664,0.67295,0.97665
pilot_LR40/pilot_phi0.325_Rave50um_LR40_seed4,0.81055,0.67295,0.97665
pilot_LR40/pilot_phi0.325_Rave50um_LR40_seed4,0.81445,0.84119,1.03091
pilot_LR40/pilot_phi0.325_Rave50um_LR40_seed4,0.81836,0.95334,1.03091
pilot_LR40/pilot_phi0.325_Rave50um_LR40_seed4,0.82227,0.89726,1.03091
pilot_LR40/pilot_phi0.325_Rave50um_LR40_seed4,0.82617,0.89726,1.13943
pilot_LR40/pilot_phi0.325_Rave50um_LR40_seed4,0.83008,0.84119,1.13943
pilot_LR40/pilot_phi0.325_Rave50um_LR40_seed4,0.83398,0.84119,1.13943
pilot_LR40/pilot_phi0.325_Rave50um_LR40_seed4,0.83789,0.84119,1.13943
pilot_LR40/pilot_phi0.325_Rave50um_LR40_seed4,0.84180,0.95334,1.08517
pilot_LR40/pilot_phi0.325_Rave50um_LR40_seed4,0.84570,1.00942,1.13943
pilot_LR40/pilot_phi0.325_Rave50um_LR40_seed4,0.84961,0.95334,1.08517
pilot_LR40/pilot_phi0.325_Rave50um_LR40_seed4,0.85352,0.95334,1.08517
pilot_LR40/pilot_phi0.325_Rave50um_LR40_seed4,0.85742,0.95334,1.03091
pilot_LR40/pilot_phi0.325_Rave50um_LR40_seed4,0.86133,1.00942,0.97665
pilot_LR40/pilot_phi0.325_Rave50um_LR40_seed4,0.86523,0.95334,0.97665
pilot_LR40/pilot_phi0.325_Rave50um_LR40_seed4,0.86914,0.95334,0.92239
pilot_LR40/pilot_phi0.325_Rave50um_LR40_seed4,0.87305,0.78511,0.97665
pilot_LR40/pilot_phi0.325_Rave50um_LR40_seed4,0.87695,0.78511,0.97665
pilot_LR40/pilot_phi0.325_Rave50um_LR40_seed4,0.88086,0.78511,0.92239
pilot_LR40/pilot_phi0.325_Rave50um_LR40_seed4,0.88477,0.78511,0.92239
pilot_LR40/pilot_phi0.325_Rave50um_LR40_seed4,0.88867,0.84119,0.97665
pilot_LR40/pilot_phi0.325_Rave50um_LR40_seed4,0.89258,0.84119,0.81388
pilot_LR40/pilot_phi0.325_Rave50um_LR40_seed4,0.89648,0.78511,0.86813
pilot_LR40/pilot_phi0.325_Rave50um_LR40_seed4,0.90039,0.78511,0.75962
pilot_LR40/pilot_phi0.325_Rave50um_LR40_seed4,0.90430,1.06550,0.75962
pilot_LR40/pilot_phi0.325_Rave50um_LR40_seed4,0.90820,1.06550,0.75962
pilot_LR40/pilot_phi0.325_Rave50um_LR40_seed4,0.91211,1.06550,0.75962
pilot_LR40/pilot_phi0.325_Rave50um_LR40_seed4,0.91602,1.06550,0.75962
pilot_LR40/pilot_phi0.325_Rave50um_LR40_seed4,0.91992,1.06550,0.81388
pilot_LR40/pilot_phi0.325_Rave50um_LR40_seed4,0.92383,1.06550,0.86813
pilot_LR40/pilot_phi0.325_Rave50um_LR40_seed4,0.92773,1.06550,0.86813
pilot_LR40/pilot_phi0.325_Rave50um_LR40_seed4,0.93164,1.00942,0.81388
pilot_LR40/pilot_phi0.325_Rave50um_LR40_seed4,0.93555,1.00942,0.81388
pilot_LR40/pilot_phi0.325_Rave50um_LR40_seed4,0.93945,1.06550,0.81388
pilot_LR40/pilot_phi0.325_Rave50um_LR40_seed4,0.94336,1.12158,0.70536
pilot_LR40/pilot_phi0.325_Rave50um_LR40_seed4,0.94727,0.95334,0.70536
pilot_LR40/pilot_phi0.325_Rave50um_LR40_seed4,0.95117,0.95334,0.75962
pilot_LR40/pilot_phi0.325_Rave50um_LR40_seed4,0.95508,0.95334,0.81388
pilot_LR40/pilot_phi0.325_Rave50um_LR40_seed4,0.95898,0.95334,0.81388
pilot_LR40/pilot_phi0.325_Rave50um_LR40_seed4,0.96289,0.95334,0.92239
pilot_LR40/pilot_phi0.325_Rave50um_LR40_seed4,0.96680,0.89726,0.97665
pilot_LR40/pilot_phi0.325_Rave50um_LR40_seed4,0.97070,0.95334,0.92239
pilot_LR40/pilot_phi0.325_Rave50um_LR40_seed4,0.97461,0.72903,0.92239
pilot_LR40/pilot_phi0.325_Rave50um_LR40_seed4,0.97852,0.56079,0.97665
pilot_LR40/pilot_phi0.325_Rave50um_LR40_seed4,0.98242,0.50471,1.03091
pilot_LR40/pilot_phi0.325_Rave50um_LR40_seed4,0.98633,0.39255,1.03091
pilot_LR40/pilot_phi0.325_Rave50um_LR40_seed4,0.99023,0.33647,0.97665
pilot_LR40/pilot_phi0.325_Rave50um_LR40_seed4,0.99414,0.33647,1.03091
pilot_LR40/pilot_phi0.325_Rave50um_LR40_seed4,0.99805,0.33647,1.03091
rev_LR64/rev_phi0.325_Rave50um_LR64_seed1,0.00195,0.72223,0.98426
rev_LR64/rev_phi0.325_Rave50um_LR64_seed1,0.00586,0.72223,0.98426
rev_LR64/rev_phi0.325_Rave50um_LR64_seed1,0.00977,0.75662,0.98426
rev_LR64/rev_phi0.325_Rave50um_LR64_seed1,0.01367,0.68784,0.98426
rev_LR64/rev_phi0.325_Rave50um_LR64_seed1,0.01758,0.79101,0.95145
rev_LR64/rev_phi0.325_Rave50um_LR64_seed1,0.02148,0.82541,0.95145
rev_LR64/rev_phi0.325_Rave50um_LR64_seed1,0.02539,0.85980,1.04987
rev_LR64/rev_phi0.325_Rave50um_LR64_seed1,0.02930,0.82541,1.08268
rev_LR64/rev_phi0.325_Rave50um_LR64_seed1,0.03320,1.03176,1.01707
rev_LR64/rev_phi0.325_Rave50um_LR64_seed1,0.03711,1.10054,0.95145
rev_LR64/rev_phi0.325_Rave50um_LR64_seed1,0.04102,1.20372,0.95145
rev_LR64/rev_phi0.325_Rave50um_LR64_seed1,0.04492,1.27250,0.91864
rev_LR64/rev_phi0.325_Rave50um_LR64_seed1,0.04883,1.20372,1.01707
rev_LR64/rev_phi0.325_Rave50um_LR64_seed1,0.05273,1.10054,1.01707
rev_LR64/rev_phi0.325_Rave50um_LR64_seed1,0.05664,1.10054,0.98426
rev_LR64/rev_phi0.325_Rave50um_LR64_seed1,0.06055,1.03176,1.04987
rev_LR64/rev_phi0.325_Rave50um_LR64_seed1,0.06445,0.96297,1.04987
rev_LR64/rev_phi0.325_Rave50um_LR64_seed1,0.06836,1.10054,1.08268
rev_LR64/rev_phi0.325_Rave50um_LR64_seed1,0.07227,1.13493,1.04987
rev_LR64/rev_phi0.325_Rave50um_LR64_seed1,0.07617,0.96297,1.01707
rev_LR64/rev_phi0.325_Rave50um_LR64_seed1,0.08008,0.96297,0.95145
rev_LR64/rev_phi0.325_Rave50um_LR64_seed1,0.08398,0.96297,0.95145
rev_LR64/rev_phi0.325_Rave50um_LR64_seed1,0.08789,0.92858,0.95145
rev_LR64/rev_phi0.325_Rave50um_LR64_seed1,0.09180,0.92858,1.01707
rev_LR64/rev_phi0.325_Rave50um_LR64_seed1,0.09570,1.06615,1.01707
rev_LR64/rev_phi0.325_Rave50um_LR64_seed1,0.09961,1.10054,0.91864
rev_LR64/rev_phi0.325_Rave50um_LR64_seed1,0.10352,1.06615,0.91864
rev_LR64/rev_phi0.325_Rave50um_LR64_seed1,0.10742,1.16932,0.98426
rev_LR64/rev_phi0.325_Rave50um_LR64_seed1,0.11133,1.23811,0.88583
rev_LR64/rev_phi0.325_Rave50um_LR64_seed1,0.11523,1.23811,0.88583
rev_LR64/rev_phi0.325_Rave50um_LR64_seed1,0.11914,1.16932,0.98426
rev_LR64/rev_phi0.325_Rave50um_LR64_seed1,0.12305,1.13493,0.91864
rev_LR64/rev_phi0.325_Rave50um_LR64_seed1,0.12695,1.03176,0.91864
rev_LR64/rev_phi0.325_Rave50um_LR64_seed1,0.13086,1.06615,0.95145
rev_LR64/rev_phi0.325_Rave50um_LR64_seed1,0.13477,1.10054,1.04987
rev_LR64/rev_phi0.325_Rave50um_LR64_seed1,0.13867,0.92858,1.08268
rev_LR64/rev_phi0.325_Rave50um_LR64_seed1,0.14258,0.89419,1.08268
rev_LR64/rev_phi0.325_Rave50um_LR64_seed1,0.14648,0.68784,1.11549
rev_LR64/rev_phi0.325_Rave50um_LR64_seed1,0.15039,0.68784,1.14830
rev_LR64/rev_phi0.325_Rave50um_LR64_seed1,0.15430,0.68784,1.04987
rev_LR64/rev_phi0.325_Rave50um_LR64_seed1,0.15820,0.68784,0.98426
rev_LR64/rev_phi0.325_Rave50um_LR64_seed1,0.16211,0.75662,0.98426
rev_LR64/rev_phi0.325_Rave50um_LR64_seed1,0.16602,0.82541,0.88583
rev_LR64/rev_phi0.325_Rave50um_LR64_seed1,0.16992,0.82541,0.85302
rev_LR64/rev_phi0.325_Rave50um_LR64_seed1,0.17383,0.89419,0.88583
rev_LR64/rev_phi0.325_Rave50um_LR64_seed1,0.17773,0.92858,0.85302
rev_LR64/rev_phi0.325_Rave50um_LR64_seed1,0.18164,0.96297,0.88583
rev_LR64/rev_phi0.325_Rave50um_LR64_seed1,0.18555,1.16932,0.88583
rev_LR64/rev_phi0.325_Rave50um_LR64_seed1,0.18945,1.13493,0.85302
rev_LR64/rev_phi0.325_Rave50um_LR64_seed1,0.19336,1.20372,1.04987
rev_LR64/rev_phi0.325_Rave50um_LR64_seed1,0.19727,1.30689,1.04987
rev_LR64/rev_phi0.325_Rave50um_LR64_seed1,0.20117,1.30689,1.24673
rev_LR64/rev_phi0.325_Rave50um_LR64_seed1,0.20508,1.23811,1.08268
rev_LR64/rev_phi0.325_Rave50um_LR64_seed1,0.20898,1.23811,1.11549
rev_LR64/rev_phi0.325_Rave50um_LR64_seed1,0.21289,1.27250,1.14830
rev_LR64/rev_phi0.325_Rave50um_LR64_seed1,0.21680,1.37568,1.21392
rev_LR64/rev_phi0.325_Rave50um_LR64_seed1,0.22070,1.20372,1.24673
rev_LR64/rev_phi0.325_Rave50um_LR64_seed1,0.22461,1.20372,1.21392
rev_LR64/rev_phi0.325_Rave50um_LR64_seed1,0.22852,1.23811,1.21392
rev_LR64/rev_phi0.325_Rave50um_LR64_seed1,0.23242,1.30689,1.24673
rev_LR64/rev_phi0.325_Rave50um_LR64_seed1,0.23633,1.20372,1.14830
rev_LR64/rev_phi0.325_Rave50um_LR64_seed1,0.24023,1.13493,1.04987
rev_LR64/rev_phi0.325_Rave50um_LR64_seed1,0.24414,1.16932,1.04987
rev_LR64/rev_phi0.325_Rave50um_LR64_seed1,0.24805,1.20372,1.01707
rev_LR64/rev_phi0.325_Rave50um_LR64_seed1,0.25195,1.20372,0.98426
rev_LR64/rev_phi0.325_Rave50um_LR64_seed1,0.25586,1.10054,0.78741
rev_LR64/rev_phi0.325_Rave50um_LR64_seed1,0.25977,1.13493,0.78741
rev_LR64/rev_phi0.325_Rave50um_LR64_seed1,0.26367,1.10054,0.85302
rev_LR64/rev_phi0.325_Rave50um_LR64_seed1,0.26758,1.03176,0.95145
rev_LR64/rev_phi0.325_Rave50um_LR64_seed1,0.27148,1.10054,0.95145
rev_LR64/rev_phi0.325_Rave50um_LR64_seed1,0.27539,0.99737,1.11549
rev_LR64/rev_phi0.325_Rave50um_LR64_seed1,0.27930,0.92858,1.24673
rev_LR64/rev_phi0.325_Rave50um_LR64_seed1,0.28320,0.92858,1.21392
rev_LR64/rev_phi0.325_Rave50um_LR64_seed1,0.28711,0.92858,1.18111
rev_LR64/rev_phi0.325_Rave50um_LR64_seed1,0.29102,0.85980,1.27953
rev_LR64/rev_phi0.325_Rave50um_LR64_seed1,0.29492,0.89419,1.18111
rev_LR64/rev_phi0.325_Rave50um_LR64_seed1,0.29883,1.03176,1.24673
rev_LR64/rev_phi0.325_Rave50um_LR64_seed1,0.30273,0.96297,1.27953
rev_LR64/rev_phi0.325_Rave50um_LR64_seed1,0.30664,0.96297,1.18111
rev_LR64/rev_phi0.325_Rave50um_LR64_seed1,0.31055,0.89419,1.24673
rev_LR64/rev_phi0.325_Rave50um_LR64_seed1,0.31445,0.99737,1.18111
rev_LR64/rev_phi0.325_Rave50um_LR64_seed1,0.31836,1.03176,1.08268
rev_LR64/rev_phi0.325_Rave50um_LR64_seed1,0.32227,1.03176,0.98426
rev_LR64/rev_phi0.325_Rave50um_LR64_seed1,0.32617,1.13493,0.98426
rev_LR64/rev_phi0.325_Rave50um_LR64_seed1,0.33008,1.16932,1.01707
rev_LR64/rev_phi0.325_Rave50um_LR64_seed1,0.33398,1.13493,0.98426
rev_LR64/rev_phi0.325_Rave50um_LR64_seed1,0.33789,1.16932,0.95145
rev_LR64/rev_phi0.325_Rave50um_LR64_seed1,0.34180,1.20372,0.98426
rev_LR64/rev_phi0.325_Rave50um_LR64_seed1,0.34570,1.30689,1.01707
rev_LR64/rev_phi0.325_Rave50um_LR64_seed1,0.34961,1.27250,1.08268
rev_LR64/rev_phi0.325_Rave50um_LR64_seed1,0.35352,1.27250,1.08268
rev_LR64/rev_phi0.325_Rave50um_LR64_seed1,0.35742,1.34128,1.08268
rev_LR64/rev_phi0.325_Rave50um_LR64_seed1,0.36133,1.23811,1.14830
rev_LR64/rev_phi0.325_Rave50um_LR64_seed1,0.36523,1.23811,1.24673
rev_LR64/rev_phi0.325_Rave50um_LR64_seed1,0.36914,1.16932,1.24673
rev_LR64/rev_phi0.325_Rave50um_LR64_seed1,0.37305,1.23811,1.31234
rev_LR64/rev_phi0.325_Rave50um_LR64_seed1,0.37695,1.20372,1.31234
rev_LR64/rev_phi0.325_Rave50um_LR64_seed1,0.38086,1.13493,1.18111
rev_LR64/rev_phi0.325_Rave50um_LR64_seed1,0.38477,1.20372,1.18111
rev_LR64/rev_phi0.325_Rave50um_LR64_seed1,0.38867,1.13493,1.14830
rev_LR64/rev_phi0.325_Rave50um_LR64_seed1,0.39258,1.06615,1.11549
rev_LR64/rev_phi0.325_Rave50um_LR64_seed1,0.39648,1.03176,1.18111
rev_LR64/rev_phi0.325_Rave50um_LR64_seed1,0.40039,1.13493,1.14830
rev_LR64/rev_phi0.325_Rave50um_LR64_seed1,0.40430,1.10054,1.11549
rev_LR64/rev_phi0.325_Rave50um_LR64_seed1,0.40820,1.13493,0.98426
rev_LR64/rev_phi0.325_Rave50um_LR64_seed1,0.41211,1.13493,1.01707
rev_LR64/rev_phi0.325_Rave50um_LR64_seed1,0.41602,1.10054,1.01707
rev_LR64/rev_phi0.325_Rave50um_LR64_seed1,0.41992,1.06615,0.91864
rev_LR64/rev_phi0.325_Rave50um_LR64_seed1,0.42383,1.03176,0.91864
rev_LR64/rev_phi0.325_Rave50um_LR64_seed1,0.42773,0.92858,0.91864
rev_LR64/rev_phi0.325_Rave50um_LR64_seed1,0.43164,1.13493,0.88583
rev_LR64/rev_phi0.325_Rave50um_LR64_seed1,0.43555,0.99737,0.95145
rev_LR64/rev_phi0.325_Rave50um_LR64_seed1,0.43945,0.99737,0.88583
rev_LR64/rev_phi0.325_Rave50um_LR64_seed1,0.44336,0.89419,0.88583
rev_LR64/rev_phi0.325_Rave50um_LR64_seed1,0.44727,0.96297,0.88583
rev_LR64/rev_phi0.325_Rave50um_LR64_seed1,0.45117,1.13493,0.95145
rev_LR64/rev_phi0.325_Rave50um_LR64_seed1,0.45508,1.10054,0.98426
rev_LR64/rev_phi0.325_Rave50um_LR64_seed1,0.45898,1.10054,0.95145
rev_LR64/rev_phi0.325_Rave50um_LR64_seed1,0.46289,1.10054,1.04987
rev_LR64/rev_phi0.325_Rave50um_LR64_seed1,0.46680,1.16932,1.04987
rev_LR64/rev_phi0.325_Rave50um_LR64_seed1,0.47070,1.13493,1.11549
rev_LR64/rev_phi0.325_Rave50um_LR64_seed1,0.47461,1.20372,1.18111
rev_LR64/rev_phi0.325_Rave50um_LR64_seed1,0.47852,1.16932,1.14830
rev_LR64/rev_phi0.325_Rave50um_LR64_seed1,0.48242,1.03176,1.14830
rev_LR64/rev_phi0.325_Rave50um_LR64_seed1,0.48633,1.10054,1.08268
rev_LR64/rev_phi0.325_Rave50um_LR64_seed1,0.49023,1.06615,1.14830
rev_LR64/rev_phi0.325_Rave50um_LR64_seed1,0.49414,0.99737,1.01707
rev_LR64/rev_phi0.325_Rave50um_LR64_seed1,0.49805,0.96297,1.04987
rev_LR64/rev_phi0.325_Rave50um_LR64_seed1,0.50195,0.92858,0.98426
rev_LR64/rev_phi0.325_Rave50um_LR64_seed1,0.50586,0.92858,1.01707
rev_LR64/rev_phi0.325_Rave50um_LR64_seed1,0.50977,0.82541,1.01707
rev_LR64/rev_phi0.325_Rave50um_LR64_seed1,0.51367,0.89419,1.01707
rev_LR64/rev_phi0.325_Rave50um_LR64_seed1,0.51758,1.03176,0.98426
rev_LR64/rev_phi0.325_Rave50um_LR64_seed1,0.52148,1.03176,0.91864
rev_LR64/rev_phi0.325_Rave50um_LR64_seed1,0.52539,0.96297,0.91864
rev_LR64/rev_phi0.325_Rave50um_LR64_seed1,0.52930,0.99737,0.98426
rev_LR64/rev_phi0.325_Rave50um_LR64_seed1,0.53320,0.96297,1.01707
rev_LR64/rev_phi0.325_Rave50um_LR64_seed1,0.53711,0.92858,0.95145
rev_LR64/rev_phi0.325_Rave50um_LR64_seed1,0.54102,0.72223,0.98426
rev_LR64/rev_phi0.325_Rave50um_LR64_seed1,0.54492,0.75662,1.01707
rev_LR64/rev_phi0.325_Rave50um_LR64_seed1,0.54883,0.75662,0.95145
rev_LR64/rev_phi0.325_Rave50um_LR64_seed1,0.55273,0.75662,0.98426
rev_LR64/rev_phi0.325_Rave50um_LR64_seed1,0.55664,0.75662,1.11549
rev_LR64/rev_phi0.325_Rave50um_LR64_seed1,0.56055,0.65345,1.11549
rev_LR64/rev_phi0.325_Rave50um_LR64_seed1,0.56445,0.65345,0.95145
rev_LR64/rev_phi0.325_Rave50um_LR64_seed1,0.56836,0.61905,0.95145
rev_LR64/rev_phi0.325_Rave50um_LR64_seed1,0.57227,0.68784,1.14830
rev_LR64/rev_phi0.325_Rave50um_LR64_seed1,0.57617,0.72223,1.11549
rev_LR64/rev_phi0.325_Rave50um_LR64_seed1,0.58008,0.72223,1.08268
rev_LR64/rev_phi0.325_Rave50um_LR64_seed1,0.58398,0.72223,1.14830
rev_LR64/rev_phi0.325_Rave50um_LR64_seed1,0.58789,0.68784,1.01707
rev_LR64/rev_phi0.325_Rave50um_LR64_seed1,0.59180,0.65345,0.91864
rev_LR64/rev_phi0.325_Rave50um_LR64_seed1,0.59570,0.61905,0.88583
rev_LR64/rev_phi0.325_Rave50um_LR64_seed1,0.59961,0.61905,0.88583
rev_LR64/rev_phi0.325_Rave50um_LR64_seed1,0.60352,0.55027,0.88583
rev_LR64/rev_phi0.325_Rave50um_LR64_seed1,0.60742,0.61905,0.88583
rev_LR64/rev_phi0.325_Rave50um_LR64_seed1,0.61133,0.61905,0.85302
rev_LR64/rev_phi0.325_Rave50um_LR64_seed1,0.61523,0.61905,0.85302
rev_LR64/rev_phi0.325_Rave50um_LR64_seed1,0.61914,0.68784,0.88583
rev_LR64/rev_phi0.325_Rave50um_LR64_seed1,0.62305,0.72223,0.88583
rev_LR64/rev_phi0.325_Rave50um_LR64_seed1,0.62695,0.75662,0.98426
rev_LR64/rev_phi0.325_Rave50um_LR64_seed1,0.63086,0.72223,0.98426
rev_LR64/rev_phi0.325_Rave50um_LR64_seed1,0.63477,0.75662,0.91864
rev_LR64/rev_phi0.325_Rave50um_LR64_seed1,0.63867,0.82541,0.88583
rev_LR64/rev_phi0.325_Rave50um_LR64_seed1,0.64258,0.82541,0.88583
rev_LR64/rev_phi0.325_Rave50um_LR64_seed1,0.64648,0.89419,0.88583
rev_LR64/rev_phi0.325_Rave50um_LR64_seed1,0.65039,0.92858,0.88583
rev_LR64/rev_phi0.325_Rave50um_LR64_seed1,0.65430,0.96297,0.88583
rev_LR64/rev_phi0.325_Rave50um_LR64_seed1,0.65820,0.92858,0.85302
rev_LR64/rev_phi0.325_Rave50um_LR64_seed1,0.66211,0.96297,0.82021
rev_LR64/rev_phi0.325_Rave50um_LR64_seed1,0.66602,0.96297,0.82021
rev_LR64/rev_phi0.325_Rave50um_LR64_seed1,0.66992,1.03176,0.82021
rev_LR64/rev_phi0.325_Rave50um_LR64_seed1,0.67383,0.99737,0.65617
rev_LR64/rev_phi0.325_Rave50um_LR64_seed1,0.67773,1.03176,0.72179
rev_LR64/rev_phi0.325_Rave50um_LR64_seed1,0.68164,1.06615,0.65617
rev_LR64/rev_phi0.325_Rave50um_LR64_seed1,0.68555,1.10054,0.65617
rev_LR64/rev_phi0.325_Rave50um_LR64_seed1,0.68945,1.03176,0.65617
rev_LR64/rev_phi0.325_Rave50um_LR64_seed1,0.69336,0.96297,0.68898
rev_LR64/rev_phi0.325_Rave50um_LR64_seed1,0.69727,1.03176,0.68898
rev_LR64/rev_phi0.325_Rave50um_LR64_seed1,0.70117,1.03176,0.68898
rev_LR64/rev_phi0.325_Rave50um_LR64_seed1,0.70508,0.99737,0.62336
rev_LR64/rev_phi0.325_Rave50um_LR64_seed1,0.70898,1.06615,0.75460
rev_LR64/rev_phi0.325_Rave50um_LR64_seed1,0.71289,1.06615,0.75460
rev_LR64/rev_phi0.325_Rave50um_LR64_seed1,0.71680,1.06615,0.78741
rev_LR64/rev_phi0.325_Rave50um_LR64_seed1,0.72070,1.06615,0.88583
rev_LR64/rev_phi0.325_Rave50um_LR64_seed1,0.72461,1.06615,0.82021
rev_LR64/rev_phi0.325_Rave50um_LR64_seed1,0.72852,1.06615,0.88583
rev_LR64/rev_phi0.325_Rave50um_LR64_seed1,0.73242,1.13493,0.82021
rev_LR64/rev_phi0.325_Rave50um_LR64_seed1,0.73633,1.06615,0.91864
rev_LR64/rev_phi0.325_Rave50um_LR64_seed1,0.74023,1.06615,0.95145
rev_LR64/rev_phi0.325_Rave50um_LR64_seed1,0.74414,0.96297,1.08268
rev_LR64/rev_phi0.325_Rave50um_LR64_seed1,0.74805,0.96297,1.01707
rev_LR64/rev_phi0.325_Rave50um_LR64_seed1,0.75195,0.92858,1.04987
rev_LR64/rev_phi0.325_Rave50um_LR64_seed1,0.75586,0.92858,0.95145
rev_LR64/rev_phi0.325_Rave50um_LR64_seed1,0.75977,0.96297,0.82021
rev_LR64/rev_phi0.325_Rave50um_LR64_seed1,0.76367,0.92858,0.82021
rev_LR64/rev_phi0.325_Rave50um_LR64_seed1,0.76758,0.96297,0.88583
rev_LR64/rev_phi0.325_Rave50um_LR64_seed1,0.77148,0.96297,0.82021
rev_LR64/rev_phi0.325_Rave50um_LR64_seed1,0.77539,0.89419,0.75460
rev_LR64/rev_phi0.325_Rave50um_LR64_seed1,0.77930,0.82541,0.75460
rev_LR64/rev_phi0.325_Rave50um_LR64_seed1,0.78320,1.03176,0.88583
rev_LR64/rev_phi0.325_Rave50um_LR64_seed1,0.78711,1.06615,0.82021
rev_LR64/rev_phi0.325_Rave50um_LR64_seed1,0.79102,1.20372,0.82021
rev_LR64/rev_phi0.325_Rave50um_LR64_seed1,0.79492,1.16932,0.68898
rev_LR64/rev_phi0.325_Rave50um_LR64_seed1,0.79883,1.10054,0.75460
rev_LR64/rev_phi0.325_Rave50um_LR64_seed1,0.80273,1.06615,0.75460
rev_LR64/rev_phi0.325_Rave50um_LR64_seed1,0.80664,0.96297,0.82021
rev_LR64/rev_phi0.325_Rave50um_LR64_seed1,0.81055,1.06615,0.78741
rev_LR64/rev_phi0.325_Rave50um_LR64_seed1,0.81445,1.06615,0.78741
rev_LR64/rev_phi0.325_Rave50um_LR64_seed1,0.81836,0.99737,0.91864
rev_LR64/rev_phi0.325_Rave50um_LR64_seed1,0.82227,0.96297,1.01707
rev_LR64/rev_phi0.325_Rave50um_LR64_seed1,0.82617,0.92858,1.18111
rev_LR64/rev_phi0.325_Rave50um_LR64_seed1,0.83008,0.89419,1.14830
rev_LR64/rev_phi0.325_Rave50um_LR64_seed1,0.83398,1.03176,1.11549
rev_LR64/rev_phi0.325_Rave50um_LR64_seed1,0.83789,1.20372,1.21392
rev_LR64/rev_phi0.325_Rave50um_LR64_seed1,0.84180,1.23811,1.14830
rev_LR64/rev_phi0.325_Rave50um_LR64_seed1,0.84570,1.23811,1.11549
rev_LR64/rev_phi0.325_Rave50um_LR64_seed1,0.84961,1.20372,1.11549
rev_LR64/rev_phi0.325_Rave50um_LR64_seed1,0.85352,1.16932,1.08268
rev_LR64/rev_phi0.325_Rave50um_LR64_seed1,0.85742,1.23811,1.08268
rev_LR64/rev_phi0.325_Rave50um_LR64_seed1,0.86133,1.10054,1.08268
rev_LR64/rev_phi0.325_Rave50um_LR64_seed1,0.86523,0.92858,1.11549
rev_LR64/rev_phi0.325_Rave50um_LR64_seed1,0.86914,0.89419,1.24673
rev_LR64/rev_phi0.325_Rave50um_LR64_seed1,0.87305,0.99737,1.18111
rev_LR64/rev_phi0.325_Rave50um_LR64_seed1,0.87695,0.96297,1.11549
rev_LR64/rev_phi0.325_Rave50um_LR64_seed1,0.88086,0.96297,1.04987
rev_LR64/rev_phi0.325_Rave50um_LR64_seed1,0.88477,0.99737,1.04987
rev_LR64/rev_phi0.325_Rave50um_LR64_seed1,0.88867,1.03176,1.04987
rev_LR64/rev_phi0.325_Rave50um_LR64_seed1,0.89258,1.06615,1.08268
rev_LR64/rev_phi0.325_Rave50um_LR64_seed1,0.89648,1.03176,1.04987
rev_LR64/rev_phi0.325_Rave50um_LR64_seed1,0.90039,1.06615,1.01707
rev_LR64/rev_phi0.325_Rave50um_LR64_seed1,0.90430,0.89419,1.08268
rev_LR64/rev_phi0.325_Rave50um_LR64_seed1,0.90820,0.96297,1.04987
rev_LR64/rev_phi0.325_Rave50um_LR64_seed1,0.91211,0.92858,1.04987
rev_LR64/rev_phi0.325_Rave50um_LR64_seed1,0.91602,0.92858,1.08268
rev_LR64/rev_phi0.325_Rave50um_LR64_seed1,0.91992,0.96297,1.11549
rev_LR64/rev_phi0.325_Rave50um_LR64_seed1,0.92383,0.85980,1.08268
rev_LR64/rev_phi0.325_Rave50um_LR64_seed1,0.92773,0.96297,1.11549
rev_LR64/rev_phi0.325_Rave50um_LR64_seed1,0.93164,1.03176,1.21392
rev_LR64/rev_phi0.325_Rave50um_LR64_seed1,0.93555,0.92858,1.21392
rev_LR64/rev_phi0.325_Rave50um_LR64_seed1,0.93945,0.85980,1.11549
rev_LR64/rev_phi0.325_Rave50um_LR64_seed1,0.94336,0.85980,0.95145
rev_LR64/rev_phi0.325_Rave50um_LR64_seed1,0.94727,0.85980,0.98426
rev_LR64/rev_phi0.325_Rave50um_LR64_seed1,0.95117,0.75662,1.04987
rev_LR64/rev_phi0.325_Rave50um_LR64_seed1,0.95508,0.75662,1.04987
rev_LR64/rev_phi0.325_Rave50um_LR64_seed1,0.95898,0.79101,1.04987
rev_LR64/rev_phi0.325_Rave50um_LR64_seed1,0.96289,0.82541,1.08268
rev_LR64/rev_phi0.325_Rave50um_LR64_seed1,0.96680,0.89419,1.11549
rev_LR64/rev_phi0.325_Rave50um_LR64_seed1,0.97070,0.92858,1.04987
rev_LR64/rev_phi0.325_Rave50um_LR64_seed1,0.97461,1.03176,1.01707
rev_LR64/rev_phi0.325_Rave50um_LR64_seed1,0.97852,0.96297,1.04987
rev_LR64/rev_phi0.325_Rave50um_LR64_seed1,0.98242,0.89419,1.14830
rev_LR64/rev_phi0.325_Rave50um_LR64_seed1,0.98633,0.96297,0.98426
rev_LR64/rev_phi0.325_Rave50um_LR64_seed1,0.99023,0.82541,1.01707
rev_LR64/rev_phi0.325_Rave50um_LR64_seed1,0.99414,0.82541,1.04987
rev_LR64/rev_phi0.325_Rave50um_LR64_seed1,0.99805,0.72223,1.01707
rev_LR64/rev_phi0.325_Rave50um_LR64_seed2,0.00195,0.66676,1.02794
rev_LR64/rev_phi0.325_Rave50um_LR64_seed2,0.00586,0.59658,0.99479
rev_LR64/rev_phi0.325_Rave50um_LR64_seed2,0.00977,0.66676,0.99479
rev_LR64/rev_phi0.325_Rave50um_LR64_seed2,0.01367,0.66676,0.99479
rev_LR64/rev_phi0.325_Rave50um_LR64_seed2,0.01758,0.77204,1.06110
rev_LR64/rev_phi0.325_Rave50um_LR64_seed2,0.02148,0.77204,0.99479
rev_LR64/rev_phi0.325_Rave50um_LR64_seed2,0.02539,0.73695,0.99479
rev_LR64/rev_phi0.325_Rave50um_LR64_seed2,0.02930,0.70185,0.99479
rev_LR64/rev_phi0.325_Rave50um_LR64_seed2,0.03320,0.77204,0.96163
rev_LR64/rev_phi0.325_Rave50um_LR64_seed2,0.03711,0.80713,0.96163
rev_LR64/rev_phi0.325_Rave50um_LR64_seed2,0.04102,0.70185,0.86215
rev_LR64/rev_phi0.325_Rave50um_LR64_seed2,0.04492,0.80713,0.89531
rev_LR64/rev_phi0.325_Rave50um_LR64_seed2,0.04883,0.73695,0.89531
rev_LR64/rev_phi0.325_Rave50um_LR64_seed2,0.05273,0.80713,1.02794
rev_LR64/rev_phi0.325_Rave50um_LR64_seed2,0.05664,0.80713,0.99479
rev_LR64/rev_phi0.325_Rave50um_LR64_seed2,0.06055,0.80713,0.86215
rev_LR64/rev_phi0.325_Rave50um_LR64_seed2,0.06445,0.80713,0.92847
rev_LR64/rev_phi0.325_Rave50um_LR64_seed2,0.06836,0.94750,1.06110
rev_LR64/rev_phi0.325_Rave50um_LR64_seed2,0.07227,0.91241,1.02794
rev_LR64/rev_phi0.325_Rave50um_LR64_seed2,0.07617,0.80713,0.96163
rev_LR64/rev_phi0.325_Rave50um_LR64_seed2,0.08008,0.77204,0.96163
rev_LR64/rev_phi0.325_Rave50um_LR64_seed2,0.08398,0.84222,0.86215
rev_LR64/rev_phi0.325_Rave50um_LR64_seed2,0.08789,0.84222,0.89531
rev_LR64/rev_phi0.325_Rave50um_LR64_seed2,0.09180,0.94750,0.92847
rev_LR64/rev_phi0.325_Rave50um_LR64_seed2,0.09570,1.05278,0.92847
rev_LR64/rev_phi0.325_Rave50um_LR64_seed2,0.09961,1.08787,0.92847
rev_LR64/rev_phi0.325_Rave50um_LR64_seed2,0.10352,1.05278,0.92847
rev_LR64/rev_phi0.325_Rave50um_LR64_seed2,0.10742,1.01769,0.89531
rev_LR64/rev_phi0.325_Rave50um_LR64_seed2,0.11133,1.15806,0.96163
rev_LR64/rev_phi0.325_Rave50um_LR64_seed2,0.11523,1.12297,0.92847
rev_LR64/rev_phi0.325_Rave50um_LR64_seed2,0.11914,1.15806,0.89531
rev_LR64/rev_phi0.325_Rave50um_LR64_seed2,0.12305,1.12297,0.92847
rev_LR64/rev_phi0.325_Rave50um_LR64_seed2,0.12695,1.12297,0.89531
rev_LR64/rev_phi0.325_Rave50um_LR64_seed2,0.13086,1.15806,0.92847
rev_LR64/rev_phi0.325_Rave50um_LR64_seed2,0.13477,1.33352,0.92847
rev_LR64/rev_phi0.325_Rave50um_LR64_seed2,0.13867,1.33352,1.09426
rev_LR64/rev_phi0.325_Rave50um_LR64_seed2,0.14258,1.40371,1.16058
rev_LR64/rev_phi0.325_Rave50um_LR64_seed2,0.14648,1.40371,1.22690
rev_LR64/rev_phi0.325_Rave50um_LR64_seed2,0.15039,1.43880,1.19374
rev_LR64/rev_phi0.325_Rave50um_LR64_seed2,0.15430,1.29843,1.19374
rev_LR64/rev_phi0.325_Rave50um_LR64_seed2,0.15820,1.15806,1.19374
rev_LR64/rev_phi0.325_Rave50um_LR64_seed2,0.16211,1.01769,1.16058
rev_LR64/rev_phi0.325_Rave50um_LR64_seed2,0.16602,0.94750,1.16058
rev_LR64/rev_phi0.325_Rave50um_LR64_seed2,0.16992,0.91241,1.22690
rev_LR64/rev_phi0.325_Rave50um_LR64_seed2,0.17383,0.87732,1.29322
rev_LR64/rev_phi0.325_Rave50um_LR64_seed2,0.17773,0.91241,1.29322
rev_LR64/rev_phi0.325_Rave50um_LR64_seed2,0.18164,0.91241,1.26006
rev_LR64/rev_phi0.325_Rave50um_LR64_seed2,0.18555,0.91241,1.29322
rev_LR64/rev_phi0.325_Rave50um_LR64_seed2,0.18945,1.08787,1.29322
rev_LR64/rev_phi0.325_Rave50um_LR64_seed2,0.19336,1.05278,1.22690
rev_LR64/rev_phi0.325_Rave50um_LR64_seed2,0.19727,1.05278,1.22690
rev_LR64/rev_phi0.325_Rave50um_LR64_seed2,0.20117,1.05278,1.12742
rev_LR64/rev_phi0.325_Rave50um_LR64_seed2,0.20508,0.98260,1.09426
rev_LR64/rev_phi0.325_Rave50um_LR64_seed2,0.20898,1.12297,1.12742
rev_LR64/rev_phi0.325_Rave50um_LR64_seed2,0.21289,1.12297,1.02794
rev_LR64/rev_phi0.325_Rave50um_LR64_seed2,0.21680,1.12297,0.96163
rev_LR64/rev_phi0.325_Rave50um_LR64_seed2,0.22070,1.08787,1.09426
rev_LR64/rev_phi0.325_Rave50um_LR64_seed2,0.22461,1.12297,1.02794
rev_LR64/rev_phi0.325_Rave50um_LR64_seed2,0.22852,1.12297,1.06110
rev_LR64/rev_phi0.325_Rave50um_LR64_seed2,0.23242,1.05278,0.99479
rev_LR64/rev_phi0.325_Rave50um_LR64_seed2,0.23633,1.12297,0.99479
rev_LR64/rev_phi0.325_Rave50um_LR64_seed2,0.24023,1.19315,0.99479
rev_LR64/rev_phi0.325_Rave50um_LR64_seed2,0.24414,1.05278,0.99479
rev_LR64/rev_phi0.325_Rave50um_LR64_seed2,0.24805,1.05278,0.99479
rev_LR64/rev_phi0.325_Rave50um_LR64_seed2,0.25195,0.98260,1.02794
rev_LR64/rev_phi0.325_Rave50um_LR64_seed2,0.25586,0.98260,1.09426
rev_LR64/rev_phi0.325_Rave50um_LR64_seed2,0.25977,0.94750,1.12742
rev_LR64/rev_phi0.325_Rave50um_LR64_seed2,0.26367,1.05278,1.12742
rev_LR64/rev_phi0.325_Rave50um_LR64_seed2,0.26758,1.12297,1.12742
rev_LR64/rev_phi0.325_Rave50um_LR64_seed2,0.27148,1.12297,0.99479
rev_LR64/rev_phi0.325_Rave50um_LR64_seed2,0.27539,1.08787,0.99479
rev_LR64/rev_phi0.325_Rave50um_LR64_seed2,0.27930,1.05278,0.99479
rev_LR64/rev_phi0.325_Rave50um_LR64_seed2,0.28320,1.05278,0.99479
rev_LR64/rev_phi0.325_Rave50um_LR64_seed2,0.28711,1.05278,0.89531
rev_LR64/rev_phi0.325_Rave50um_LR64_seed2,0.29102,1.15806,0.79583
rev_LR64/rev_phi0.325_Rave50um_LR64_seed2,0.29492,1.08787,0.79583
rev_LR64/rev_phi0.325_Rave50um_LR64_seed2,0.29883,1.12297,0.69635
rev_LR64/rev_phi0.325_Rave50um_LR64_seed2,0.30273,1.05278,0.66319
rev_LR64/rev_phi0.325_Rave50um_LR64_seed2,0.30664,1.12297,0.63003
rev_LR64/rev_phi0.325_Rave50um_LR64_seed2,0.31055,1.12297,0.56371
rev_LR64/rev_phi0.325_Rave50um_LR64_seed2,0.31445,1.08787,0.63003
rev_LR64/rev_phi0.325_Rave50um_LR64_seed2,0.31836,1.08787,0.63003
rev_LR64/rev_phi0.325_Rave50um_LR64_seed2,0.32227,1.01769,0.59687
rev_LR64/rev_phi0.325_Rave50um_LR64_seed2,0.32617,1.01769,0.72951
rev_LR64/rev_phi0.325_Rave50um_LR64_seed2,0.33008,1.15806,0.56371
rev_LR64/rev_phi0.325_Rave50um_LR64_seed2,0.33398,1.12297,0.56371
rev_LR64/rev_phi0.325_Rave50um_LR64_seed2,0.33789,0.98260,0.56371
rev_LR64/rev_phi0.325_Rave50um_LR64_seed2,0.34180,0.98260,0.56371
rev_LR64/rev_phi0.325_Rave50um_LR64_seed2,0.34570,0.94750,0.56371
rev_LR64/rev_phi0.325_Rave50um_LR64_seed2,0.34961,0.91241,0.53055
rev_LR64/rev_phi0.325_Rave50um_LR64_seed2,0.35352,0.94750,0.56371
rev_LR64/rev_phi0.325_Rave50um_LR64_seed2,0.35742,1.01769,0.66319
rev_LR64/rev_phi0.325_Rave50um_LR64_seed2,0.36133,0.91241,0.72951
rev_LR64/rev_phi0.325_Rave50um_LR64_seed2,0.36523,0.91241,0.69635
rev_LR64/rev_phi0.325_Rave50um_LR64_seed2,0.36914,0.94750,0.89531
rev_LR64/rev_phi0.325_Rave50um_LR64_seed2,0.37305,0.80713,0.89531
rev_LR64/rev_phi0.325_Rave50um_LR64_seed2,0.37695,0.91241,0.92847
rev_LR64/rev_phi0.325_Rave50um_LR64_seed2,0.38086,0.87732,0.92847
rev_LR64/rev_phi0.325_Rave50um_LR64_seed2,0.38477,0.84222,0.86215
rev_LR64/rev_phi0.325_Rave50um_LR64_seed2,0.38867,0.77204,0.79583
rev_LR64/rev_phi0.325_Rave50um_LR64_seed2,0.39258,0.80713,0.79583
rev_LR64/rev_phi0.325_Rave50um_LR64_seed2,0.39648,0.63167,0.89531
rev_LR64/rev_phi0.325_Rave50um_LR64_seed2,0.40039,0.66676,0.92847
rev_LR64/rev_phi0.325_Rave50um_LR64_seed2,0.40430,0.63167,0.96163
rev_LR64/rev_phi0.325_Rave50um_LR64_seed2,0.40820,0.63167,0.89531
rev_LR64/rev_phi0.325_Rave50um_LR64_seed2,0.41211,0.66676,0.89531
rev_LR64/rev_phi0.325_Rave50um_LR64_seed2,0.41602,0.66676,0.86215
rev_LR64/rev_phi0.325_Rave50um_LR64_seed2,0.41992,0.66676,0.99479
rev_LR64/rev_phi0.325_Rave50um_LR64_seed2,0.42383,0.66676,1.02794
rev_LR64/rev_phi0.325_Rave50um_LR64_seed2,0.42773,0.73695,0.99479
rev_LR64/rev_phi0.325_Rave50um_LR64_seed2,0.43164,0.73695,1.12742
rev_LR64/rev_phi0.325_Rave50um_LR64_seed2,0.43555,0.73695,1.09426
rev_LR64/rev_phi0.325_Rave50um_LR64_seed2,0.43945,0.70185,1.19374
rev_LR64/rev_phi0.325_Rave50um_LR64_seed2,0.44336,0.80713,1.12742
rev_LR64/rev_phi0.325_Rave50um_LR64_seed2,0.44727,0.94750,0.99479
rev_LR64/rev_phi0.325_Rave50um_LR64_seed2,0.45117,0.94750,0.96163
rev_LR64/rev_phi0.325_Rave50um_LR64_seed2,0.45508,1.01769,0.89531
rev_LR64/rev_phi0.325_Rave50um_LR64_seed2,0.45898,1.12297,0.96163
rev_LR64/rev_phi0.325_Rave50um_LR64_seed2,0.46289,1.05278,0.96163
rev_LR64/rev_phi0.325_Rave50um_LR64_seed2,0.46680,1.01769,1.09426
rev_LR64/rev_phi0.325_Rave50um_LR64_seed2,0.47070,0.94750,1.09426
rev_LR64/rev_phi0.325_Rave50um_LR64_seed2,0.47461,0.94750,1.02794
rev_LR64/rev_phi0.325_Rave50um_LR64_seed2,0.47852,0.87732,0.99479
rev_LR64/rev_phi0.325_Rave50um_LR64_seed2,0.48242,1.08787,0.99479
rev_LR64/rev_phi0.325_Rave50um_LR64_seed2,0.48633,1.08787,1.06110
rev_LR64/rev_phi0.325_Rave50um_LR64_seed2,0.49023,1.22824,1.12742
rev_LR64/rev_phi0.325_Rave50um_LR64_seed2,0.49414,1.15806,1.06110
rev_LR64/rev_phi0.325_Rave50um_LR64_seed2,0.49805,1.19315,1.06110
rev_LR64/rev_phi0.325_Rave50um_LR64_seed2,0.50195,1.19315,0.92847
rev_LR64/rev_phi0.325_Rave50um_LR64_seed2,0.50586,1.22824,0.99479
rev_LR64/rev_phi0.325_Rave50um_LR64_seed2,0.50977,1.19315,0.99479
rev_LR64/rev_phi0.325_Rave50um_LR64_seed2,0.51367,1.19315,0.99479
rev_LR64/rev_phi0.325_Rave50um_LR64_seed2,0.51758,1.22824,1.06110
rev_LR64/rev_phi0.325_Rave50um_LR64_seed2,0.52148,1.26334,1.09426
rev_LR64/rev_phi0.325_Rave50um_LR64_seed2,0.52539,1.26334,1.09426
rev_LR64/rev_phi0.325_Rave50um_LR64_seed2,0.52930,1.22824,1.06110
rev_LR64/rev_phi0.325_Rave50um_LR64_seed2,0.53320,1.19315,1.02794
rev_LR64/rev_phi0.325_Rave50um_LR64_seed2,0.53711,1.22824,0.96163
rev_LR64/rev_phi0.325_Rave50um_LR64_seed2,0.54102,1.12297,1.06110
rev_LR64/rev_phi0.325_Rave50um_LR64_seed2,0.54492,1.01769,1.12742
rev_LR64/rev_phi0.325_Rave50um_LR64_seed2,0.54883,1.01769,0.92847
rev_LR64/rev_phi0.325_Rave50um_LR64_seed2,0.55273,1.01769,0.92847
rev_LR64/rev_phi0.325_Rave50um_LR64_seed2,0.55664,0.98260,0.92847
rev_LR64/rev_phi0.325_Rave50um_LR64_seed2,0.56055,1.01769,0.92847
rev_LR64/rev_phi0.325_Rave50um_LR64_seed2,0.56445,0.98260,0.86215
rev_LR64/rev_phi0.325_Rave50um_LR64_seed2,0.56836,0.94750,0.89531
rev_LR64/rev_phi0.325_Rave50um_LR64_seed2,0.57227,1.01769,0.89531
rev_LR64/rev_phi0.325_Rave50um_LR64_seed2,0.57617,1.05278,0.86215
rev_LR64/rev_phi0.325_Rave50um_LR64_seed2,0.58008,0.94750,0.92847
rev_LR64/rev_phi0.325_Rave50um_LR64_seed2,0.58398,1.01769,1.02794
rev_LR64/rev_phi0.325_Rave50um_LR64_seed2,0.58789,0.98260,1.02794
rev_LR64/rev_phi0.325_Rave50um_LR64_seed2,0.59180,1.01769,1.09426
rev_LR64/rev_phi0.325_Rave50um_LR64_seed2,0.59570,1.05278,0.99479
rev_LR64/rev_phi0.325_Rave50um_LR64_seed2,0.59961,1.26334,0.92847
rev_LR64/rev_phi0.325_Rave50um_LR64_seed2,0.60352,1.26334,0.92847
rev_LR64/rev_phi0.325_Rave50um_LR64_seed2,0.60742,1.36861,0.92847
rev_LR64/rev_phi0.325_Rave50um_LR64_seed2,0.61133,1.26334,0.96163
rev_LR64/rev_phi0.325_Rave50um_LR64_seed2,0.61523,1.26334,0.99479
rev_LR64/rev_phi0.325_Rave50um_LR64_seed2,0.61914,1.19315,0.96163
rev_LR64/rev_phi0.325_Rave50um_LR64_seed2,0.62305,1.01769,0.99479
rev_LR64/rev_phi0.325_Rave50um_LR64_seed2,0.62695,1.05278,0.89531
rev_LR64/rev_phi0.325_Rave50um_LR64_seed2,0.63086,1.01769,0.82899
rev_LR64/rev_phi0.325_Rave50um_LR64_seed2,0.63477,0.98260,0.86215
rev_LR64/rev_phi0.325_Rave50um_LR64_seed2,0.63867,0.87732,0.82899
rev_LR64/rev_phi0.325_Rave50um_LR64_seed2,0.64258,0.87732,0.89531
rev_LR64/rev_phi0.325_Rave50um_LR64_seed2,0.64648,0.91241,0.96163
rev_LR64/rev_phi0.325_Rave50um_LR64_seed2,0.65039,0.87732,0.96163
rev_LR64/rev_phi0.325_Rave50um_LR64_seed2,0.65430,1.08787,0.96163
rev_LR64/rev_phi0.325_Rave50um_LR64_seed2,0.65820,1.08787,0.89531
rev_LR64/rev_phi0.325_Rave50um_LR64_seed2,0.66211,1.08787,0.89531
rev_LR64/rev_phi0.325_Rave50um_LR64_seed2,0.66602,1.12297,0.92847
rev_LR64/rev_phi0.325_Rave50um_LR64_seed2,0.66992,1.12297,0.86215
rev_LR64/rev_phi0.325_Rave50um_LR64_seed2,0.67383,1.08787,0.82899
rev_LR64/rev_phi0.325_Rave50um_LR64_seed2,0.67773,1.08787,0.92847
rev_LR64/rev_phi0.325_Rave50um_LR64_seed2,0.68164,1.05278,0.96163
rev_LR64/rev_phi0.325_Rave50um_LR64_seed2,0.68555,1.05278,0.96163
rev_LR64/rev_phi0.325_Rave50um_LR64_seed2,0.68945,1.08787,1.02794
rev_LR64/rev_phi0.325_Rave50um_LR64_seed2,0.69336,1.08787,0.96163
rev_LR64/rev_phi0.325_Rave50um_LR64_seed2,0.69727,1.12297,1.09426
rev_LR64/rev_phi0.325_Rave50um_LR64_seed2,0.70117,1.08787,1.09426
rev_LR64/rev_phi0.325_Rave50um_LR64_seed2,0.70508,1.26334,1.09426
rev_LR64/rev_phi0.325_Rave50um_LR64_seed2,0.70898,1.19315,1.02794
rev_LR64/rev_phi0.325_Rave50um_LR64_seed2,0.71289,1.19315,1.02794
rev_LR64/rev_phi0.325_Rave50um_LR64_seed2,0.71680,1.12297,0.82899
rev_LR64/rev_phi0.325_Rave50um_LR64_seed2,0.72070,1.08787,0.92847
rev_LR64/rev_phi0.325_Rave50um_LR64_seed2,0.72461,1.01769,1.02794
rev_LR64/rev_phi0.325_Rave50um_LR64_seed2,0.72852,1.08787,1.09426
rev_LR64/rev_phi0.325_Rave50um_LR64_seed2,0.73242,0.98260,1.09426
rev_LR64/rev_phi0.325_Rave50um_LR64_seed2,0.73633,0.94750,1.09426
rev_LR64/rev_phi0.325_Rave50um_LR64_seed2,0.74023,1.05278,1.12742
rev_LR64/rev_phi0.325_Rave50um_LR64_seed2,0.74414,1.26334,1.02794
rev_LR64/rev_phi0.325_Rave50um_LR64_seed2,0.74805,1.29843,0.96163
rev_LR64/rev_phi0.325_Rave50um_LR64_seed2,0.75195,1.22824,1.09426
rev_LR64/rev_phi0.325_Rave50um_LR64_seed2,0.75586,1.22824,1.12742
rev_LR64/rev_phi0.325_Rave50um_LR64_seed2,0.75977,1.26334,1.09426
rev_LR64/rev_phi0.325_Rave50um_LR64_seed2,0.76367,1.12297,1.09426
rev_LR64/rev_phi0.325_Rave50um_LR64_seed2,0.76758,1.05278,1.09426
rev_LR64/rev_phi0.325_Rave50um_LR64_seed2,0.77148,0.91241,1.16058
rev_LR64/rev_phi0.325_Rave50um_LR64_seed2,0.77539,0.94750,1.12742
rev_LR64/rev_phi0.325_Rave50um_LR64_seed2,0.77930,0.98260,1.02794
rev_LR64/rev_phi0.325_Rave50um_LR64_seed2,0.78320,1.01769,0.99479
rev_LR64/rev_phi0.325_Rave50um_LR64_seed2,0.78711,0.80713,1.16058
rev_LR64/rev_phi0.325_Rave50um_LR64_seed2,0.79102,0.80713,1.16058
rev_LR64/rev_phi0.325_Rave50um_LR64_seed2,0.79492,0.80713,1.09426
rev_LR64/rev_phi0.325_Rave50um_LR64_seed2,0.79883,0.80713,1.12742
rev_LR64/rev_phi0.325_Rave50um_LR64_seed2,0.80273,0.80713,1.26006
rev_LR64/rev_phi0.325_Rave50um_LR64_seed2,0.80664,0.87732,1.26006
rev_LR64/rev_phi0.325_Rave50um_LR64_seed2,0.81055,0.91241,1.16058
rev_LR64/rev_phi0.325_Rave50um_LR64_seed2,0.81445,0.87732,1.26006
rev_LR64/rev_phi0.325_Rave50um_LR64_seed2,0.81836,0.87732,1.16058
rev_LR64/rev_phi0.325_Rave50um_LR64_seed2,0.82227,0.87732,1.16058
rev_LR64/rev_phi0.325_Rave50um_LR64_seed2,0.82617,0.91241,1.09426
rev_LR64/rev_phi0.325_Rave50um_LR64_seed2,0.83008,1.01769,1.09426
rev_LR64/rev_phi0.325_Rave50um_LR64_seed2,0.83398,0.91241,1.02794
rev_LR64/rev_phi0.325_Rave50um_LR64_seed2,0.83789,1.01769,0.92847
rev_LR64/rev_phi0.325_Rave50um_LR64_seed2,0.84180,0.80713,1.02794
rev_LR64/rev_phi0.325_Rave50um_LR64_seed2,0.84570,0.94750,1.12742
rev_LR64/rev_phi0.325_Rave50um_LR64_seed2,0.84961,0.98260,1.02794
rev_LR64/rev_phi0.325_Rave50um_LR64_seed2,0.85352,0.98260,1.06110
rev_LR64/rev_phi0.325_Rave50um_LR64_seed2,0.85742,0.94750,1.16058
rev_LR64/rev_phi0.325_Rave50um_LR64_seed2,0.86133,0.98260,1.12742
rev_LR64/rev_phi0.325_Rave50um_LR64_seed2,0.86523,0.94750,1.09426
rev_LR64/rev_phi0.325_Rave50um_LR64_seed2,0.86914,0.91241,1.09426
rev_LR64/rev_phi0.325_Rave50um_LR64_seed2,0.87305,0.98260,1.12742
rev_LR64/rev_phi0.325_Rave50um_LR64_seed2,0.87695,0.94750,1.12742
rev_LR64/rev_phi0.325_Rave50um_LR64_seed2,0.88086,0.94750,1.06110
rev_LR64/rev_phi0.325_Rave50um_LR64_seed2,0.88477,0.87732,1.06110
rev_LR64/rev_phi0.325_Rave50um_LR64_seed2,0.88867,1.01769,1.06110
rev_LR64/rev_phi0.325_Rave50um_LR64_seed2,0.89258,0.98260,1.06110
rev_LR64/rev_phi0.325_Rave50um_LR64_seed2,0.89648,1.05278,1.02794
rev_LR64/rev_phi0.325_Rave50um_LR64_seed2,0.90039,1.12297,0.96163
rev_LR64/rev_phi0.325_Rave50um_LR64_seed2,0.90430,1.05278,1.19374
rev_LR64/rev_phi0.325_Rave50um_LR64_seed2,0.90820,0.94750,1.19374
rev_LR64/rev_phi0.325_Rave50um_LR64_seed2,0.91211,0.87732,1.19374
rev_LR64/rev_phi0.325_Rave50um_LR64_seed2,0.91602,0.84222,1.26006
rev_LR64/rev_phi0.325_Rave50um_LR64_seed2,0.91992,0.87732,1.35954
rev_LR64/rev_phi0.325_Rave50um_LR64_seed2,0.92383,0.84222,1.29322
rev_LR64/rev_phi0.325_Rave50um_LR64_seed2,0.92773,0.77204,1.29322
rev_LR64/rev_phi0.325_Rave50um_LR64_seed2,0.93164,0.73695,1.39270
rev_LR64/rev_phi0.325_Rave50um_LR64_seed2,0.93555,1.01769,1.29322
rev_LR64/rev_phi0.325_Rave50um_LR64_seed2,0.93945,1.08787,1.06110
rev_LR64/rev_phi0.325_Rave50um_LR64_seed2,0.94336,0.98260,1.12742
rev_LR64/rev_phi0.325_Rave50um_LR64_seed2,0.94727,0.98260,1.12742
rev_LR64/rev_phi0.325_Rave50um_LR64_seed2,0.95117,0.98260,1.02794
rev_LR64/rev_phi0.325_Rave50um_LR64_seed2,0.95508,0.91241,1.02794
rev_LR64/rev_phi0.325_Rave50um_LR64_seed2,0.95898,0.84222,0.99479
rev_LR64/rev_phi0.325_Rave50um_LR64_seed2,0.96289,0.84222,1.06110
rev_LR64/rev_phi0.325_Rave50um_LR64_seed2,0.96680,0.91241,0.99479
rev_LR64/rev_phi0.325_Rave50um_LR64_seed2,0.97070,0.94750,0.99479
rev_LR64/rev_phi0.325_Rave50um_LR64_seed2,0.97461,0.87732,1.06110
rev_LR64/rev_phi0.325_Rave50um_LR64_seed2,0.97852,0.91241,0.96163
rev_LR64/rev_phi0.325_Rave50um_LR64_seed2,0.98242,0.70185,0.96163
rev_LR64/rev_phi0.325_Rave50um_LR64_seed2,0.98633,0.70185,1.26006
rev_LR64/rev_phi0.325_Rave50um_LR64_seed2,0.99023,0.70185,1.12742
rev_LR64/rev_phi0.325_Rave50um_LR64_seed2,0.99414,0.70185,1.12742
rev_LR64/rev_phi0.325_Rave50um_LR64_seed2,0.99805,0.66676,1.09426
rev_LR64/rev_phi0.325_Rave50um_LR64_seed3,0.00195,0.43275,0.68765
rev_LR64/rev_phi0.325_Rave50um_LR64_seed3,0.00586,0.43275,0.75641
rev_LR64/rev_phi0.325_Rave50um_LR64_seed3,0.00977,0.43275,0.75641
rev_LR64/rev_phi0.325_Rave50um_LR64_seed3,0.01367,0.61306,0.75641
rev_LR64/rev_phi0.325_Rave50um_LR64_seed3,0.01758,0.82943,0.79079
rev_LR64/rev_phi0.325_Rave50um_LR64_seed3,0.02148,0.90156,0.79079
rev_LR64/rev_phi0.325_Rave50um_LR64_seed3,0.02539,1.00974,0.89394
rev_LR64/rev_phi0.325_Rave50um_LR64_seed3,0.02930,1.08187,0.99709
rev_LR64/rev_phi0.325_Rave50um_LR64_seed3,0.03320,1.15399,1.10024
rev_LR64/rev_phi0.325_Rave50um_LR64_seed3,0.03711,1.29824,1.10024
rev_LR64/rev_phi0.325_Rave50um_LR64_seed3,0.04102,1.26218,1.06585
rev_LR64/rev_phi0.325_Rave50um_LR64_seed3,0.04492,1.08187,1.03147
rev_LR64/rev_phi0.325_Rave50um_LR64_seed3,0.04883,1.15399,1.06585
rev_LR64/rev_phi0.325_Rave50um_LR64_seed3,0.05273,1.08187,1.16900
rev_LR64/rev_phi0.325_Rave50um_LR64_seed3,0.05664,1.04580,1.20338
rev_LR64/rev_phi0.325_Rave50um_LR64_seed3,0.06055,1.04580,1.27215
rev_LR64/rev_phi0.325_Rave50um_LR64_seed3,0.06445,1.04580,1.23777
rev_LR64/rev_phi0.325_Rave50um_LR64_seed3,0.06836,1.00974,1.10024
rev_LR64/rev_phi0.325_Rave50um_LR64_seed3,0.07227,0.97368,1.10024
rev_LR64/rev_phi0.325_Rave50um_LR64_seed3,0.07617,0.93762,1.16900
rev_LR64/rev_phi0.325_Rave50um_LR64_seed3,0.08008,0.97368,1.23777
rev_LR64/rev_phi0.325_Rave50um_LR64_seed3,0.08398,1.04580,1.20338
rev_LR64/rev_phi0.325_Rave50um_LR64_seed3,0.08789,1.08187,1.06585
rev_LR64/rev_phi0.325_Rave50um_LR64_seed3,0.09180,1.08187,1.03147
rev_LR64/rev_phi0.325_Rave50um_LR64_seed3,0.09570,1.22612,0.92832
rev_LR64/rev_phi0.325_Rave50um_LR64_seed3,0.09961,1.22612,1.10024
rev_LR64/rev_phi0.325_Rave50um_LR64_seed3,0.10352,1.33430,0.99709
rev_LR64/rev_phi0.325_Rave50um_LR64_seed3,0.10742,1.29824,0.99709
rev_LR64/rev_phi0.325_Rave50um_LR64_seed3,0.11133,1.33430,1.06585
rev_LR64/rev_phi0.325_Rave50um_LR64_seed3,0.11523,1.29824,1.10024
rev_LR64/rev_phi0.325_Rave50um_LR64_seed3,0.11914,1.26218,1.10024
rev_LR64/rev_phi0.325_Rave50um_LR64_seed3,0.12305,1.29824,1.13462
rev_LR64/rev_phi0.325_Rave50um_LR64_seed3,0.12695,1.22612,1.20338
rev_LR64/rev_phi0.325_Rave50um_LR64_seed3,0.13086,1.22612,1.27215
rev_LR64/rev_phi0.325_Rave50um_LR64_seed3,0.13477,1.08187,1.27215
rev_LR64/rev_phi0.325_Rave50um_LR64_seed3,0.13867,1.11793,1.27215
rev_LR64/rev_phi0.325_Rave50um_LR64_seed3,0.14258,1.15399,1.16900
rev_LR64/rev_phi0.325_Rave50um_LR64_seed3,0.14648,1.08187,1.10024
rev_LR64/rev_phi0.325_Rave50um_LR64_seed3,0.15039,1.08187,1.10024
rev_LR64/rev_phi0.325_Rave50um_LR64_seed3,0.15430,1.08187,1.06585
rev_LR64/rev_phi0.325_Rave50um_LR64_seed3,0.15820,1.11793,1.06585
rev_LR64/rev_phi0.325_Rave50um_LR64_seed3,0.16211,1.00974,1.16900
rev_LR64/rev_phi0.325_Rave50um_LR64_seed3,0.16602,0.97368,1.13462
rev_LR64/rev_phi0.325_Rave50um_LR64_seed3,0.16992,0.97368,1.20338
rev_LR64/rev_phi0.325_Rave50um_LR64_seed3,0.17383,0.97368,1.10024
rev_LR64/rev_phi0.325_Rave50um_LR64_seed3,0.17773,0.97368,1.06585
rev_LR64/rev_phi0.325_Rave50um_LR64_seed3,0.18164,0.72124,1.16900
rev_LR64/rev_phi0.325_Rave50um_LR64_seed3,0.18555,0.64912,1.10024
rev_LR64/rev_phi0.325_Rave50um_LR64_seed3,0.18945,0.75731,1.06585
rev_LR64/rev_phi0.325_Rave50um_LR64_seed3,0.19336,0.79337,1.03147
rev_LR64/rev_phi0.325_Rave50um_LR64_seed3,0.19727,0.82943,1.03147
rev_LR64/rev_phi0.325_Rave50um_LR64_seed3,0.20117,0.79337,0.99709
rev_LR64/rev_phi0.325_Rave50um_LR64_seed3,0.20508,0.72124,1.06585
rev_LR64/rev_phi0.325_Rave50um_LR64_seed3,0.20898,0.72124,1.10024
rev_LR64/rev_phi0.325_Rave50um_LR64_seed3,0.21289,0.82943,0.99709
rev_LR64/rev_phi0.325_Rave50um_LR64_seed3,0.21680,0.86549,0.85956
rev_LR64/rev_phi0.325_Rave50um_LR64_seed3,0.22070,0.82943,0.85956
rev_LR64/rev_phi0.325_Rave50um_LR64_seed3,0.22461,0.93762,0.82518
rev_LR64/rev_phi0.325_Rave50um_LR64_seed3,0.22852,1.04580,0.85956
rev_LR64/rev_phi0.325_Rave50um_LR64_seed3,0.23242,1.11793,0.82518
rev_LR64/rev_phi0.325_Rave50um_LR64_seed3,0.23633,1.04580,0.96271
rev_LR64/rev_phi0.325_Rave50um_LR64_seed3,0.24023,1.08187,0.92832
rev_LR64/rev_phi0.325_Rave50um_LR64_seed3,0.24414,1.08187,0.92832
rev_LR64/rev_phi0.325_Rave50um_LR64_seed3,0.24805,1.19005,0.89394
rev_LR64/rev_phi0.325_Rave50um_LR64_seed3,0.25195,1.19005,0.82518
rev_LR64/rev_phi0.325_Rave50um_LR64_seed3,0.25586,1.22612,0.79079
rev_LR64/rev_phi0.325_Rave50um_LR64_seed3,0.25977,1.08187,0.89394
rev_LR64/rev_phi0.325_Rave50um_LR64_seed3,0.26367,1.08187,0.85956
rev_LR64/rev_phi0.325_Rave50um_LR64_seed3,0.26758,1.11793,0.82518
rev_LR64/rev_phi0.325_Rave50um_LR64_seed3,0.27148,1.00974,0.89394
rev_LR64/rev_phi0.325_Rave50um_LR64_seed3,0.27539,1.04580,0.85956
rev_LR64/rev_phi0.325_Rave50um_LR64_seed3,0.27930,0.93762,0.72203
rev_LR64/rev_phi0.325_Rave50um_LR64_seed3,0.28320,0.93762,0.79079
rev_LR64/rev_phi0.325_Rave50um_LR64_seed3,0.28711,0.90156,0.68765
rev_LR64/rev_phi0.325_Rave50um_LR64_seed3,0.29102,0.90156,0.68765
rev_LR64/rev_phi0.325_Rave50um_LR64_seed3,0.29492,0.90156,0.82518
rev_LR64/rev_phi0.325_Rave50um_LR64_seed3,0.29883,0.93762,0.92832
rev_LR64/rev_phi0.325_Rave50um_LR64_seed3,0.30273,0.97368,0.96271
rev_LR64/rev_phi0.325_Rave50um_LR64_seed3,0.30664,1.19005,1.06585
rev_LR64/rev_phi0.325_Rave50um_LR64_seed3,0.31055,1.19005,1.13462
rev_LR64/rev_phi0.325_Rave50um_LR64_seed3,0.31445,1.15399,1.10024
rev_LR64/rev_phi0.325_Rave50um_LR64_seed3,0.31836,1.19005,1.13462
rev_LR64/rev_phi0.325_Rave50um_LR64_seed3,0.32227,1.15399,1.16900
rev_LR64/rev_phi0.325_Rave50um_LR64_seed3,0.32617,1.00974,1.13462
rev_LR64/rev_phi0.325_Rave50um_LR64_seed3,0.33008,1.04580,1.03147
rev_LR64/rev_phi0.325_Rave50um_LR64_seed3,0.33398,1.04580,1.06585
rev_LR64/rev_phi0.325_Rave50um_LR64_seed3,0.33789,1.11793,0.89394
rev_LR64/rev_phi0.325_Rave50um_LR64_seed3,0.34180,1.08187,0.82518
rev_LR64/rev_phi0.325_Rave50um_LR64_seed3,0.34570,1.04580,0.96271
rev_LR64/rev_phi0.325_Rave50um_LR64_seed3,0.34961,1.08187,0.89394
rev_LR64/rev_phi0.325_Rave50um_LR64_seed3,0.35352,1.04580,0.79079
rev_LR64/rev_phi0.325_Rave50um_LR64_seed3,0.35742,1.08187,0.72203
rev_LR64/rev_phi0.325_Rave50um_LR64_seed3,0.36133,1.19005,0.72203
rev_LR64/rev_phi0.325_Rave50um_LR64_seed3,0.36523,1.04580,0.61888
rev_LR64/rev_phi0.325_Rave50um_LR64_seed3,0.36914,0.93762,0.51574
rev_LR64/rev_phi0.325_Rave50um_LR64_seed3,0.37305,0.90156,0.48135
rev_LR64/rev_phi0.325_Rave50um_LR64_seed3,0.37695,0.82943,0.48135
rev_LR64/rev_phi0.325_Rave50um_LR64_seed3,0.38086,0.79337,0.61888
rev_LR64/rev_phi0.325_Rave50um_LR64_seed3,0.38477,0.79337,0.75641
rev_LR64/rev_phi0.325_Rave50um_LR64_seed3,0.38867,0.86549,0.72203
rev_LR64/rev_phi0.325_Rave50um_LR64_seed3,0.39258,0.86549,0.79079
rev_LR64/rev_phi0.325_Rave50um_LR64_seed3,0.39648,0.86549,0.82518
rev_LR64/rev_phi0.325_Rave50um_LR64_seed3,0.40039,0.86549,0.72203
rev_LR64/rev_phi0.325_Rave50um_LR64_seed3,0.40430,0.93762,0.72203
rev_LR64/rev_phi0.325_Rave50um_LR64_seed3,0.40820,1.00974,0.82518
rev_LR64/rev_phi0.325_Rave50um_LR64_seed3,0.41211,1.15399,0.85956
rev_LR64/rev_phi0.325_Rave50um_LR64_seed3,0.41602,1.15399,0.85956
rev_LR64/rev_phi0.325_Rave50um_LR64_seed3,0.41992,1.40643,0.96271
rev_LR64/rev_phi0.325_Rave50um_LR64_seed3,0.42383,1.44249,0.92832
rev_LR64/rev_phi0.325_Rave50um_LR64_seed3,0.42773,1.44249,0.92832
rev_LR64/rev_phi0.325_Rave50um_LR64_seed3,0.43164,1.40643,0.92832
rev_LR64/rev_phi0.325_Rave50um_LR64_seed3,0.43555,1.29824,1.03147
rev_LR64/rev_phi0.325_Rave50um_LR64_seed3,0.43945,1.29824,1.03147
rev_LR64/rev_phi0.325_Rave50um_LR64_seed3,0.44336,1.26218,0.99709
rev_LR64/rev_phi0.325_Rave50um_LR64_seed3,0.44727,1.15399,0.96271
rev_LR64/rev_phi0.325_Rave50um_LR64_seed3,0.45117,0.93762,0.89394
rev_LR64/rev_phi0.325_Rave50um_LR64_seed3,0.45508,0.82943,0.92832
rev_LR64/rev_phi0.325_Rave50um_LR64_seed3,0.45898,0.82943,0.92832
rev_LR64/rev_phi0.325_Rave50um_LR64_seed3,0.46289,0.72124,1.06585
rev_LR64/rev_phi0.325_Rave50um_LR64_seed3,0.46680,0.72124,0.99709
rev_LR64/rev_phi0.325_Rave50um_LR64_seed3,0.47070,0.79337,1.03147
rev_LR64/rev_phi0.325_Rave50um_LR64_seed3,0.47461,0.82943,1.06585
rev_LR64/rev_phi0.325_Rave50um_LR64_seed3,0.47852,0.82943,1.13462
rev_LR64/rev_phi0.325_Rave50um_LR64_seed3,0.48242,0.75731,1.10024
rev_LR64/rev_phi0.325_Rave50um_LR64_seed3,0.48633,0.72124,1.13462
rev_LR64/rev_phi0.325_Rave50um_LR64_seed3,0.49023,0.86549,1.13462
rev_LR64/rev_phi0.325_Rave50um_LR64_seed3,0.49414,0.82943,1.13462
rev_LR64/rev_phi0.325_Rave50um_LR64_seed3,0.49805,0.82943,1.20338
rev_LR64/rev_phi0.325_Rave50um_LR64_seed3,0.50195,0.86549,1.30653
rev_LR64/rev_phi0.325_Rave50um_LR64_seed3,0.50586,0.82943,1.27215
rev_LR64/rev_phi0.325_Rave50um_LR64_seed3,0.50977,0.68518,1.37529
rev_LR64/rev_phi0.325_Rave50um_LR64_seed3,0.51367,0.79337,1.30653
rev_LR64/rev_phi0.325_Rave50um_LR64_seed3,0.51758,0.82943,1.27215
rev_LR64/rev_phi0.325_Rave50um_LR64_seed3,0.52148,0.90156,1.27215
rev_LR64/rev_phi0.325_Rave50um_LR64_seed3,0.52539,0.86549,1.37529
rev_LR64/rev_phi0.325_Rave50um_LR64_seed3,0.52930,0.86549,1.23777
rev_LR64/rev_phi0.325_Rave50um_LR64_seed3,0.53320,0.86549,1.06585
rev_LR64/rev_phi0.325_Rave50um_LR64_seed3,0.53711,0.86549,1.13462
rev_LR64/rev_phi0.325_Rave50um_LR64_seed3,0.54102,0.79337,0.99709
rev_LR64/rev_phi0.325_Rave50um_LR64_seed3,0.54492,0.82943,0.99709
rev_LR64/rev_phi0.325_Rave50um_LR64_seed3,0.54883,1.00974,0.96271
rev_LR64/rev_phi0.325_Rave50um_LR64_seed3,0.55273,1.04580,0.85956
rev_LR64/rev_phi0.325_Rave50um_LR64_seed3,0.55664,1.04580,0.82518
rev_LR64/rev_phi0.325_Rave50um_LR64_seed3,0.56055,1.00974,0.72203
rev_LR64/rev_phi0.325_Rave50um_LR64_seed3,0.56445,0.90156,0.65326
rev_LR64/rev_phi0.325_Rave50um_LR64_seed3,0.56836,0.82943,0.68765
rev_LR64/rev_phi0.325_Rave50um_LR64_seed3,0.57227,0.79337,0.82518
rev_LR64/rev_phi0.325_Rave50um_LR64_seed3,0.57617,0.75731,0.85956
rev_LR64/rev_phi0.325_Rave50um_LR64_seed3,0.58008,0.75731,0.85956
rev_LR64/rev_phi0.325_Rave50um_LR64_seed3,0.58398,0.82943,0.85956
rev_LR64/rev_phi0.325_Rave50um_LR64_seed3,0.58789,0.82943,0.85956
rev_LR64/rev_phi0.325_Rave50um_LR64_seed3,0.59180,0.90156,0.89394
rev_LR64/rev_phi0.325_Rave50um_LR64_seed3,0.59570,0.90156,0.89394
rev_LR64/rev_phi0.325_Rave50um_LR64_seed3,0.59961,0.93762,0.85956
rev_LR64/rev_phi0.325_Rave50um_LR64_seed3,0.60352,1.08187,0.82518
rev_LR64/rev_phi0.325_Rave50um_LR64_seed3,0.60742,1.15399,0.89394
rev_LR64/rev_phi0.325_Rave50um_LR64_seed3,0.61133,1.22612,0.85956
rev_LR64/rev_phi0.325_Rave50um_LR64_seed3,0.61523,1.19005,0.96271
rev_LR64/rev_phi0.325_Rave50um_LR64_seed3,0.61914,1.11793,1.03147
rev_LR64/rev_phi0.325_Rave50um_LR64_seed3,0.62305,1.08187,1.03147
rev_LR64/rev_phi0.325_Rave50um_LR64_seed3,0.62695,1.08187,0.96271
rev_LR64/rev_phi0.325_Rave50um_LR64_seed3,0.63086,1.08187,0.89394
rev_LR64/rev_phi0.325_Rave50um_LR64_seed3,0.63477,1.00974,0.99709
rev_LR64/rev_phi0.325_Rave50um_LR64_seed3,0.63867,1.04580,0.92832
rev_LR64/rev_phi0.325_Rave50um_LR64_seed3,0.64258,1.00974,0.92832
rev_LR64/rev_phi0.325_Rave50um_LR64_seed3,0.64648,1.00974,0.99709
rev_LR64/rev_phi0.325_Rave50um_LR64_seed3,0.65039,0.97368,0.99709
rev_LR64/rev_phi0.325_Rave50um_LR64_seed3,0.65430,0.93762,0.99709
rev_LR64/rev_phi0.325_Rave50um_LR64_seed3,0.65820,0.97368,1.06585
rev_LR64/rev_phi0.325_Rave50um_LR64_seed3,0.66211,0.93762,1.03147
rev_LR64/rev_phi0.325_Rave50um_LR64_seed3,0.66602,0.97368,1.13462
rev_LR64/rev_phi0.325_Rave50um_LR64_seed3,0.66992,1.22612,1.10024
rev_LR64/rev_phi0.325_Rave50um_LR64_seed3,0.67383,1.26218,1.10024
rev_LR64/rev_phi0.325_Rave50um_LR64_seed3,0.67773,1.26218,1.03147
rev_LR64/rev_phi0.325_Rave50um_LR64_seed3,0.68164,1.29824,1.03147
rev_LR64/rev_phi0.325_Rave50um_LR64_seed3,0.68555,1.11793,1.03147
rev_LR64/rev_phi0.325_Rave50um_LR64_seed3,0.68945,1.04580,0.85956
rev_LR64/rev_phi0.325_Rave50um_LR64_seed3,0.69336,1.22612,0.85956
rev_LR64/rev_phi0.325_Rave50um_LR64_seed3,0.69727,1.22612,1.03147
rev_LR64/rev_phi0.325_Rave50um_LR64_seed3,0.70117,0.93762,1.06585
rev_LR64/rev_phi0.325_Rave50um_LR64_seed3,0.70508,0.86549,1.10024
rev_LR64/rev_phi0.325_Rave50um_LR64_seed3,0.70898,0.86549,1.23777
rev_LR64/rev_phi0.325_Rave50um_LR64_seed3,0.71289,0.90156,1.23777
rev_LR64/rev_phi0.325_Rave50um_LR64_seed3,0.71680,0.93762,1.16900
rev_LR64/rev_phi0.325_Rave50um_LR64_seed3,0.72070,0.90156,1.16900
rev_LR64/rev_phi0.325_Rave50um_LR64_seed3,0.72461,0.90156,1.20338
rev_LR64/rev_phi0.325_Rave50um_LR64_seed3,0.72852,0.97368,1.27215
rev_LR64/rev_phi0.325_Rave50um_LR64_seed3,0.73242,1.11793,1.20338
rev_LR64/rev_phi0.325_Rave50um_LR64_seed3,0.73633,1.11793,1.20338
rev_LR64/rev_phi0.325_Rave50um_LR64_seed3,0.74023,1.08187,1.06585
rev_LR64/rev_phi0.325_Rave50um_LR64_seed3,0.74414,1.19005,1.03147
rev_LR64/rev_phi0.325_Rave50um_LR64_seed3,0.74805,1.15399,1.03147
rev_LR64/rev_phi0.325_Rave50um_LR64_seed3,0.75195,1.22612,0.92832
rev_LR64/rev_phi0.325_Rave50um_LR64_seed3,0.75586,1.19005,0.89394
rev_LR64/rev_phi0.325_Rave50um_LR64_seed3,0.75977,1.19005,0.85956
rev_LR64/rev_phi0.325_Rave50um_LR64_seed3,0.76367,1.15399,0.85956
rev_LR64/rev_phi0.325_Rave50um_LR64_seed3,0.76758,1.08187,0.89394
rev_LR64/rev_phi0.325_Rave50um_LR64_seed3,0.77148,1.08187,0.92832
rev_LR64/rev_phi0.325_Rave50um_LR64_seed3,0.77539,1.11793,1.03147
rev_LR64/rev_phi0.325_Rave50um_LR64_seed3,0.77930,1.00974,0.99709
rev_LR64/rev_phi0.325_Rave50um_LR64_seed3,0.78320,1.04580,1.06585
rev_LR64/rev_phi0.325_Rave50um_LR64_seed3,0.78711,1.04580,1.06585
rev_LR64/rev_phi0.325_Rave50um_LR64_seed3,0.79102,0.86549,1.06585
rev_LR64/rev_phi0.325_Rave50um_LR64_seed3,0.79492,0.86549,1.13462
rev_LR64/rev_phi0.325_Rave50um_LR64_seed3,0.79883,0.86549,1.13462
rev_LR64/rev_phi0.325_Rave50um_LR64_seed3,0.80273,0.93762,1.06585
rev_LR64/rev_phi0.325_Rave50um_LR64_seed3,0.80664,0.90156,1.03147
rev_LR64/rev_phi0.325_Rave50um_LR64_seed3,0.81055,0.82943,0.96271
rev_LR64/rev_phi0.325_Rave50um_LR64_seed3,0.81445,0.82943,0.99709
rev_LR64/rev_phi0.325_Rave50um_LR64_seed3,0.81836,0.79337,0.99709
rev_LR64/rev_phi0.325_Rave50um_LR64_seed3,0.82227,0.79337,1.03147
rev_LR64/rev_phi0.325_Rave50um_LR64_seed3,0.82617,0.97368,1.13462
rev_LR64/rev_phi0.325_Rave50um_LR64_seed3,0.83008,0.93762,1.16900
rev_LR64/rev_phi0.325_Rave50um_LR64_seed3,0.83398,0.90156,1.23777
rev_LR64/rev_phi0.325_Rave50um_LR64_seed3,0.83789,0.97368,1.03147
rev_LR64/rev_phi0.325_Rave50um_LR64_seed3,0.84180,0.97368,0.99709
rev_LR64/rev_phi0.325_Rave50um_LR64_seed3,0.84570,0.97368,0.96271
rev_LR64/rev_phi0.325_Rave50um_LR64_seed3,0.84961,0.97368,0.96271
rev_LR64/rev_phi0.325_Rave50um_LR64_seed3,0.85352,1.00974,0.99709
rev_LR64/rev_phi0.325_Rave50um_LR64_seed3,0.85742,1.15399,0.92832
rev_LR64/rev_phi0.325_Rave50um_LR64_seed3,0.86133,1.11793,0.99709
rev_LR64/rev_phi0.325_Rave50um_LR64_seed3,0.86523,1.11793,0.99709
rev_LR64/rev_phi0.325_Rave50um_LR64_seed3,0.86914,1.08187,0.92832
rev_LR64/rev_phi0.325_Rave50um_LR64_seed3,0.87305,1.08187,0.89394
rev_LR64/rev_phi0.325_Rave50um_LR64_seed3,0.87695,1.08187,0.92832
rev_LR64/rev_phi0.325_Rave50um_LR64_seed3,0.88086,1.04580,0.99709
rev_LR64/rev_phi0.325_Rave50um_LR64_seed3,0.88477,1.00974,0.99709
rev_LR64/rev_phi0.325_Rave50um_LR64_seed3,0.88867,0.97368,0.96271
rev_LR64/rev_phi0.325_Rave50um_LR64_seed3,0.89258,0.93762,0.92832
rev_LR64/rev_phi0.325_Rave50um_LR64_seed3,0.89648,1.04580,0.92832
rev_LR64/rev_phi0.325_Rave50um_LR64_seed3,0.90039,1.00974,0.99709
rev_LR64/rev_phi0.325_Rave50um_LR64_seed3,0.90430,0.93762,0.96271
rev_LR64/rev_phi0.325_Rave50um_LR64_seed3,0.90820,1.04580,1.03147
rev_LR64/rev_phi0.325_Rave50um_LR64_seed3,0.91211,1.08187,0.96271
rev_LR64/rev_phi0.325_Rave50um_LR64_seed3,0.91602,1.04580,0.92832
rev_LR64/rev_phi0.325_Rave50um_LR64_seed3,0.91992,0.97368,0.89394
rev_LR64/rev_phi0.325_Rave50um_LR64_seed3,0.92383,1.04580,1.10024
rev_LR64/rev_phi0.325_Rave50um_LR64_seed3,0.92773,0.93762,1.03147
rev_LR64/rev_phi0.325_Rave50um_LR64_seed3,0.93164,0.90156,0.99709
rev_LR64/rev_phi0.325_Rave50um_LR64_seed3,0.93555,0.93762,1.13462
rev_LR64/rev_phi0.325_Rave50um_LR64_seed3,0.93945,0.75731,1.03147
rev_LR64/rev_phi0.325_Rave50um_LR64_seed3,0.94336,0.75731,1.03147
rev_LR64/rev_phi0.325_Rave50um_LR64_seed3,0.94727,0.72124,1.13462
rev_LR64/rev_phi0.325_Rave50um_LR64_seed3,0.95117,0.68518,1.13462
rev_LR64/rev_phi0.325_Rave50um_LR64_seed3,0.95508,0.68518,1.20338
rev_LR64/rev_phi0.325_Rave50um_LR64_seed3,0.95898,0.75731,1.13462
rev_LR64/rev_phi0.325_Rave50um_LR64_seed3,0.96289,0.75731,1.13462
rev_LR64/rev_phi0.325_Rave50um_LR64_seed3,0.96680,0.79337,1.16900
rev_LR64/rev_phi0.325_Rave50um_LR64_seed3,0.97070,0.93762,1.13462
rev_LR64/rev_phi0.325_Rave50um_LR64_seed3,0.97461,0.93762,0.92832
rev_LR64/rev_phi0.325_Rave50um_LR64_seed3,0.97852,0.79337,0.92832
rev_LR64/rev_phi0.325_Rave50um_LR64_seed3,0.98242,0.72124,0.99709
rev_LR64/rev_phi0.325_Rave50um_LR64_seed3,0.98633,0.61306,1.03147
rev_LR64/rev_phi0.325_Rave50um_LR64_seed3,0.99023,0.50487,0.89394
rev_LR64/rev_phi0.325_Rave50um_LR64_seed3,0.99414,0.39668,0.96271
rev_LR64/rev_phi0.325_Rave50um_LR64_seed3,0.99805,0.43275,0.75641
rev_LR64/rev_phi0.325_Rave50um_LR64_seed4,0.00195,0.73744,0.98441
rev_LR64/rev_phi0.325_Rave50um_LR64_seed4,0.00586,0.73744,0.98441
rev_LR64/rev_phi0.325_Rave50um_LR64_seed4,0.00977,0.81118,0.98441
rev_LR64/rev_phi0.325_Rave50um_LR64_seed4,0.01367,0.84805,1.01956
rev_LR64/rev_phi0.325_Rave50um_LR64_seed4,0.01758,0.81118,0.91409
rev_LR64/rev_phi0.325_Rave50um_LR64_seed4,0.02148,0.84805,0.80862
rev_LR64/rev_phi0.325_Rave50um_LR64_seed4,0.02539,0.95867,0.80862
rev_LR64/rev_phi0.325_Rave50um_LR64_seed4,0.02930,0.95867,0.73830
rev_LR64/rev_phi0.325_Rave50um_LR64_seed4,0.03320,0.92180,0.73830
rev_LR64/rev_phi0.325_Rave50um_LR64_seed4,0.03711,0.92180,0.70315
rev_LR64/rev_phi0.325_Rave50um_LR64_seed4,0.04102,0.99554,0.73830
rev_LR64/rev_phi0.325_Rave50um_LR64_seed4,0.04492,1.06928,0.66799
rev_LR64/rev_phi0.325_Rave50um_LR64_seed4,0.04883,1.14303,0.66799
rev_LR64/rev_phi0.325_Rave50um_LR64_seed4,0.05273,1.17990,0.84378
rev_LR64/rev_phi0.325_Rave50um_LR64_seed4,0.05664,1.14303,0.84378
rev_LR64/rev_phi0.325_Rave50um_LR64_seed4,0.06055,1.03241,0.80862
rev_LR64/rev_phi0.325_Rave50um_LR64_seed4,0.06445,0.99554,0.77346
rev_LR64/rev_phi0.325_Rave50um_LR64_seed4,0.06836,1.17990,0.70315
rev_LR64/rev_phi0.325_Rave50um_LR64_seed4,0.07227,1.10616,0.66799
rev_LR64/rev_phi0.325_Rave50um_LR64_seed4,0.07617,1.03241,0.77346
rev_LR64/rev_phi0.325_Rave50um_LR64_seed4,0.08008,0.99554,0.94925
rev_LR64/rev_phi0.325_Rave50um_LR64_seed4,0.08398,1.03241,0.94925
rev_LR64/rev_phi0.325_Rave50um_LR64_seed4,0.08789,0.95867,0.91409
rev_LR64/rev_phi0.325_Rave50um_LR64_seed4,0.09180,0.84805,1.01956
rev_LR64/rev_phi0.325_Rave50um_LR64_seed4,0.09570,0.92180,1.05472
rev_LR64/rev_phi0.325_Rave50um_LR64_seed4,0.09961,0.77431,1.12504
rev_LR64/rev_phi0.325_Rave50um_LR64_seed4,0.10352,0.81118,1.01956
rev_LR64/rev_phi0.325_Rave50um_LR64_seed4,0.10742,0.81118,1.08988
rev_LR64/rev_phi0.325_Rave50um_LR64_seed4,0.11133,0.92180,1.01956
rev_LR64/rev_phi0.325_Rave50um_LR64_seed4,0.11523,0.84805,1.01956
rev_LR64/rev_phi0.325_Rave50um_LR64_seed4,0.11914,0.88492,1.01956
rev_LR64/rev_phi0.325_Rave50um_LR64_seed4,0.12305,0.81118,0.94925
rev_LR64/rev_phi0.325_Rave50um_LR64_seed4,0.12695,0.81118,1.05472
rev_LR64/rev_phi0.325_Rave50um_LR64_seed4,0.13086,0.99554,1.01956
rev_LR64/rev_phi0.325_Rave50um_LR64_seed4,0.13477,1.03241,0.94925
rev_LR64/rev_phi0.325_Rave50um_LR64_seed4,0.13867,1.03241,0.94925
rev_LR64/rev_phi0.325_Rave50um_LR64_seed4,0.14258,1.06928,1.08988
rev_LR64/rev_phi0.325_Rave50um_LR64_seed4,0.14648,1.21677,1.05472
rev_LR64/rev_phi0.325_Rave50um_LR64_seed4,0.15039,1.21677,1.01956
rev_LR64/rev_phi0.325_Rave50um_LR64_seed4,0.15430,1.25364,0.94925
rev_LR64/rev_phi0.325_Rave50um_LR64_seed4,0.15820,1.25364,0.98441
rev_LR64/rev_phi0.325_Rave50um_LR64_seed4,0.16211,1.14303,1.01956
rev_LR64/rev_phi0.325_Rave50um_LR64_seed4,0.16602,1.14303,1.01956
rev_LR64/rev_phi0.325_Rave50um_LR64_seed4,0.16992,1.06928,0.91409
rev_LR64/rev_phi0.325_Rave50um_LR64_seed4,0.17383,0.99554,0.91409
rev_LR64/rev_phi0.325_Rave50um_LR64_seed4,0.17773,1.06928,0.94925
rev_LR64/rev_phi0.325_Rave50um_LR64_seed4,0.18164,1.14303,1.16019
rev_LR64/rev_phi0.325_Rave50um_LR64_seed4,0.18555,1.10616,1.16019
rev_LR64/rev_phi0.325_Rave50um_LR64_seed4,0.18945,1.06928,1.12504
rev_LR64/rev_phi0.325_Rave50um_LR64_seed4,0.19336,1.14303,1.19535
rev_LR64/rev_phi0.325_Rave50um_LR64_seed4,0.19727,1.03241,1.19535
rev_LR64/rev_phi0.325_Rave50um_LR64_seed4,0.20117,1.06928,1.12504
rev_LR64/rev_phi0.325_Rave50um_LR64_seed4,0.20508,1.10616,1.12504
rev_LR64/rev_phi0.325_Rave50um_LR64_seed4,0.20898,0.88492,1.05472
rev_LR64/rev_phi0.325_Rave50um_LR64_seed4,0.21289,0.88492,1.05472
rev_LR64/rev_phi0.325_Rave50um_LR64_seed4,0.21680,0.92180,1.05472
rev_LR64/rev_phi0.325_Rave50um_LR64_seed4,0.22070,0.81118,1.08988
rev_LR64/rev_phi0.325_Rave50um_LR64_seed4,0.22461,0.84805,1.16019
rev_LR64/rev_phi0.325_Rave50um_LR64_seed4,0.22852,0.88492,0.98441
rev_LR64/rev_phi0.325_Rave50um_LR64_seed4,0.23242,0.95867,0.91409
rev_LR64/rev_phi0.325_Rave50um_LR64_seed4,0.23633,0.84805,0.94925
rev_LR64/rev_phi0.325_Rave50um_LR64_seed4,0.24023,0.88492,0.91409
rev_LR64/rev_phi0.325_Rave50um_LR64_seed4,0.24414,0.88492,0.94925
rev_LR64/rev_phi0.325_Rave50um_LR64_seed4,0.24805,0.88492,0.94925
rev_LR64/rev_phi0.325_Rave50um_LR64_seed4,0.25195,0.88492,0.87893
rev_LR64/rev_phi0.325_Rave50um_LR64_seed4,0.25586,0.70056,0.84378
rev_LR64/rev_phi0.325_Rave50um_LR64_seed4,0.25977,0.84805,0.84378
rev_LR64/rev_phi0.325_Rave50um_LR64_seed4,0.26367,0.84805,0.80862
rev_LR64/rev_phi0.325_Rave50um_LR64_seed4,0.26758,1.03241,0.80862
rev_LR64/rev_phi0.325_Rave50um_LR64_seed4,0.27148,1.03241,0.77346
rev_LR64/rev_phi0.325_Rave50um_LR64_seed4,0.27539,0.99554,0.80862
rev_LR64/rev_phi0.325_Rave50um_LR64_seed4,0.27930,0.99554,0.77346
rev_LR64/rev_phi0.325_Rave50um_LR64_seed4,0.28320,1.03241,0.77346
rev_LR64/rev_phi0.325_Rave50um_LR64_seed4,0.28711,0.99554,0.66799
rev_LR64/rev_phi0.325_Rave50um_LR64_seed4,0.29102,0.99554,0.63283
rev_LR64/rev_phi0.325_Rave50um_LR64_seed4,0.29492,1.17990,0.63283
rev_LR64/rev_phi0.325_Rave50um_LR64_seed4,0.29883,1.06928,0.63283
rev_LR64/rev_phi0.325_Rave50um_LR64_seed4,0.30273,1.14303,0.73830
rev_LR64/rev_phi0.325_Rave50um_LR64_seed4,0.30664,1.03241,0.70315
rev_LR64/rev_phi0.325_Rave50um_LR64_seed4,0.31055,1.03241,0.73830
rev_LR64/rev_phi0.325_Rave50um_LR64_seed4,0.31445,0.92180,0.73830
rev_LR64/rev_phi0.325_Rave50um_LR64_seed4,0.31836,0.92180,0.73830
rev_LR64/rev_phi0.325_Rave50um_LR64_seed4,0.32227,1.03241,0.77346
rev_LR64/rev_phi0.325_Rave50um_LR64_seed4,0.32617,0.95867,0.91409
rev_LR64/rev_phi0.325_Rave50um_LR64_seed4,0.33008,0.95867,0.94925
rev_LR64/rev_phi0.325_Rave50um_LR64_seed4,0.33398,0.92180,0.87893
rev_LR64/rev_phi0.325_Rave50um_LR64_seed4,0.33789,0.92180,1.05472
rev_LR64/rev_phi0.325_Rave50um_LR64_seed4,0.34180,0.92180,1.05472
rev_LR64/rev_phi0.325_Rave50um_LR64_seed4,0.34570,0.95867,1.05472
rev_LR64/rev_phi0.325_Rave50um_LR64_seed4,0.34961,1.14303,1.05472
rev_LR64/rev_phi0.325_Rave50um_LR64_seed4,0.35352,1.03241,1.01956
rev_LR64/rev_phi0.325_Rave50um_LR64_seed4,0.35742,1.03241,0.91409
rev_LR64/rev_phi0.325_Rave50um_LR64_seed4,0.36133,1.06928,0.94925
rev_LR64/rev_phi0.325_Rave50um_LR64_seed4,0.36523,1.03241,0.94925
rev_LR64/rev_phi0.325_Rave50um_LR64_seed4,0.36914,1.10616,0.98441
rev_LR64/rev_phi0.325_Rave50um_LR64_seed4,0.37305,1.14303,1.01956
rev_LR64/rev_phi0.325_Rave50um_LR64_seed4,0.37695,1.17990,0.98441
rev_LR64/rev_phi0.325_Rave50um_LR64_seed4,0.38086,1.10616,1.01956
rev_LR64/rev_phi0.325_Rave50um_LR64_seed4,0.38477,1.10616,0.91409
rev_LR64/rev_phi0.325_Rave50um_LR64_seed4,0.38867,1.14303,0.87893
rev_LR64/rev_phi0.325_Rave50um_LR64_seed4,0.39258,1.03241,0.80862
rev_LR64/rev_phi0.325_Rave50um_LR64_seed4,0.39648,0.99554,0.80862
rev_LR64/rev_phi0.325_Rave50um_LR64_seed4,0.40039,0.99554,0.80862
rev_LR64/rev_phi0.325_Rave50um_LR64_seed4,0.40430,0.99554,0.80862
rev_LR64/rev_phi0.325_Rave50um_LR64_seed4,0.40820,0.95867,0.91409
rev_LR64/rev_phi0.325_Rave50um_LR64_seed4,0.41211,1.17990,0.87893
rev_LR64/rev_phi0.325_Rave50um_LR64_seed4,0.41602,1.29051,0.80862
rev_LR64/rev_phi0.325_Rave50um_LR64_seed4,0.41992,1.25364,0.80862
rev_LR64/rev_phi0.325_Rave50um_LR64_seed4,0.42383,1.29051,0.80862
rev_LR64/rev_phi0.325_Rave50um_LR64_seed4,0.42773,1.17990,0.91409
rev_LR64/rev_phi0.325_Rave50um_LR64_seed4,0.43164,1.32739,0.94925
rev_LR64/rev_phi0.325_Rave50um_LR64_seed4,0.43555,1.25364,0.84378
rev_LR64/rev_phi0.325_Rave50um_LR64_seed4,0.43945,1.25364,0.84378
rev_LR64/rev_phi0.325_Rave50um_LR64_seed4,0.44336,1.10616,0.94925
rev_LR64/rev_phi0.325_Rave50um_LR64_seed4,0.44727,1.03241,0.87893
rev_LR64/rev_phi0.325_Rave50um_LR64_seed4,0.45117,0.99554,0.91409
rev_LR64/rev_phi0.325_Rave50um_LR64_seed4,0.45508,0.95867,0.94925
rev_LR64/rev_phi0.325_Rave50um_LR64_seed4,0.45898,0.92180,0.94925
rev_LR64/rev_phi0.325_Rave50um_LR64_seed4,0.46289,0.84805,0.98441
rev_LR64/rev_phi0.325_Rave50um_LR64_seed4,0.46680,0.88492,0.91409
rev_LR64/rev_phi0.325_Rave50um_LR64_seed4,0.47070,0.88492,0.94925
rev_LR64/rev_phi0.325_Rave50um_LR64_seed4,0.47461,0.99554,1.01956
rev_LR64/rev_phi0.325_Rave50um_LR64_seed4,0.47852,0.95867,1.08988
rev_LR64/rev_phi0.325_Rave50um_LR64_seed4,0.48242,1.14303,1.08988
rev_LR64/rev_phi0.325_Rave50um_LR64_seed4,0.48633,1.06928,1.01956
rev_LR64/rev_phi0.325_Rave50um_LR64_seed4,0.49023,0.95867,1.01956
rev_LR64/rev_phi0.325_Rave50um_LR64_seed4,0.49414,0.84805,0.98441
rev_LR64/rev_phi0.325_Rave50um_LR64_seed4,0.49805,0.70056,1.08988
rev_LR64/rev_phi0.325_Rave50um_LR64_seed4,0.50195,0.73744,1.08988
rev_LR64/rev_phi0.325_Rave50um_LR64_seed4,0.50586,0.62682,1.08988
rev_LR64/rev_phi0.325_Rave50um_LR64_seed4,0.50977,0.58995,1.12504
rev_LR64/rev_phi0.325_Rave50um_LR64_seed4,0.51367,0.55308,1.12504
rev_LR64/rev_phi0.325_Rave50um_LR64_seed4,0.51758,0.55308,1.12504
rev_LR64/rev_phi0.325_Rave50um_LR64_seed4,0.52148,0.58995,1.08988
rev_LR64/rev_phi0.325_Rave50um_LR64_seed4,0.52539,0.62682,1.16019
rev_LR64/rev_phi0.325_Rave50um_LR64_seed4,0.52930,0.81118,1.19535
rev_LR64/rev_phi0.325_Rave50um_LR64_seed4,0.53320,0.81118,1.12504
rev_LR64/rev_phi0.325_Rave50um_LR64_seed4,0.53711,0.77431,1.12504
rev_LR64/rev_phi0.325_Rave50um_LR64_seed4,0.54102,0.77431,1.12504
rev_LR64/rev_phi0.325_Rave50um_LR64_seed4,0.54492,0.81118,1.08988
rev_LR64/rev_phi0.325_Rave50um_LR64_seed4,0.54883,0.73744,1.05472
rev_LR64/rev_phi0.325_Rave50um_LR64_seed4,0.55273,0.88492,1.12504
rev_LR64/rev_phi0.325_Rave50um_LR64_seed4,0.55664,0.84805,1.26566
rev_LR64/rev_phi0.325_Rave50um_LR64_seed4,0.56055,0.92180,1.26566
rev_LR64/rev_phi0.325_Rave50um_LR64_seed4,0.56445,0.92180,1.30082
rev_LR64/rev_phi0.325_Rave50um_LR64_seed4,0.56836,0.88492,1.26566
rev_LR64/rev_phi0.325_Rave50um_LR64_seed4,0.57227,0.95867,1.19535
rev_LR64/rev_phi0.325_Rave50um_LR64_seed4,0.57617,0.95867,1.23051
rev_LR64/rev_phi0.325_Rave50um_LR64_seed4,0.58008,0.95867,1.26566
rev_LR64/rev_phi0.325_Rave50um_LR64_seed4,0.58398,0.81118,1.33598
rev_LR64/rev_phi0.325_Rave50um_LR64_seed4,0.58789,0.81118,1.23051
rev_LR64/rev_phi0.325_Rave50um_LR64_seed4,0.59180,0.84805,1.23051
rev_LR64/rev_phi0.325_Rave50um_LR64_seed4,0.59570,0.92180,1.23051
rev_LR64/rev_phi0.325_Rave50um_LR64_seed4,0.59961,0.84805,1.23051
rev_LR64/rev_phi0.325_Rave50um_LR64_seed4,0.60352,0.73744,1.23051
rev_LR64/rev_phi0.325_Rave50um_LR64_seed4,0.60742,0.77431,1.23051
rev_LR64/rev_phi0.325_Rave50um_LR64_seed4,0.61133,0.84805,1.16019
rev_LR64/rev_phi0.325_Rave50um_LR64_seed4,0.61523,0.84805,1.16019
rev_LR64/rev_phi0.325_Rave50um_LR64_seed4,0.61914,0.81118,1.08988
rev_LR64/rev_phi0.325_Rave50um_LR64_seed4,0.62305,0.95867,1.08988
rev_LR64/rev_phi0.325_Rave50um_LR64_seed4,0.62695,0.99554,1.12504
rev_LR64/rev_phi0.325_Rave50um_LR64_seed4,0.63086,1.03241,1.08988
rev_LR64/rev_phi0.325_Rave50um_LR64_seed4,0.63477,1.03241,1.12504
rev_LR64/rev_phi0.325_Rave50um_LR64_seed4,0.63867,0.99554,1.12504
rev_LR64/rev_phi0.325_Rave50um_LR64_seed4,0.64258,0.99554,1.12504
rev_LR64/rev_phi0.325_Rave50um_LR64_seed4,0.64648,1.03241,1.05472
rev_LR64/rev_phi0.325_Rave50um_LR64_seed4,0.65039,1.10616,0.87893
rev_LR64/rev_phi0.325_Rave50um_LR64_seed4,0.65430,1.10616,0.73830
rev_LR64/rev_phi0.325_Rave50um_LR64_seed4,0.65820,1.14303,0.77346
rev_LR64/rev_phi0.325_Rave50um_LR64_seed4,0.66211,1.14303,0.73830
rev_LR64/rev_phi0.325_Rave50um_LR64_seed4,0.66602,1.14303,0.77346
rev_LR64/rev_phi0.325_Rave50um_LR64_seed4,0.66992,0.92180,0.87893
rev_LR64/rev_phi0.325_Rave50um_LR64_seed4,0.67383,0.95867,0.91409
rev_LR64/rev_phi0.325_Rave50um_LR64_seed4,0.67773,0.92180,0.84378
rev_LR64/rev_phi0.325_Rave50um_LR64_seed4,0.68164,0.92180,0.87893
rev_LR64/rev_phi0.325_Rave50um_LR64_seed4,0.68555,0.99554,0.80862
rev_LR64/rev_phi0.325_Rave50um_LR64_seed4,0.68945,1.03241,0.77346
rev_LR64/rev_phi0.325_Rave50um_LR64_seed4,0.69336,1.03241,0.87893
rev_LR64/rev_phi0.325_Rave50um_LR64_seed4,0.69727,1.14303,0.94925
rev_LR64/rev_phi0.325_Rave50um_LR64_seed4,0.70117,1.25364,0.98441
rev_LR64/rev_phi0.325_Rave50um_LR64_seed4,0.70508,1.25364,0.94925
rev_LR64/rev_phi0.325_Rave50um_LR64_seed4,0.70898,1.29051,0.94925
rev_LR64/rev_phi0.325_Rave50um_LR64_seed4,0.71289,1.21677,0.98441
rev_LR64/rev_phi0.325_Rave50um_LR64_seed4,0.71680,1.14303,0.98441
rev_LR64/rev_phi0.325_Rave50um_LR64_seed4,0.72070,0.95867,0.98441
rev_LR64/rev_phi0.325_Rave50um_LR64_seed4,0.72461,0.95867,0.91409
rev_LR64/rev_phi0.325_Rave50um_LR64_seed4,0.72852,0.95867,1.05472
rev_LR64/rev_phi0.325_Rave50um_LR64_seed4,0.73242,0.88492,1.12504
rev_LR64/rev_phi0.325_Rave50um_LR64_seed4,0.73633,0.88492,1.16019
rev_LR64/rev_phi0.325_Rave50um_LR64_seed4,0.74023,0.73744,1.19535
rev_LR64/rev_phi0.325_Rave50um_LR64_seed4,0.74414,1.03241,1.19535
rev_LR64/rev_phi0.325_Rave50um_LR64_seed4,0.74805,0.95867,1.26566
rev_LR64/rev_phi0.325_Rave50um_LR64_seed4,0.75195,0.95867,1.16019
rev_LR64/rev_phi0.325_Rave50um_LR64_seed4,0.75586,0.95867,1.26566
rev_LR64/rev_phi0.325_Rave50um_LR64_seed4,0.75977,1.06928,1.30082
rev_LR64/rev_phi0.325_Rave50um_LR64_seed4,0.76367,1.06928,1.23051
rev_LR64/rev_phi0.325_Rave50um_LR64_seed4,0.76758,1.17990,1.26566
rev_LR64/rev_phi0.325_Rave50um_LR64_seed4,0.77148,1.17990,1.23051
rev_LR64/rev_phi0.325_Rave50um_LR64_seed4,0.77539,1.06928,1.16019
rev_LR64/rev_phi0.325_Rave50um_LR64_seed4,0.77930,1.21677,1.16019
rev_LR64/rev_phi0.325_Rave50um_LR64_seed4,0.78320,1.21677,1.19535
rev_LR64/rev_phi0.325_Rave50um_LR64_seed4,0.78711,1.32739,1.16019
rev_LR64/rev_phi0.325_Rave50um_LR64_seed4,0.79102,1.29051,1.08988
rev_LR64/rev_phi0.325_Rave50um_LR64_seed4,0.79492,1.29051,1.12504
rev_LR64/rev_phi0.325_Rave50um_LR64_seed4,0.79883,1.17990,1.12504
rev_LR64/rev_phi0.325_Rave50um_LR64_seed4,0.80273,1.14303,1.16019
rev_LR64/rev_phi0.325_Rave50um_LR64_seed4,0.80664,1.10616,0.98441
rev_LR64/rev_phi0.325_Rave50um_LR64_seed4,0.81055,1.14303,1.12504
rev_LR64/rev_phi0.325_Rave50um_LR64_seed4,0.81445,1.14303,1.19535
rev_LR64/rev_phi0.325_Rave50um_LR64_seed4,0.81836,1.17990,1.23051
rev_LR64/rev_phi0.325_Rave50um_LR64_seed4,0.82227,1.03241,1.26566
rev_LR64/rev_phi0.325_Rave50um_LR64_seed4,0.82617,1.03241,1.12504
rev_LR64/rev_phi0.325_Rave50um_LR64_seed4,0.83008,1.03241,1.08988
rev_LR64/rev_phi0.325_Rave50um_LR64_seed4,0.83398,1.06928,0.98441
rev_LR64/rev_phi0.325_Rave50um_LR64_seed4,0.83789,1.06928,0.98441
rev_LR64/rev_phi0.325_Rave50um_LR64_seed4,0.84180,1.03241,0.91409
rev_LR64/rev_phi0.325_Rave50um_LR64_seed4,0.84570,1.06928,0.87893
rev_LR64/rev_phi0.325_Rave50um_LR64_seed4,0.84961,1.03241,0.87893
rev_LR64/rev_phi0.325_Rave50um_LR64_seed4,0.85352,1.29051,0.87893
rev_LR64/rev_phi0.325_Rave50um_LR64_seed4,0.85742,1.21677,0.94925
rev_LR64/rev_phi0.325_Rave50um_LR64_seed4,0.86133,1.36426,0.87893
rev_LR64/rev_phi0.325_Rave50um_LR64_seed4,0.86523,1.25364,0.98441
rev_LR64/rev_phi0.325_Rave50um_LR64_seed4,0.86914,1.10616,0.91409
rev_LR64/rev_phi0.325_Rave50um_LR64_seed4,0.87305,1.10616,0.94925
rev_LR64/rev_phi0.325_Rave50um_LR64_seed4,0.87695,1.06928,0.94925
rev_LR64/rev_phi0.325_Rave50um_LR64_seed4,0.88086,0.99554,0.98441
rev_LR64/rev_phi0.325_Rave50um_LR64_seed4,0.88477,0.88492,1.08988
rev_LR64/rev_phi0.325_Rave50um_LR64_seed4,0.88867,0.95867,1.19535
rev_LR64/rev_phi0.325_Rave50um_LR64_seed4,0.89258,0.92180,1.23051
rev_LR64/rev_phi0.325_Rave50um_LR64_seed4,0.89648,0.95867,1.23051
rev_LR64/rev_phi0.325_Rave50um_LR64_seed4,0.90039,0.95867,1.23051
rev_LR64/rev_phi0.325_Rave50um_LR64_seed4,0.90430,0.92180,1.19535
rev_LR64/rev_phi0.325_Rave50um_LR64_seed4,0.90820,0.92180,1.12504
rev_LR64/rev_phi0.325_Rave50um_LR64_seed4,0.91211,1.03241,1.05472
rev_LR64/rev_phi0.325_Rave50um_LR64_seed4,0.91602,0.88492,1.08988
rev_LR64/rev_phi0.325_Rave50um_LR64_seed4,0.91992,0.99554,1.05472
rev_LR64/rev_phi0.325_Rave50um_LR64_seed4,0.92383,0.88492,1.05472
rev_LR64/rev_phi0.325_Rave50um_LR64_seed4,0.92773,0.88492,1.12504
rev_LR64/rev_phi0.325_Rave50um_LR64_seed4,0.93164,0.88492,1.23051
rev_LR64/rev_phi0.325_Rave50um_LR64_seed4,0.93555,0.95867,1.16019
rev_LR64/rev_phi0.325_Rave50um_LR64_seed4,0.93945,0.95867,1.16019
rev_LR64/rev_phi0.325_Rave50um_LR64_seed4,0.94336,1.17990,1.12504
rev_LR64/rev_phi0.325_Rave50um_LR64_seed4,0.94727,1.14303,1.12504
rev_LR64/rev_phi0.325_Rave50um_LR64_seed4,0.95117,1.32739,1.01956
rev_LR64/rev_phi0.325_Rave50um_LR64_seed4,0.95508,1.14303,1.05472
rev_LR64/rev_phi0.325_Rave50um_LR64_seed4,0.95898,1.10616,0.98441
rev_LR64/rev_phi0.325_Rave50um_LR64_seed4,0.96289,1.14303,1.01956
rev_LR64/rev_phi0.325_Rave50um_LR64_seed4,0.96680,1.06928,1.05472
rev_LR64/rev_phi0.325_Rave50um_LR64_seed4,0.97070,0.88492,0.87893
rev_LR64/rev_phi0.325_Rave50um_LR64_seed4,0.97461,0.84805,0.91409
rev_LR64/rev_phi0.325_Rave50um_LR64_seed4,0.97852,0.77431,0.91409
rev_LR64/rev_phi0.325_Rave50um_LR64_seed4,0.98242,0.81118,0.94925
rev_LR64/rev_phi0.325_Rave50um_LR64_seed4,0.98633,0.77431,1.01956
rev_LR64/rev_phi0.325_Rave50um_LR64_seed4,0.99023,0.84805,1.08988
rev_LR64/rev_phi0.325_Rave50um_LR64_seed4,0.99414,0.81118,1.01956
rev_LR64/rev_phi0.325_Rave50um_LR64_seed4,0.99805,0.73744,1.01956
prod_LR40_xy/phi0.325_Rave2.5um_seed1,0.00195,0.46520,0.94423
prod_LR40_xy/phi0.325_Rave2.5um_seed1,0.00586,0.46520,0.94423
prod_LR40_xy/phi0.325_Rave2.5um_seed1,0.00977,0.40705,0.83314
prod_LR40_xy/phi0.325_Rave2.5um_seed1,0.01367,0.63966,0.83314
prod_LR40_xy/phi0.325_Rave2.5um_seed1,0.01758,0.63966,0.88869
prod_LR40_xy/phi0.325_Rave2.5um_seed1,0.02148,0.63966,0.83314
prod_LR40_xy/phi0.325_Rave2.5um_seed1,0.02539,0.69781,0.83314
prod_LR40_xy/phi0.325_Rave2.5um_seed1,0.02930,0.63966,0.77760
prod_LR40_xy/phi0.325_Rave2.5um_seed1,0.03320,0.63966,0.77760
prod_LR40_xy/phi0.325_Rave2.5um_seed1,0.03711,0.63966,0.66651
prod_LR40_xy/phi0.325_Rave2.5um_seed1,0.04102,0.63966,0.66651
prod_LR40_xy/phi0.325_Rave2.5um_seed1,0.04492,0.75596,0.66651
prod_LR40_xy/phi0.325_Rave2.5um_seed1,0.04883,0.75596,0.66651
prod_LR40_xy/phi0.325_Rave2.5um_seed1,0.05273,0.75596,0.66651
prod_LR40_xy/phi0.325_Rave2.5um_seed1,0.05664,0.75596,0.83314
prod_LR40_xy/phi0.325_Rave2.5um_seed1,0.06055,0.63966,0.83314
prod_LR40_xy/phi0.325_Rave2.5um_seed1,0.06445,0.75596,0.83314
prod_LR40_xy/phi0.325_Rave2.5um_seed1,0.06836,0.75596,0.88869
prod_LR40_xy/phi0.325_Rave2.5um_seed1,0.07227,0.87226,0.88869
prod_LR40_xy/phi0.325_Rave2.5um_seed1,0.07617,0.81411,0.88869
prod_LR40_xy/phi0.325_Rave2.5um_seed1,0.08008,0.93041,0.88869
prod_LR40_xy/phi0.325_Rave2.5um_seed1,0.08398,0.93041,0.83314
prod_LR40_xy/phi0.325_Rave2.5um_seed1,0.08789,0.93041,0.83314
prod_LR40_xy/phi0.325_Rave2.5um_seed1,0.09180,0.93041,0.83314
prod_LR40_xy/phi0.325_Rave2.5um_seed1,0.09570,0.98856,0.83314
prod_LR40_xy/phi0.325_Rave2.5um_seed1,0.09961,1.10486,0.94423
prod_LR40_xy/phi0.325_Rave2.5um_seed1,0.10352,1.22116,0.94423
prod_LR40_xy/phi0.325_Rave2.5um_seed1,0.10742,1.22116,0.94423
prod_LR40_xy/phi0.325_Rave2.5um_seed1,0.11133,1.22116,0.94423
prod_LR40_xy/phi0.325_Rave2.5um_seed1,0.11523,1.22116,0.88869
prod_LR40_xy/phi0.325_Rave2.5um_seed1,0.11914,1.04671,0.88869
prod_LR40_xy/phi0.325_Rave2.5um_seed1,0.12305,1.10486,0.88869
prod_LR40_xy/phi0.325_Rave2.5um_seed1,0.12695,1.04671,1.05532
prod_LR40_xy/phi0.325_Rave2.5um_seed1,0.13086,0.98856,1.11086
prod_LR40_xy/phi0.325_Rave2.5um_seed1,0.13477,0.98856,1.22194
prod_LR40_xy/phi0.325_Rave2.5um_seed1,0.13867,1.10486,1.11086
prod_LR40_xy/phi0.325_Rave2.5um_seed1,0.14258,0.98856,1.16640
prod_LR40_xy/phi0.325_Rave2.5um_seed1,0.14648,0.98856,1.16640
prod_LR40_xy/phi0.325_Rave2.5um_seed1,0.15039,0.98856,1.16640
prod_LR40_xy/phi0.325_Rave2.5um_seed1,0.15430,1.22116,1.22194
prod_LR40_xy/phi0.325_Rave2.5um_seed1,0.15820,1.27931,1.22194
prod_LR40_xy/phi0.325_Rave2.5um_seed1,0.16211,1.22116,1.22194
prod_LR40_xy/phi0.325_Rave2.5um_seed1,0.16602,1.33746,1.22194
prod_LR40_xy/phi0.325_Rave2.5um_seed1,0.16992,1.39561,1.05532
prod_LR40_xy/phi0.325_Rave2.5um_seed1,0.17383,1.39561,1.05532
prod_LR40_xy/phi0.325_Rave2.5um_seed1,0.17773,1.39561,1.11086
prod_LR40_xy/phi0.325_Rave2.5um_seed1,0.18164,1.39561,1.11086
prod_LR40_xy/phi0.325_Rave2.5um_seed1,0.18555,1.27931,0.99977
prod_LR40_xy/phi0.325_Rave2.5um_seed1,0.18945,1.33746,0.99977
prod_LR40_xy/phi0.325_Rave2.5um_seed1,0.19336,1.04671,0.99977
prod_LR40_xy/phi0.325_Rave2.5um_seed1,0.19727,1.04671,0.99977
prod_LR40_xy/phi0.325_Rave2.5um_seed1,0.20117,1.04671,1.05532
prod_LR40_xy/phi0.325_Rave2.5um_seed1,0.20508,1.04671,1.05532
prod_LR40_xy/phi0.325_Rave2.5um_seed1,0.20898,1.04671,0.99977
prod_LR40_xy/phi0.325_Rave2.5um_seed1,0.21289,0.93041,0.94423
prod_LR40_xy/phi0.325_Rave2.5um_seed1,0.21680,0.87226,0.94423
prod_LR40_xy/phi0.325_Rave2.5um_seed1,0.22070,0.98856,0.94423
prod_LR40_xy/phi0.325_Rave2.5um_seed1,0.22461,1.04671,0.94423
prod_LR40_xy/phi0.325_Rave2.5um_seed1,0.22852,1.04671,1.05532
prod_LR40_xy/phi0.325_Rave2.5um_seed1,0.23242,1.10486,1.05532
prod_LR40_xy/phi0.325_Rave2.5um_seed1,0.23633,1.10486,0.94423
prod_LR40_xy/phi0.325_Rave2.5um_seed1,0.24023,1.16301,0.94423
prod_LR40_xy/phi0.325_Rave2.5um_seed1,0.24414,1.27931,0.94423
prod_LR40_xy/phi0.325_Rave2.5um_seed1,0.24805,1.33746,0.94423
prod_LR40_xy/phi0.325_Rave2.5um_seed1,0.25195,1.33746,0.99977
prod_LR40_xy/phi0.325_Rave2.5um_seed1,0.25586,1.45377,0.99977
prod_LR40_xy/phi0.325_Rave2.5um_seed1,0.25977,1.45377,1.05532
prod_LR40_xy/phi0.325_Rave2.5um_seed1,0.26367,1.45377,1.05532
prod_LR40_xy/phi0.325_Rave2.5um_seed1,0.26758,1.45377,1.05532
prod_LR40_xy/phi0.325_Rave2.5um_seed1,0.27148,1.33746,1.05532
prod_LR40_xy/phi0.325_Rave2.5um_seed1,0.27539,1.39561,1.11086
prod_LR40_xy/phi0.325_Rave2.5um_seed1,0.27930,1.39561,1.11086
prod_LR40_xy/phi0.325_Rave2.5um_seed1,0.28320,1.33746,1.11086
prod_LR40_xy/phi0.325_Rave2.5um_seed1,0.28711,1.39561,1.16640
prod_LR40_xy/phi0.325_Rave2.5um_seed1,0.29102,1.33746,1.22194
prod_LR40_xy/phi0.325_Rave2.5um_seed1,0.29492,1.33746,1.22194
prod_LR40_xy/phi0.325_Rave2.5um_seed1,0.29883,1.22116,1.05532
prod_LR40_xy/phi0.325_Rave2.5um_seed1,0.30273,1.22116,1.05532
prod_LR40_xy/phi0.325_Rave2.5um_seed1,0.30664,1.22116,0.99977
prod_LR40_xy/phi0.325_Rave2.5um_seed1,0.31055,1.22116,0.99977
prod_LR40_xy/phi0.325_Rave2.5um_seed1,0.31445,1.22116,0.99977
prod_LR40_xy/phi0.325_Rave2.5um_seed1,0.31836,1.22116,0.99977
prod_LR40_xy/phi0.325_Rave2.5um_seed1,0.32227,1.16301,0.99977
prod_LR40_xy/phi0.325_Rave2.5um_seed1,0.32617,1.16301,0.99977
prod_LR40_xy/phi0.325_Rave2.5um_seed1,0.33008,1.27931,0.99977
prod_LR40_xy/phi0.325_Rave2.5um_seed1,0.33398,1.16301,0.99977
prod_LR40_xy/phi0.325_Rave2.5um_seed1,0.33789,1.16301,0.99977
prod_LR40_xy/phi0.325_Rave2.5um_seed1,0.34180,1.22116,1.11086
prod_LR40_xy/phi0.325_Rave2.5um_seed1,0.34570,1.22116,1.11086
prod_LR40_xy/phi0.325_Rave2.5um_seed1,0.34961,1.10486,1.22194
prod_LR40_xy/phi0.325_Rave2.5um_seed1,0.35352,1.10486,1.16640
prod_LR40_xy/phi0.325_Rave2.5um_seed1,0.35742,1.04671,1.22194
prod_LR40_xy/phi0.325_Rave2.5um_seed1,0.36133,1.10486,1.22194
prod_LR40_xy/phi0.325_Rave2.5um_seed1,0.36523,1.04671,1.38857
prod_LR40_xy/phi0.325_Rave2.5um_seed1,0.36914,1.04671,1.27749
prod_LR40_xy/phi0.325_Rave2.5um_seed1,0.37305,1.04671,1.33303
prod_LR40_xy/phi0.325_Rave2.5um_seed1,0.37695,1.04671,1.22194
prod_LR40_xy/phi0.325_Rave2.5um_seed1,0.38086,1.10486,1.22194
prod_LR40_xy/phi0.325_Rave2.5um_seed1,0.38477,1.16301,1.27749
prod_LR40_xy/phi0.325_Rave2.5um_seed1,0.38867,1.16301,1.16640
prod_LR40_xy/phi0.325_Rave2.5um_seed1,0.39258,1.10486,1.16640
prod_LR40_xy/phi0.325_Rave2.5um_seed1,0.39648,1.10486,1.16640
prod_LR40_xy/phi0.325_Rave2.5um_seed1,0.40039,1.04671,1.16640
prod_LR40_xy/phi0.325_Rave2.5um_seed1,0.40430,1.04671,1.22194
prod_LR40_xy/phi0.325_Rave2.5um_seed1,0.40820,0.98856,1.16640
prod_LR40_xy/phi0.325_Rave2.5um_seed1,0.41211,0.98856,1.11086
prod_LR40_xy/phi0.325_Rave2.5um_seed1,0.41602,0.87226,1.11086
prod_LR40_xy/phi0.325_Rave2.5um_seed1,0.41992,0.87226,0.94423
prod_LR40_xy/phi0.325_Rave2.5um_seed1,0.42383,0.81411,0.94423
prod_LR40_xy/phi0.325_Rave2.5um_seed1,0.42773,0.81411,0.94423
prod_LR40_xy/phi0.325_Rave2.5um_seed1,0.43164,0.81411,0.94423
prod_LR40_xy/phi0.325_Rave2.5um_seed1,0.43555,0.81411,0.99977
prod_LR40_xy/phi0.325_Rave2.5um_seed1,0.43945,0.75596,0.94423
prod_LR40_xy/phi0.325_Rave2.5um_seed1,0.44336,0.75596,0.94423
prod_LR40_xy/phi0.325_Rave2.5um_seed1,0.44727,0.75596,0.94423
prod_LR40_xy/phi0.325_Rave2.5um_seed1,0.45117,0.75596,0.94423
prod_LR40_xy/phi0.325_Rave2.5um_seed1,0.45508,0.69781,0.94423
prod_LR40_xy/phi0.325_Rave2.5um_seed1,0.45898,0.81411,0.88869
prod_LR40_xy/phi0.325_Rave2.5um_seed1,0.46289,0.81411,0.77760
prod_LR40_xy/phi0.325_Rave2.5um_seed1,0.46680,0.81411,1.05532
prod_LR40_xy/phi0.325_Rave2.5um_seed1,0.47070,0.81411,0.99977
prod_LR40_xy/phi0.325_Rave2.5um_seed1,0.47461,0.81411,1.05532
prod_LR40_xy/phi0.325_Rave2.5um_seed1,0.47852,0.93041,1.11086
prod_LR40_xy/phi0.325_Rave2.5um_seed1,0.48242,0.93041,1.05532
prod_LR40_xy/phi0.325_Rave2.5um_seed1,0.48633,0.87226,1.05532
prod_LR40_xy/phi0.325_Rave2.5um_seed1,0.49023,0.93041,1.05532
prod_LR40_xy/phi0.325_Rave2.5um_seed1,0.49414,0.93041,0.88869
prod_LR40_xy/phi0.325_Rave2.5um_seed1,0.49805,0.98856,0.88869
prod_LR40_xy/phi0.325_Rave2.5um_seed1,0.50195,1.04671,0.77760
prod_LR40_xy/phi0.325_Rave2.5um_seed1,0.50586,1.04671,0.72206
prod_LR40_xy/phi0.325_Rave2.5um_seed1,0.50977,1.04671,0.72206
prod_LR40_xy/phi0.325_Rave2.5um_seed1,0.51367,1.04671,0.61097
prod_LR40_xy/phi0.325_Rave2.5um_seed1,0.51758,1.04671,0.61097
prod_LR40_xy/phi0.325_Rave2.5um_seed1,0.52148,1.16301,0.66651
prod_LR40_xy/phi0.325_Rave2.5um_seed1,0.52539,1.10486,0.66651
prod_LR40_xy/phi0.325_Rave2.5um_seed1,0.52930,1.10486,0.66651
prod_LR40_xy/phi0.325_Rave2.5um_seed1,0.53320,1.27931,0.66651
prod_LR40_xy/phi0.325_Rave2.5um_seed1,0.53711,1.27931,0.61097
prod_LR40_xy/phi0.325_Rave2.5um_seed1,0.54102,1.10486,0.72206
prod_LR40_xy/phi0.325_Rave2.5um_seed1,0.54492,1.10486,0.72206
prod_LR40_xy/phi0.325_Rave2.5um_seed1,0.54883,1.10486,0.77760
prod_LR40_xy/phi0.325_Rave2.5um_seed1,0.55273,1.10486,0.77760
prod_LR40_xy/phi0.325_Rave2.5um_seed1,0.55664,1.10486,0.66651
prod_LR40_xy/phi0.325_Rave2.5um_seed1,0.56055,1.04671,0.66651
prod_LR40_xy/phi0.325_Rave2.5um_seed1,0.56445,0.98856,0.61097
prod_LR40_xy/phi0.325_Rave2.5um_seed1,0.56836,0.98856,0.66651
prod_LR40_xy/phi0.325_Rave2.5um_seed1,0.57227,0.98856,0.61097
prod_LR40_xy/phi0.325_Rave2.5um_seed1,0.57617,0.98856,0.66651
prod_LR40_xy/phi0.325_Rave2.5um_seed1,0.58008,0.93041,0.61097
prod_LR40_xy/phi0.325_Rave2.5um_seed1,0.58398,1.04671,0.55543
prod_LR40_xy/phi0.325_Rave2.5um_seed1,0.58789,1.04671,0.61097
prod_LR40_xy/phi0.325_Rave2.5um_seed1,0.59180,0.98856,0.61097
prod_LR40_xy/phi0.325_Rave2.5um_seed1,0.59570,0.98856,0.61097
prod_LR40_xy/phi0.325_Rave2.5um_seed1,0.59961,0.98856,0.61097
prod_LR40_xy/phi0.325_Rave2.5um_seed1,0.60352,0.98856,0.61097
prod_LR40_xy/phi0.325_Rave2.5um_seed1,0.60742,0.98856,0.72206
prod_LR40_xy/phi0.325_Rave2.5um_seed1,0.61133,0.98856,0.83314
prod_LR40_xy/phi0.325_Rave2.5um_seed1,0.61523,0.98856,0.83314
prod_LR40_xy/phi0.325_Rave2.5um_seed1,0.61914,0.93041,0.77760
prod_LR40_xy/phi0.325_Rave2.5um_seed1,0.62305,0.93041,0.66651
prod_LR40_xy/phi0.325_Rave2.5um_seed1,0.62695,1.10486,0.66651
prod_LR40_xy/phi0.325_Rave2.5um_seed1,0.63086,1.10486,0.66651
prod_LR40_xy/phi0.325_Rave2.5um_seed1,0.63477,1.10486,0.72206
prod_LR40_xy/phi0.325_Rave2.5um_seed1,0.63867,1.04671,0.77760
prod_LR40_xy/phi0.325_Rave2.5um_seed1,0.64258,1.04671,0.88869
prod_LR40_xy/phi0.325_Rave2.5um_seed1,0.64648,1.04671,0.83314
prod_LR40_xy/phi0.325_Rave2.5um_seed1,0.65039,1.04671,0.83314
prod_LR40_xy/phi0.325_Rave2.5um_seed1,0.65430,1.04671,0.83314
prod_LR40_xy/phi0.325_Rave2.5um_seed1,0.65820,1.04671,0.77760
prod_LR40_xy/phi0.325_Rave2.5um_seed1,0.66211,0.98856,0.77760
prod_LR40_xy/phi0.325_Rave2.5um_seed1,0.66602,0.87226,0.77760
prod_LR40_xy/phi0.325_Rave2.5um_seed1,0.66992,0.87226,0.83314
prod_LR40_xy/phi0.325_Rave2.5um_seed1,0.67383,0.87226,0.88869
prod_LR40_xy/phi0.325_Rave2.5um_seed1,0.67773,0.81411,0.83314
prod_LR40_xy/phi0.325_Rave2.5um_seed1,0.68164,0.81411,0.77760
prod_LR40_xy/phi0.325_Rave2.5um_seed1,0.68555,0.75596,0.77760
prod_LR40_xy/phi0.325_Rave2.5um_seed1,0.68945,0.87226,0.72206
prod_LR40_xy/phi0.325_Rave2.5um_seed1,0.69336,1.22116,0.72206
prod_LR40_xy/phi0.325_Rave2.5um_seed1,0.69727,1.33746,0.77760
prod_LR40_xy/phi0.325_Rave2.5um_seed1,0.70117,1.33746,0.77760
prod_LR40_xy/phi0.325_Rave2.5um_seed1,0.70508,1.16301,0.77760
prod_LR40_xy/phi0.325_Rave2.5um_seed1,0.70898,1.16301,0.99977
prod_LR40_xy/phi0.325_Rave2.5um_seed1,0.71289,1.16301,0.94423
prod_LR40_xy/phi0.325_Rave2.5um_seed1,0.71680,1.16301,0.94423
prod_LR40_xy/phi0.325_Rave2.5um_seed1,0.72070,1.04671,0.99977
prod_LR40_xy/phi0.325_Rave2.5um_seed1,0.72461,0.93041,1.11086
prod_LR40_xy/phi0.325_Rave2.5um_seed1,0.72852,0.93041,1.11086
prod_LR40_xy/phi0.325_Rave2.5um_seed1,0.73242,0.93041,1.11086
prod_LR40_xy/phi0.325_Rave2.5um_seed1,0.73633,0.87226,1.22194
prod_LR40_xy/phi0.325_Rave2.5um_seed1,0.74023,0.75596,1.22194
prod_LR40_xy/phi0.325_Rave2.5um_seed1,0.74414,0.69781,1.27749
prod_LR40_xy/phi0.325_Rave2.5um_seed1,0.74805,0.69781,1.16640
prod_LR40_xy/phi0.325_Rave2.5um_seed1,0.75195,0.63966,1.27749
prod_LR40_xy/phi0.325_Rave2.5um_seed1,0.75586,0.58151,1.27749
prod_LR40_xy/phi0.325_Rave2.5um_seed1,0.75977,0.58151,1.27749
prod_LR40_xy/phi0.325_Rave2.5um_seed1,0.76367,0.58151,1.22194
prod_LR40_xy/phi0.325_Rave2.5um_seed1,0.76758,0.58151,1.27749
prod_LR40_xy/phi0.325_Rave2.5um_seed1,0.77148,0.63966,1.27749
prod_LR40_xy/phi0.325_Rave2.5um_seed1,0.77539,0.63966,1.27749
prod_LR40_xy/phi0.325_Rave2.5um_seed1,0.77930,0.63966,1.16640
prod_LR40_xy/phi0.325_Rave2.5um_seed1,0.78320,0.58151,1.27749
prod_LR40_xy/phi0.325_Rave2.5um_seed1,0.78711,0.58151,1.27749
prod_LR40_xy/phi0.325_Rave2.5um_seed1,0.79102,0.58151,1.33303
prod_LR40_xy/phi0.325_Rave2.5um_seed1,0.79492,0.63966,1.16640
prod_LR40_xy/phi0.325_Rave2.5um_seed1,0.79883,0.52336,1.16640
prod_LR40_xy/phi0.325_Rave2.5um_seed1,0.80273,0.58151,1.22194
prod_LR40_xy/phi0.325_Rave2.5um_seed1,0.80664,0.52336,1.22194
prod_LR40_xy/phi0.325_Rave2.5um_seed1,0.81055,0.52336,1.27749
prod_LR40_xy/phi0.325_Rave2.5um_seed1,0.81445,0.58151,1.27749
prod_LR40_xy/phi0.325_Rave2.5um_seed1,0.81836,0.58151,1.38857
prod_LR40_xy/phi0.325_Rave2.5um_seed1,0.82227,0.63966,1.33303
prod_LR40_xy/phi0.325_Rave2.5um_seed1,0.82617,0.63966,1.55520
prod_LR40_xy/phi0.325_Rave2.5um_seed1,0.83008,0.75596,1.44412
prod_LR40_xy/phi0.325_Rave2.5um_seed1,0.83398,0.87226,1.38857
prod_LR40_xy/phi0.325_Rave2.5um_seed1,0.83789,0.87226,1.33303
prod_LR40_xy/phi0.325_Rave2.5um_seed1,0.84180,0.87226,1.33303
prod_LR40_xy/phi0.325_Rave2.5um_seed1,0.84570,0.93041,1.27749
prod_LR40_xy/phi0.325_Rave2.5um_seed1,0.84961,0.93041,1.27749
prod_LR40_xy/phi0.325_Rave2.5um_seed1,0.85352,0.98856,1.27749
prod_LR40_xy/phi0.325_Rave2.5um_seed1,0.85742,0.98856,1.27749
prod_LR40_xy/phi0.325_Rave2.5um_seed1,0.86133,1.04671,1.27749
prod_LR40_xy/phi0.325_Rave2.5um_seed1,0.86523,1.04671,1.33303
prod_LR40_xy/phi0.325_Rave2.5um_seed1,0.86914,0.98856,1.16640
prod_LR40_xy/phi0.325_Rave2.5um_seed1,0.87305,1.10486,1.05532
prod_LR40_xy/phi0.325_Rave2.5um_seed1,0.87695,0.98856,1.05532
prod_LR40_xy/phi0.325_Rave2.5um_seed1,0.88086,0.98856,0.99977
prod_LR40_xy/phi0.325_Rave2.5um_seed1,0.88477,0.81411,0.99977
prod_LR40_xy/phi0.325_Rave2.5um_seed1,0.88867,0.93041,0.99977
prod_LR40_xy/phi0.325_Rave2.5um_seed1,0.89258,0.81411,0.99977
prod_LR40_xy/phi0.325_Rave2.5um_seed1,0.89648,0.81411,0.99977
prod_LR40_xy/phi0.325_Rave2.5um_seed1,0.90039,0.98856,0.99977
prod_LR40_xy/phi0.325_Rave2.5um_seed1,0.90430,0.98856,1.11086
prod_LR40_xy/phi0.325_Rave2.5um_seed1,0.90820,0.98856,1.16640
prod_LR40_xy/phi0.325_Rave2.5um_seed1,0.91211,0.98856,1.16640
prod_LR40_xy/phi0.325_Rave2.5um_seed1,0.91602,0.98856,1.22194
prod_LR40_xy/phi0.325_Rave2.5um_seed1,0.91992,0.98856,1.11086
prod_LR40_xy/phi0.325_Rave2.5um_seed1,0.92383,1.10486,1.11086
prod_LR40_xy/phi0.325_Rave2.5um_seed1,0.92773,1.22116,1.16640
prod_LR40_xy/phi0.325_Rave2.5um_seed1,0.93164,1.27931,1.22194
prod_LR40_xy/phi0.325_Rave2.5um_seed1,0.93555,1.22116,1.16640
prod_LR40_xy/phi0.325_Rave2.5um_seed1,0.93945,1.27931,1.16640
prod_LR40_xy/phi0.325_Rave2.5um_seed1,0.94336,1.22116,1.05532
prod_LR40_xy/phi0.325_Rave2.5um_seed1,0.94727,1.22116,1.22194
prod_LR40_xy/phi0.325_Rave2.5um_seed1,0.95117,1.16301,1.22194
prod_LR40_xy/phi0.325_Rave2.5um_seed1,0.95508,1.16301,1.22194
prod_LR40_xy/phi0.325_Rave2.5um_seed1,0.95898,0.98856,1.16640
prod_LR40_xy/phi0.325_Rave2.5um_seed1,0.96289,0.93041,1.11086
prod_LR40_xy/phi0.325_Rave2.5um_seed1,0.96680,0.98856,0.99977
prod_LR40_xy/phi0.325_Rave2.5um_seed1,0.97070,1.04671,0.99977
prod_LR40_xy/phi0.325_Rave2.5um_seed1,0.97461,0.81411,0.94423
prod_LR40_xy/phi0.325_Rave2.5um_seed1,0.97852,0.81411,0.94423
prod_LR40_xy/phi0.325_Rave2.5um_seed1,0.98242,0.69781,0.94423
prod_LR40_xy/phi0.325_Rave2.5um_seed1,0.98633,0.63966,0.99977
prod_LR40_xy/phi0.325_Rave2.5um_seed1,0.99023,0.63966,0.99977
prod_LR40_xy/phi0.325_Rave2.5um_seed1,0.99414,0.46520,0.94423
prod_LR40_xy/phi0.325_Rave2.5um_seed1,0.99805,0.46520,0.94423
prod_LR40_xy/phi0.325_Rave2.5um_seed2,0.00195,0.64042,0.76097
prod_LR40_xy/phi0.325_Rave2.5um_seed2,0.00586,0.75686,0.76097
prod_LR40_xy/phi0.325_Rave2.5um_seed2,0.00977,0.81508,0.76097
prod_LR40_xy/phi0.325_Rave2.5um_seed2,0.01367,0.81508,0.81533
prod_LR40_xy/phi0.325_Rave2.5um_seed2,0.01758,0.93152,0.81533
prod_LR40_xy/phi0.325_Rave2.5um_seed2,0.02148,0.93152,0.92404
prod_LR40_xy/phi0.325_Rave2.5um_seed2,0.02539,0.93152,0.92404
prod_LR40_xy/phi0.325_Rave2.5um_seed2,0.02930,0.75686,0.92404
prod_LR40_xy/phi0.325_Rave2.5um_seed2,0.03320,0.93152,0.92404
prod_LR40_xy/phi0.325_Rave2.5um_seed2,0.03711,0.93152,0.92404
prod_LR40_xy/phi0.325_Rave2.5um_seed2,0.04102,0.87330,0.97839
prod_LR40_xy/phi0.325_Rave2.5um_seed2,0.04492,0.87330,0.92404
prod_LR40_xy/phi0.325_Rave2.5um_seed2,0.04883,0.87330,0.92404
prod_LR40_xy/phi0.325_Rave2.5um_seed2,0.05273,0.93152,0.92404
prod_LR40_xy/phi0.325_Rave2.5um_seed2,0.05664,1.04796,0.86968
prod_LR40_xy/phi0.325_Rave2.5um_seed2,0.06055,1.28084,1.03275
prod_LR40_xy/phi0.325_Rave2.5um_seed2,0.06445,1.22262,1.03275
prod_LR40_xy/phi0.325_Rave2.5um_seed2,0.06836,1.28084,1.03275
prod_LR40_xy/phi0.325_Rave2.5um_seed2,0.07227,1.28084,0.97839
prod_LR40_xy/phi0.325_Rave2.5um_seed2,0.07617,1.28084,1.08710
prod_LR40_xy/phi0.325_Rave2.5um_seed2,0.08008,1.28084,1.19581
prod_LR40_xy/phi0.325_Rave2.5um_seed2,0.08398,1.28084,1.14146
prod_LR40_xy/phi0.325_Rave2.5um_seed2,0.08789,1.10618,1.14146
prod_LR40_xy/phi0.325_Rave2.5um_seed2,0.09180,1.10618,1.14146
prod_LR40_xy/phi0.325_Rave2.5um_seed2,0.09570,1.10618,1.08710
prod_LR40_xy/phi0.325_Rave2.5um_seed2,0.09961,0.98974,1.08710
prod_LR40_xy/phi0.325_Rave2.5um_seed2,0.10352,0.98974,0.97839
prod_LR40_xy/phi0.325_Rave2.5um_seed2,0.10742,0.98974,0.92404
prod_LR40_xy/phi0.325_Rave2.5um_seed2,0.11133,0.98974,0.92404
prod_LR40_xy/phi0.325_Rave2.5um_seed2,0.11523,0.87330,0.92404
prod_LR40_xy/phi0.325_Rave2.5um_seed2,0.11914,0.93152,0.92404
prod_LR40_xy/phi0.325_Rave2.5um_seed2,0.12305,0.87330,0.86968
prod_LR40_xy/phi0.325_Rave2.5um_seed2,0.12695,0.87330,0.86968
prod_LR40_xy/phi0.325_Rave2.5um_seed2,0.13086,1.04796,0.81533
prod_LR40_xy/phi0.325_Rave2.5um_seed2,0.13477,1.04796,0.81533
prod_LR40_xy/phi0.325_Rave2.5um_seed2,0.13867,1.10618,0.81533
prod_LR40_xy/phi0.325_Rave2.5um_seed2,0.14258,1.10618,0.86968
prod_LR40_xy/phi0.325_Rave2.5um_seed2,0.14648,1.10618,0.92404
prod_LR40_xy/phi0.325_Rave2.5um_seed2,0.15039,1.10618,0.76097
prod_LR40_xy/phi0.325_Rave2.5um_seed2,0.15430,1.10618,0.76097
prod_LR40_xy/phi0.325_Rave2.5um_seed2,0.15820,1.10618,0.70662
prod_LR40_xy/phi0.325_Rave2.5um_seed2,0.16211,1.04796,0.70662
prod_LR40_xy/phi0.325_Rave2.5um_seed2,0.16602,1.16440,0.81533
prod_LR40_xy/phi0.325_Rave2.5um_seed2,0.16992,1.22262,0.81533
prod_LR40_xy/phi0.325_Rave2.5um_seed2,0.17383,1.16440,0.86968
prod_LR40_xy/phi0.325_Rave2.5um_seed2,0.17773,1.16440,0.86968
prod_LR40_xy/phi0.325_Rave2.5um_seed2,0.18164,1.10618,0.76097
prod_LR40_xy/phi0.325_Rave2.5um_seed2,0.18555,0.98974,0.76097
prod_LR40_xy/phi0.325_Rave2.5um_seed2,0.18945,0.93152,0.76097
prod_LR40_xy/phi0.325_Rave2.5um_seed2,0.19336,0.93152,0.76097
prod_LR40_xy/phi0.325_Rave2.5um_seed2,0.19727,0.87330,0.76097
prod_LR40_xy/phi0.325_Rave2.5um_seed2,0.20117,0.81508,0.76097
prod_LR40_xy/phi0.325_Rave2.5um_seed2,0.20508,0.81508,0.76097
prod_LR40_xy/phi0.325_Rave2.5um_seed2,0.20898,0.81508,0.76097
prod_LR40_xy/phi0.325_Rave2.5um_seed2,0.21289,0.75686,0.81533
prod_LR40_xy/phi0.325_Rave2.5um_seed2,0.21680,0.81508,0.81533
prod_LR40_xy/phi0.325_Rave2.5um_seed2,0.22070,0.81508,0.86968
prod_LR40_xy/phi0.325_Rave2.5um_seed2,0.22461,0.93152,1.08710
prod_LR40_xy/phi0.325_Rave2.5um_seed2,0.22852,1.04796,1.08710
prod_LR40_xy/phi0.325_Rave2.5um_seed2,0.23242,0.93152,1.03275
prod_LR40_xy/phi0.325_Rave2.5um_seed2,0.23633,0.93152,1.03275
prod_LR40_xy/phi0.325_Rave2.5um_seed2,0.24023,0.93152,1.19581
prod_LR40_xy/phi0.325_Rave2.5um_seed2,0.24414,0.87330,1.19581
prod_LR40_xy/phi0.325_Rave2.5um_seed2,0.24805,0.87330,1.14146
prod_LR40_xy/phi0.325_Rave2.5um_seed2,0.25195,0.81508,1.14146
prod_LR40_xy/phi0.325_Rave2.5um_seed2,0.25586,0.93152,1.08710
prod_LR40_xy/phi0.325_Rave2.5um_seed2,0.25977,1.10618,1.08710
prod_LR40_xy/phi0.325_Rave2.5um_seed2,0.26367,1.10618,1.14146
prod_LR40_xy/phi0.325_Rave2.5um_seed2,0.26758,1.10618,1.08710
prod_LR40_xy/phi0.325_Rave2.5um_seed2,0.27148,1.10618,1.14146
prod_LR40_xy/phi0.325_Rave2.5um_seed2,0.27539,1.10618,1.03275
prod_LR40_xy/phi0.325_Rave2.5um_seed2,0.27930,1.10618,1.03275
prod_LR40_xy/phi0.325_Rave2.5um_seed2,0.28320,1.16440,0.92404
prod_LR40_xy/phi0.325_Rave2.5um_seed2,0.28711,1.16440,0.97839
prod_LR40_xy/phi0.325_Rave2.5um_seed2,0.29102,1.16440,0.97839
prod_LR40_xy/phi0.325_Rave2.5um_seed2,0.29492,1.10618,0.97839
prod_LR40_xy/phi0.325_Rave2.5um_seed2,0.29883,1.10618,0.92404
prod_LR40_xy/phi0.325_Rave2.5um_seed2,0.30273,1.10618,0.92404
prod_LR40_xy/phi0.325_Rave2.5um_seed2,0.30664,1.10618,0.92404
prod_LR40_xy/phi0.325_Rave2.5um_seed2,0.31055,1.10618,0.92404
prod_LR40_xy/phi0.325_Rave2.5um_seed2,0.31445,1.10618,1.19581
prod_LR40_xy/phi0.325_Rave2.5um_seed2,0.31836,1.04796,1.19581
prod_LR40_xy/phi0.325_Rave2.5um_seed2,0.32227,1.04796,1.08710
prod_LR40_xy/phi0.325_Rave2.5um_seed2,0.32617,0.98974,1.08710
prod_LR40_xy/phi0.325_Rave2.5um_seed2,0.33008,0.98974,1.08710
prod_LR40_xy/phi0.325_Rave2.5um_seed2,0.33398,0.87330,1.08710
prod_LR40_xy/phi0.325_Rave2.5um_seed2,0.33789,0.81508,1.03275
prod_LR40_xy/phi0.325_Rave2.5um_seed2,0.34180,0.75686,1.03275
prod_LR40_xy/phi0.325_Rave2.5um_seed2,0.34570,0.75686,1.03275
prod_LR40_xy/phi0.325_Rave2.5um_seed2,0.34961,0.75686,1.14146
prod_LR40_xy/phi0.325_Rave2.5um_seed2,0.35352,0.87330,1.03275
prod_LR40_xy/phi0.325_Rave2.5um_seed2,0.35742,0.87330,1.03275
prod_LR40_xy/phi0.325_Rave2.5um_seed2,0.36133,0.87330,1.08710
prod_LR40_xy/phi0.325_Rave2.5um_seed2,0.36523,0.93152,1.08710
prod_LR40_xy/phi0.325_Rave2.5um_seed2,0.36914,0.93152,1.08710
prod_LR40_xy/phi0.325_Rave2.5um_seed2,0.37305,1.10618,1.08710
prod_LR40_xy/phi0.325_Rave2.5um_seed2,0.37695,1.28084,1.03275
prod_LR40_xy/phi0.325_Rave2.5um_seed2,0.38086,1.16440,0.92404
prod_LR40_xy/phi0.325_Rave2.5um_seed2,0.38477,1.16440,0.92404
prod_LR40_xy/phi0.325_Rave2.5um_seed2,0.38867,1.16440,0.92404
prod_LR40_xy/phi0.325_Rave2.5um_seed2,0.39258,1.22262,0.92404
prod_LR40_xy/phi0.325_Rave2.5um_seed2,0.39648,1.22262,0.92404
prod_LR40_xy/phi0.325_Rave2.5um_seed2,0.40039,1.22262,0.92404
prod_LR40_xy/phi0.325_Rave2.5um_seed2,0.40430,1.16440,0.92404
prod_LR40_xy/phi0.325_Rave2.5um_seed2,0.40820,1.22262,0.92404
prod_LR40_xy/phi0.325_Rave2.5um_seed2,0.41211,1.10618,0.92404
prod_LR40_xy/phi0.325_Rave2.5um_seed2,0.41602,1.10618,1.03275
prod_LR40_xy/phi0.325_Rave2.5um_seed2,0.41992,0.98974,1.08710
prod_LR40_xy/phi0.325_Rave2.5um_seed2,0.42383,0.98974,1.08710
prod_LR40_xy/phi0.325_Rave2.5um_seed2,0.42773,0.93152,1.03275
prod_LR40_xy/phi0.325_Rave2.5um_seed2,0.43164,0.93152,1.03275
prod_LR40_xy/phi0.325_Rave2.5um_seed2,0.43555,0.87330,0.97839
prod_LR40_xy/phi0.325_Rave2.5um_seed2,0.43945,0.87330,0.97839
prod_LR40_xy/phi0.325_Rave2.5um_seed2,0.44336,0.87330,1.03275
prod_LR40_xy/phi0.325_Rave2.5um_seed2,0.44727,0.87330,1.08710
prod_LR40_xy/phi0.325_Rave2.5um_seed2,0.45117,0.87330,0.92404
prod_LR40_xy/phi0.325_Rave2.5um_seed2,0.45508,0.98974,0.92404
prod_LR40_xy/phi0.325_Rave2.5um_seed2,0.45898,0.93152,0.86968
prod_LR40_xy/phi0.325_Rave2.5um_seed2,0.46289,0.87330,0.81533
prod_LR40_xy/phi0.325_Rave2.5um_seed2,0.46680,0.87330,0.92404
prod_LR40_xy/phi0.325_Rave2.5um_seed2,0.47070,0.81508,0.70662
prod_LR40_xy/phi0.325_Rave2.5um_seed2,0.47461,0.81508,0.70662
prod_LR40_xy/phi0.325_Rave2.5um_seed2,0.47852,0.87330,0.70662
prod_LR40_xy/phi0.325_Rave2.5um_seed2,0.48242,0.87330,0.81533
prod_LR40_xy/phi0.325_Rave2.5um_seed2,0.48633,0.87330,0.92404
prod_LR40_xy/phi0.325_Rave2.5um_seed2,0.49023,0.75686,0.86968
prod_LR40_xy/phi0.325_Rave2.5um_seed2,0.49414,0.75686,0.81533
prod_LR40_xy/phi0.325_Rave2.5um_seed2,0.49805,0.64042,0.81533
prod_LR40_xy/phi0.325_Rave2.5um_seed2,0.50195,0.64042,0.97839
prod_LR40_xy/phi0.325_Rave2.5um_seed2,0.50586,0.64042,0.86968
prod_LR40_xy/phi0.325_Rave2.5um_seed2,0.50977,0.64042,0.92404
prod_LR40_xy/phi0.325_Rave2.5um_seed2,0.51367,0.52398,0.92404
prod_LR40_xy/phi0.325_Rave2.5um_seed2,0.51758,0.75686,0.92404
prod_LR40_xy/phi0.325_Rave2.5um_seed2,0.52148,0.75686,0.97839
prod_LR40_xy/phi0.325_Rave2.5um_seed2,0.52539,0.75686,0.97839
prod_LR40_xy/phi0.325_Rave2.5um_seed2,0.52930,0.75686,0.97839
prod_LR40_xy/phi0.325_Rave2.5um_seed2,0.53320,0.87330,1.14146
prod_LR40_xy/phi0.325_Rave2.5um_seed2,0.53711,0.81508,1.14146
prod_LR40_xy/phi0.325_Rave2.5um_seed2,0.54102,0.81508,1.08710
prod_LR40_xy/phi0.325_Rave2.5um_seed2,0.54492,0.81508,1.08710
prod_LR40_xy/phi0.325_Rave2.5um_seed2,0.54883,0.81508,1.03275
prod_LR40_xy/phi0.325_Rave2.5um_seed2,0.55273,0.81508,1.03275
prod_LR40_xy/phi0.325_Rave2.5um_seed2,0.55664,0.81508,1.08710
prod_LR40_xy/phi0.325_Rave2.5um_seed2,0.56055,0.81508,1.19581
prod_LR40_xy/phi0.325_Rave2.5um_seed2,0.56445,0.93152,1.19581
prod_LR40_xy/phi0.325_Rave2.5um_seed2,0.56836,0.87330,1.19581
prod_LR40_xy/phi0.325_Rave2.5um_seed2,0.57227,0.64042,1.19581
prod_LR40_xy/phi0.325_Rave2.5um_seed2,0.57617,0.64042,1.08710
prod_LR40_xy/phi0.325_Rave2.5um_seed2,0.58008,0.64042,1.08710
prod_LR40_xy/phi0.325_Rave2.5um_seed2,0.58398,0.58220,1.03275
prod_LR40_xy/phi0.325_Rave2.5um_seed2,0.58789,0.64042,1.03275
prod_LR40_xy/phi0.325_Rave2.5um_seed2,0.59180,0.64042,1.08710
prod_LR40_xy/phi0.325_Rave2.5um_seed2,0.59570,0.64042,0.97839
prod_LR40_xy/phi0.325_Rave2.5um_seed2,0.59961,0.58220,0.92404
prod_LR40_xy/phi0.325_Rave2.5um_seed2,0.60352,0.58220,0.92404
prod_LR40_xy/phi0.325_Rave2.5um_seed2,0.60742,0.58220,0.92404
prod_LR40_xy/phi0.325_Rave2.5um_seed2,0.61133,0.58220,0.86968
prod_LR40_xy/phi0.325_Rave2.5um_seed2,0.61523,0.58220,0.70662
prod_LR40_xy/phi0.325_Rave2.5um_seed2,0.61914,0.69864,0.70662
prod_LR40_xy/phi0.325_Rave2.5um_seed2,0.62305,0.69864,0.70662
prod_LR40_xy/phi0.325_Rave2.5um_seed2,0.62695,0.81508,0.81533
prod_LR40_xy/phi0.325_Rave2.5um_seed2,0.63086,0.81508,0.76097
prod_LR40_xy/phi0.325_Rave2.5um_seed2,0.63477,0.81508,0.76097
prod_LR40_xy/phi0.325_Rave2.5um_seed2,0.63867,0.81508,0.86968
prod_LR40_xy/phi0.325_Rave2.5um_seed2,0.64258,0.93152,1.03275
prod_LR40_xy/phi0.325_Rave2.5um_seed2,0.64648,0.93152,0.97839
prod_LR40_xy/phi0.325_Rave2.5um_seed2,0.65039,1.16440,1.08710
prod_LR40_xy/phi0.325_Rave2.5um_seed2,0.65430,1.10618,1.14146
prod_LR40_xy/phi0.325_Rave2.5um_seed2,0.65820,1.04796,1.25017
prod_LR40_xy/phi0.325_Rave2.5um_seed2,0.66211,0.87330,1.30452
prod_LR40_xy/phi0.325_Rave2.5um_seed2,0.66602,0.87330,1.25017
prod_LR40_xy/phi0.325_Rave2.5um_seed2,0.66992,0.87330,1.19581
prod_LR40_xy/phi0.325_Rave2.5um_seed2,0.67383,0.87330,1.25017
prod_LR40_xy/phi0.325_Rave2.5um_seed2,0.67773,0.87330,1.25017
prod_LR40_xy/phi0.325_Rave2.5um_seed2,0.68164,0.87330,1.41323
prod_LR40_xy/phi0.325_Rave2.5um_seed2,0.68555,0.87330,1.41323
prod_LR40_xy/phi0.325_Rave2.5um_seed2,0.68945,0.87330,1.46759
prod_LR40_xy/phi0.325_Rave2.5um_seed2,0.69336,0.93152,1.41323
prod_LR40_xy/phi0.325_Rave2.5um_seed2,0.69727,0.93152,1.19581
prod_LR40_xy/phi0.325_Rave2.5um_seed2,0.70117,0.93152,1.14146
prod_LR40_xy/phi0.325_Rave2.5um_seed2,0.70508,0.93152,1.14146
prod_LR40_xy/phi0.325_Rave2.5um_seed2,0.70898,1.33906,1.08710
prod_LR40_xy/phi0.325_Rave2.5um_seed2,0.71289,1.33906,1.14146
prod_LR40_xy/phi0.325_Rave2.5um_seed2,0.71680,1.28084,1.14146
prod_LR40_xy/phi0.325_Rave2.5um_seed2,0.72070,1.28084,1.14146
prod_LR40_xy/phi0.325_Rave2.5um_seed2,0.72461,1.28084,1.08710
prod_LR40_xy/phi0.325_Rave2.5um_seed2,0.72852,1.22262,1.19581
prod_LR40_xy/phi0.325_Rave2.5um_seed2,0.73242,1.22262,1.30452
prod_LR40_xy/phi0.325_Rave2.5um_seed2,0.73633,1.22262,1.25017
prod_LR40_xy/phi0.325_Rave2.5um_seed2,0.74023,1.33906,1.19581
prod_LR40_xy/phi0.325_Rave2.5um_seed2,0.74414,1.39728,1.19581
prod_LR40_xy/phi0.325_Rave2.5um_seed2,0.74805,1.33906,1.25017
prod_LR40_xy/phi0.325_Rave2.5um_seed2,0.75195,1.33906,1.14146
prod_LR40_xy/phi0.325_Rave2.5um_seed2,0.75586,1.33906,1.14146
prod_LR40_xy/phi0.325_Rave2.5um_seed2,0.75977,1.28084,1.14146
prod_LR40_xy/phi0.325_Rave2.5um_seed2,0.76367,1.22262,1.14146
prod_LR40_xy/phi0.325_Rave2.5um_seed2,0.76758,1.28084,1.03275
prod_LR40_xy/phi0.325_Rave2.5um_seed2,0.77148,1.22262,1.03275
prod_LR40_xy/phi0.325_Rave2.5um_seed2,0.77539,1.22262,1.03275
prod_LR40_xy/phi0.325_Rave2.5um_seed2,0.77930,1.04796,1.03275
prod_LR40_xy/phi0.325_Rave2.5um_seed2,0.78320,0.98974,1.03275
prod_LR40_xy/phi0.325_Rave2.5um_seed2,0.78711,0.98974,1.03275
prod_LR40_xy/phi0.325_Rave2.5um_seed2,0.79102,0.98974,1.08710
prod_LR40_xy/phi0.325_Rave2.5um_seed2,0.79492,0.98974,1.08710
prod_LR40_xy/phi0.325_Rave2.5um_seed2,0.79883,1.04796,1.03275
prod_LR40_xy/phi0.325_Rave2.5um_seed2,0.80273,0.98974,0.92404
prod_LR40_xy/phi0.325_Rave2.5um_seed2,0.80664,0.98974,0.86968
prod_LR40_xy/phi0.325_Rave2.5um_seed2,0.81055,0.98974,0.86968
prod_LR40_xy/phi0.325_Rave2.5um_seed2,0.81445,1.16440,0.81533
prod_LR40_xy/phi0.325_Rave2.5um_seed2,0.81836,1.10618,0.92404
prod_LR40_xy/phi0.325_Rave2.5um_seed2,0.82227,1.16440,0.92404
prod_LR40_xy/phi0.325_Rave2.5um_seed2,0.82617,1.10618,0.86968
prod_LR40_xy/phi0.325_Rave2.5um_seed2,0.83008,1.04796,0.92404
prod_LR40_xy/phi0.325_Rave2.5um_seed2,0.83398,1.04796,0.92404
prod_LR40_xy/phi0.325_Rave2.5um_seed2,0.83789,0.98974,1.08710
prod_LR40_xy/phi0.325_Rave2.5um_seed2,0.84180,0.98974,1.08710
prod_LR40_xy/phi0.325_Rave2.5um_seed2,0.84570,1.04796,1.14146
prod_LR40_xy/phi0.325_Rave2.5um_seed2,0.84961,0.98974,1.19581
prod_LR40_xy/phi0.325_Rave2.5um_seed2,0.85352,0.93152,1.19581
prod_LR40_xy/phi0.325_Rave2.5um_seed2,0.85742,1.04796,1.19581
prod_LR40_xy/phi0.325_Rave2.5um_seed2,0.86133,0.98974,1.19581
prod_LR40_xy/phi0.325_Rave2.5um_seed2,0.86523,0.98974,1.14146
prod_LR40_xy/phi0.325_Rave2.5um_seed2,0.86914,1.10618,1.19581
prod_LR40_xy/phi0.325_Rave2.5um_seed2,0.87305,1.22262,1.30452
prod_LR40_xy/phi0.325_Rave2.5um_seed2,0.87695,1.22262,1.25017
prod_LR40_xy/phi0.325_Rave2.5um_seed2,0.88086,1.22262,1.19581
prod_LR40_xy/phi0.325_Rave2.5um_seed2,0.88477,1.22262,1.14146
prod_LR40_xy/phi0.325_Rave2.5um_seed2,0.88867,1.22262,1.25017
prod_LR40_xy/phi0.325_Rave2.5um_seed2,0.89258,1.33906,1.08710
prod_LR40_xy/phi0.325_Rave2.5um_seed2,0.89648,1.33906,0.92404
prod_LR40_xy/phi0.325_Rave2.5um_seed2,0.90039,1.28084,0.92404
prod_LR40_xy/phi0.325_Rave2.5um_seed2,0.90430,1.28084,0.81533
prod_LR40_xy/phi0.325_Rave2.5um_seed2,0.90820,1.28084,0.81533
prod_LR40_xy/phi0.325_Rave2.5um_seed2,0.91211,1.51372,0.70662
prod_LR40_xy/phi0.325_Rave2.5um_seed2,0.91602,1.39728,0.70662
prod_LR40_xy/phi0.325_Rave2.5um_seed2,0.91992,1.33906,0.70662
prod_LR40_xy/phi0.325_Rave2.5um_seed2,0.92383,1.33906,0.70662
prod_LR40_xy/phi0.325_Rave2.5um_seed2,0.92773,1.22262,0.81533
prod_LR40_xy/phi0.325_Rave2.5um_seed2,0.93164,1.33906,0.81533
prod_LR40_xy/phi0.325_Rave2.5um_seed2,0.93555,1.22262,0.81533
prod_LR40_xy/phi0.325_Rave2.5um_seed2,0.93945,1.28084,0.92404
prod_LR40_xy/phi0.325_Rave2.5um_seed2,0.94336,1.28084,0.92404
prod_LR40_xy/phi0.325_Rave2.5um_seed2,0.94727,1.22262,0.92404
prod_LR40_xy/phi0.325_Rave2.5um_seed2,0.95117,1.16440,0.92404
prod_LR40_xy/phi0.325_Rave2.5um_seed2,0.95508,1.04796,0.92404
prod_LR40_xy/phi0.325_Rave2.5um_seed2,0.95898,0.93152,0.92404
prod_LR40_xy/phi0.325_Rave2.5um_seed2,0.96289,0.87330,0.97839
prod_LR40_xy/phi0.325_Rave2.5um_seed2,0.96680,0.87330,1.03275
prod_LR40_xy/phi0.325_Rave2.5um_seed2,0.97070,0.87330,1.03275
prod_LR40_xy/phi0.325_Rave2.5um_seed2,0.97461,0.75686,1.03275
prod_LR40_xy/phi0.325_Rave2.5um_seed2,0.97852,0.69864,0.86968
prod_LR40_xy/phi0.325_Rave2.5um_seed2,0.98242,0.69864,0.76097
prod_LR40_xy/phi0.325_Rave2.5um_seed2,0.98633,0.81508,0.70662
prod_LR40_xy/phi0.325_Rave2.5um_seed2,0.99023,0.64042,0.70662
prod_LR40_xy/phi0.325_Rave2.5um_seed2,0.99414,0.52398,0.76097
prod_LR40_xy/phi0.325_Rave2.5um_seed2,0.99805,0.52398,0.76097
prod_LR40_xy/phi0.325_Rave2.5um_seed3,0.00195,0.60546,0.78406
prod_LR40_xy/phi0.325_Rave2.5um_seed3,0.00586,0.71554,0.83633
prod_LR40_xy/phi0.325_Rave2.5um_seed3,0.00977,0.71554,0.94087
prod_LR40_xy/phi0.325_Rave2.5um_seed3,0.01367,0.71554,1.04542
prod_LR40_xy/phi0.325_Rave2.5um_seed3,0.01758,0.88067,1.04542
prod_LR40_xy/phi0.325_Rave2.5um_seed3,0.02148,0.93571,1.04542
prod_LR40_xy/phi0.325_Rave2.5um_seed3,0.02539,0.93571,1.25450
prod_LR40_xy/phi0.325_Rave2.5um_seed3,0.02930,0.99075,1.30677
prod_LR40_xy/phi0.325_Rave2.5um_seed3,0.03320,0.99075,1.30677
prod_LR40_xy/phi0.325_Rave2.5um_seed3,0.03711,0.99075,1.30677
prod_LR40_xy/phi0.325_Rave2.5um_seed3,0.04102,0.99075,1.30677
prod_LR40_xy/phi0.325_Rave2.5um_seed3,0.04492,0.99075,1.04542
prod_LR40_xy/phi0.325_Rave2.5um_seed3,0.04883,0.99075,0.99314
prod_LR40_xy/phi0.325_Rave2.5um_seed3,0.05273,0.99075,0.99314
prod_LR40_xy/phi0.325_Rave2.5um_seed3,0.05664,0.99075,0.99314
prod_LR40_xy/phi0.325_Rave2.5um_seed3,0.06055,0.88067,1.09769
prod_LR40_xy/phi0.325_Rave2.5um_seed3,0.06445,0.88067,1.14996
prod_LR40_xy/phi0.325_Rave2.5um_seed3,0.06836,0.82563,1.14996
prod_LR40_xy/phi0.325_Rave2.5um_seed3,0.07227,0.77058,1.14996
prod_LR40_xy/phi0.325_Rave2.5um_seed3,0.07617,0.82563,1.09769
prod_LR40_xy/phi0.325_Rave2.5um_seed3,0.08008,0.82563,1.09769
prod_LR40_xy/phi0.325_Rave2.5um_seed3,0.08398,0.88067,0.99314
prod_LR40_xy/phi0.325_Rave2.5um_seed3,0.08789,0.93571,0.94087
prod_LR40_xy/phi0.325_Rave2.5um_seed3,0.09180,1.04579,0.94087
prod_LR40_xy/phi0.325_Rave2.5um_seed3,0.09570,0.99075,0.94087
prod_LR40_xy/phi0.325_Rave2.5um_seed3,0.09961,1.04579,0.94087
prod_LR40_xy/phi0.325_Rave2.5um_seed3,0.10352,1.04579,0.94087
prod_LR40_xy/phi0.325_Rave2.5um_seed3,0.10742,1.04579,0.94087
prod_LR40_xy/phi0.325_Rave2.5um_seed3,0.11133,1.10083,1.09769
prod_LR40_xy/phi0.325_Rave2.5um_seed3,0.11523,1.15588,1.09769
prod_LR40_xy/phi0.325_Rave2.5um_seed3,0.11914,1.04579,1.09769
prod_LR40_xy/phi0.325_Rave2.5um_seed3,0.12305,1.04579,1.09769
prod_LR40_xy/phi0.325_Rave2.5um_seed3,0.12695,0.99075,1.09769
prod_LR40_xy/phi0.325_Rave2.5um_seed3,0.13086,0.99075,1.09769
prod_LR40_xy/phi0.325_Rave2.5um_seed3,0.13477,1.10083,1.09769
prod_LR40_xy/phi0.325_Rave2.5um_seed3,0.13867,1.04579,1.14996
prod_LR40_xy/phi0.325_Rave2.5um_seed3,0.14258,1.04579,0.88860
prod_LR40_xy/phi0.325_Rave2.5um_seed3,0.14648,1.15588,0.88860
prod_LR40_xy/phi0.325_Rave2.5um_seed3,0.15039,1.26596,0.99314
prod_LR40_xy/phi0.325_Rave2.5um_seed3,0.15430,1.26596,0.99314
prod_LR40_xy/phi0.325_Rave2.5um_seed3,0.15820,1.43109,0.94087
prod_LR40_xy/phi0.325_Rave2.5um_seed3,0.16211,1.48613,0.83633
prod_LR40_xy/phi0.325_Rave2.5um_seed3,0.16602,1.54117,0.83633
prod_LR40_xy/phi0.325_Rave2.5um_seed3,0.16992,1.48613,0.88860
prod_LR40_xy/phi0.325_Rave2.5um_seed3,0.17383,1.32100,0.88860
prod_LR40_xy/phi0.325_Rave2.5um_seed3,0.17773,1.26596,0.83633
prod_LR40_xy/phi0.325_Rave2.5um_seed3,0.18164,1.21092,0.83633
prod_LR40_xy/phi0.325_Rave2.5um_seed3,0.18555,1.15588,0.88860
prod_LR40_xy/phi0.325_Rave2.5um_seed3,0.18945,1.15588,0.78406
prod_LR40_xy/phi0.325_Rave2.5um_seed3,0.19336,1.15588,0.78406
prod_LR40_xy/phi0.325_Rave2.5um_seed3,0.19727,1.10083,0.83633
prod_LR40_xy/phi0.325_Rave2.5um_seed3,0.20117,1.10083,0.83633
prod_LR40_xy/phi0.325_Rave2.5um_seed3,0.20508,1.26596,0.83633
prod_LR40_xy/phi0.325_Rave2.5um_seed3,0.20898,1.32100,0.78406
prod_LR40_xy/phi0.325_Rave2.5um_seed3,0.21289,1.37604,0.83633
prod_LR40_xy/phi0.325_Rave2.5um_seed3,0.21680,1.32100,0.88860
prod_LR40_xy/phi0.325_Rave2.5um_seed3,0.22070,1.32100,0.83633
prod_LR40_xy/phi0.325_Rave2.5um_seed3,0.22461,1.32100,0.83633
prod_LR40_xy/phi0.325_Rave2.5um_seed3,0.22852,1.32100,0.73179
prod_LR40_xy/phi0.325_Rave2.5um_seed3,0.23242,1.32100,0.78406
prod_LR40_xy/phi0.325_Rave2.5um_seed3,0.23633,1.32100,0.78406
prod_LR40_xy/phi0.325_Rave2.5um_seed3,0.24023,1.26596,0.78406
prod_LR40_xy/phi0.325_Rave2.5um_seed3,0.24414,1.15588,0.83633
prod_LR40_xy/phi0.325_Rave2.5um_seed3,0.24805,1.26596,0.99314
prod_LR40_xy/phi0.325_Rave2.5um_seed3,0.25195,1.32100,0.94087
prod_LR40_xy/phi0.325_Rave2.5um_seed3,0.25586,1.32100,0.94087
prod_LR40_xy/phi0.325_Rave2.5um_seed3,0.25977,1.32100,0.83633
prod_LR40_xy/phi0.325_Rave2.5um_seed3,0.26367,1.21092,0.88860
prod_LR40_xy/phi0.325_Rave2.5um_seed3,0.26758,1.15588,0.88860
prod_LR40_xy/phi0.325_Rave2.5um_seed3,0.27148,1.15588,0.88860
prod_LR40_xy/phi0.325_Rave2.5um_seed3,0.27539,1.15588,0.88860
prod_LR40_xy/phi0.325_Rave2.5um_seed3,0.27930,1.15588,0.94087
prod_LR40_xy/phi0.325_Rave2.5um_seed3,0.28320,1.21092,0.94087
prod_LR40_xy/phi0.325_Rave2.5um_seed3,0.28711,1.21092,1.04542
prod_LR40_xy/phi0.325_Rave2.5um_seed3,0.29102,1.21092,1.09769
prod_LR40_xy/phi0.325_Rave2.5um_seed3,0.29492,1.21092,1.09769
prod_LR40_xy/phi0.325_Rave2.5um_seed3,0.29883,1.37604,1.20223
prod_LR40_xy/phi0.325_Rave2.5um_seed3,0.30273,1.21092,1.20223
prod_LR40_xy/phi0.325_Rave2.5um_seed3,0.30664,1.32100,1.20223
prod_LR40_xy/phi0.325_Rave2.5um_seed3,0.31055,1.32100,1.14996
prod_LR40_xy/phi0.325_Rave2.5um_seed3,0.31445,1.32100,1.20223
prod_LR40_xy/phi0.325_Rave2.5um_seed3,0.31836,1.32100,1.09769
prod_LR40_xy/phi0.325_Rave2.5um_seed3,0.32227,1.26596,1.09769
prod_LR40_xy/phi0.325_Rave2.5um_seed3,0.32617,1.26596,1.09769
prod_LR40_xy/phi0.325_Rave2.5um_seed3,0.33008,1.21092,1.20223
prod_LR40_xy/phi0.325_Rave2.5um_seed3,0.33398,1.26596,1.14996
prod_LR40_xy/phi0.325_Rave2.5um_seed3,0.33789,1.26596,1.20223
prod_LR40_xy/phi0.325_Rave2.5um_seed3,0.34180,1.10083,1.14996
prod_LR40_xy/phi0.325_Rave2.5um_seed3,0.34570,1.15588,1.14996
prod_LR40_xy/phi0.325_Rave2.5um_seed3,0.34961,1.10083,1.14996
prod_LR40_xy/phi0.325_Rave2.5um_seed3,0.35352,1.04579,0.99314
prod_LR40_xy/phi0.325_Rave2.5um_seed3,0.35742,0.93571,0.99314
prod_LR40_xy/phi0.325_Rave2.5um_seed3,0.36133,0.99075,0.94087
prod_LR40_xy/phi0.325_Rave2.5um_seed3,0.36523,0.93571,0.99314
prod_LR40_xy/phi0.325_Rave2.5um_seed3,0.36914,0.82563,0.99314
prod_LR40_xy/phi0.325_Rave2.5um_seed3,0.37305,0.82563,1.14996
prod_LR40_xy/phi0.325_Rave2.5um_seed3,0.37695,0.82563,1.14996
prod_LR40_xy/phi0.325_Rave2.5um_seed3,0.38086,0.82563,1.09769
prod_LR40_xy/phi0.325_Rave2.5um_seed3,0.38477,0.82563,1.09769
prod_LR40_xy/phi0.325_Rave2.5um_seed3,0.38867,0.93571,0.99314
prod_LR40_xy/phi0.325_Rave2.5um_seed3,0.39258,0.88067,0.94087
prod_LR40_xy/phi0.325_Rave2.5um_seed3,0.39648,0.93571,0.94087
prod_LR40_xy/phi0.325_Rave2.5um_seed3,0.40039,0.93571,0.78406
prod_LR40_xy/phi0.325_Rave2.5um_seed3,0.40430,1.04579,0.78406
prod_LR40_xy/phi0.325_Rave2.5um_seed3,0.40820,0.93571,0.78406
prod_LR40_xy/phi0.325_Rave2.5um_seed3,0.41211,0.93571,0.62725
prod_LR40_xy/phi0.325_Rave2.5um_seed3,0.41602,0.93571,0.67952
prod_LR40_xy/phi0.325_Rave2.5um_seed3,0.41992,0.93571,0.67952
prod_LR40_xy/phi0.325_Rave2.5um_seed3,0.42383,0.82563,0.73179
prod_LR40_xy/phi0.325_Rave2.5um_seed3,0.42773,0.71554,0.83633
prod_LR40_xy/phi0.325_Rave2.5um_seed3,0.43164,0.71554,0.83633
prod_LR40_xy/phi0.325_Rave2.5um_seed3,0.43555,0.71554,0.78406
prod_LR40_xy/phi0.325_Rave2.5um_seed3,0.43945,0.77058,0.78406
prod_LR40_xy/phi0.325_Rave2.5um_seed3,0.44336,0.77058,0.78406
prod_LR40_xy/phi0.325_Rave2.5um_seed3,0.44727,0.77058,0.78406
prod_LR40_xy/phi0.325_Rave2.5um_seed3,0.45117,0.77058,0.78406
prod_LR40_xy/phi0.325_Rave2.5um_seed3,0.45508,0.77058,0.83633
prod_LR40_xy/phi0.325_Rave2.5um_seed3,0.45898,0.88067,0.88860
prod_LR40_xy/phi0.325_Rave2.5um_seed3,0.46289,0.88067,0.88860
prod_LR40_xy/phi0.325_Rave2.5um_seed3,0.46680,0.88067,0.88860
prod_LR40_xy/phi0.325_Rave2.5um_seed3,0.47070,0.88067,0.88860
prod_LR40_xy/phi0.325_Rave2.5um_seed3,0.47461,0.88067,0.88860
prod_LR40_xy/phi0.325_Rave2.5um_seed3,0.47852,0.99075,0.83633
prod_LR40_xy/phi0.325_Rave2.5um_seed3,0.48242,0.99075,0.83633
prod_LR40_xy/phi0.325_Rave2.5um_seed3,0.48633,0.99075,0.83633
prod_LR40_xy/phi0.325_Rave2.5um_seed3,0.49023,1.10083,0.83633
prod_LR40_xy/phi0.325_Rave2.5um_seed3,0.49414,1.15588,0.83633
prod_LR40_xy/phi0.325_Rave2.5um_seed3,0.49805,1.15588,0.83633
prod_LR40_xy/phi0.325_Rave2.5um_seed3,0.50195,1.04579,0.88860
prod_LR40_xy/phi0.325_Rave2.5um_seed3,0.50586,0.99075,0.83633
prod_LR40_xy/phi0.325_Rave2.5um_seed3,0.50977,0.99075,0.83633
prod_LR40_xy/phi0.325_Rave2.5um_seed3,0.51367,0.99075,0.78406
prod_LR40_xy/phi0.325_Rave2.5um_seed3,0.51758,0.88067,0.67952
prod_LR40_xy/phi0.325_Rave2.5um_seed3,0.52148,0.82563,0.67952
prod_LR40_xy/phi0.325_Rave2.5um_seed3,0.52539,0.88067,0.83633
prod_LR40_xy/phi0.325_Rave2.5um_seed3,0.52930,0.88067,0.83633
prod_LR40_xy/phi0.325_Rave2.5um_seed3,0.53320,0.88067,0.83633
prod_LR40_xy/phi0.325_Rave2.5um_seed3,0.53711,0.88067,0.83633
prod_LR40_xy/phi0.325_Rave2.5um_seed3,0.54102,0.88067,0.83633
prod_LR40_xy/phi0.325_Rave2.5um_seed3,0.54492,0.93571,0.83633
prod_LR40_xy/phi0.325_Rave2.5um_seed3,0.54883,0.93571,0.83633
prod_LR40_xy/phi0.325_Rave2.5um_seed3,0.55273,0.82563,0.94087
prod_LR40_xy/phi0.325_Rave2.5um_seed3,0.55664,0.82563,0.94087
prod_LR40_xy/phi0.325_Rave2.5um_seed3,0.56055,0.88067,0.94087
prod_LR40_xy/phi0.325_Rave2.5um_seed3,0.56445,0.93571,0.94087
prod_LR40_xy/phi0.325_Rave2.5um_seed3,0.56836,0.93571,0.94087
prod_LR40_xy/phi0.325_Rave2.5um_seed3,0.57227,0.93571,0.88860
prod_LR40_xy/phi0.325_Rave2.5um_seed3,0.57617,0.93571,0.88860
prod_LR40_xy/phi0.325_Rave2.5um_seed3,0.58008,0.93571,0.88860
prod_LR40_xy/phi0.325_Rave2.5um_seed3,0.58398,0.93571,0.88860
prod_LR40_xy/phi0.325_Rave2.5um_seed3,0.58789,0.88067,0.94087
prod_LR40_xy/phi0.325_Rave2.5um_seed3,0.59180,0.82563,0.88860
prod_LR40_xy/phi0.325_Rave2.5um_seed3,0.59570,0.77058,0.94087
prod_LR40_xy/phi0.325_Rave2.5um_seed3,0.59961,0.82563,0.94087
prod_LR40_xy/phi0.325_Rave2.5um_seed3,0.60352,0.82563,0.94087
prod_LR40_xy/phi0.325_Rave2.5um_seed3,0.60742,0.99075,0.99314
prod_LR40_xy/phi0.325_Rave2.5um_seed3,0.61133,0.99075,0.99314
prod_LR40_xy/phi0.325_Rave2.5um_seed3,0.61523,0.99075,1.14996
prod_LR40_xy/phi0.325_Rave2.5um_seed3,0.61914,0.99075,1.14996
prod_LR40_xy/phi0.325_Rave2.5um_seed3,0.62305,0.99075,1.14996
prod_LR40_xy/phi0.325_Rave2.5um_seed3,0.62695,1.04579,1.04542
prod_LR40_xy/phi0.325_Rave2.5um_seed3,0.63086,1.10083,0.94087
prod_LR40_xy/phi0.325_Rave2.5um_seed3,0.63477,1.32100,0.94087
prod_LR40_xy/phi0.325_Rave2.5um_seed3,0.63867,1.37604,0.94087
prod_LR40_xy/phi0.325_Rave2.5um_seed3,0.64258,1.32100,0.94087
prod_LR40_xy/phi0.325_Rave2.5um_seed3,0.64648,1.26596,1.04542
prod_LR40_xy/phi0.325_Rave2.5um_seed3,0.65039,1.32100,1.04542
prod_LR40_xy/phi0.325_Rave2.5um_seed3,0.65430,1.26596,1.04542
prod_LR40_xy/phi0.325_Rave2.5um_seed3,0.65820,1.26596,1.20223
prod_LR40_xy/phi0.325_Rave2.5um_seed3,0.66211,1.26596,1.25450
prod_LR40_xy/phi0.325_Rave2.5um_seed3,0.66602,1.26596,1.14996
prod_LR40_xy/phi0.325_Rave2.5um_seed3,0.66992,1.26596,1.14996
prod_LR40_xy/phi0.325_Rave2.5um_seed3,0.67383,1.21092,1.20223
prod_LR40_xy/phi0.325_Rave2.5um_seed3,0.67773,1.21092,1.20223
prod_LR40_xy/phi0.325_Rave2.5um_seed3,0.68164,1.21092,1.09769
prod_LR40_xy/phi0.325_Rave2.5um_seed3,0.68555,0.99075,1.14996
prod_LR40_xy/phi0.325_Rave2.5um_seed3,0.68945,0.99075,1.14996
prod_LR40_xy/phi0.325_Rave2.5um_seed3,0.69336,0.99075,1.20223
prod_LR40_xy/phi0.325_Rave2.5um_seed3,0.69727,0.99075,1.20223
prod_LR40_xy/phi0.325_Rave2.5um_seed3,0.70117,1.21092,1.30677
prod_LR40_xy/phi0.325_Rave2.5um_seed3,0.70508,1.21092,1.41131
prod_LR40_xy/phi0.325_Rave2.5um_seed3,0.70898,1.10083,1.30677
prod_LR40_xy/phi0.325_Rave2.5um_seed3,0.71289,1.04579,1.30677
prod_LR40_xy/phi0.325_Rave2.5um_seed3,0.71680,1.15588,1.25450
prod_LR40_xy/phi0.325_Rave2.5um_seed3,0.72070,1.15588,1.09769
prod_LR40_xy/phi0.325_Rave2.5um_seed3,0.72461,1.15588,1.09769
prod_LR40_xy/phi0.325_Rave2.5um_seed3,0.72852,1.04579,0.88860
prod_LR40_xy/phi0.325_Rave2.5um_seed3,0.73242,1.04579,0.88860
prod_LR40_xy/phi0.325_Rave2.5um_seed3,0.73633,1.15588,0.94087
prod_LR40_xy/phi0.325_Rave2.5um_seed3,0.74023,1.15588,0.94087
prod_LR40_xy/phi0.325_Rave2.5um_seed3,0.74414,1.10083,0.94087
prod_LR40_xy/phi0.325_Rave2.5um_seed3,0.74805,0.99075,0.99314
prod_LR40_xy/phi0.325_Rave2.5um_seed3,0.75195,0.99075,0.99314
prod_LR40_xy/phi0.325_Rave2.5um_seed3,0.75586,0.88067,0.99314
prod_LR40_xy/phi0.325_Rave2.5um_seed3,0.75977,0.88067,1.04542
prod_LR40_xy/phi0.325_Rave2.5um_seed3,0.76367,0.77058,1.04542
prod_LR40_xy/phi0.325_Rave2.5um_seed3,0.76758,0.77058,1.04542
prod_LR40_xy/phi0.325_Rave2.5um_seed3,0.77148,0.71554,1.04542
prod_LR40_xy/phi0.325_Rave2.5um_seed3,0.77539,0.71554,0.94087
prod_LR40_xy/phi0.325_Rave2.5um_seed3,0.77930,0.77058,0.94087
prod_LR40_xy/phi0.325_Rave2.5um_seed3,0.78320,0.77058,0.94087
prod_LR40_xy/phi0.325_Rave2.5um_seed3,0.78711,0.77058,0.94087
prod_LR40_xy/phi0.325_Rave2.5um_seed3,0.79102,0.71554,1.35904
prod_LR40_xy/phi0.325_Rave2.5um_seed3,0.79492,0.71554,1.25450
prod_LR40_xy/phi0.325_Rave2.5um_seed3,0.79883,0.71554,1.25450
prod_LR40_xy/phi0.325_Rave2.5um_seed3,0.80273,0.71554,1.30677
prod_LR40_xy/phi0.325_Rave2.5um_seed3,0.80664,0.71554,1.30677
prod_LR40_xy/phi0.325_Rave2.5um_seed3,0.81055,0.71554,1.30677
prod_LR40_xy/phi0.325_Rave2.5um_seed3,0.81445,0.71554,1.30677
prod_LR40_xy/phi0.325_Rave2.5um_seed3,0.81836,0.71554,1.30677
prod_LR40_xy/phi0.325_Rave2.5um_seed3,0.82227,0.71554,1.41131
prod_LR40_xy/phi0.325_Rave2.5um_seed3,0.82617,0.66050,1.41131
prod_LR40_xy/phi0.325_Rave2.5um_seed3,0.83008,0.77058,1.41131
prod_LR40_xy/phi0.325_Rave2.5um_seed3,0.83398,0.77058,1.35904
prod_LR40_xy/phi0.325_Rave2.5um_seed3,0.83789,0.77058,1.20223
prod_LR40_xy/phi0.325_Rave2.5um_seed3,0.84180,0.82563,0.94087
prod_LR40_xy/phi0.325_Rave2.5um_seed3,0.84570,0.77058,1.04542
prod_LR40_xy/phi0.325_Rave2.5um_seed3,0.84961,0.82563,0.99314
prod_LR40_xy/phi0.325_Rave2.5um_seed3,0.85352,0.77058,0.99314
prod_LR40_xy/phi0.325_Rave2.5um_seed3,0.85742,0.77058,0.88860
prod_LR40_xy/phi0.325_Rave2.5um_seed3,0.86133,0.77058,0.88860
prod_LR40_xy/phi0.325_Rave2.5um_seed3,0.86523,0.77058,0.94087
prod_LR40_xy/phi0.325_Rave2.5um_seed3,0.86914,0.77058,0.94087
prod_LR40_xy/phi0.325_Rave2.5um_seed3,0.87305,0.77058,0.88860
prod_LR40_xy/phi0.325_Rave2.5um_seed3,0.87695,0.77058,0.99314
prod_LR40_xy/phi0.325_Rave2.5um_seed3,0.88086,0.71554,1.14996
prod_LR40_xy/phi0.325_Rave2.5um_seed3,0.88477,0.71554,1.14996
prod_LR40_xy/phi0.325_Rave2.5um_seed3,0.88867,0.93571,1.09769
prod_LR40_xy/phi0.325_Rave2.5um_seed3,0.89258,0.99075,1.09769
prod_LR40_xy/phi0.325_Rave2.5um_seed3,0.89648,0.93571,1.14996
prod_LR40_xy/phi0.325_Rave2.5um_seed3,0.90039,0.93571,1.14996
prod_LR40_xy/phi0.325_Rave2.5um_seed3,0.90430,0.88067,1.20223
prod_LR40_xy/phi0.325_Rave2.5um_seed3,0.90820,0.88067,1.25450
prod_LR40_xy/phi0.325_Rave2.5um_seed3,0.91211,0.88067,1.20223
prod_LR40_xy/phi0.325_Rave2.5um_seed3,0.91602,0.88067,1.20223
prod_LR40_xy/phi0.325_Rave2.5um_seed3,0.91992,0.99075,1.20223
prod_LR40_xy/phi0.325_Rave2.5um_seed3,0.92383,0.93571,1.20223
prod_LR40_xy/phi0.325_Rave2.5um_seed3,0.92773,0.88067,1.04542
prod_LR40_xy/phi0.325_Rave2.5um_seed3,0.93164,0.88067,1.04542
prod_LR40_xy/phi0.325_Rave2.5um_seed3,0.93555,0.88067,1.14996
prod_LR40_xy/phi0.325_Rave2.5um_seed3,0.93945,0.82563,1.04542
prod_LR40_xy/phi0.325_Rave2.5um_seed3,0.94336,0.77058,1.04542
prod_LR40_xy/phi0.325_Rave2.5um_seed3,0.94727,0.71554,0.88860
prod_LR40_xy/phi0.325_Rave2.5um_seed3,0.95117,0.71554,0.78406
prod_LR40_xy/phi0.325_Rave2.5um_seed3,0.95508,0.71554,0.78406
prod_LR40_xy/phi0.325_Rave2.5um_seed3,0.95898,0.82563,0.83633
prod_LR40_xy/phi0.325_Rave2.5um_seed3,0.96289,0.88067,0.83633
prod_LR40_xy/phi0.325_Rave2.5um_seed3,0.96680,0.82563,0.73179
prod_LR40_xy/phi0.325_Rave2.5um_seed3,0.97070,0.71554,0.73179
prod_LR40_xy/phi0.325_Rave2.5um_seed3,0.97461,0.66050,0.67952
prod_LR40_xy/phi0.325_Rave2.5um_seed3,0.97852,0.55042,0.67952
prod_LR40_xy/phi0.325_Rave2.5um_seed3,0.98242,0.55042,0.67952
prod_LR40_xy/phi0.325_Rave2.5um_seed3,0.98633,0.71554,0.78406
prod_LR40_xy/phi0.325_Rave2.5um_seed3,0.99023,0.60546,0.73179
prod_LR40_xy/phi0.325_Rave2.5um_seed3,0.99414,0.60546,0.78406
prod_LR40_xy/phi0.325_Rave2.5um_seed3,0.99805,0.49538,0.78406
design/LR10_phi0.325_seed1,0.00195,0.38198,1.09185
design/LR10_phi0.325_seed1,0.00586,0.38198,1.09185
design/LR10_phi0.325_seed1,0.00977,0.38198,1.09185
design/LR10_phi0.325_seed1,0.01367,0.38198,1.09185
design/LR10_phi0.325_seed1,0.01758,0.38198,1.09185
design/LR10_phi0.325_seed1,0.02148,0.38198,1.09185
design/LR10_phi0.325_seed1,0.02539,0.38198,1.09185
design/LR10_phi0.325_seed1,0.02930,0.38198,1.09185
design/LR10_phi0.325_seed1,0.03320,0.38198,1.09185
design/LR10_phi0.325_seed1,0.03711,0.38198,1.09185
design/LR10_phi0.325_seed1,0.04102,0.38198,1.09185
design/LR10_phi0.325_seed1,0.04492,0.38198,1.09185
design/LR10_phi0.325_seed1,0.04883,0.38198,1.09185
design/LR10_phi0.325_seed1,0.05273,0.38198,1.09185
design/LR10_phi0.325_seed1,0.05664,0.38198,1.09185
design/LR10_phi0.325_seed1,0.06055,0.38198,1.09185
design/LR10_phi0.325_seed1,0.06445,0.38198,1.09185
design/LR10_phi0.325_seed1,0.06836,0.38198,1.09185
design/LR10_phi0.325_seed1,0.07227,0.38198,1.09185
design/LR10_phi0.325_seed1,0.07617,0.38198,1.09185
design/LR10_phi0.325_seed1,0.08008,0.38198,1.09185
design/LR10_phi0.325_seed1,0.08398,0.38198,1.09185
design/LR10_phi0.325_seed1,0.08789,0.38198,1.09185
design/LR10_phi0.325_seed1,0.09180,0.38198,1.09185
design/LR10_phi0.325_seed1,0.09570,0.38198,0.90987
design/LR10_phi0.325_seed1,0.09961,0.38198,0.90987
design/LR10_phi0.325_seed1,0.10352,0.38198,0.90987
design/LR10_phi0.325_seed1,0.10742,0.38198,0.90987
design/LR10_phi0.325_seed1,0.11133,0.38198,0.90987
design/LR10_phi0.325_seed1,0.11523,0.38198,0.90987
design/LR10_phi0.325_seed1,0.11914,0.38198,0.72790
design/LR10_phi0.325_seed1,0.12305,0.38198,0.72790
design/LR10_phi0.325_seed1,0.12695,0.57297,0.72790
design/LR10_phi0.325_seed1,0.13086,0.57297,0.72790
design/LR10_phi0.325_seed1,0.13477,0.57297,0.72790
design/LR10_phi0.325_seed1,0.13867,0.57297,0.72790
design/LR10_phi0.325_seed1,0.14258,0.57297,0.72790
design/LR10_phi0.325_seed1,0.14648,0.57297,0.72790
design/LR10_phi0.325_seed1,0.15039,0.57297,0.72790
design/LR10_phi0.325_seed1,0.15430,0.57297,0.90987
design/LR10_phi0.325_seed1,0.15820,0.57297,0.90987
design/LR10_phi0.325_seed1,0.16211,0.57297,0.90987
design/LR10_phi0.325_seed1,0.16602,0.57297,0.90987
design/LR10_phi0.325_seed1,0.16992,0.57297,0.90987
design/LR10_phi0.325_seed1,0.17383,0.57297,0.90987
design/LR10_phi0.325_seed1,0.17773,0.57297,0.90987
design/LR10_phi0.325_seed1,0.18164,0.57297,0.90987
design/LR10_phi0.325_seed1,0.18555,0.57297,0.90987
design/LR10_phi0.325_seed1,0.18945,0.57297,0.90987
design/LR10_phi0.325_seed1,0.19336,0.57297,0.90987
design/LR10_phi0.325_seed1,0.19727,0.76396,0.90987
design/LR10_phi0.325_seed1,0.20117,0.76396,0.90987
design/LR10_phi0.325_seed1,0.20508,0.76396,0.90987
design/LR10_phi0.325_seed1,0.20898,0.76396,0.90987
design/LR10_phi0.325_seed1,0.21289,0.76396,0.90987
design/LR10_phi0.325_seed1,0.21680,0.76396,0.90987
design/LR10_phi0.325_seed1,0.22070,0.76396,0.90987
design/LR10_phi0.325_seed1,0.22461,0.76396,0.90987
design/LR10_phi0.325_seed1,0.22852,0.76396,0.90987
design/LR10_phi0.325_seed1,0.23242,0.76396,0.90987
design/LR10_phi0.325_seed1,0.23633,0.76396,0.90987
design/LR10_phi0.325_seed1,0.24023,0.76396,1.09185
design/LR10_phi0.325_seed1,0.24414,0.76396,1.09185
design/LR10_phi0.325_seed1,0.24805,0.76396,1.09185
design/LR10_phi0.325_seed1,0.25195,0.76396,1.09185
design/LR10_phi0.325_seed1,0.25586,1.33694,1.09185
design/LR10_phi0.325_seed1,0.25977,1.33694,1.09185
design/LR10_phi0.325_seed1,0.26367,1.33694,1.09185
design/LR10_phi0.325_seed1,0.26758,1.33694,1.09185
design/LR10_phi0.325_seed1,0.27148,1.52793,1.09185
design/LR10_phi0.325_seed1,0.27539,1.52793,1.09185
design/LR10_phi0.325_seed1,0.27930,1.52793,1.09185
design/LR10_phi0.325_seed1,0.28320,1.52793,0.90987
design/LR10_phi0.325_seed1,0.28711,1.52793,0.90987
design/LR10_phi0.325_seed1,0.29102,1.52793,0.90987
design/LR10_phi0.325_seed1,0.29492,1.33694,0.90987
design/LR10_phi0.325_seed1,0.29883,1.33694,0.90987
design/LR10_phi0.325_seed1,0.30273,1.33694,0.90987
design/LR10_phi0.325_seed1,0.30664,1.33694,0.90987
design/LR10_phi0.325_seed1,0.31055,1.33694,0.90987
design/LR10_phi0.325_seed1,0.31445,1.33694,0.90987
design/LR10_phi0.325_seed1,0.31836,1.33694,0.90987
design/LR10_phi0.325_seed1,0.32227,1.33694,0.90987
design/LR10_phi0.325_seed1,0.32617,1.33694,0.90987
design/LR10_phi0.325_seed1,0.33008,1.33694,1.45579
design/LR10_phi0.325_seed1,0.33398,1.33694,1.45579
design/LR10_phi0.325_seed1,0.33789,1.33694,1.45579
design/LR10_phi0.325_seed1,0.34180,1.33694,1.45579
design/LR10_phi0.325_seed1,0.34570,1.33694,1.45579
design/LR10_phi0.325_seed1,0.34961,1.33694,1.45579
design/LR10_phi0.325_seed1,0.35352,1.33694,1.45579
design/LR10_phi0.325_seed1,0.35742,1.33694,1.45579
design/LR10_phi0.325_seed1,0.36133,1.33694,1.45579
design/LR10_phi0.325_seed1,0.36523,1.33694,1.45579
design/LR10_phi0.325_seed1,0.36914,1.33694,1.45579
design/LR10_phi0.325_seed1,0.37305,1.33694,1.45579
design/LR10_phi0.325_seed1,0.37695,1.33694,1.45579
design/LR10_phi0.325_seed1,0.38086,1.33694,1.45579
design/LR10_phi0.325_seed1,0.38477,1.33694,1.45579
design/LR10_phi0.325_seed1,0.38867,1.33694,1.45579
design/LR10_phi0.325_seed1,0.39258,1.33694,1.45579
design/LR10_phi0.325_seed1,0.39648,1.33694,1.45579
design/LR10_phi0.325_seed1,0.40039,1.33694,1.45579
design/LR10_phi0.325_seed1,0.40430,1.14595,1.45579
design/LR10_phi0.325_seed1,0.40820,1.14595,1.45579
design/LR10_phi0.325_seed1,0.41211,1.14595,1.45579
design/LR10_phi0.325_seed1,0.41602,1.14595,1.45579
design/LR10_phi0.325_seed1,0.41992,1.14595,1.63777
design/LR10_phi0.325_seed1,0.42383,1.14595,1.63777
design/LR10_phi0.325_seed1,0.42773,1.14595,1.63777
design/LR10_phi0.325_seed1,0.43164,1.14595,1.63777
design/LR10_phi0.325_seed1,0.43555,1.14595,1.63777
design/LR10_phi0.325_seed1,0.43945,1.14595,1.63777
design/LR10_phi0.325_seed1,0.44336,1.14595,1.45579
design/LR10_phi0.325_seed1,0.44727,0.95495,1.45579
design/LR10_phi0.325_seed1,0.45117,0.95495,1.45579
design/LR10_phi0.325_seed1,0.45508,0.95495,1.45579
design/LR10_phi0.325_seed1,0.45898,0.95495,1.45579
design/LR10_phi0.325_seed1,0.46289,0.95495,1.45579
design/LR10_phi0.325_seed1,0.46680,0.95495,1.45579
design/LR10_phi0.325_seed1,0.47070,0.76396,1.45579
design/LR10_phi0.325_seed1,0.47461,0.76396,1.45579
design/LR10_phi0.325_seed1,0.47852,0.76396,1.27382
design/LR10_phi0.325_seed1,0.48242,0.76396,1.09185
design/LR10_phi0.325_seed1,0.48633,0.76396,1.09185
design/LR10_phi0.325_seed1,0.49023,0.76396,1.09185
design/LR10_phi0.325_seed1,0.49414,0.76396,0.72790
design/LR10_phi0.325_seed1,0.49805,0.76396,0.72790
design/LR10_phi0.325_seed1,0.50195,0.76396,0.72790
design/LR10_phi0.325_seed1,0.50586,0.76396,0.72790
design/LR10_phi0.325_seed1,0.50977,0.76396,0.72790
design/LR10_phi0.325_seed1,0.51367,0.76396,0.72790
design/LR10_phi0.325_seed1,0.51758,0.76396,0.72790
design/LR10_phi0.325_seed1,0.52148,0.76396,0.72790
design/LR10_phi0.325_seed1,0.52539,0.76396,0.72790
design/LR10_phi0.325_seed1,0.52930,0.76396,0.72790
design/LR10_phi0.325_seed1,0.53320,0.76396,0.72790
design/LR10_phi0.325_seed1,0.53711,0.57297,0.72790
design/LR10_phi0.325_seed1,0.54102,0.57297,0.72790
design/LR10_phi0.325_seed1,0.54492,0.57297,0.72790
design/LR10_phi0.325_seed1,0.54883,0.57297,0.72790
design/LR10_phi0.325_seed1,0.55273,0.57297,0.72790
design/LR10_phi0.325_seed1,0.55664,0.57297,0.72790
design/LR10_phi0.325_seed1,0.56055,0.57297,0.72790
design/LR10_phi0.325_seed1,0.56445,0.57297,0.72790
design/LR10_phi0.325_seed1,0.56836,0.57297,0.72790
design/LR10_phi0.325_seed1,0.57227,0.57297,0.72790
design/LR10_phi0.325_seed1,0.57617,0.57297,0.72790
design/LR10_phi0.325_seed1,0.58008,0.57297,0.54592
design/LR10_phi0.325_seed1,0.58398,0.57297,0.54592
design/LR10_phi0.325_seed1,0.58789,0.57297,0.54592
design/LR10_phi0.325_seed1,0.59180,0.57297,0.54592
design/LR10_phi0.325_seed1,0.59570,0.57297,0.54592
design/LR10_phi0.325_seed1,0.59961,0.57297,0.54592
design/LR10_phi0.325_seed1,0.60352,0.57297,0.54592
design/LR10_phi0.325_seed1,0.60742,0.57297,0.54592
design/LR10_phi0.325_seed1,0.61133,0.57297,0.54592
design/LR10_phi0.325_seed1,0.61523,0.57297,0.54592
design/LR10_phi0.325_seed1,0.61914,0.57297,0.54592
design/LR10_phi0.325_seed1,0.62305,0.57297,0.54592
design/LR10_phi0.325_seed1,0.62695,0.57297,0.54592
design/LR10_phi0.325_seed1,0.63086,0.57297,0.54592
design/LR10_phi0.325_seed1,0.63477,0.57297,0.54592
design/LR10_phi0.325_seed1,0.63867,0.57297,0.54592
design/LR10_phi0.325_seed1,0.64258,1.33694,0.54592
design/LR10_phi0.325_seed1,0.64648,1.33694,0.54592
design/LR10_phi0.325_seed1,0.65039,1.33694,0.54592
design/LR10_phi0.325_seed1,0.65430,1.33694,0.54592
design/LR10_phi0.325_seed1,0.65820,1.33694,0.54592
design/LR10_phi0.325_seed1,0.66211,1.33694,0.54592
design/LR10_phi0.325_seed1,0.66602,1.52793,0.54592
design/LR10_phi0.325_seed1,0.66992,1.33694,0.72790
design/LR10_phi0.325_seed1,0.67383,1.33694,0.72790
design/LR10_phi0.325_seed1,0.67773,1.33694,0.72790
design/LR10_phi0.325_seed1,0.68164,1.33694,0.72790
design/LR10_phi0.325_seed1,0.68555,1.33694,0.72790
design/LR10_phi0.325_seed1,0.68945,1.33694,0.72790
design/LR10_phi0.325_seed1,0.69336,1.33694,0.72790
design/LR10_phi0.325_seed1,0.69727,1.33694,0.72790
design/LR10_phi0.325_seed1,0.70117,1.33694,0.90987
design/LR10_phi0.325_seed1,0.70508,1.33694,0.90987
design/LR10_phi0.325_seed1,0.70898,1.33694,0.90987
design/LR10_phi0.325_seed1,0.71289,1.33694,0.90987
design/LR10_phi0.325_seed1,0.71680,1.33694,0.90987
design/LR10_phi0.325_seed1,0.72070,1.33694,0.90987
design/LR10_phi0.325_seed1,0.72461,1.33694,0.90987
design/LR10_phi0.325_seed1,0.72852,1.33694,0.90987
design/LR10_phi0.325_seed1,0.73242,1.33694,0.90987
design/LR10_phi0.325_seed1,0.73633,1.33694,0.90987
design/LR10_phi0.325_seed1,0.74023,1.71892,0.90987
design/LR10_phi0.325_seed1,0.74414,1.71892,0.90987
design/LR10_phi0.325_seed1,0.74805,1.71892,0.90987
design/LR10_phi0.325_seed1,0.75195,1.71892,0.90987
design/LR10_phi0.325_seed1,0.75586,1.14595,0.90987
design/LR10_phi0.325_seed1,0.75977,1.14595,0.90987
design/LR10_phi0.325_seed1,0.76367,1.14595,0.90987
design/LR10_phi0.325_seed1,0.76758,1.14595,0.90987
design/LR10_phi0.325_seed1,0.77148,1.14595,0.90987
design/LR10_phi0.325_seed1,0.77539,1.14595,0.90987
design/LR10_phi0.325_seed1,0.77930,1.14595,0.90987
design/LR10_phi0.325_seed1,0.78320,1.14595,0.90987
design/LR10_phi0.325_seed1,0.78711,1.14595,0.90987
design/LR10_phi0.325_seed1,0.79102,1.14595,0.90987
design/LR10_phi0.325_seed1,0.79492,1.14595,0.90987
design/LR10_phi0.325_seed1,0.79883,1.14595,0.90987
design/LR10_phi0.325_seed1,0.80273,1.14595,0.90987
design/LR10_phi0.325_seed1,0.80664,1.14595,1.09185
design/LR10_phi0.325_seed1,0.81055,1.14595,1.09185
design/LR10_phi0.325_seed1,0.81445,1.14595,1.09185
design/LR10_phi0.325_seed1,0.81836,1.14595,1.09185
design/LR10_phi0.325_seed1,0.82227,1.14595,1.27382
design/LR10_phi0.325_seed1,0.82617,1.33694,1.27382
design/LR10_phi0.325_seed1,0.83008,1.33694,1.27382
design/LR10_phi0.325_seed1,0.83398,1.33694,1.27382
design/LR10_phi0.325_seed1,0.83789,1.33694,1.27382
design/LR10_phi0.325_seed1,0.84180,1.33694,1.27382
design/LR10_phi0.325_seed1,0.84570,1.33694,1.27382
design/LR10_phi0.325_seed1,0.84961,1.33694,1.27382
design/LR10_phi0.325_seed1,0.85352,1.14595,1.27382
design/LR10_phi0.325_seed1,0.85742,1.14595,1.27382
design/LR10_phi0.325_seed1,0.86133,1.14595,1.27382
design/LR10_phi0.325_seed1,0.86523,1.14595,1.27382
design/LR10_phi0.325_seed1,0.86914,1.14595,1.27382
design/LR10_phi0.325_seed1,0.87305,1.14595,1.27382
design/LR10_phi0.325_seed1,0.87695,1.14595,1.27382
design/LR10_phi0.325_seed1,0.88086,1.14595,1.27382
design/LR10_phi0.325_seed1,0.88477,1.14595,1.27382
design/LR10_phi0.325_seed1,0.88867,1.14595,1.27382
design/LR10_phi0.325_seed1,0.89258,1.14595,1.27382
design/LR10_phi0.325_seed1,0.89648,1.14595,1.27382
design/LR10_phi0.325_seed1,0.90039,1.14595,1.27382
design/LR10_phi0.325_seed1,0.90430,1.14595,1.27382
design/LR10_phi0.325_seed1,0.90820,0.57297,1.27382
design/LR10_phi0.325_seed1,0.91211,0.57297,1.27382
design/LR10_phi0.325_seed1,0.91602,0.57297,1.27382
design/LR10_phi0.325_seed1,0.91992,0.57297,1.27382
design/LR10_phi0.325_seed1,0.92383,0.57297,1.27382
design/LR10_phi0.325_seed1,0.92773,0.57297,1.27382
design/LR10_phi0.325_seed1,0.93164,0.57297,1.27382
design/LR10_phi0.325_seed1,0.93555,0.57297,1.27382
design/LR10_phi0.325_seed1,0.93945,0.57297,1.27382
design/LR10_phi0.325_seed1,0.94336,0.57297,1.27382
design/LR10_phi0.325_seed1,0.94727,0.57297,0.90987
design/LR10_phi0.325_seed1,0.95117,0.57297,0.90987
design/LR10_phi0.325_seed1,0.95508,0.57297,0.90987
design/LR10_phi0.325_seed1,0.95898,0.57297,0.90987
design/LR10_phi0.325_seed1,0.96289,0.57297,0.90987
design/LR10_phi0.325_seed1,0.96680,0.57297,1.09185
design/LR10_phi0.325_seed1,0.97070,0.57297,1.09185
design/LR10_phi0.325_seed1,0.97461,0.57297,1.09185
design/LR10_phi0.325_seed1,0.97852,0.57297,1.09185
design/LR10_phi0.325_seed1,0.98242,0.57297,1.09185
design/LR10_phi0.325_seed1,0.98633,0.57297,1.09185
design/LR10_phi0.325_seed1,0.99023,0.57297,1.09185
design/LR10_phi0.325_seed1,0.99414,0.57297,1.09185
design/LR10_phi0.325_seed1,0.99805,0.57297,1.09185
design/LR10_phi0.325_seed2,0.00195,1.01603,0.94822
design/LR10_phi0.325_seed2,0.00586,1.01603,0.94822
design/LR10_phi0.325_seed2,0.00977,1.01603,0.94822
design/LR10_phi0.325_seed2,0.01367,1.01603,0.94822
design/LR10_phi0.325_seed2,0.01758,1.01603,0.94822
design/LR10_phi0.325_seed2,0.02148,1.01603,0.94822
design/LR10_phi0.325_seed2,0.02539,1.01603,1.18527
design/LR10_phi0.325_seed2,0.02930,1.01603,1.18527
design/LR10_phi0.325_seed2,0.03320,1.01603,1.18527
design/LR10_phi0.325_seed2,0.03711,1.01603,0.71116
design/LR10_phi0.325_seed2,0.04102,1.01603,0.47411
design/LR10_phi0.325_seed2,0.04492,1.01603,0.47411
design/LR10_phi0.325_seed2,0.04883,1.01603,0.47411
design/LR10_phi0.325_seed2,0.05273,1.01603,0.47411
design/LR10_phi0.325_seed2,0.05664,1.01603,0.47411
design/LR10_phi0.325_seed2,0.06055,1.01603,0.47411
design/LR10_phi0.325_seed2,0.06445,1.01603,0.47411
design/LR10_phi0.325_seed2,0.06836,1.01603,0.47411
design/LR10_phi0.325_seed2,0.07227,1.01603,0.47411
design/LR10_phi0.325_seed2,0.07617,1.01603,0.47411
design/LR10_phi0.325_seed2,0.08008,1.01603,0.47411
design/LR10_phi0.325_seed2,0.08398,1.01603,0.47411
design/LR10_phi0.325_seed2,0.08789,1.01603,0.47411
design/LR10_phi0.325_seed2,0.09180,1.01603,0.47411
design/LR10_phi0.325_seed2,0.09570,1.01603,0.47411
design/LR10_phi0.325_seed2,0.09961,1.01603,0.47411
design/LR10_phi0.325_seed2,0.10352,0.76202,0.47411
design/LR10_phi0.325_seed2,0.10742,0.76202,0.47411
design/LR10_phi0.325_seed2,0.11133,0.76202,0.47411
design/LR10_phi0.325_seed2,0.11523,0.76202,0.47411
design/LR10_phi0.325_seed2,0.11914,0.76202,0.47411
design/LR10_phi0.325_seed2,0.12305,0.76202,0.47411
design/LR10_phi0.325_seed2,0.12695,0.76202,0.47411
design/LR10_phi0.325_seed2,0.13086,0.76202,0.47411
design/LR10_phi0.325_seed2,0.13477,0.76202,0.47411
design/LR10_phi0.325_seed2,0.13867,0.76202,0.47411
design/LR10_phi0.325_seed2,0.14258,0.76202,0.47411
design/LR10_phi0.325_seed2,0.14648,0.76202,0.47411
design/LR10_phi0.325_seed2,0.15039,0.76202,0.47411
design/LR10_phi0.325_seed2,0.15430,0.76202,0.47411
design/LR10_phi0.325_seed2,0.15820,0.76202,0.47411
design/LR10_phi0.325_seed2,0.16211,0.76202,0.47411
design/LR10_phi0.325_seed2,0.16602,0.76202,0.71116
design/LR10_phi0.325_seed2,0.16992,0.76202,0.71116
design/LR10_phi0.325_seed2,0.17383,0.76202,0.71116
design/LR10_phi0.325_seed2,0.17773,0.76202,0.71116
design/LR10_phi0.325_seed2,0.18164,0.76202,0.71116
design/LR10_phi0.325_seed2,0.18555,0.76202,0.47411
design/LR10_phi0.325_seed2,0.18945,0.76202,0.47411
design/LR10_phi0.325_seed2,0.19336,0.76202,0.47411
design/LR10_phi0.325_seed2,0.19727,0.76202,0.47411
design/LR10_phi0.325_seed2,0.20117,0.76202,0.47411
design/LR10_phi0.325_seed2,0.20508,0.76202,0.47411
design/LR10_phi0.325_seed2,0.20898,0.76202,0.47411
design/LR10_phi0.325_seed2,0.21289,0.76202,0.47411
design/LR10_phi0.325_seed2,0.21680,0.76202,0.47411
design/LR10_phi0.325_seed2,0.22070,0.76202,0.47411
design/LR10_phi0.325_seed2,0.22461,0.76202,0.47411
design/LR10_phi0.325_seed2,0.22852,0.76202,0.47411
design/LR10_phi0.325_seed2,0.23242,0.76202,0.47411
design/LR10_phi0.325_seed2,0.23633,0.76202,0.47411
design/LR10_phi0.325_seed2,0.24023,0.50801,0.47411
design/LR10_phi0.325_seed2,0.24414,0.50801,0.47411
design/LR10_phi0.325_seed2,0.24805,0.50801,0.47411
design/LR10_phi0.325_seed2,0.25195,0.50801,0.47411
design/LR10_phi0.325_seed2,0.25586,0.50801,0.47411
design/LR10_phi0.325_seed2,0.25977,0.50801,0.47411
design/LR10_phi0.325_seed2,0.26367,0.50801,0.47411
design/LR10_phi0.325_seed2,0.26758,0.50801,0.47411
design/LR10_phi0.325_seed2,0.27148,0.50801,0.47411
design/LR10_phi0.325_seed2,0.27539,0.50801,0.47411
design/LR10_phi0.325_seed2,0.27930,0.50801,0.47411
design/LR10_phi0.325_seed2,0.28320,0.50801,0.47411
design/LR10_phi0.325_seed2,0.28711,0.76202,0.47411
design/LR10_phi0.325_seed2,0.29102,0.76202,0.47411
design/LR10_phi0.325_seed2,0.29492,0.76202,0.47411
design/LR10_phi0.325_seed2,0.29883,0.76202,0.47411
design/LR10_phi0.325_seed2,0.30273,0.76202,0.47411
design/LR10_phi0.325_seed2,0.30664,0.76202,0.47411
design/LR10_phi0.325_seed2,0.31055,0.76202,0.71116
design/LR10_phi0.325_seed2,0.31445,0.76202,0.71116
design/LR10_phi0.325_seed2,0.31836,0.76202,0.71116
design/LR10_phi0.325_seed2,0.32227,0.76202,0.71116
design/LR10_phi0.325_seed2,0.32617,0.76202,0.71116
design/LR10_phi0.325_seed2,0.33008,0.76202,0.71116
design/LR10_phi0.325_seed2,0.33398,0.76202,0.71116
design/LR10_phi0.325_seed2,0.33789,0.76202,0.71116
design/LR10_phi0.325_seed2,0.34180,0.76202,0.71116
design/LR10_phi0.325_seed2,0.34570,0.76202,0.71116
design/LR10_phi0.325_seed2,0.34961,0.76202,0.71116
design/LR10_phi0.325_seed2,0.35352,0.76202,0.71116
design/LR10_phi0.325_seed2,0.35742,0.76202,1.18527
design/LR10_phi0.325_seed2,0.36133,0.76202,1.18527
design/LR10_phi0.325_seed2,0.36523,0.76202,1.18527
design/LR10_phi0.325_seed2,0.36914,0.76202,1.18527
design/LR10_phi0.325_seed2,0.37305,0.76202,1.18527
design/LR10_phi0.325_seed2,0.37695,0.76202,1.18527
design/LR10_phi0.325_seed2,0.38086,0.76202,1.42232
design/LR10_phi0.325_seed2,0.38477,0.76202,1.42232
design/LR10_phi0.325_seed2,0.38867,0.76202,1.42232
design/LR10_phi0.325_seed2,0.39258,0.76202,1.42232
design/LR10_phi0.325_seed2,0.39648,0.76202,1.42232
design/LR10_phi0.325_seed2,0.40039,0.76202,1.42232
design/LR10_phi0.325_seed2,0.40430,0.76202,1.42232
design/LR10_phi0.325_seed2,0.40820,0.76202,1.42232
design/LR10_phi0.325_seed2,0.41211,0.76202,1.42232
design/LR10_phi0.325_seed2,0.41602,0.76202,1.42232
design/LR10_phi0.325_seed2,0.41992,0.76202,1.42232
design/LR10_phi0.325_seed2,0.42383,0.76202,1.42232
design/LR10_phi0.325_seed2,0.42773,0.76202,1.42232
design/LR10_phi0.325_seed2,0.43164,1.01603,1.42232
design/LR10_phi0.325_seed2,0.43555,1.01603,1.42232
design/LR10_phi0.325_seed2,0.43945,1.01603,1.42232
design/LR10_phi0.325_seed2,0.44336,1.01603,1.42232
design/LR10_phi0.325_seed2,0.44727,1.01603,1.42232
design/LR10_phi0.325_seed2,0.45117,1.01603,1.42232
design/LR10_phi0.325_seed2,0.45508,1.01603,1.42232
design/LR10_phi0.325_seed2,0.45898,1.01603,1.42232
design/LR10_phi0.325_seed2,0.46289,1.01603,1.42232
design/LR10_phi0.325_seed2,0.46680,1.01603,1.42232
design/LR10_phi0.325_seed2,0.47070,1.01603,1.42232
design/LR10_phi0.325_seed2,0.47461,1.01603,1.42232
design/LR10_phi0.325_seed2,0.47852,1.01603,1.42232
design/LR10_phi0.325_seed2,0.48242,1.01603,1.42232
design/LR10_phi0.325_seed2,0.48633,1.01603,1.42232
design/LR10_phi0.325_seed2,0.49023,1.01603,1.42232
design/LR10_phi0.325_seed2,0.49414,1.01603,1.42232
design/LR10_phi0.325_seed2,0.49805,1.01603,1.42232
design/LR10_phi0.325_seed2,0.50195,1.01603,1.42232
design/LR10_phi0.325_seed2,0.50586,1.01603,1.42232
design/LR10_phi0.325_seed2,0.50977,1.01603,1.42232
design/LR10_phi0.325_seed2,0.51367,1.01603,1.42232
design/LR10_phi0.325_seed2,0.51758,1.01603,1.42232
design/LR10_phi0.325_seed2,0.52148,1.01603,1.42232
design/LR10_phi0.325_seed2,0.52539,1.01603,1.42232
design/LR10_phi0.325_seed2,0.52930,1.01603,1.42232
design/LR10_phi0.325_seed2,0.53320,1.01603,1.42232
design/LR10_phi0.325_seed2,0.53711,1.01603,1.42232
design/LR10_phi0.325_seed2,0.54102,1.01603,1.42232
design/LR10_phi0.325_seed2,0.54492,1.01603,1.42232
design/LR10_phi0.325_seed2,0.54883,1.01603,1.42232
design/LR10_phi0.325_seed2,0.55273,1.01603,1.42232
design/LR10_phi0.325_seed2,0.55664,1.01603,1.18527
design/LR10_phi0.325_seed2,0.56055,1.01603,1.18527
design/LR10_phi0.325_seed2,0.56445,1.01603,1.18527
design/LR10_phi0.325_seed2,0.56836,1.01603,1.18527
design/LR10_phi0.325_seed2,0.57227,1.01603,1.18527
design/LR10_phi0.325_seed2,0.57617,1.01603,1.18527
design/LR10_phi0.325_seed2,0.58008,1.01603,1.18527
design/LR10_phi0.325_seed2,0.58398,1.01603,1.18527
design/LR10_phi0.325_seed2,0.58789,1.01603,1.18527
design/LR10_phi0.325_seed2,0.59180,1.01603,1.18527
design/LR10_phi0.325_seed2,0.59570,1.01603,1.18527
design/LR10_phi0.325_seed2,0.59961,1.01603,1.18527
design/LR10_phi0.325_seed2,0.60352,1.01603,1.18527
design/LR10_phi0.325_seed2,0.60742,1.01603,1.18527
design/LR10_phi0.325_seed2,0.61133,1.01603,1.18527
design/LR10_phi0.325_seed2,0.61523,1.01603,1.18527
design/LR10_phi0.325_seed2,0.61914,1.01603,1.18527
design/LR10_phi0.325_seed2,0.62305,1.01603,1.18527
design/LR10_phi0.325_seed2,0.62695,1.01603,1.18527
design/LR10_phi0.325_seed2,0.63086,1.01603,1.18527
design/LR10_phi0.325_seed2,0.63477,1.01603,1.18527
design/LR10_phi0.325_seed2,0.63867,1.01603,1.18527
design/LR10_phi0.325_seed2,0.64258,1.01603,1.18527
design/LR10_phi0.325_seed2,0.64648,1.01603,1.18527
design/LR10_phi0.325_seed2,0.65039,1.01603,1.18527
design/LR10_phi0.325_seed2,0.65430,1.01603,1.18527
design/LR10_phi0.325_seed2,0.65820,1.52404,1.18527
design/LR10_phi0.325_seed2,0.66211,1.52404,1.18527
design/LR10_phi0.325_seed2,0.66602,1.52404,1.18527
design/LR10_phi0.325_seed2,0.66992,1.52404,1.18527
design/LR10_phi0.325_seed2,0.67383,1.52404,1.18527
design/LR10_phi0.325_seed2,0.67773,1.52404,1.18527
design/LR10_phi0.325_seed2,0.68164,1.52404,1.18527
design/LR10_phi0.325_seed2,0.68555,1.52404,1.18527
design/LR10_phi0.325_seed2,0.68945,1.52404,1.18527
design/LR10_phi0.325_seed2,0.69336,1.52404,1.18527
design/LR10_phi0.325_seed2,0.69727,1.52404,1.18527
design/LR10_phi0.325_seed2,0.70117,1.52404,1.18527
design/LR10_phi0.325_seed2,0.70508,1.52404,1.18527
design/LR10_phi0.325_seed2,0.70898,1.52404,1.18527
design/LR10_phi0.325_seed2,0.71289,1.52404,1.18527
design/LR10_phi0.325_seed2,0.71680,1.52404,1.18527
design/LR10_phi0.325_seed2,0.72070,1.27004,1.18527
design/LR10_phi0.325_seed2,0.72461,1.27004,1.18527
design/LR10_phi0.325_seed2,0.72852,1.27004,1.18527
design/LR10_phi0.325_seed2,0.73242,1.27004,1.18527
design/LR10_phi0.325_seed2,0.73633,1.27004,1.18527
design/LR10_phi0.325_seed2,0.74023,1.27004,1.18527
design/LR10_phi0.325_seed2,0.74414,1.27004,1.18527
design/LR10_phi0.325_seed2,0.74805,1.27004,1.18527
design/LR10_phi0.325_seed2,0.75195,1.27004,1.18527
design/LR10_phi0.325_seed2,0.75586,1.27004,1.18527
design/LR10_phi0.325_seed2,0.75977,1.27004,0.94822
design/LR10_phi0.325_seed2,0.76367,1.27004,0.94822
design/LR10_phi0.325_seed2,0.76758,1.27004,0.94822
design/LR10_phi0.325_seed2,0.77148,1.27004,0.94822
design/LR10_phi0.325_seed2,0.77539,1.27004,0.94822
design/LR10_phi0.325_seed2,0.77930,1.27004,0.94822
design/LR10_phi0.325_seed2,0.78320,1.27004,0.94822
design/LR10_phi0.325_seed2,0.78711,1.27004,0.94822
design/LR10_phi0.325_seed2,0.79102,1.27004,0.94822
design/LR10_phi0.325_seed2,0.79492,1.27004,0.94822
design/LR10_phi0.325_seed2,0.79883,1.27004,0.94822
design/LR10_phi0.325_seed2,0.80273,1.27004,0.94822
design/LR10_phi0.325_seed2,0.80664,1.27004,0.94822
design/LR10_phi0.325_seed2,0.81055,1.27004,0.94822
design/LR10_phi0.325_seed2,0.81445,1.27004,0.94822
design/LR10_phi0.325_seed2,0.81836,1.27004,0.94822
design/LR10_phi0.325_seed2,0.82227,1.27004,0.94822
design/LR10_phi0.325_seed2,0.82617,1.27004,0.94822
design/LR10_phi0.325_seed2,0.83008,1.27004,0.94822
design/LR10_phi0.325_seed2,0.83398,1.27004,0.94822
design/LR10_phi0.325_seed2,0.83789,1.27004,0.94822
design/LR10_phi0.325_seed2,0.84180,1.27004,0.94822
design/LR10_phi0.325_seed2,0.84570,1.27004,0.94822
design/LR10_phi0.325_seed2,0.84961,1.27004,0.94822
design/LR10_phi0.325_seed2,0.85352,1.27004,0.94822
design/LR10_phi0.325_seed2,0.85742,1.27004,1.18527
design/LR10_phi0.325_seed2,0.86133,1.27004,1.18527
design/LR10_phi0.325_seed2,0.86523,1.27004,1.18527
design/LR10_phi0.325_seed2,0.86914,1.27004,1.18527
design/LR10_phi0.325_seed2,0.87305,1.27004,1.18527
design/LR10_phi0.325_seed2,0.87695,1.27004,1.18527
design/LR10_phi0.325_seed2,0.88086,1.52404,1.18527
design/LR10_phi0.325_seed2,0.88477,1.52404,1.18527
design/LR10_phi0.325_seed2,0.88867,1.52404,1.18527
design/LR10_phi0.325_seed2,0.89258,1.52404,1.18527
design/LR10_phi0.325_seed2,0.89648,1.27004,1.18527
design/LR10_phi0.325_seed2,0.90039,1.27004,1.18527
design/LR10_phi0.325_seed2,0.90430,1.52404,1.18527
design/LR10_phi0.325_seed2,0.90820,1.52404,1.18527
design/LR10_phi0.325_seed2,0.91211,1.52404,1.18527
design/LR10_phi0.325_seed2,0.91602,1.01603,1.18527
design/LR10_phi0.325_seed2,0.91992,1.01603,0.94822
design/LR10_phi0.325_seed2,0.92383,1.01603,0.94822
design/LR10_phi0.325_seed2,0.92773,1.01603,0.94822
design/LR10_phi0.325_seed2,0.93164,1.01603,0.94822
design/LR10_phi0.325_seed2,0.93555,1.27004,0.94822
design/LR10_phi0.325_seed2,0.93945,1.27004,0.94822
design/LR10_phi0.325_seed2,0.94336,1.27004,0.94822
design/LR10_phi0.325_seed2,0.94727,1.27004,0.94822
design/LR10_phi0.325_seed2,0.95117,1.27004,0.94822
design/LR10_phi0.325_seed2,0.95508,1.27004,0.94822
design/LR10_phi0.325_seed2,0.95898,1.27004,0.94822
design/LR10_phi0.325_seed2,0.96289,1.27004,0.94822
design/LR10_phi0.325_seed2,0.96680,1.27004,0.94822
design/LR10_phi0.325_seed2,0.97070,1.27004,0.94822
design/LR10_phi0.325_seed2,0.97461,1.27004,0.94822
design/LR10_phi0.325_seed2,0.97852,1.27004,0.94822
design/LR10_phi0.325_seed2,0.98242,1.01603,0.94822
design/LR10_phi0.325_seed2,0.98633,1.01603,0.94822
design/LR10_phi0.325_seed2,0.99023,1.01603,0.94822
design/LR10_phi0.325_seed2,0.99414,1.01603,0.94822
design/LR10_phi0.325_seed2,0.99805,1.01603,0.94822
design/LR10_phi0.325_seed3,0.00195,0.40792,0.39692
design/LR10_phi0.325_seed3,0.00586,0.40792,0.39692
design/LR10_phi0.325_seed3,0.00977,0.40792,0.39692
design/LR10_phi0.325_seed3,0.01367,0.40792,0.39692
design/LR10_phi0.325_seed3,0.01758,0.40792,0.39692
design/LR10_phi0.325_seed3,0.02148,0.40792,0.39692
design/LR10_phi0.325_seed3,0.02539,0.40792,0.39692
design/LR10_phi0.325_seed3,0.02930,0.40792,0.39692
design/LR10_phi0.325_seed3,0.03320,0.40792,0.39692
design/LR10_phi0.325_seed3,0.03711,0.40792,0.39692
design/LR10_phi0.325_seed3,0.04102,0.40792,0.39692
design/LR10_phi0.325_seed3,0.04492,0.40792,0.39692
design/LR10_phi0.325_seed3,0.04883,0.40792,0.39692
design/LR10_phi0.325_seed3,0.05273,0.40792,0.39692
design/LR10_phi0.325_seed3,0.05664,0.40792,0.39692
design/LR10_phi0.325_seed3,0.06055,0.40792,0.39692
design/LR10_phi0.325_seed3,0.06445,0.40792,0.39692
design/LR10_phi0.325_seed3,0.06836,0.40792,0.39692
design/LR10_phi0.325_seed3,0.07227,0.40792,0.39692
design/LR10_phi0.325_seed3,0.07617,0.40792,0.59538
design/LR10_phi0.325_seed3,0.08008,0.40792,0.59538
design/LR10_phi0.325_seed3,0.08398,0.40792,0.59538
design/LR10_phi0.325_seed3,0.08789,0.40792,0.59538
design/LR10_phi0.325_seed3,0.09180,0.40792,0.59538
design/LR10_phi0.325_seed3,0.09570,0.40792,0.59538
design/LR10_phi0.325_seed3,0.09961,0.40792,0.59538
design/LR10_phi0.325_seed3,0.10352,0.40792,0.59538
design/LR10_phi0.325_seed3,0.10742,0.40792,0.59538
design/LR10_phi0.325_seed3,0.11133,0.40792,0.59538
design/LR10_phi0.325_seed3,0.11523,0.40792,0.59538
design/LR10_phi0.325_seed3,0.11914,0.61188,0.59538
design/LR10_phi0.325_seed3,0.12305,0.61188,0.59538
design/LR10_phi0.325_seed3,0.12695,0.61188,0.59538
design/LR10_phi0.325_seed3,0.13086,0.61188,0.59538
design/LR10_phi0.325_seed3,0.13477,0.61188,0.59538
design/LR10_phi0.325_seed3,0.13867,0.61188,0.59538
design/LR10_phi0.325_seed3,0.14258,0.61188,0.59538
design/LR10_phi0.325_seed3,0.14648,0.61188,0.59538
design/LR10_phi0.325_seed3,0.15039,0.61188,0.59538
design/LR10_phi0.325_seed3,0.15430,0.61188,0.59538
design/LR10_phi0.325_seed3,0.15820,0.61188,0.59538
design/LR10_phi0.325_seed3,0.16211,0.61188,0.59538
design/LR10_phi0.325_seed3,0.16602,0.61188,0.59538
design/LR10_phi0.325_seed3,0.16992,0.61188,0.59538
design/LR10_phi0.325_seed3,0.17383,0.61188,0.59538
design/LR10_phi0.325_seed3,0.17773,0.61188,0.59538
design/LR10_phi0.325_seed3,0.18164,0.61188,0.59538
design/LR10_phi0.325_seed3,0.18555,0.61188,0.59538
design/LR10_phi0.325_seed3,0.18945,0.61188,0.59538
design/LR10_phi0.325_seed3,0.19336,0.61188,0.59538
design/LR10_phi0.325_seed3,0.19727,0.61188,0.59538
design/LR10_phi0.325_seed3,0.20117,0.61188,0.59538
design/LR10_phi0.325_seed3,0.20508,0.61188,0.59538
design/LR10_phi0.325_seed3,0.20898,0.61188,0.59538
design/LR10_phi0.325_seed3,0.21289,0.61188,0.59538
design/LR10_phi0.325_seed3,0.21680,0.61188,0.59538
design/LR10_phi0.325_seed3,0.22070,0.61188,0.59538
design/LR10_phi0.325_seed3,0.22461,0.61188,0.59538
design/LR10_phi0.325_seed3,0.22852,0.61188,0.59538
design/LR10_phi0.325_seed3,0.23242,1.01980,0.79383
design/LR10_phi0.325_seed3,0.23633,1.01980,0.79383
design/LR10_phi0.325_seed3,0.24023,1.01980,0.79383
design/LR10_phi0.325_seed3,0.24414,1.01980,0.79383
design/LR10_phi0.325_seed3,0.24805,1.01980,0.79383
design/LR10_phi0.325_seed3,0.25195,1.01980,0.79383
design/LR10_phi0.325_seed3,0.25586,1.01980,0.79383
design/LR10_phi0.325_seed3,0.25977,1.01980,0.79383
design/LR10_phi0.325_seed3,0.26367,1.01980,0.79383
design/LR10_phi0.325_seed3,0.26758,1.01980,0.79383
design/LR10_phi0.325_seed3,0.27148,1.01980,0.79383
design/LR10_phi0.325_seed3,0.27539,1.01980,0.79383
design/LR10_phi0.325_seed3,0.27930,1.01980,0.79383
design/LR10_phi0.325_seed3,0.28320,1.01980,0.79383
design/LR10_phi0.325_seed3,0.28711,1.01980,0.79383
design/LR10_phi0.325_seed3,0.29102,1.01980,0.79383
design/LR10_phi0.325_seed3,0.29492,1.22376,0.99229
design/LR10_phi0.325_seed3,0.29883,1.22376,0.99229
design/LR10_phi0.325_seed3,0.30273,1.22376,0.99229
design/LR10_phi0.325_seed3,0.30664,1.22376,0.99229
design/LR10_phi0.325_seed3,0.31055,1.22376,0.99229
design/LR10_phi0.325_seed3,0.31445,1.22376,0.99229
design/LR10_phi0.325_seed3,0.31836,1.22376,0.99229
design/LR10_phi0.325_seed3,0.32227,1.22376,0.99229
design/LR10_phi0.325_seed3,0.32617,1.01980,0.99229
design/LR10_phi0.325_seed3,0.33008,1.01980,0.99229
design/LR10_phi0.325_seed3,0.33398,1.01980,0.99229
design/LR10_phi0.325_seed3,0.33789,1.01980,0.99229
design/LR10_phi0.325_seed3,0.34180,1.01980,0.99229
design/LR10_phi0.325_seed3,0.34570,1.01980,0.99229
design/LR10_phi0.325_seed3,0.34961,1.01980,0.99229
design/LR10_phi0.325_seed3,0.35352,1.01980,0.99229
design/LR10_phi0.325_seed3,0.35742,1.01980,0.99229
design/LR10_phi0.325_seed3,0.36133,1.01980,0.99229
design/LR10_phi0.325_seed3,0.36523,1.01980,0.99229
design/LR10_phi0.325_seed3,0.36914,1.01980,0.99229
design/LR10_phi0.325_seed3,0.37305,1.01980,0.99229
design/LR10_phi0.325_seed3,0.37695,1.01980,0.99229
design/LR10_phi0.325_seed3,0.38086,1.01980,0.99229
design/LR10_phi0.325_seed3,0.38477,1.01980,0.99229
design/LR10_phi0.325_seed3,0.38867,1.01980,0.99229
design/LR10_phi0.325_seed3,0.39258,1.01980,0.99229
design/LR10_phi0.325_seed3,0.39648,1.01980,0.99229
design/LR10_phi0.325_seed3,0.40039,1.01980,0.99229
design/LR10_phi0.325_seed3,0.40430,1.01980,0.99229
design/LR10_phi0.325_seed3,0.40820,1.01980,0.99229
design/LR10_phi0.325_seed3,0.41211,1.01980,0.99229
design/LR10_phi0.325_seed3,0.41602,1.01980,0.99229
design/LR10_phi0.325_seed3,0.41992,1.01980,0.99229
design/LR10_phi0.325_seed3,0.42383,1.01980,0.99229
design/LR10_phi0.325_seed3,0.42773,1.01980,0.99229
design/LR10_phi0.325_seed3,0.43164,1.01980,1.19075
design/LR10_phi0.325_seed3,0.43555,1.01980,1.19075
design/LR10_phi0.325_seed3,0.43945,1.01980,1.19075
design/LR10_phi0.325_seed3,0.44336,1.01980,1.19075
design/LR10_phi0.325_seed3,0.44727,1.01980,1.19075
design/LR10_phi0.325_seed3,0.45117,1.01980,1.19075
design/LR10_phi0.325_seed3,0.45508,1.01980,1.19075
design/LR10_phi0.325_seed3,0.45898,1.01980,1.19075
design/LR10_phi0.325_seed3,0.46289,1.01980,1.19075
design/LR10_phi0.325_seed3,0.46680,1.01980,1.19075
design/LR10_phi0.325_seed3,0.47070,1.01980,1.19075
design/LR10_phi0.325_seed3,0.47461,1.01980,1.19075
design/LR10_phi0.325_seed3,0.47852,1.01980,1.19075
design/LR10_phi0.325_seed3,0.48242,1.42772,1.19075
design/LR10_phi0.325_seed3,0.48633,1.42772,1.19075
design/LR10_phi0.325_seed3,0.49023,1.42772,1.19075
design/LR10_phi0.325_seed3,0.49414,1.63168,1.19075
design/LR10_phi0.325_seed3,0.49805,1.63168,1.19075
design/LR10_phi0.325_seed3,0.50195,1.83564,1.19075
design/LR10_phi0.325_seed3,0.50586,1.83564,1.19075
design/LR10_phi0.325_seed3,0.50977,1.83564,1.19075
design/LR10_phi0.325_seed3,0.51367,1.83564,1.19075
design/LR10_phi0.325_seed3,0.51758,1.83564,1.19075
design/LR10_phi0.325_seed3,0.52148,1.83564,1.19075
design/LR10_phi0.325_seed3,0.52539,1.83564,1.19075
design/LR10_phi0.325_seed3,0.52930,1.83564,1.38921
design/LR10_phi0.325_seed3,0.53320,1.83564,1.38921
design/LR10_phi0.325_seed3,0.53711,1.83564,1.38921
design/LR10_phi0.325_seed3,0.54102,1.83564,1.38921
design/LR10_phi0.325_seed3,0.54492,1.83564,1.38921
design/LR10_phi0.325_seed3,0.54883,1.83564,1.38921
design/LR10_phi0.325_seed3,0.55273,1.83564,1.38921
design/LR10_phi0.325_seed3,0.55664,1.83564,1.38921
design/LR10_phi0.325_seed3,0.56055,1.83564,1.38921
design/LR10_phi0.325_seed3,0.56445,1.83564,1.38921
design/LR10_phi0.325_seed3,0.56836,1.83564,1.38921
design/LR10_phi0.325_seed3,0.57227,1.83564,1.38921
design/LR10_phi0.325_seed3,0.57617,1.83564,1.38921
design/LR10_phi0.325_seed3,0.58008,1.83564,1.38921
design/LR10_phi0.325_seed3,0.58398,1.42772,1.38921
design/LR10_phi0.325_seed3,0.58789,1.42772,1.38921
design/LR10_phi0.325_seed3,0.59180,1.42772,1.38921
design/LR10_phi0.325_seed3,0.59570,1.42772,1.38921
design/LR10_phi0.325_seed3,0.59961,1.42772,1.38921
design/LR10_phi0.325_seed3,0.60352,1.42772,1.38921
design/LR10_phi0.325_seed3,0.60742,1.42772,1.38921
design/LR10_phi0.325_seed3,0.61133,1.63168,1.38921
design/LR10_phi0.325_seed3,0.61523,1.63168,1.38921
design/LR10_phi0.325_seed3,0.61914,1.22376,1.38921
design/LR10_phi0.325_seed3,0.62305,1.22376,1.38921
design/LR10_phi0.325_seed3,0.62695,1.22376,1.38921
design/LR10_phi0.325_seed3,0.63086,1.22376,1.38921
design/LR10_phi0.325_seed3,0.63477,1.22376,1.38921
design/LR10_phi0.325_seed3,0.63867,1.22376,1.38921
design/LR10_phi0.325_seed3,0.64258,1.22376,1.38921
design/LR10_phi0.325_seed3,0.64648,1.22376,1.38921
design/LR10_phi0.325_seed3,0.65039,1.22376,1.38921
design/LR10_phi0.325_seed3,0.65430,1.22376,1.38921
design/LR10_phi0.325_seed3,0.65820,1.01980,1.38921
design/LR10_phi0.325_seed3,0.66211,1.01980,1.38921
design/LR10_phi0.325_seed3,0.66602,1.01980,1.58767
design/LR10_phi0.325_seed3,0.66992,1.01980,1.58767
design/LR10_phi0.325_seed3,0.67383,1.01980,1.58767
design/LR10_phi0.325_seed3,0.67773,1.01980,1.58767
design/LR10_phi0.325_seed3,0.68164,1.01980,1.58767
design/LR10_phi0.325_seed3,0.68555,1.01980,1.58767
design/LR10_phi0.325_seed3,0.68945,1.01980,1.58767
design/LR10_phi0.325_seed3,0.69336,1.01980,1.58767
design/LR10_phi0.325_seed3,0.69727,1.01980,1.38921
design/LR10_phi0.325_seed3,0.70117,0.81584,0.99229
design/LR10_phi0.325_seed3,0.70508,0.81584,0.99229
design/LR10_phi0.325_seed3,0.70898,0.81584,0.99229
design/LR10_phi0.325_seed3,0.71289,0.81584,0.99229
design/LR10_phi0.325_seed3,0.71680,0.81584,0.99229
design/LR10_phi0.325_seed3,0.72070,0.81584,0.99229
design/LR10_phi0.325_seed3,0.72461,0.81584,0.99229
design/LR10_phi0.325_seed3,0.72852,0.81584,0.99229
design/LR10_phi0.325_seed3,0.73242,0.81584,0.99229
design/LR10_phi0.325_seed3,0.73633,0.81584,0.99229
design/LR10_phi0.325_seed3,0.74023,0.81584,0.99229
design/LR10_phi0.325_seed3,0.74414,0.81584,0.99229
design/LR10_phi0.325_seed3,0.74805,0.81584,0.99229
design/LR10_phi0.325_seed3,0.75195,0.81584,0.99229
design/LR10_phi0.325_seed3,0.75586,0.81584,0.99229
design/LR10_phi0.325_seed3,0.75977,0.81584,0.99229
design/LR10_phi0.325_seed3,0.76367,0.81584,0.99229
design/LR10_phi0.325_seed3,0.76758,0.81584,0.99229
design/LR10_phi0.325_seed3,0.77148,0.81584,0.99229
design/LR10_phi0.325_seed3,0.77539,1.01980,0.99229
design/LR10_phi0.325_seed3,0.77930,1.01980,0.99229
design/LR10_phi0.325_seed3,0.78320,0.61188,0.99229
design/LR10_phi0.325_seed3,0.78711,0.61188,0.99229
design/LR10_phi0.325_seed3,0.79102,0.61188,0.99229
design/LR10_phi0.325_seed3,0.79492,0.61188,0.99229
design/LR10_phi0.325_seed3,0.79883,0.61188,0.99229
design/LR10_phi0.325_seed3,0.80273,0.61188,0.99229
design/LR10_phi0.325_seed3,0.80664,0.61188,0.99229
design/LR10_phi0.325_seed3,0.81055,0.61188,0.99229
design/LR10_phi0.325_seed3,0.81445,0.61188,0.99229
design/LR10_phi0.325_seed3,0.81836,0.61188,0.99229
design/LR10_phi0.325_seed3,0.82227,0.61188,0.79383
design/LR10_phi0.325_seed3,0.82617,0.61188,0.79383
design/LR10_phi0.325_seed3,0.83008,0.61188,0.79383
design/LR10_phi0.325_seed3,0.83398,0.61188,0.79383
design/LR10_phi0.325_seed3,0.83789,0.61188,0.79383
design/LR10_phi0.325_seed3,0.84180,0.61188,0.79383
design/LR10_phi0.325_seed3,0.84570,0.61188,0.79383
design/LR10_phi0.325_seed3,0.84961,0.61188,0.79383
design/LR10_phi0.325_seed3,0.85352,0.61188,0.79383
design/LR10_phi0.325_seed3,0.85742,0.61188,0.79383
design/LR10_phi0.325_seed3,0.86133,0.61188,0.79383
design/LR10_phi0.325_seed3,0.86523,0.61188,0.79383
design/LR10_phi0.325_seed3,0.86914,0.61188,0.79383
design/LR10_phi0.325_seed3,0.87305,0.61188,0.79383
design/LR10_phi0.325_seed3,0.87695,0.61188,0.79383
design/LR10_phi0.325_seed3,0.88086,0.61188,0.79383
design/LR10_phi0.325_seed3,0.88477,0.61188,0.79383
design/LR10_phi0.325_seed3,0.88867,0.61188,0.39692
design/LR10_phi0.325_seed3,0.89258,0.61188,0.39692
design/LR10_phi0.325_seed3,0.89648,0.61188,0.39692
design/LR10_phi0.325_seed3,0.90039,0.61188,0.39692
design/LR10_phi0.325_seed3,0.90430,0.20396,0.39692
design/LR10_phi0.325_seed3,0.90820,0.20396,0.39692
design/LR10_phi0.325_seed3,0.91211,0.20396,0.39692
design/LR10_phi0.325_seed3,0.91602,0.20396,0.39692
design/LR10_phi0.325_seed3,0.91992,0.20396,0.39692
design/LR10_phi0.325_seed3,0.92383,0.20396,0.39692
design/LR10_phi0.325_seed3,0.92773,0.20396,0.39692
design/LR10_phi0.325_seed3,0.93164,0.20396,0.39692
design/LR10_phi0.325_seed3,0.93555,0.20396,0.39692
design/LR10_phi0.325_seed3,0.93945,0.20396,0.39692
design/LR10_phi0.325_seed3,0.94336,0.20396,0.39692
design/LR10_phi0.325_seed3,0.94727,0.20396,0.39692
design/LR10_phi0.325_seed3,0.95117,0.20396,0.39692
design/LR10_phi0.325_seed3,0.95508,0.20396,0.39692
design/LR10_phi0.325_seed3,0.95898,0.20396,0.39692
design/LR10_phi0.325_seed3,0.96289,0.40792,0.39692
design/LR10_phi0.325_seed3,0.96680,0.40792,0.39692
design/LR10_phi0.325_seed3,0.97070,0.40792,0.39692
design/LR10_phi0.325_seed3,0.97461,0.40792,0.39692
design/LR10_phi0.325_seed3,0.97852,0.40792,0.39692
design/LR10_phi0.325_seed3,0.98242,0.40792,0.39692
design/LR10_phi0.325_seed3,0.98633,0.40792,0.39692
design/LR10_phi0.325_seed3,0.99023,0.40792,0.39692
design/LR10_phi0.325_seed3,0.99414,0.40792,0.39692
design/LR10_phi0.325_seed3,0.99805,0.40792,0.39692
design/LR20_phi0.325_seed1,0.00195,0.55476,1.30154
design/LR20_phi0.325_seed1,0.00586,0.55476,1.19308
design/LR20_phi0.325_seed1,0.00977,0.55476,1.19308
design/LR20_phi0.325_seed1,0.01367,0.55476,1.19308
design/LR20_phi0.325_seed1,0.01758,0.55476,1.19308
design/LR20_phi0.325_seed1,0.02148,0.55476,1.19308
design/LR20_phi0.325_seed1,0.02539,0.77666,1.19308
design/LR20_phi0.325_seed1,0.02930,0.66571,1.19308
design/LR20_phi0.325_seed1,0.03320,0.99857,1.19308
design/LR20_phi0.325_seed1,0.03711,0.99857,1.19308
design/LR20_phi0.325_seed1,0.04102,1.10952,1.19308
design/LR20_phi0.325_seed1,0.04492,1.22047,1.19308
design/LR20_phi0.325_seed1,0.04883,1.22047,1.19308
design/LR20_phi0.325_seed1,0.05273,1.22047,1.19308
design/LR20_phi0.325_seed1,0.05664,1.33142,1.19308
design/LR20_phi0.325_seed1,0.06055,1.33142,1.19308
design/LR20_phi0.325_seed1,0.06445,1.33142,1.19308
design/LR20_phi0.325_seed1,0.06836,1.33142,1.19308
design/LR20_phi0.325_seed1,0.07227,1.22047,1.30154
design/LR20_phi0.325_seed1,0.07617,1.22047,1.30154
design/LR20_phi0.325_seed1,0.08008,1.22047,1.30154
design/LR20_phi0.325_seed1,0.08398,1.22047,0.97616
design/LR20_phi0.325_seed1,0.08789,0.88761,0.97616
design/LR20_phi0.325_seed1,0.09180,0.88761,0.97616
design/LR20_phi0.325_seed1,0.09570,0.88761,0.86770
design/LR20_phi0.325_seed1,0.09961,0.88761,0.86770
design/LR20_phi0.325_seed1,0.10352,0.88761,0.86770
design/LR20_phi0.325_seed1,0.10742,0.88761,0.86770
design/LR20_phi0.325_seed1,0.11133,0.77666,0.86770
design/LR20_phi0.325_seed1,0.11523,0.77666,0.86770
design/LR20_phi0.325_seed1,0.11914,0.77666,0.97616
design/LR20_phi0.325_seed1,0.12305,0.77666,0.97616
design/LR20_phi0.325_seed1,0.12695,0.77666,0.86770
design/LR20_phi0.325_seed1,0.13086,0.77666,0.86770
design/LR20_phi0.325_seed1,0.13477,0.77666,0.86770
design/LR20_phi0.325_seed1,0.13867,0.77666,0.75923
design/LR20_phi0.325_seed1,0.14258,0.55476,0.75923
design/LR20_phi0.325_seed1,0.14648,0.55476,0.86770
design/LR20_phi0.325_seed1,0.15039,0.55476,0.86770
design/LR20_phi0.325_seed1,0.15430,0.55476,0.75923
design/LR20_phi0.325_seed1,0.15820,0.55476,0.75923
design/LR20_phi0.325_seed1,0.16211,0.55476,0.75923
design/LR20_phi0.325_seed1,0.16602,0.44381,0.75923
design/LR20_phi0.325_seed1,0.16992,0.44381,0.75923
design/LR20_phi0.325_seed1,0.17383,0.44381,0.75923
design/LR20_phi0.325_seed1,0.17773,0.44381,0.75923
design/LR20_phi0.325_seed1,0.18164,0.44381,0.75923
design/LR20_phi0.325_seed1,0.18555,0.44381,0.75923
design/LR20_phi0.325_seed1,0.18945,0.44381,0.75923
design/LR20_phi0.325_seed1,0.19336,0.44381,0.86770
design/LR20_phi0.325_seed1,0.19727,0.44381,0.86770
design/LR20_phi0.325_seed1,0.20117,0.44381,0.86770
design/LR20_phi0.325_seed1,0.20508,0.33286,0.86770
design/LR20_phi0.325_seed1,0.20898,0.66571,0.86770
design/LR20_phi0.325_seed1,0.21289,0.66571,0.97616
design/LR20_phi0.325_seed1,0.21680,0.66571,0.97616
design/LR20_phi0.325_seed1,0.22070,0.77666,0.75923
design/LR20_phi0.325_seed1,0.22461,0.77666,0.75923
design/LR20_phi0.325_seed1,0.22852,0.77666,0.75923
design/LR20_phi0.325_seed1,0.23242,0.77666,0.75923
design/LR20_phi0.325_seed1,0.23633,0.77666,0.75923
design/LR20_phi0.325_seed1,0.24023,0.66571,0.75923
design/LR20_phi0.325_seed1,0.24414,0.66571,0.86770
design/LR20_phi0.325_seed1,0.24805,0.88761,0.86770
design/LR20_phi0.325_seed1,0.25195,1.10952,0.86770
design/LR20_phi0.325_seed1,0.25586,1.10952,0.86770
design/LR20_phi0.325_seed1,0.25977,1.10952,0.86770
design/LR20_phi0.325_seed1,0.26367,1.10952,0.86770
design/LR20_phi0.325_seed1,0.26758,1.10952,0.97616
design/LR20_phi0.325_seed1,0.27148,1.10952,0.86770
design/LR20_phi0.325_seed1,0.27539,1.10952,0.86770
design/LR20_phi0.325_seed1,0.27930,1.10952,0.86770
design/LR20_phi0.325_seed1,0.28320,1.10952,0.86770
design/LR20_phi0.325_seed1,0.28711,1.10952,0.75923
design/LR20_phi0.325_seed1,0.29102,0.88761,0.75923
design/LR20_phi0.325_seed1,0.29492,0.88761,0.75923
design/LR20_phi0.325_seed1,0.29883,0.88761,0.75923
design/LR20_phi0.325_seed1,0.30273,0.88761,0.75923
design/LR20_phi0.325_seed1,0.30664,0.88761,0.75923
design/LR20_phi0.325_seed1,0.31055,0.66571,0.75923
design/LR20_phi0.325_seed1,0.31445,0.66571,0.75923
design/LR20_phi0.325_seed1,0.31836,0.66571,0.86770
design/LR20_phi0.325_seed1,0.32227,0.66571,0.86770
design/LR20_phi0.325_seed1,0.32617,0.66571,0.86770
design/LR20_phi0.325_seed1,0.33008,0.66571,0.86770
design/LR20_phi0.325_seed1,0.33398,0.66571,0.97616
design/LR20_phi0.325_seed1,0.33789,0.66571,0.97616
design/LR20_phi0.325_seed1,0.34180,0.66571,0.97616
design/LR20_phi0.325_seed1,0.34570,0.66571,1.08462
design/LR20_phi0.325_seed1,0.34961,0.66571,1.30154
design/LR20_phi0.325_seed1,0.35352,0.66571,1.30154
design/LR20_phi0.325_seed1,0.35742,0.66571,1.30154
design/LR20_phi0.325_seed1,0.36133,0.66571,1.30154
design/LR20_phi0.325_seed1,0.36523,0.66571,1.30154
design/LR20_phi0.325_seed1,0.36914,0.66571,1.30154
design/LR20_phi0.325_seed1,0.37305,0.66571,1.30154
design/LR20_phi0.325_seed1,0.37695,0.66571,1.41000
design/LR20_phi0.325_seed1,0.38086,0.77666,1.41000
design/LR20_phi0.325_seed1,0.38477,0.88761,1.41000
design/LR20_phi0.325_seed1,0.38867,0.88761,1.41000
design/LR20_phi0.325_seed1,0.39258,0.88761,1.41000
design/LR20_phi0.325_seed1,0.39648,1.10952,1.41000
design/LR20_phi0.325_seed1,0.40039,1.10952,1.41000
design/LR20_phi0.325_seed1,0.40430,1.10952,1.41000
design/LR20_phi0.325_seed1,0.40820,1.10952,1.41000
design/LR20_phi0.325_seed1,0.41211,1.10952,1.30154
design/LR20_phi0.325_seed1,0.41602,1.10952,1.30154
design/LR20_phi0.325_seed1,0.41992,1.10952,1.19308
design/LR20_phi0.325_seed1,0.42383,1.10952,1.08462
design/LR20_phi0.325_seed1,0.42773,1.10952,1.08462
design/LR20_phi0.325_seed1,0.43164,1.10952,0.97616
design/LR20_phi0.325_seed1,0.43555,1.10952,0.97616
design/LR20_phi0.325_seed1,0.43945,1.10952,0.97616
design/LR20_phi0.325_seed1,0.44336,1.33142,0.97616
design/LR20_phi0.325_seed1,0.44727,1.33142,0.97616
design/LR20_phi0.325_seed1,0.45117,1.33142,0.97616
design/LR20_phi0.325_seed1,0.45508,1.33142,0.97616
design/LR20_phi0.325_seed1,0.45898,1.44237,0.97616
design/LR20_phi0.325_seed1,0.46289,1.44237,0.97616
design/LR20_phi0.325_seed1,0.46680,1.44237,0.97616
design/LR20_phi0.325_seed1,0.47070,1.33142,0.97616
design/LR20_phi0.325_seed1,0.47461,1.33142,0.97616
design/LR20_phi0.325_seed1,0.47852,1.33142,0.97616
design/LR20_phi0.325_seed1,0.48242,1.33142,0.97616
design/LR20_phi0.325_seed1,0.48633,1.33142,0.97616
design/LR20_phi0.325_seed1,0.49023,1.33142,0.97616
design/LR20_phi0.325_seed1,0.49414,1.44237,0.86770
design/LR20_phi0.325_seed1,0.49805,1.44237,0.86770
design/LR20_phi0.325_seed1,0.50195,1.44237,0.75923
design/LR20_phi0.325_seed1,0.50586,1.44237,0.86770
design/LR20_phi0.325_seed1,0.50977,1.44237,0.86770
design/LR20_phi0.325_seed1,0.51367,1.55332,0.86770
design/LR20_phi0.325_seed1,0.51758,1.55332,0.86770
design/LR20_phi0.325_seed1,0.52148,1.77523,0.86770
design/LR20_phi0.325_seed1,0.52539,1.66428,0.86770
design/LR20_phi0.325_seed1,0.52930,1.66428,0.86770
design/LR20_phi0.325_seed1,0.53320,1.66428,1.08462
design/LR20_phi0.325_seed1,0.53711,1.66428,1.08462
design/LR20_phi0.325_seed1,0.54102,1.66428,1.08462
design/LR20_phi0.325_seed1,0.54492,1.55332,1.08462
design/LR20_phi0.325_seed1,0.54883,1.55332,0.97616
design/LR20_phi0.325_seed1,0.55273,1.44237,0.97616
design/LR20_phi0.325_seed1,0.55664,1.44237,0.97616
design/LR20_phi0.325_seed1,0.56055,1.44237,0.97616
design/LR20_phi0.325_seed1,0.56445,1.44237,0.97616
design/LR20_phi0.325_seed1,0.56836,1.44237,0.97616
design/LR20_phi0.325_seed1,0.57227,1.22047,0.97616
design/LR20_phi0.325_seed1,0.57617,1.22047,0.75923
design/LR20_phi0.325_seed1,0.58008,1.22047,0.75923
design/LR20_phi0.325_seed1,0.58398,1.22047,0.75923
design/LR20_phi0.325_seed1,0.58789,1.22047,0.75923
design/LR20_phi0.325_seed1,0.59180,1.22047,0.75923
design/LR20_phi0.325_seed1,0.59570,1.22047,0.75923
design/LR20_phi0.325_seed1,0.59961,1.22047,0.86770
design/LR20_phi0.325_seed1,0.60352,1.22047,0.86770
design/LR20_phi0.325_seed1,0.60742,1.33142,0.86770
design/LR20_phi0.325_seed1,0.61133,1.33142,1.08462
design/LR20_phi0.325_seed1,0.61523,1.33142,1.08462
design/LR20_phi0.325_seed1,0.61914,1.66428,0.97616
design/LR20_phi0.325_seed1,0.62305,1.66428,0.97616
design/LR20_phi0.325_seed1,0.62695,1.66428,0.97616
design/LR20_phi0.325_seed1,0.63086,1.66428,0.97616
design/LR20_phi0.325_seed1,0.63477,1.88618,0.97616
design/LR20_phi0.325_seed1,0.63867,1.88618,0.97616
design/LR20_phi0.325_seed1,0.64258,1.88618,0.86770
design/LR20_phi0.325_seed1,0.64648,1.88618,0.86770
design/LR20_phi0.325_seed1,0.65039,1.77523,0.86770
design/LR20_phi0.325_seed1,0.65430,1.77523,0.86770
design/LR20_phi0.325_seed1,0.65820,1.77523,0.65077
design/LR20_phi0.325_seed1,0.66211,1.55332,0.65077
design/LR20_phi0.325_seed1,0.66602,1.66428,0.65077
design/LR20_phi0.325_seed1,0.66992,1.66428,0.65077
design/LR20_phi0.325_seed1,0.67383,1.44237,0.65077
design/LR20_phi0.325_seed1,0.67773,1.44237,0.65077
design/LR20_phi0.325_seed1,0.68164,1.44237,0.86770
design/LR20_phi0.325_seed1,0.68555,1.44237,0.86770
design/LR20_phi0.325_seed1,0.68945,1.44237,0.86770
design/LR20_phi0.325_seed1,0.69336,1.44237,0.86770
design/LR20_phi0.325_seed1,0.69727,1.33142,0.86770
design/LR20_phi0.325_seed1,0.70117,1.22047,0.86770
design/LR20_phi0.325_seed1,0.70508,1.22047,0.86770
design/LR20_phi0.325_seed1,0.70898,1.22047,0.86770
design/LR20_phi0.325_seed1,0.71289,1.22047,0.86770
design/LR20_phi0.325_seed1,0.71680,1.22047,0.97616
design/LR20_phi0.325_seed1,0.72070,1.22047,0.97616
design/LR20_phi0.325_seed1,0.72461,1.22047,0.97616
design/LR20_phi0.325_seed1,0.72852,1.22047,0.97616
design/LR20_phi0.325_seed1,0.73242,1.22047,0.97616
design/LR20_phi0.325_seed1,0.73633,1.22047,0.97616
design/LR20_phi0.325_seed1,0.74023,1.10952,1.08462
design/LR20_phi0.325_seed1,0.74414,1.10952,1.08462
design/LR20_phi0.325_seed1,0.74805,1.10952,1.08462
design/LR20_phi0.325_seed1,0.75195,1.10952,1.08462
design/LR20_phi0.325_seed1,0.75586,1.10952,1.08462
design/LR20_phi0.325_seed1,0.75977,1.10952,1.08462
design/LR20_phi0.325_seed1,0.76367,1.10952,1.08462
design/LR20_phi0.325_seed1,0.76758,1.10952,1.08462
design/LR20_phi0.325_seed1,0.77148,1.10952,1.08462
design/LR20_phi0.325_seed1,0.77539,0.99857,1.08462
design/LR20_phi0.325_seed1,0.77930,0.99857,1.08462
design/LR20_phi0.325_seed1,0.78320,0.99857,1.08462
design/LR20_phi0.325_seed1,0.78711,0.99857,1.08462
design/LR20_phi0.325_seed1,0.79102,0.99857,1.08462
design/LR20_phi0.325_seed1,0.79492,0.77666,1.08462
design/LR20_phi0.325_seed1,0.79883,0.77666,1.08462
design/LR20_phi0.325_seed1,0.80273,0.77666,1.08462
design/LR20_phi0.325_seed1,0.80664,0.77666,1.08462
design/LR20_phi0.325_seed1,0.81055,0.77666,1.19308
design/LR20_phi0.325_seed1,0.81445,0.77666,1.19308
design/LR20_phi0.325_seed1,0.81836,0.77666,1.19308
design/LR20_phi0.325_seed1,0.82227,0.55476,1.19308
design/LR20_phi0.325_seed1,0.82617,0.55476,1.19308
design/LR20_phi0.325_seed1,0.83008,0.55476,1.08462
design/LR20_phi0.325_seed1,0.83398,0.55476,1.08462
design/LR20_phi0.325_seed1,0.83789,0.55476,1.08462
design/LR20_phi0.325_seed1,0.84180,0.55476,1.08462
design/LR20_phi0.325_seed1,0.84570,0.55476,1.08462
design/LR20_phi0.325_seed1,0.84961,0.55476,1.08462
design/LR20_phi0.325_seed1,0.85352,0.55476,1.08462
design/LR20_phi0.325_seed1,0.85742,0.55476,1.08462
design/LR20_phi0.325_seed1,0.86133,0.55476,1.08462
design/LR20_phi0.325_seed1,0.86523,0.55476,1.30154
design/LR20_phi0.325_seed1,0.86914,0.55476,1.30154
design/LR20_phi0.325_seed1,0.87305,0.55476,1.30154
design/LR20_phi0.325_seed1,0.87695,0.55476,1.30154
design/LR20_phi0.325_seed1,0.88086,0.55476,1.30154
design/LR20_phi0.325_seed1,0.88477,0.55476,1.30154
design/LR20_phi0.325_seed1,0.88867,0.55476,1.30154
design/LR20_phi0.325_seed1,0.89258,0.44381,1.30154
design/LR20_phi0.325_seed1,0.89648,0.44381,1.30154
design/LR20_phi0.325_seed1,0.90039,0.44381,1.30154
design/LR20_phi0.325_seed1,0.90430,0.44381,1.30154
design/LR20_phi0.325_seed1,0.90820,0.44381,1.30154
design/LR20_phi0.325_seed1,0.91211,0.44381,1.30154
design/LR20_phi0.325_seed1,0.91602,0.44381,1.30154
design/LR20_phi0.325_seed1,0.91992,0.44381,1.30154
design/LR20_phi0.325_seed1,0.92383,0.33286,1.41000
design/LR20_phi0.325_seed1,0.92773,0.44381,1.08462
design/LR20_phi0.325_seed1,0.93164,0.44381,1.08462
design/LR20_phi0.325_seed1,0.93555,0.44381,1.08462
design/LR20_phi0.325_seed1,0.93945,0.44381,1.19308
design/LR20_phi0.325_seed1,0.94336,0.44381,1.08462
design/LR20_phi0.325_seed1,0.94727,0.44381,1.08462
design/LR20_phi0.325_seed1,0.95117,0.44381,1.19308
design/LR20_phi0.325_seed1,0.95508,0.55476,1.19308
design/LR20_phi0.325_seed1,0.95898,0.55476,1.19308
design/LR20_phi0.325_seed1,0.96289,0.55476,1.19308
design/LR20_phi0.325_seed1,0.96680,0.55476,1.19308
design/LR20_phi0.325_seed1,0.97070,0.55476,1.19308
design/LR20_phi0.325_seed1,0.97461,0.55476,1.19308
design/LR20_phi0.325_seed1,0.97852,0.55476,1.19308
design/LR20_phi0.325_seed1,0.98242,0.55476,1.19308
design/LR20_phi0.325_seed1,0.98633,0.55476,1.19308
design/LR20_phi0.325_seed1,0.99023,0.55476,1.19308
design/LR20_phi0.325_seed1,0.99414,0.55476,1.19308
design/LR20_phi0.325_seed1,0.99805,0.55476,1.30154
design/LR20_phi0.325_seed2,0.00195,0.45669,0.82228
design/LR20_phi0.325_seed2,0.00586,0.68504,0.82228
design/LR20_phi0.325_seed2,0.00977,0.68504,0.82228
design/LR20_phi0.325_seed2,0.01367,0.68504,0.82228
design/LR20_phi0.325_seed2,0.01758,0.57087,0.82228
design/LR20_phi0.325_seed2,0.02148,0.57087,0.82228
design/LR20_phi0.325_seed2,0.02539,0.57087,0.70481
design/LR20_phi0.325_seed2,0.02930,0.57087,1.05722
design/LR20_phi0.325_seed2,0.03320,0.57087,1.05722
design/LR20_phi0.325_seed2,0.03711,0.57087,1.17468
design/LR20_phi0.325_seed2,0.04102,0.57087,1.17468
design/LR20_phi0.325_seed2,0.04492,0.57087,0.93975
design/LR20_phi0.325_seed2,0.04883,0.79921,0.93975
design/LR20_phi0.325_seed2,0.05273,0.79921,0.93975
design/LR20_phi0.325_seed2,0.05664,0.79921,0.93975
design/LR20_phi0.325_seed2,0.06055,1.02756,0.93975
design/LR20_phi0.325_seed2,0.06445,1.02756,0.93975
design/LR20_phi0.325_seed2,0.06836,1.02756,0.93975
design/LR20_phi0.325_seed2,0.07227,1.14173,0.93975
design/LR20_phi0.325_seed2,0.07617,1.14173,0.93975
design/LR20_phi0.325_seed2,0.08008,1.14173,0.93975
design/LR20_phi0.325_seed2,0.08398,1.14173,0.93975
design/LR20_phi0.325_seed2,0.08789,1.14173,0.93975
design/LR20_phi0.325_seed2,0.09180,1.14173,1.05722
design/LR20_phi0.325_seed2,0.09570,1.02756,1.05722
design/LR20_phi0.325_seed2,0.09961,1.02756,1.05722
design/LR20_phi0.325_seed2,0.10352,1.02756,1.29215
design/LR20_phi0.325_seed2,0.10742,0.91339,1.29215
design/LR20_phi0.325_seed2,0.11133,0.91339,1.29215
design/LR20_phi0.325_seed2,0.11523,0.91339,1.29215
design/LR20_phi0.325_seed2,0.11914,1.14173,1.29215
design/LR20_phi0.325_seed2,0.12305,1.14173,1.29215
design/LR20_phi0.325_seed2,0.12695,1.14173,1.29215
design/LR20_phi0.325_seed2,0.13086,1.14173,1.52709
design/LR20_phi0.325_seed2,0.13477,1.14173,1.17468
design/LR20_phi0.325_seed2,0.13867,1.14173,1.17468
design/LR20_phi0.325_seed2,0.14258,1.14173,1.29215
design/LR20_phi0.325_seed2,0.14648,1.14173,1.40962
design/LR20_phi0.325_seed2,0.15039,1.14173,1.40962
design/LR20_phi0.325_seed2,0.15430,1.25591,1.40962
design/LR20_phi0.325_seed2,0.15820,1.25591,1.40962
design/LR20_phi0.325_seed2,0.16211,1.14173,1.40962
design/LR20_phi0.325_seed2,0.16602,1.02756,1.40962
design/LR20_phi0.325_seed2,0.16992,1.02756,1.29215
design/LR20_phi0.325_seed2,0.17383,1.02756,1.29215
design/LR20_phi0.325_seed2,0.17773,0.91339,1.29215
design/LR20_phi0.325_seed2,0.18164,0.91339,1.29215
design/LR20_phi0.325_seed2,0.18555,0.91339,1.29215
design/LR20_phi0.325_seed2,0.18945,0.91339,1.17468
design/LR20_phi0.325_seed2,0.19336,0.91339,1.17468
design/LR20_phi0.325_seed2,0.19727,0.91339,1.17468
design/LR20_phi0.325_seed2,0.20117,0.91339,0.93975
design/LR20_phi0.325_seed2,0.20508,0.91339,0.93975
design/LR20_phi0.325_seed2,0.20898,0.91339,0.70481
design/LR20_phi0.325_seed2,0.21289,0.91339,0.70481
design/LR20_phi0.325_seed2,0.21680,0.79921,0.70481
design/LR20_phi0.325_seed2,0.22070,0.79921,0.70481
design/LR20_phi0.325_seed2,0.22461,0.79921,0.70481
design/LR20_phi0.325_seed2,0.22852,0.79921,0.70481
design/LR20_phi0.325_seed2,0.23242,0.79921,0.70481
design/LR20_phi0.325_seed2,0.23633,0.91339,0.70481
design/LR20_phi0.325_seed2,0.24023,0.91339,0.70481
design/LR20_phi0.325_seed2,0.24414,0.91339,0.70481
design/LR20_phi0.325_seed2,0.24805,1.14173,0.70481
design/LR20_phi0.325_seed2,0.25195,1.02756,0.70481
design/LR20_phi0.325_seed2,0.25586,1.02756,0.70481
design/LR20_phi0.325_seed2,0.25977,0.79921,0.70481
design/LR20_phi0.325_seed2,0.26367,0.79921,0.46987
design/LR20_phi0.325_seed2,0.26758,0.79921,0.46987
design/LR20_phi0.325_seed2,0.27148,0.79921,0.58734
design/LR20_phi0.325_seed2,0.27539,0.79921,0.58734
design/LR20_phi0.325_seed2,0.27930,0.79921,0.58734
design/LR20_phi0.325_seed2,0.28320,0.79921,0.70481
design/LR20_phi0.325_seed2,0.28711,0.79921,0.70481
design/LR20_phi0.325_seed2,0.29102,0.79921,0.70481
design/LR20_phi0.325_seed2,0.29492,0.68504,0.70481
design/LR20_phi0.325_seed2,0.29883,0.68504,0.70481
design/LR20_phi0.325_seed2,0.30273,0.68504,0.82228
design/LR20_phi0.325_seed2,0.30664,0.68504,0.82228
design/LR20_phi0.325_seed2,0.31055,0.79921,0.82228
design/LR20_phi0.325_seed2,0.31445,0.79921,0.82228
design/LR20_phi0.325_seed2,0.31836,0.79921,0.82228
design/LR20_phi0.325_seed2,0.32227,0.79921,0.82228
design/LR20_phi0.325_seed2,0.32617,0.45669,0.70481
design/LR20_phi0.325_seed2,0.33008,0.45669,0.82228
design/LR20_phi0.325_seed2,0.33398,0.45669,0.82228
design/LR20_phi0.325_seed2,0.33789,0.45669,0.82228
design/LR20_phi0.325_seed2,0.34180,0.45669,0.82228
design/LR20_phi0.325_seed2,0.34570,0.45669,0.82228
design/LR20_phi0.325_seed2,0.34961,0.45669,0.82228
design/LR20_phi0.325_seed2,0.35352,0.45669,0.82228
design/LR20_phi0.325_seed2,0.35742,0.45669,0.82228
design/LR20_phi0.325_seed2,0.36133,0.45669,0.82228
design/LR20_phi0.325_seed2,0.36523,0.45669,0.82228
design/LR20_phi0.325_seed2,0.36914,0.45669,0.82228
design/LR20_phi0.325_seed2,0.37305,0.45669,0.82228
design/LR20_phi0.325_seed2,0.37695,0.45669,0.82228
design/LR20_phi0.325_seed2,0.38086,0.45669,1.05722
design/LR20_phi0.325_seed2,0.38477,0.79921,1.05722
design/LR20_phi0.325_seed2,0.38867,0.79921,0.58734
design/LR20_phi0.325_seed2,0.39258,0.79921,0.58734
design/LR20_phi0.325_seed2,0.39648,0.68504,0.58734
design/LR20_phi0.325_seed2,0.40039,0.68504,0.58734
design/LR20_phi0.325_seed2,0.40430,0.68504,0.58734
design/LR20_phi0.325_seed2,0.40820,0.79921,0.58734
design/LR20_phi0.325_seed2,0.41211,0.79921,0.58734
design/LR20_phi0.325_seed2,0.41602,0.79921,0.58734
design/LR20_phi0.325_seed2,0.41992,0.79921,0.58734
design/LR20_phi0.325_seed2,0.42383,0.79921,0.58734
design/LR20_phi0.325_seed2,0.42773,0.79921,0.58734
design/LR20_phi0.325_seed2,0.43164,0.79921,0.58734
design/LR20_phi0.325_seed2,0.43555,0.79921,0.58734
design/LR20_phi0.325_seed2,0.43945,0.79921,0.58734
design/LR20_phi0.325_seed2,0.44336,0.79921,0.58734
design/LR20_phi0.325_seed2,0.44727,0.79921,0.58734
design/LR20_phi0.325_seed2,0.45117,0.79921,0.58734
design/LR20_phi0.325_seed2,0.45508,0.79921,0.58734
design/LR20_phi0.325_seed2,0.45898,0.79921,0.70481
design/LR20_phi0.325_seed2,0.46289,0.79921,0.70481
design/LR20_phi0.325_seed2,0.46680,0.79921,0.70481
design/LR20_phi0.325_seed2,0.47070,0.79921,0.70481
design/LR20_phi0.325_seed2,0.47461,0.79921,0.82228
design/LR20_phi0.325_seed2,0.47852,0.79921,0.82228
design/LR20_phi0.325_seed2,0.48242,0.79921,0.82228
design/LR20_phi0.325_seed2,0.48633,0.79921,0.58734
design/LR20_phi0.325_seed2,0.49023,0.79921,0.58734
design/LR20_phi0.325_seed2,0.49414,0.79921,0.58734
design/LR20_phi0.325_seed2,0.49805,0.79921,0.70481
design/LR20_phi0.325_seed2,0.50195,0.79921,0.70481
design/LR20_phi0.325_seed2,0.50586,0.79921,0.70481
design/LR20_phi0.325_seed2,0.50977,0.68504,0.70481
design/LR20_phi0.325_seed2,0.51367,0.68504,0.70481
design/LR20_phi0.325_seed2,0.51758,0.68504,0.70481
design/LR20_phi0.325_seed2,0.52148,0.68504,0.70481
design/LR20_phi0.325_seed2,0.52539,0.68504,0.70481
design/LR20_phi0.325_seed2,0.52930,0.68504,0.70481
design/LR20_phi0.325_seed2,0.53320,0.68504,0.70481
design/LR20_phi0.325_seed2,0.53711,0.68504,0.70481
design/LR20_phi0.325_seed2,0.54102,1.02756,0.70481
design/LR20_phi0.325_seed2,0.54492,1.02756,0.70481
design/LR20_phi0.325_seed2,0.54883,1.02756,0.70481
design/LR20_phi0.325_seed2,0.55273,1.02756,0.70481
design/LR20_phi0.325_seed2,0.55664,1.25591,0.70481
design/LR20_phi0.325_seed2,0.56055,1.25591,0.70481
design/LR20_phi0.325_seed2,0.56445,1.25591,0.70481
design/LR20_phi0.325_seed2,0.56836,1.25591,0.70481
design/LR20_phi0.325_seed2,0.57227,1.25591,0.70481
design/LR20_phi0.325_seed2,0.57617,1.25591,0.93975
design/LR20_phi0.325_seed2,0.58008,1.25591,0.93975
design/LR20_phi0.325_seed2,0.58398,1.25591,0.93975
design/LR20_phi0.325_seed2,0.58789,1.25591,0.93975
design/LR20_phi0.325_seed2,0.59180,1.25591,0.93975
design/LR20_phi0.325_seed2,0.59570,1.25591,0.93975
design/LR20_phi0.325_seed2,0.59961,1.25591,0.93975
design/LR20_phi0.325_seed2,0.60352,1.25591,0.93975
design/LR20_phi0.325_seed2,0.60742,1.02756,0.93975
design/LR20_phi0.325_seed2,0.61133,1.02756,1.05722
design/LR20_phi0.325_seed2,0.61523,1.37008,1.05722
design/LR20_phi0.325_seed2,0.61914,1.37008,1.05722
design/LR20_phi0.325_seed2,0.62305,1.37008,1.17468
design/LR20_phi0.325_seed2,0.62695,1.25591,1.17468
design/LR20_phi0.325_seed2,0.63086,1.25591,1.17468
design/LR20_phi0.325_seed2,0.63477,1.48425,1.17468
design/LR20_phi0.325_seed2,0.63867,1.48425,1.17468
design/LR20_phi0.325_seed2,0.64258,1.48425,1.17468
design/LR20_phi0.325_seed2,0.64648,1.48425,1.17468
design/LR20_phi0.325_seed2,0.65039,1.37008,1.17468
design/LR20_phi0.325_seed2,0.65430,1.37008,1.17468
design/LR20_phi0.325_seed2,0.65820,1.37008,1.17468
design/LR20_phi0.325_seed2,0.66211,1.25591,1.05722
design/LR20_phi0.325_seed2,0.66602,1.25591,1.05722
design/LR20_phi0.325_seed2,0.66992,1.25591,1.05722
design/LR20_phi0.325_seed2,0.67383,1.25591,1.05722
design/LR20_phi0.325_seed2,0.67773,1.25591,1.05722
design/LR20_phi0.325_seed2,0.68164,1.25591,1.05722
design/LR20_phi0.325_seed2,0.68555,1.25591,1.05722
design/LR20_phi0.325_seed2,0.68945,1.59843,1.05722
design/LR20_phi0.325_seed2,0.69336,1.59843,1.05722
design/LR20_phi0.325_seed2,0.69727,1.48425,1.17468
design/LR20_phi0.325_seed2,0.70117,1.48425,1.17468
design/LR20_phi0.325_seed2,0.70508,1.48425,1.17468
design/LR20_phi0.325_seed2,0.70898,1.37008,1.17468
design/LR20_phi0.325_seed2,0.71289,1.37008,1.17468
design/LR20_phi0.325_seed2,0.71680,1.37008,1.17468
design/LR20_phi0.325_seed2,0.72070,1.37008,1.17468
design/LR20_phi0.325_seed2,0.72461,1.37008,1.29215
design/LR20_phi0.325_seed2,0.72852,1.25591,1.64456
design/LR20_phi0.325_seed2,0.73242,1.14173,1.64456
design/LR20_phi0.325_seed2,0.73633,1.37008,1.64456
design/LR20_phi0.325_seed2,0.74023,1.37008,1.64456
design/LR20_phi0.325_seed2,0.74414,1.37008,1.52709
design/LR20_phi0.325_seed2,0.74805,1.37008,1.52709
design/LR20_phi0.325_seed2,0.75195,1.37008,1.52709
design/LR20_phi0.325_seed2,0.75586,1.37008,1.40962
design/LR20_phi0.325_seed2,0.75977,1.37008,1.40962
design/LR20_phi0.325_seed2,0.76367,1.37008,1.40962
design/LR20_phi0.325_seed2,0.76758,1.37008,1.29215
design/LR20_phi0.325_seed2,0.77148,1.37008,1.29215
design/LR20_phi0.325_seed2,0.77539,1.37008,1.29215
design/LR20_phi0.325_seed2,0.77930,1.48425,1.29215
design/LR20_phi0.325_seed2,0.78320,1.48425,1.29215
design/LR20_phi0.325_seed2,0.78711,1.48425,1.29215
design/LR20_phi0.325_seed2,0.79102,1.48425,1.29215
design/LR20_phi0.325_seed2,0.79492,1.37008,1.29215
design/LR20_phi0.325_seed2,0.79883,1.25591,1.29215
design/LR20_phi0.325_seed2,0.80273,1.25591,1.17468
design/LR20_phi0.325_seed2,0.80664,1.25591,1.17468
design/LR20_phi0.325_seed2,0.81055,1.37008,1.17468
design/LR20_phi0.325_seed2,0.81445,1.37008,1.17468
design/LR20_phi0.325_seed2,0.81836,1.37008,1.17468
design/LR20_phi0.325_seed2,0.82227,1.37008,1.17468
design/LR20_phi0.325_seed2,0.82617,1.37008,1.17468
design/LR20_phi0.325_seed2,0.83008,1.37008,1.29215
design/LR20_phi0.325_seed2,0.83398,1.37008,1.29215
design/LR20_phi0.325_seed2,0.83789,1.37008,1.29215
design/LR20_phi0.325_seed2,0.84180,1.37008,1.29215
design/LR20_phi0.325_seed2,0.84570,1.37008,1.29215
design/LR20_phi0.325_seed2,0.84961,1.37008,1.29215
design/LR20_phi0.325_seed2,0.85352,1.14173,1.29215
design/LR20_phi0.325_seed2,0.85742,1.14173,1.29215
design/LR20_phi0.325_seed2,0.86133,1.14173,1.29215
design/LR20_phi0.325_seed2,0.86523,1.14173,1.29215
design/LR20_phi0.325_seed2,0.86914,0.91339,1.29215
design/LR20_phi0.325_seed2,0.87305,0.91339,1.29215
design/LR20_phi0.325_seed2,0.87695,0.91339,1.29215
design/LR20_phi0.325_seed2,0.88086,0.91339,1.29215
design/LR20_phi0.325_seed2,0.88477,0.79921,1.29215
design/LR20_phi0.325_seed2,0.88867,0.79921,1.29215
design/LR20_phi0.325_seed2,0.89258,0.79921,1.29215
design/LR20_phi0.325_seed2,0.89648,0.79921,1.29215
design/LR20_phi0.325_seed2,0.90039,0.79921,1.29215
design/LR20_phi0.325_seed2,0.90430,0.79921,1.29215
design/LR20_phi0.325_seed2,0.90820,0.79921,1.05722
design/LR20_phi0.325_seed2,0.91211,0.79921,1.05722
design/LR20_phi0.325_seed2,0.91602,0.79921,1.17468
design/LR20_phi0.325_seed2,0.91992,0.79921,1.17468
design/LR20_phi0.325_seed2,0.92383,0.79921,1.17468
design/LR20_phi0.325_seed2,0.92773,0.57087,1.17468
design/LR20_phi0.325_seed2,0.93164,0.57087,1.17468
design/LR20_phi0.325_seed2,0.93555,0.57087,1.05722
design/LR20_phi0.325_seed2,0.93945,0.57087,1.29215
design/LR20_phi0.325_seed2,0.94336,0.57087,1.29215
design/LR20_phi0.325_seed2,0.94727,0.57087,1.29215
design/LR20_phi0.325_seed2,0.95117,0.57087,1.29215
design/LR20_phi0.325_seed2,0.95508,0.57087,1.29215
design/LR20_phi0.325_seed2,0.95898,0.57087,1.29215
design/LR20_phi0.325_seed2,0.96289,0.57087,1.17468
design/LR20_phi0.325_seed2,0.96680,0.57087,1.17468
design/LR20_phi0.325_seed2,0.97070,0.57087,1.05722
design/LR20_phi0.325_seed2,0.97461,0.57087,1.05722
design/LR20_phi0.325_seed2,0.97852,0.57087,0.93975
design/LR20_phi0.325_seed2,0.98242,0.45669,0.93975
design/LR20_phi0.325_seed2,0.98633,0.45669,0.93975
design/LR20_phi0.325_seed2,0.99023,0.45669,0.93975
design/LR20_phi0.325_seed2,0.99414,0.45669,0.93975
design/LR20_phi0.325_seed2,0.99805,0.45669,0.93975
design/LR20_phi0.325_seed3,0.00195,0.74233,0.78690
design/LR20_phi0.325_seed3,0.00586,0.74233,0.78690
design/LR20_phi0.325_seed3,0.00977,0.74233,0.78690
design/LR20_phi0.325_seed3,0.01367,0.74233,0.78690
design/LR20_phi0.325_seed3,0.01758,0.74233,0.78690
design/LR20_phi0.325_seed3,0.02148,0.74233,0.78690
design/LR20_phi0.325_seed3,0.02539,0.74233,0.78690
design/LR20_phi0.325_seed3,0.02930,0.74233,0.89932
design/LR20_phi0.325_seed3,0.03320,1.11350,0.89932
design/LR20_phi0.325_seed3,0.03711,1.11350,0.89932
design/LR20_phi0.325_seed3,0.04102,1.48467,0.89932
design/LR20_phi0.325_seed3,0.04492,1.36095,0.89932
design/LR20_phi0.325_seed3,0.04883,1.36095,0.89932
design/LR20_phi0.325_seed3,0.05273,1.36095,0.89932
design/LR20_phi0.325_seed3,0.05664,1.36095,0.89932
design/LR20_phi0.325_seed3,0.06055,1.36095,0.89932
design/LR20_phi0.325_seed3,0.06445,1.36095,0.89932
design/LR20_phi0.325_seed3,0.06836,1.36095,0.89932
design/LR20_phi0.325_seed3,0.07227,1.36095,0.89932
design/LR20_phi0.325_seed3,0.07617,1.36095,0.89932
design/LR20_phi0.325_seed3,0.08008,1.36095,0.89932
design/LR20_phi0.325_seed3,0.08398,1.36095,0.89932
design/LR20_phi0.325_seed3,0.08789,1.36095,0.78690
design/LR20_phi0.325_seed3,0.09180,1.23722,1.01173
design/LR20_phi0.325_seed3,0.09570,1.36095,1.01173
design/LR20_phi0.325_seed3,0.09961,1.36095,1.01173
design/LR20_phi0.325_seed3,0.10352,1.36095,1.01173
design/LR20_phi0.325_seed3,0.10742,1.48467,1.01173
design/LR20_phi0.325_seed3,0.11133,1.48467,1.01173
design/LR20_phi0.325_seed3,0.11523,1.36095,1.01173
design/LR20_phi0.325_seed3,0.11914,1.36095,1.01173
design/LR20_phi0.325_seed3,0.12305,1.36095,1.01173
design/LR20_phi0.325_seed3,0.12695,1.36095,1.01173
design/LR20_phi0.325_seed3,0.13086,1.48467,0.89932
design/LR20_phi0.325_seed3,0.13477,1.48467,0.89932
design/LR20_phi0.325_seed3,0.13867,1.48467,0.89932
design/LR20_phi0.325_seed3,0.14258,1.48467,0.89932
design/LR20_phi0.325_seed3,0.14648,1.48467,0.89932
design/LR20_phi0.325_seed3,0.15039,1.48467,0.89932
design/LR20_phi0.325_seed3,0.15430,1.48467,0.89932
design/LR20_phi0.325_seed3,0.15820,1.23722,0.89932
design/LR20_phi0.325_seed3,0.16211,1.36095,0.89932
design/LR20_phi0.325_seed3,0.16602,1.36095,0.78690
design/LR20_phi0.325_seed3,0.16992,1.36095,0.78690
design/LR20_phi0.325_seed3,0.17383,1.36095,0.78690
design/LR20_phi0.325_seed3,0.17773,1.36095,0.78690
design/LR20_phi0.325_seed3,0.18164,1.36095,0.78690
design/LR20_phi0.325_seed3,0.18555,1.73211,0.78690
design/LR20_phi0.325_seed3,0.18945,1.60839,0.78690
design/LR20_phi0.325_seed3,0.19336,1.60839,0.78690
design/LR20_phi0.325_seed3,0.19727,1.48467,0.78690
design/LR20_phi0.325_seed3,0.20117,1.11350,0.78690
design/LR20_phi0.325_seed3,0.20508,1.11350,0.78690
design/LR20_phi0.325_seed3,0.20898,1.11350,0.78690
design/LR20_phi0.325_seed3,0.21289,1.11350,0.78690
design/LR20_phi0.325_seed3,0.21680,1.11350,0.78690
design/LR20_phi0.325_seed3,0.22070,1.11350,0.78690
design/LR20_phi0.325_seed3,0.22461,0.98978,0.78690
design/LR20_phi0.325_seed3,0.22852,0.98978,0.78690
design/LR20_phi0.325_seed3,0.23242,0.98978,0.89932
design/LR20_phi0.325_seed3,0.23633,0.98978,0.89932
design/LR20_phi0.325_seed3,0.24023,0.98978,0.89932
design/LR20_phi0.325_seed3,0.24414,0.98978,0.78690
design/LR20_phi0.325_seed3,0.24805,0.86606,0.78690
design/LR20_phi0.325_seed3,0.25195,0.86606,0.78690
design/LR20_phi0.325_seed3,0.25586,0.86606,0.78690
design/LR20_phi0.325_seed3,0.25977,0.86606,0.78690
design/LR20_phi0.325_seed3,0.26367,0.86606,0.78690
design/LR20_phi0.325_seed3,0.26758,0.86606,0.56207
design/LR20_phi0.325_seed3,0.27148,0.86606,0.56207
design/LR20_phi0.325_seed3,0.27539,0.86606,0.78690
design/LR20_phi0.325_seed3,0.27930,0.86606,0.78690
design/LR20_phi0.325_seed3,0.28320,0.86606,0.78690
design/LR20_phi0.325_seed3,0.28711,0.86606,0.89932
design/LR20_phi0.325_seed3,0.29102,0.61861,0.89932
design/LR20_phi0.325_seed3,0.29492,0.61861,0.89932
design/LR20_phi0.325_seed3,0.29883,0.61861,0.89932
design/LR20_phi0.325_seed3,0.30273,0.74233,0.89932
design/LR20_phi0.325_seed3,0.30664,0.74233,0.89932
design/LR20_phi0.325_seed3,0.31055,0.74233,0.89932
design/LR20_phi0.325_seed3,0.31445,0.74233,0.89932
design/LR20_phi0.325_seed3,0.31836,0.74233,0.89932
design/LR20_phi0.325_seed3,0.32227,0.74233,0.89932
design/LR20_phi0.325_seed3,0.32617,0.74233,0.89932
design/LR20_phi0.325_seed3,0.33008,0.74233,0.89932
design/LR20_phi0.325_seed3,0.33398,0.74233,0.89932
design/LR20_phi0.325_seed3,0.33789,0.74233,0.89932
design/LR20_phi0.325_seed3,0.34180,0.74233,0.89932
design/LR20_phi0.325_seed3,0.34570,0.74233,0.89932
design/LR20_phi0.325_seed3,0.34961,0.86606,0.89932
design/LR20_phi0.325_seed3,0.35352,1.11350,0.89932
design/LR20_phi0.325_seed3,0.35742,1.23722,1.01173
design/LR20_phi0.325_seed3,0.36133,1.23722,1.01173
design/LR20_phi0.325_seed3,0.36523,1.23722,1.01173
design/LR20_phi0.325_seed3,0.36914,1.23722,1.01173
design/LR20_phi0.325_seed3,0.37305,1.23722,1.01173
design/LR20_phi0.325_seed3,0.37695,1.23722,1.01173
design/LR20_phi0.325_seed3,0.38086,1.23722,1.23656
design/LR20_phi0.325_seed3,0.38477,1.23722,1.23656
design/LR20_phi0.325_seed3,0.38867,1.23722,1.23656
design/LR20_phi0.325_seed3,0.39258,0.74233,1.23656
design/LR20_phi0.325_seed3,0.39648,0.74233,1.12414
design/LR20_phi0.325_seed3,0.40039,0.74233,1.12414
design/LR20_phi0.325_seed3,0.40430,0.74233,1.12414
design/LR20_phi0.325_seed3,0.40820,0.74233,1.12414
design/LR20_phi0.325_seed3,0.41211,0.74233,1.12414
design/LR20_phi0.325_seed3,0.41602,1.11350,1.12414
design/LR20_phi0.325_seed3,0.41992,1.11350,1.12414
design/LR20_phi0.325_seed3,0.42383,1.11350,1.12414
design/LR20_phi0.325_seed3,0.42773,1.11350,1.12414
design/LR20_phi0.325_seed3,0.43164,1.11350,1.12414
design/LR20_phi0.325_seed3,0.43555,1.11350,1.12414
design/LR20_phi0.325_seed3,0.43945,1.11350,1.12414
design/LR20_phi0.325_seed3,0.44336,1.11350,1.01173
design/LR20_phi0.325_seed3,0.44727,0.98978,1.12414
design/LR20_phi0.325_seed3,0.45117,0.98978,1.12414
design/LR20_phi0.325_seed3,0.45508,0.98978,1.12414
design/LR20_phi0.325_seed3,0.45898,0.98978,1.12414
design/LR20_phi0.325_seed3,0.46289,0.98978,1.23656
design/LR20_phi0.325_seed3,0.46680,0.98978,1.23656
design/LR20_phi0.325_seed3,0.47070,0.98978,1.23656
design/LR20_phi0.325_seed3,0.47461,0.98978,1.23656
design/LR20_phi0.325_seed3,0.47852,0.98978,1.23656
design/LR20_phi0.325_seed3,0.48242,0.98978,1.23656
design/LR20_phi0.325_seed3,0.48633,0.98978,1.34897
design/LR20_phi0.325_seed3,0.49023,0.98978,1.34897
design/LR20_phi0.325_seed3,0.49414,0.86606,1.34897
design/LR20_phi0.325_seed3,0.49805,0.86606,1.34897
design/LR20_phi0.325_seed3,0.50195,0.86606,1.34897
design/LR20_phi0.325_seed3,0.50586,0.61861,1.34897
design/LR20_phi0.325_seed3,0.50977,0.61861,1.34897
design/LR20_phi0.325_seed3,0.51367,0.98978,1.23656
design/LR20_phi0.325_seed3,0.51758,1.11350,1.23656
design/LR20_phi0.325_seed3,0.52148,1.11350,1.23656
design/LR20_phi0.325_seed3,0.52539,1.11350,1.23656
design/LR20_phi0.325_seed3,0.52930,1.11350,1.23656
design/LR20_phi0.325_seed3,0.53320,1.11350,1.23656
design/LR20_phi0.325_seed3,0.53711,1.11350,1.01173
design/LR20_phi0.325_seed3,0.54102,1.11350,1.01173
design/LR20_phi0.325_seed3,0.54492,1.11350,1.01173
design/LR20_phi0.325_seed3,0.54883,1.11350,1.01173
design/LR20_phi0.325_seed3,0.55273,1.11350,1.01173
design/LR20_phi0.325_seed3,0.55664,1.11350,1.01173
design/LR20_phi0.325_seed3,0.56055,0.98978,1.01173
design/LR20_phi0.325_seed3,0.56445,0.98978,1.23656
design/LR20_phi0.325_seed3,0.56836,0.98978,1.23656
design/LR20_phi0.325_seed3,0.57227,1.36095,1.23656
design/LR20_phi0.325_seed3,0.57617,1.36095,1.23656
design/LR20_phi0.325_seed3,0.58008,1.36095,1.23656
design/LR20_phi0.325_seed3,0.58398,1.36095,1.23656
design/LR20_phi0.325_seed3,0.58789,1.36095,1.23656
design/LR20_phi0.325_seed3,0.59180,1.36095,1.23656
design/LR20_phi0.325_seed3,0.59570,1.36095,1.12414
design/LR20_phi0.325_seed3,0.59961,1.23722,1.12414
design/LR20_phi0.325_seed3,0.60352,1.23722,1.12414
design/LR20_phi0.325_seed3,0.60742,1.36095,1.12414
design/LR20_phi0.325_seed3,0.61133,1.36095,1.12414
design/LR20_phi0.325_seed3,0.61523,1.36095,1.12414
design/LR20_phi0.325_seed3,0.61914,1.23722,1.12414
design/LR20_phi0.325_seed3,0.62305,1.11350,1.12414
design/LR20_phi0.325_seed3,0.62695,1.11350,1.12414
design/LR20_phi0.325_seed3,0.63086,1.11350,1.12414
design/LR20_phi0.325_seed3,0.63477,1.11350,1.23656
design/LR20_phi0.325_seed3,0.63867,1.11350,1.23656
design/LR20_phi0.325_seed3,0.64258,0.98978,1.23656
design/LR20_phi0.325_seed3,0.64648,0.98978,1.12414
design/LR20_phi0.325_seed3,0.65039,0.98978,1.12414
design/LR20_phi0.325_seed3,0.65430,0.98978,1.12414
design/LR20_phi0.325_seed3,0.65820,0.98978,1.12414
design/LR20_phi0.325_seed3,0.66211,0.98978,1.12414
design/LR20_phi0.325_seed3,0.66602,0.98978,1.12414
design/LR20_phi0.325_seed3,0.66992,0.98978,1.12414
design/LR20_phi0.325_seed3,0.67383,0.98978,1.23656
design/LR20_phi0.325_seed3,0.67773,0.98978,1.23656
design/LR20_phi0.325_seed3,0.68164,0.74233,1.01173
design/LR20_phi0.325_seed3,0.68555,0.74233,1.01173
design/LR20_phi0.325_seed3,0.68945,0.74233,1.12414
design/LR20_phi0.325_seed3,0.69336,0.74233,1.12414
design/LR20_phi0.325_seed3,0.69727,0.74233,1.12414
design/LR20_phi0.325_seed3,0.70117,0.74233,1.12414
design/LR20_phi0.325_seed3,0.70508,0.74233,1.12414
design/LR20_phi0.325_seed3,0.70898,0.74233,1.12414
design/LR20_phi0.325_seed3,0.71289,0.74233,1.12414
design/LR20_phi0.325_seed3,0.71680,0.74233,1.12414
design/LR20_phi0.325_seed3,0.72070,0.74233,1.12414
design/LR20_phi0.325_seed3,0.72461,0.74233,1.12414
design/LR20_phi0.325_seed3,0.72852,0.74233,1.12414
design/LR20_phi0.325_seed3,0.73242,0.74233,1.23656
design/LR20_phi0.325_seed3,0.73633,0.74233,1.23656
design/LR20_phi0.325_seed3,0.74023,0.74233,1.12414
design/LR20_phi0.325_seed3,0.74414,0.74233,1.01173
design/LR20_phi0.325_seed3,0.74805,0.74233,1.01173
design/LR20_phi0.325_seed3,0.75195,0.98978,1.01173
design/LR20_phi0.325_seed3,0.75586,0.98978,1.01173
design/LR20_phi0.325_seed3,0.75977,0.98978,0.89932
design/LR20_phi0.325_seed3,0.76367,0.74233,0.89932
design/LR20_phi0.325_seed3,0.76758,0.74233,0.89932
design/LR20_phi0.325_seed3,0.77148,0.74233,0.89932
design/LR20_phi0.325_seed3,0.77539,0.74233,0.89932
design/LR20_phi0.325_seed3,0.77930,0.74233,0.89932
design/LR20_phi0.325_seed3,0.78320,0.74233,0.89932
design/LR20_phi0.325_seed3,0.78711,0.74233,0.89932
design/LR20_phi0.325_seed3,0.79102,0.74233,0.89932
design/LR20_phi0.325_seed3,0.79492,0.74233,0.78690
design/LR20_phi0.325_seed3,0.79883,0.86606,0.78690
design/LR20_phi0.325_seed3,0.80273,0.74233,0.78690
design/LR20_phi0.325_seed3,0.80664,0.74233,0.78690
design/LR20_phi0.325_seed3,0.81055,0.74233,0.67449
design/LR20_phi0.325_seed3,0.81445,0.74233,0.67449
design/LR20_phi0.325_seed3,0.81836,0.74233,0.67449
design/LR20_phi0.325_seed3,0.82227,0.74233,0.67449
design/LR20_phi0.325_seed3,0.82617,0.74233,0.67449
design/LR20_phi0.325_seed3,0.83008,0.74233,0.67449
design/LR20_phi0.325_seed3,0.83398,0.74233,0.67449
design/LR20_phi0.325_seed3,0.83789,0.74233,0.67449
design/LR20_phi0.325_seed3,0.84180,0.74233,0.67449
design/LR20_phi0.325_seed3,0.84570,0.74233,0.78690
design/LR20_phi0.325_seed3,0.84961,0.74233,0.89932
design/LR20_phi0.325_seed3,0.85352,0.74233,0.89932
design/LR20_phi0.325_seed3,0.85742,0.74233,0.89932
design/LR20_phi0.325_seed3,0.86133,0.74233,0.89932
design/LR20_phi0.325_seed3,0.86523,0.74233,1.01173
design/LR20_phi0.325_seed3,0.86914,0.74233,1.01173
design/LR20_phi0.325_seed3,0.87305,0.74233,1.01173
design/LR20_phi0.325_seed3,0.87695,0.74233,1.01173
design/LR20_phi0.325_seed3,0.88086,0.74233,1.01173
design/LR20_phi0.325_seed3,0.88477,0.74233,1.01173
design/LR20_phi0.325_seed3,0.88867,0.74233,1.12414
design/LR20_phi0.325_seed3,0.89258,0.86606,1.12414
design/LR20_phi0.325_seed3,0.89648,0.86606,1.12414
design/LR20_phi0.325_seed3,0.90039,0.86606,0.89932
design/LR20_phi0.325_seed3,0.90430,0.86606,0.89932
design/LR20_phi0.325_seed3,0.90820,0.86606,0.89932
design/LR20_phi0.325_seed3,0.91211,0.74233,0.89932
design/LR20_phi0.325_seed3,0.91602,0.74233,1.01173
design/LR20_phi0.325_seed3,0.91992,0.74233,1.01173
design/LR20_phi0.325_seed3,0.92383,0.74233,1.01173
design/LR20_phi0.325_seed3,0.92773,0.74233,1.01173
design/LR20_phi0.325_seed3,0.93164,0.74233,1.01173
design/LR20_phi0.325_seed3,0.93555,0.74233,1.01173
design/LR20_phi0.325_seed3,0.93945,0.74233,1.01173
design/LR20_phi0.325_seed3,0.94336,0.61861,1.01173
design/LR20_phi0.325_seed3,0.94727,0.49489,1.01173
design/LR20_phi0.325_seed3,0.95117,0.49489,1.01173
design/LR20_phi0.325_seed3,0.95508,0.49489,1.01173
design/LR20_phi0.325_seed3,0.95898,0.49489,1.12414
design/LR20_phi0.325_seed3,0.96289,0.49489,1.12414
design/LR20_phi0.325_seed3,0.96680,0.49489,1.12414
design/LR20_phi0.325_seed3,0.97070,0.49489,1.12414
design/LR20_phi0.325_seed3,0.97461,0.49489,1.12414
design/LR20_phi0.325_seed3,0.97852,0.49489,1.12414
design/LR20_phi0.325_seed3,0.98242,0.74233,0.89932
design/LR20_phi0.325_seed3,0.98633,0.74233,0.89932
design/LR20_phi0.325_seed3,0.99023,0.74233,0.89932
design/LR20_phi0.325_seed3,0.99414,0.74233,0.78690
design/LR20_phi0.325_seed3,0.99805,0.74233,0.78690
design/LR40_phi0.325_seed1,0.00195,0.46520,0.94423
design/LR40_phi0.325_seed1,0.00586,0.46520,0.94423
design/LR40_phi0.325_seed1,0.00977,0.40705,0.83314
design/LR40_phi0.325_seed1,0.01367,0.63966,0.83314
design/LR40_phi0.325_seed1,0.01758,0.63966,0.88869
design/LR40_phi0.325_seed1,0.02148,0.63966,0.83314
design/LR40_phi0.325_seed1,0.02539,0.69781,0.83314
design/LR40_phi0.325_seed1,0.02930,0.63966,0.77760
design/LR40_phi0.325_seed1,0.03320,0.63966,0.77760
design/LR40_phi0.325_seed1,0.03711,0.63966,0.66651
design/LR40_phi0.325_seed1,0.04102,0.63966,0.66651
design/LR40_phi0.325_seed1,0.04492,0.75596,0.66651
design/LR40_phi0.325_seed1,0.04883,0.75596,0.66651
design/LR40_phi0.325_seed1,0.05273,0.75596,0.66651
design/LR40_phi0.325_seed1,0.05664,0.75596,0.83314
design/LR40_phi0.325_seed1,0.06055,0.63966,0.83314
design/LR40_phi0.325_seed1,0.06445,0.75596,0.83314
design/LR40_phi0.325_seed1,0.06836,0.75596,0.88869
design/LR40_phi0.325_seed1,0.07227,0.87226,0.88869
design/LR40_phi0.325_seed1,0.07617,0.81411,0.88869
design/LR40_phi0.325_seed1,0.08008,0.93041,0.88869
design/LR40_phi0.325_seed1,0.08398,0.93041,0.83314
design/LR40_phi0.325_seed1,0.08789,0.93041,0.83314
design/LR40_phi0.325_seed1,0.09180,0.93041,0.83314
design/LR40_phi0.325_seed1,0.09570,0.98856,0.83314
design/LR40_phi0.325_seed1,0.09961,1.10486,0.94423
design/LR40_phi0.325_seed1,0.10352,1.22116,0.94423
design/LR40_phi0.325_seed1,0.10742,1.22116,0.94423
design/LR40_phi0.325_seed1,0.11133,1.22116,0.94423
design/LR40_phi0.325_seed1,0.11523,1.22116,0.88869
design/LR40_phi0.325_seed1,0.11914,1.04671,0.88869
design/LR40_phi0.325_seed1,0.12305,1.10486,0.88869
design/LR40_phi0.325_seed1,0.12695,1.04671,1.05532
design/LR40_phi0.325_seed1,0.13086,0.98856,1.11086
design/LR40_phi0.325_seed1,0.13477,0.98856,1.22194
design/LR40_phi0.325_seed1,0.13867,1.10486,1.11086
design/LR40_phi0.325_seed1,0.14258,0.98856,1.16640
design/LR40_phi0.325_seed1,0.14648,0.98856,1.16640
design/LR40_phi0.325_seed1,0.15039,0.98856,1.16640
design/LR40_phi0.325_seed1,0.15430,1.22116,1.22194
design/LR40_phi0.325_seed1,0.15820,1.27931,1.22194
design/LR40_phi0.325_seed1,0.16211,1.22116,1.22194
design/LR40_phi0.325_seed1,0.16602,1.33746,1.22194
design/LR40_phi0.325_seed1,0.16992,1.39561,1.05532
design/LR40_phi0.325_seed1,0.17383,1.39561,1.05532
design/LR40_phi0.325_seed1,0.17773,1.39561,1.11086
design/LR40_phi0.325_seed1,0.18164,1.39561,1.11086
design/LR40_phi0.325_seed1,0.18555,1.27931,0.99977
design/LR40_phi0.325_seed1,0.18945,1.33746,0.99977
design/LR40_phi0.325_seed1,0.19336,1.04671,0.99977
design/LR40_phi0.325_seed1,0.19727,1.04671,0.99977
design/LR40_phi0.325_seed1,0.20117,1.04671,1.05532
design/LR40_phi0.325_seed1,0.20508,1.04671,1.05532
design/LR40_phi0.325_seed1,0.20898,1.04671,0.99977
design/LR40_phi0.325_seed1,0.21289,0.93041,0.94423
design/LR40_phi0.325_seed1,0.21680,0.87226,0.94423
design/LR40_phi0.325_seed1,0.22070,0.98856,0.94423
design/LR40_phi0.325_seed1,0.22461,1.04671,0.94423
design/LR40_phi0.325_seed1,0.22852,1.04671,1.05532
design/LR40_phi0.325_seed1,0.23242,1.10486,1.05532
design/LR40_phi0.325_seed1,0.23633,1.10486,0.94423
design/LR40_phi0.325_seed1,0.24023,1.16301,0.94423
design/LR40_phi0.325_seed1,0.24414,1.27931,0.94423
design/LR40_phi0.325_seed1,0.24805,1.33746,0.94423
design/LR40_phi0.325_seed1,0.25195,1.33746,0.99977
design/LR40_phi0.325_seed1,0.25586,1.45377,0.99977
design/LR40_phi0.325_seed1,0.25977,1.45377,1.05532
design/LR40_phi0.325_seed1,0.26367,1.45377,1.05532
design/LR40_phi0.325_seed1,0.26758,1.45377,1.05532
design/LR40_phi0.325_seed1,0.27148,1.33746,1.05532
design/LR40_phi0.325_seed1,0.27539,1.39561,1.11086
design/LR40_phi0.325_seed1,0.27930,1.39561,1.11086
design/LR40_phi0.325_seed1,0.28320,1.33746,1.11086
design/LR40_phi0.325_seed1,0.28711,1.39561,1.16640
design/LR40_phi0.325_seed1,0.29102,1.33746,1.22194
design/LR40_phi0.325_seed1,0.29492,1.33746,1.22194
design/LR40_phi0.325_seed1,0.29883,1.22116,1.05532
design/LR40_phi0.325_seed1,0.30273,1.22116,1.05532
design/LR40_phi0.325_seed1,0.30664,1.22116,0.99977
design/LR40_phi0.325_seed1,0.31055,1.22116,0.99977
design/LR40_phi0.325_seed1,0.31445,1.22116,0.99977
design/LR40_phi0.325_seed1,0.31836,1.22116,0.99977
design/LR40_phi0.325_seed1,0.32227,1.16301,0.99977
design/LR40_phi0.325_seed1,0.32617,1.16301,0.99977
design/LR40_phi0.325_seed1,0.33008,1.27931,0.99977
design/LR40_phi0.325_seed1,0.33398,1.16301,0.99977
design/LR40_phi0.325_seed1,0.33789,1.16301,0.99977
design/LR40_phi0.325_seed1,0.34180,1.22116,1.11086
design/LR40_phi0.325_seed1,0.34570,1.22116,1.11086
design/LR40_phi0.325_seed1,0.34961,1.10486,1.22194
design/LR40_phi0.325_seed1,0.35352,1.10486,1.16640
design/LR40_phi0.325_seed1,0.35742,1.04671,1.22194
design/LR40_phi0.325_seed1,0.36133,1.10486,1.22194
design/LR40_phi0.325_seed1,0.36523,1.04671,1.38857
design/LR40_phi0.325_seed1,0.36914,1.04671,1.27749
design/LR40_phi0.325_seed1,0.37305,1.04671,1.33303
design/LR40_phi0.325_seed1,0.37695,1.04671,1.22194
design/LR40_phi0.325_seed1,0.38086,1.10486,1.22194
design/LR40_phi0.325_seed1,0.38477,1.16301,1.27749
design/LR40_phi0.325_seed1,0.38867,1.16301,1.16640
design/LR40_phi0.325_seed1,0.39258,1.10486,1.16640
design/LR40_phi0.325_seed1,0.39648,1.10486,1.16640
design/LR40_phi0.325_seed1,0.40039,1.04671,1.16640
design/LR40_phi0.325_seed1,0.40430,1.04671,1.22194
design/LR40_phi0.325_seed1,0.40820,0.98856,1.16640
design/LR40_phi0.325_seed1,0.41211,0.98856,1.11086
design/LR40_phi0.325_seed1,0.41602,0.87226,1.11086
design/LR40_phi0.325_seed1,0.41992,0.87226,0.94423
design/LR40_phi0.325_seed1,0.42383,0.81411,0.94423
design/LR40_phi0.325_seed1,0.42773,0.81411,0.94423
design/LR40_phi0.325_seed1,0.43164,0.81411,0.94423
design/LR40_phi0.325_seed1,0.43555,0.81411,0.99977
design/LR40_phi0.325_seed1,0.43945,0.75596,0.94423
design/LR40_phi0.325_seed1,0.44336,0.75596,0.94423
design/LR40_phi0.325_seed1,0.44727,0.75596,0.94423
design/LR40_phi0.325_seed1,0.45117,0.75596,0.94423
design/LR40_phi0.325_seed1,0.45508,0.69781,0.94423
design/LR40_phi0.325_seed1,0.45898,0.81411,0.88869
design/LR40_phi0.325_seed1,0.46289,0.81411,0.77760
design/LR40_phi0.325_seed1,0.46680,0.81411,1.05532
design/LR40_phi0.325_seed1,0.47070,0.81411,0.99977
design/LR40_phi0.325_seed1,0.47461,0.81411,1.05532
design/LR40_phi0.325_seed1,0.47852,0.93041,1.11086
design/LR40_phi0.325_seed1,0.48242,0.93041,1.05532
design/LR40_phi0.325_seed1,0.48633,0.87226,1.05532
design/LR40_phi0.325_seed1,0.49023,0.93041,1.05532
design/LR40_phi0.325_seed1,0.49414,0.93041,0.88869
design/LR40_phi0.325_seed1,0.49805,0.98856,0.88869
design/LR40_phi0.325_seed1,0.50195,1.04671,0.77760
design/LR40_phi0.325_seed1,0.50586,1.04671,0.72206
design/LR40_phi0.325_seed1,0.50977,1.04671,0.72206
design/LR40_phi0.325_seed1,0.51367,1.04671,0.61097
design/LR40_phi0.325_seed1,0.51758,1.04671,0.61097
design/LR40_phi0.325_seed1,0.52148,1.16301,0.66651
design/LR40_phi0.325_seed1,0.52539,1.10486,0.66651
design/LR40_phi0.325_seed1,0.52930,1.10486,0.66651
design/LR40_phi0.325_seed1,0.53320,1.27931,0.66651
design/LR40_phi0.325_seed1,0.53711,1.27931,0.61097
design/LR40_phi0.325_seed1,0.54102,1.10486,0.72206
design/LR40_phi0.325_seed1,0.54492,1.10486,0.72206
design/LR40_phi0.325_seed1,0.54883,1.10486,0.77760
design/LR40_phi0.325_seed1,0.55273,1.10486,0.77760
design/LR40_phi0.325_seed1,0.55664,1.10486,0.66651
design/LR40_phi0.325_seed1,0.56055,1.04671,0.66651
design/LR40_phi0.325_seed1,0.56445,0.98856,0.61097
design/LR40_phi0.325_seed1,0.56836,0.98856,0.66651
design/LR40_phi0.325_seed1,0.57227,0.98856,0.61097
design/LR40_phi0.325_seed1,0.57617,0.98856,0.66651
design/LR40_phi0.325_seed1,0.58008,0.93041,0.61097
design/LR40_phi0.325_seed1,0.58398,1.04671,0.55543
design/LR40_phi0.325_seed1,0.58789,1.04671,0.61097
design/LR40_phi0.325_seed1,0.59180,0.98856,0.61097
design/LR40_phi0.325_seed1,0.59570,0.98856,0.61097
design/LR40_phi0.325_seed1,0.59961,0.98856,0.61097
design/LR40_phi0.325_seed1,0.60352,0.98856,0.61097
design/LR40_phi0.325_seed1,0.60742,0.98856,0.72206
design/LR40_phi0.325_seed1,0.61133,0.98856,0.83314
design/LR40_phi0.325_seed1,0.61523,0.98856,0.83314
design/LR40_phi0.325_seed1,0.61914,0.93041,0.77760
design/LR40_phi0.325_seed1,0.62305,0.93041,0.66651
design/LR40_phi0.325_seed1,0.62695,1.10486,0.66651
design/LR40_phi0.325_seed1,0.63086,1.10486,0.66651
design/LR40_phi0.325_seed1,0.63477,1.10486,0.72206
design/LR40_phi0.325_seed1,0.63867,1.04671,0.77760
design/LR40_phi0.325_seed1,0.64258,1.04671,0.88869
design/LR40_phi0.325_seed1,0.64648,1.04671,0.83314
design/LR40_phi0.325_seed1,0.65039,1.04671,0.83314
design/LR40_phi0.325_seed1,0.65430,1.04671,0.83314
design/LR40_phi0.325_seed1,0.65820,1.04671,0.77760
design/LR40_phi0.325_seed1,0.66211,0.98856,0.77760
design/LR40_phi0.325_seed1,0.66602,0.87226,0.77760
design/LR40_phi0.325_seed1,0.66992,0.87226,0.83314
design/LR40_phi0.325_seed1,0.67383,0.87226,0.88869
design/LR40_phi0.325_seed1,0.67773,0.81411,0.83314
design/LR40_phi0.325_seed1,0.68164,0.81411,0.77760
design/LR40_phi0.325_seed1,0.68555,0.75596,0.77760
design/LR40_phi0.325_seed1,0.68945,0.87226,0.72206
design/LR40_phi0.325_seed1,0.69336,1.22116,0.72206
design/LR40_phi0.325_seed1,0.69727,1.33746,0.77760
design/LR40_phi0.325_seed1,0.70117,1.33746,0.77760
design/LR40_phi0.325_seed1,0.70508,1.16301,0.77760
design/LR40_phi0.325_seed1,0.70898,1.16301,0.99977
design/LR40_phi0.325_seed1,0.71289,1.16301,0.94423
design/LR40_phi0.325_seed1,0.71680,1.16301,0.94423
design/LR40_phi0.325_seed1,0.72070,1.04671,0.99977
design/LR40_phi0.325_seed1,0.72461,0.93041,1.11086
design/LR40_phi0.325_seed1,0.72852,0.93041,1.11086
design/LR40_phi0.325_seed1,0.73242,0.93041,1.11086
design/LR40_phi0.325_seed1,0.73633,0.87226,1.22194
design/LR40_phi0.325_seed1,0.74023,0.75596,1.22194
design/LR40_phi0.325_seed1,0.74414,0.69781,1.27749
design/LR40_phi0.325_seed1,0.74805,0.69781,1.16640
design/LR40_phi0.325_seed1,0.75195,0.63966,1.27749
design/LR40_phi0.325_seed1,0.75586,0.58151,1.27749
design/LR40_phi0.325_seed1,0.75977,0.58151,1.27749
design/LR40_phi0.325_seed1,0.76367,0.58151,1.22194
design/LR40_phi0.325_seed1,0.76758,0.58151,1.27749
design/LR40_phi0.325_seed1,0.77148,0.63966,1.27749
design/LR40_phi0.325_seed1,0.77539,0.63966,1.27749
design/LR40_phi0.325_seed1,0.77930,0.63966,1.16640
design/LR40_phi0.325_seed1,0.78320,0.58151,1.27749
design/LR40_phi0.325_seed1,0.78711,0.58151,1.27749
design/LR40_phi0.325_seed1,0.79102,0.58151,1.33303
design/LR40_phi0.325_seed1,0.79492,0.63966,1.16640
design/LR40_phi0.325_seed1,0.79883,0.52336,1.16640
design/LR40_phi0.325_seed1,0.80273,0.58151,1.22194
design/LR40_phi0.325_seed1,0.80664,0.52336,1.22194
design/LR40_phi0.325_seed1,0.81055,0.52336,1.27749
design/LR40_phi0.325_seed1,0.81445,0.58151,1.27749
design/LR40_phi0.325_seed1,0.81836,0.58151,1.38857
design/LR40_phi0.325_seed1,0.82227,0.63966,1.33303
design/LR40_phi0.325_seed1,0.82617,0.63966,1.55520
design/LR40_phi0.325_seed1,0.83008,0.75596,1.44412
design/LR40_phi0.325_seed1,0.83398,0.87226,1.38857
design/LR40_phi0.325_seed1,0.83789,0.87226,1.33303
design/LR40_phi0.325_seed1,0.84180,0.87226,1.33303
design/LR40_phi0.325_seed1,0.84570,0.93041,1.27749
design/LR40_phi0.325_seed1,0.84961,0.93041,1.27749
design/LR40_phi0.325_seed1,0.85352,0.98856,1.27749
design/LR40_phi0.325_seed1,0.85742,0.98856,1.27749
design/LR40_phi0.325_seed1,0.86133,1.04671,1.27749
design/LR40_phi0.325_seed1,0.86523,1.04671,1.33303
design/LR40_phi0.325_seed1,0.86914,0.98856,1.16640
design/LR40_phi0.325_seed1,0.87305,1.10486,1.05532
design/LR40_phi0.325_seed1,0.87695,0.98856,1.05532
design/LR40_phi0.325_seed1,0.88086,0.98856,0.99977
design/LR40_phi0.325_seed1,0.88477,0.81411,0.99977
design/LR40_phi0.325_seed1,0.88867,0.93041,0.99977
design/LR40_phi0.325_seed1,0.89258,0.81411,0.99977
design/LR40_phi0.325_seed1,0.89648,0.81411,0.99977
design/LR40_phi0.325_seed1,0.90039,0.98856,0.99977
design/LR40_phi0.325_seed1,0.90430,0.98856,1.11086
design/LR40_phi0.325_seed1,0.90820,0.98856,1.16640
design/LR40_phi0.325_seed1,0.91211,0.98856,1.16640
design/LR40_phi0.325_seed1,0.91602,0.98856,1.22194
design/LR40_phi0.325_seed1,0.91992,0.98856,1.11086
design/LR40_phi0.325_seed1,0.92383,1.10486,1.11086
design/LR40_phi0.325_seed1,0.92773,1.22116,1.16640
design/LR40_phi0.325_seed1,0.93164,1.27931,1.22194
design/LR40_phi0.325_seed1,0.93555,1.22116,1.16640
design/LR40_phi0.325_seed1,0.93945,1.27931,1.16640
design/LR40_phi0.325_seed1,0.94336,1.22116,1.05532
design/LR40_phi0.325_seed1,0.94727,1.22116,1.22194
design/LR40_phi0.325_seed1,0.95117,1.16301,1.22194
design/LR40_phi0.325_seed1,0.95508,1.16301,1.22194
design/LR40_phi0.325_seed1,0.95898,0.98856,1.16640
design/LR40_phi0.325_seed1,0.96289,0.93041,1.11086
design/LR40_phi0.325_seed1,0.96680,0.98856,0.99977
design/LR40_phi0.325_seed1,0.97070,1.04671,0.99977
design/LR40_phi0.325_seed1,0.97461,0.81411,0.94423
design/LR40_phi0.325_seed1,0.97852,0.81411,0.94423
design/LR40_phi0.325_seed1,0.98242,0.69781,0.94423
design/LR40_phi0.325_seed1,0.98633,0.63966,0.99977
design/LR40_phi0.325_seed1,0.99023,0.63966,0.99977
design/LR40_phi0.325_seed1,0.99414,0.46520,0.94423
design/LR40_phi0.325_seed1,0.99805,0.46520,0.94423
design/LR40_phi0.325_seed2,0.00195,0.49830,1.05195
design/LR40_phi0.325_seed2,0.00586,0.49830,1.05195
design/LR40_phi0.325_seed2,0.00977,0.55366,1.05195
design/LR40_phi0.325_seed2,0.01367,0.55366,1.31494
design/LR40_phi0.325_seed2,0.01758,0.60903,1.26234
design/LR40_phi0.325_seed2,0.02148,0.60903,1.26234
design/LR40_phi0.325_seed2,0.02539,0.66440,1.31494
design/LR40_phi0.325_seed2,0.02930,0.71976,1.36754
design/LR40_phi0.325_seed2,0.03320,0.55366,1.36754
design/LR40_phi0.325_seed2,0.03711,0.55366,1.26234
design/LR40_phi0.325_seed2,0.04102,0.60903,1.31494
design/LR40_phi0.325_seed2,0.04492,0.60903,1.36754
design/LR40_phi0.325_seed2,0.04883,0.60903,1.42013
design/LR40_phi0.325_seed2,0.05273,0.60903,1.31494
design/LR40_phi0.325_seed2,0.05664,0.60903,1.31494
design/LR40_phi0.325_seed2,0.06055,0.60903,1.15715
design/LR40_phi0.325_seed2,0.06445,0.60903,1.31494
design/LR40_phi0.325_seed2,0.06836,0.60903,1.20974
design/LR40_phi0.325_seed2,0.07227,0.60903,1.20974
design/LR40_phi0.325_seed2,0.07617,0.66440,1.26234
design/LR40_phi0.325_seed2,0.08008,0.66440,1.10455
design/LR40_phi0.325_seed2,0.08398,0.66440,1.10455
design/LR40_phi0.325_seed2,0.08789,0.66440,1.05195
design/LR40_phi0.325_seed2,0.09180,0.60903,1.05195
design/LR40_phi0.325_seed2,0.09570,0.88586,1.05195
design/LR40_phi0.325_seed2,0.09961,0.88586,1.10455
design/LR40_phi0.325_seed2,0.10352,0.88586,1.10455
design/LR40_phi0.325_seed2,0.10742,0.88586,1.10455
design/LR40_phi0.325_seed2,0.11133,0.99660,1.10455
design/LR40_phi0.325_seed2,0.11523,0.88586,0.99935
design/LR40_phi0.325_seed2,0.11914,0.94123,0.99935
design/LR40_phi0.325_seed2,0.12305,0.94123,0.99935
design/LR40_phi0.325_seed2,0.12695,0.88586,0.99935
design/LR40_phi0.325_seed2,0.13086,0.88586,0.99935
design/LR40_phi0.325_seed2,0.13477,0.77513,0.89416
design/LR40_phi0.325_seed2,0.13867,0.77513,0.78896
design/LR40_phi0.325_seed2,0.14258,0.77513,0.78896
design/LR40_phi0.325_seed2,0.14648,0.71976,0.94676
design/LR40_phi0.325_seed2,0.15039,0.77513,0.99935
design/LR40_phi0.325_seed2,0.15430,0.77513,1.05195
design/LR40_phi0.325_seed2,0.15820,0.83050,1.10455
design/LR40_phi0.325_seed2,0.16211,0.77513,1.15715
design/LR40_phi0.325_seed2,0.16602,0.77513,1.15715
design/LR40_phi0.325_seed2,0.16992,0.99660,1.20974
design/LR40_phi0.325_seed2,0.17383,1.27343,1.20974
design/LR40_phi0.325_seed2,0.17773,1.21806,1.10455
design/LR40_phi0.325_seed2,0.18164,1.21806,1.10455
design/LR40_phi0.325_seed2,0.18555,1.21806,1.05195
design/LR40_phi0.325_seed2,0.18945,1.21806,1.05195
design/LR40_phi0.325_seed2,0.19336,1.27343,0.94676
design/LR40_phi0.325_seed2,0.19727,1.21806,0.99935
design/LR40_phi0.325_seed2,0.20117,1.16270,0.94676
design/LR40_phi0.325_seed2,0.20508,1.10733,0.94676
design/LR40_phi0.325_seed2,0.20898,1.10733,0.89416
design/LR40_phi0.325_seed2,0.21289,1.16270,0.94676
design/LR40_phi0.325_seed2,0.21680,1.16270,0.94676
design/LR40_phi0.325_seed2,0.22070,1.16270,0.89416
design/LR40_phi0.325_seed2,0.22461,1.10733,0.89416
design/LR40_phi0.325_seed2,0.22852,1.10733,0.89416
design/LR40_phi0.325_seed2,0.23242,1.10733,0.89416
design/LR40_phi0.325_seed2,0.23633,0.99660,0.89416
design/LR40_phi0.325_seed2,0.24023,0.99660,0.94676
design/LR40_phi0.325_seed2,0.24414,1.10733,0.99935
design/LR40_phi0.325_seed2,0.24805,1.27343,1.05195
design/LR40_phi0.325_seed2,0.25195,1.21806,0.94676
design/LR40_phi0.325_seed2,0.25586,1.21806,0.99935
design/LR40_phi0.325_seed2,0.25977,1.05196,0.99935
design/LR40_phi0.325_seed2,0.26367,1.05196,0.84156
design/LR40_phi0.325_seed2,0.26758,1.05196,0.89416
design/LR40_phi0.325_seed2,0.27148,1.16270,0.89416
design/LR40_phi0.325_seed2,0.27539,1.16270,0.73637
design/LR40_phi0.325_seed2,0.27930,1.16270,0.73637
design/LR40_phi0.325_seed2,0.28320,1.16270,0.68377
design/LR40_phi0.325_seed2,0.28711,1.10733,0.73637
design/LR40_phi0.325_seed2,0.29102,1.32880,0.73637
design/LR40_phi0.325_seed2,0.29492,1.43953,0.68377
design/LR40_phi0.325_seed2,0.29883,1.49489,0.68377
design/LR40_phi0.325_seed2,0.30273,1.32880,0.63117
design/LR40_phi0.325_seed2,0.30664,1.32880,0.63117
design/LR40_phi0.325_seed2,0.31055,1.21806,0.63117
design/LR40_phi0.325_seed2,0.31445,1.43953,0.68377
design/LR40_phi0.325_seed2,0.31836,1.43953,0.68377
design/LR40_phi0.325_seed2,0.32227,1.43953,0.47338
design/LR40_phi0.325_seed2,0.32617,1.43953,0.52598
design/LR40_phi0.325_seed2,0.33008,1.43953,0.52598
design/LR40_phi0.325_seed2,0.33398,1.32880,0.52598
design/LR40_phi0.325_seed2,0.33789,1.16270,0.63117
design/LR40_phi0.325_seed2,0.34180,1.16270,0.63117
design/LR40_phi0.325_seed2,0.34570,1.10733,0.63117
design/LR40_phi0.325_seed2,0.34961,1.10733,0.63117
design/LR40_phi0.325_seed2,0.35352,1.10733,0.63117
design/LR40_phi0.325_seed2,0.35742,1.10733,0.63117
design/LR40_phi0.325_seed2,0.36133,0.99660,0.63117
design/LR40_phi0.325_seed2,0.36523,1.05196,0.63117
design/LR40_phi0.325_seed2,0.36914,1.05196,0.63117
design/LR40_phi0.325_seed2,0.37305,0.99660,0.52598
design/LR40_phi0.325_seed2,0.37695,0.99660,0.52598
design/LR40_phi0.325_seed2,0.38086,0.99660,0.63117
design/LR40_phi0.325_seed2,0.38477,1.05196,0.57857
design/LR40_phi0.325_seed2,0.38867,1.05196,0.57857
design/LR40_phi0.325_seed2,0.39258,1.05196,0.57857
design/LR40_phi0.325_seed2,0.39648,0.99660,0.57857
design/LR40_phi0.325_seed2,0.40039,0.99660,0.57857
design/LR40_phi0.325_seed2,0.40430,1.10733,0.57857
design/LR40_phi0.325_seed2,0.40820,1.10733,0.63117
design/LR40_phi0.325_seed2,0.41211,1.05196,0.63117
design/LR40_phi0.325_seed2,0.41602,1.05196,0.63117
design/LR40_phi0.325_seed2,0.41992,1.16270,0.63117
design/LR40_phi0.325_seed2,0.42383,1.21806,0.94676
design/LR40_phi0.325_seed2,0.42773,1.27343,0.94676
design/LR40_phi0.325_seed2,0.43164,1.16270,0.94676
design/LR40_phi0.325_seed2,0.43555,1.16270,0.94676
design/LR40_phi0.325_seed2,0.43945,1.32880,1.15715
design/LR40_phi0.325_seed2,0.44336,1.32880,1.20974
design/LR40_phi0.325_seed2,0.44727,1.32880,1.20974
design/LR40_phi0.325_seed2,0.45117,1.32880,1.20974
design/LR40_phi0.325_seed2,0.45508,1.32880,0.99935
design/LR40_phi0.325_seed2,0.45898,1.21806,0.99935
design/LR40_phi0.325_seed2,0.46289,1.21806,1.05195
design/LR40_phi0.325_seed2,0.46680,1.10733,1.05195
design/LR40_phi0.325_seed2,0.47070,1.16270,1.05195
design/LR40_phi0.325_seed2,0.47461,1.21806,1.10455
design/LR40_phi0.325_seed2,0.47852,1.21806,0.99935
design/LR40_phi0.325_seed2,0.48242,1.21806,0.99935
design/LR40_phi0.325_seed2,0.48633,1.10733,0.99935
design/LR40_phi0.325_seed2,0.49023,1.10733,1.05195
design/LR40_phi0.325_seed2,0.49414,1.10733,1.05195
design/LR40_phi0.325_seed2,0.49805,1.05196,0.99935
design/LR40_phi0.325_seed2,0.50195,1.21806,0.84156
design/LR40_phi0.325_seed2,0.50586,1.10733,0.84156
design/LR40_phi0.325_seed2,0.50977,1.10733,0.73637
design/LR40_phi0.325_seed2,0.51367,1.10733,0.73637
design/LR40_phi0.325_seed2,0.51758,1.16270,0.73637
design/LR40_phi0.325_seed2,0.52148,1.27343,0.63117
design/LR40_phi0.325_seed2,0.52539,1.16270,0.63117
design/LR40_phi0.325_seed2,0.52930,1.05196,0.63117
design/LR40_phi0.325_seed2,0.53320,1.16270,0.63117
design/LR40_phi0.325_seed2,0.53711,1.10733,0.84156
design/LR40_phi0.325_seed2,0.54102,1.10733,0.78896
design/LR40_phi0.325_seed2,0.54492,1.10733,0.78896
design/LR40_phi0.325_seed2,0.54883,1.10733,0.84156
design/LR40_phi0.325_seed2,0.55273,1.32880,0.84156
design/LR40_phi0.325_seed2,0.55664,1.21806,1.05195
design/LR40_phi0.325_seed2,0.56055,1.10733,0.89416
design/LR40_phi0.325_seed2,0.56445,1.10733,0.94676
design/LR40_phi0.325_seed2,0.56836,0.94123,0.94676
design/LR40_phi0.325_seed2,0.57227,1.10733,0.94676
design/LR40_phi0.325_seed2,0.57617,1.16270,0.94676
design/LR40_phi0.325_seed2,0.58008,1.16270,0.94676
design/LR40_phi0.325_seed2,0.58398,1.10733,0.84156
design/LR40_phi0.325_seed2,0.58789,1.16270,0.63117
design/LR40_phi0.325_seed2,0.59180,1.16270,0.63117
design/LR40_phi0.325_seed2,0.59570,1.16270,0.63117
design/LR40_phi0.325_seed2,0.59961,1.16270,0.57857
design/LR40_phi0.325_seed2,0.60352,1.21806,0.63117
design/LR40_phi0.325_seed2,0.60742,1.05196,0.63117
design/LR40_phi0.325_seed2,0.61133,1.05196,0.68377
design/LR40_phi0.325_seed2,0.61523,0.88586,0.89416
design/LR40_phi0.325_seed2,0.61914,0.88586,0.94676
design/LR40_phi0.325_seed2,0.62305,0.99660,0.84156
design/LR40_phi0.325_seed2,0.62695,0.99660,0.84156
design/LR40_phi0.325_seed2,0.63086,0.99660,0.94676
design/LR40_phi0.325_seed2,0.63477,0.99660,0.94676
design/LR40_phi0.325_seed2,0.63867,1.10733,0.94676
design/LR40_phi0.325_seed2,0.64258,1.10733,0.99935
design/LR40_phi0.325_seed2,0.64648,1.10733,0.99935
design/LR40_phi0.325_seed2,0.65039,1.05196,0.99935
design/LR40_phi0.325_seed2,0.65430,0.88586,0.99935
design/LR40_phi0.325_seed2,0.65820,0.88586,0.99935
design/LR40_phi0.325_seed2,0.66211,0.99660,1.15715
design/LR40_phi0.325_seed2,0.66602,0.99660,1.20974
design/LR40_phi0.325_seed2,0.66992,0.88586,1.20974
design/LR40_phi0.325_seed2,0.67383,0.88586,1.20974
design/LR40_phi0.325_seed2,0.67773,0.88586,1.10455
design/LR40_phi0.325_seed2,0.68164,0.83050,1.05195
design/LR40_phi0.325_seed2,0.68555,0.83050,1.05195
design/LR40_phi0.325_seed2,0.68945,0.71976,1.05195
design/LR40_phi0.325_seed2,0.69336,0.71976,1.10455
design/LR40_phi0.325_seed2,0.69727,0.83050,1.10455
design/LR40_phi0.325_seed2,0.70117,0.77513,1.36754
design/LR40_phi0.325_seed2,0.70508,0.66440,1.42013
design/LR40_phi0.325_seed2,0.70898,0.66440,1.42013
design/LR40_phi0.325_seed2,0.71289,0.55366,1.47273
design/LR40_phi0.325_seed2,0.71680,0.55366,1.47273
design/LR40_phi0.325_seed2,0.72070,0.55366,1.47273
design/LR40_phi0.325_seed2,0.72461,0.55366,1.47273
design/LR40_phi0.325_seed2,0.72852,0.60903,1.47273
design/LR40_phi0.325_seed2,0.73242,0.77513,1.52533
design/LR40_phi0.325_seed2,0.73633,0.77513,1.57793
design/LR40_phi0.325_seed2,0.74023,0.88586,1.42013
design/LR40_phi0.325_seed2,0.74414,0.88586,1.20974
design/LR40_phi0.325_seed2,0.74805,0.83050,1.20974
design/LR40_phi0.325_seed2,0.75195,0.83050,1.20974
design/LR40_phi0.325_seed2,0.75586,1.16270,1.10455
design/LR40_phi0.325_seed2,0.75977,1.16270,1.10455
design/LR40_phi0.325_seed2,0.76367,1.27343,1.20974
design/LR40_phi0.325_seed2,0.76758,1.27343,1.10455
design/LR40_phi0.325_seed2,0.77148,1.27343,1.15715
design/LR40_phi0.325_seed2,0.77539,1.16270,1.20974
design/LR40_phi0.325_seed2,0.77930,0.99660,1.26234
design/LR40_phi0.325_seed2,0.78320,0.88586,1.26234
design/LR40_phi0.325_seed2,0.78711,0.88586,1.20974
design/LR40_phi0.325_seed2,0.79102,0.88586,1.26234
design/LR40_phi0.325_seed2,0.79492,0.88586,1.26234
design/LR40_phi0.325_seed2,0.79883,0.99660,1.20974
design/LR40_phi0.325_seed2,0.80273,0.99660,1.20974
design/LR40_phi0.325_seed2,0.80664,1.10733,1.15715
design/LR40_phi0.325_seed2,0.81055,1.10733,1.10455
design/LR40_phi0.325_seed2,0.81445,1.10733,0.99935
design/LR40_phi0.325_seed2,0.81836,1.10733,0.99935
design/LR40_phi0.325_seed2,0.82227,1.21806,0.99935
design/LR40_phi0.325_seed2,0.82617,1.16270,1.05195
design/LR40_phi0.325_seed2,0.83008,1.05196,0.94676
design/LR40_phi0.325_seed2,0.83398,0.94123,0.94676
design/LR40_phi0.325_seed2,0.83789,0.99660,0.94676
design/LR40_phi0.325_seed2,0.84180,0.94123,0.99935
design/LR40_phi0.325_seed2,0.84570,0.83050,1.10455
design/LR40_phi0.325_seed2,0.84961,0.83050,1.15715
design/LR40_phi0.325_seed2,0.85352,0.83050,1.26234
design/LR40_phi0.325_seed2,0.85742,0.83050,1.31494
design/LR40_phi0.325_seed2,0.86133,0.83050,1.31494
design/LR40_phi0.325_seed2,0.86523,0.83050,1.31494
design/LR40_phi0.325_seed2,0.86914,0.83050,1.26234
design/LR40_phi0.325_seed2,0.87305,0.88586,1.26234
design/LR40_phi0.325_seed2,0.87695,0.99660,1.26234
design/LR40_phi0.325_seed2,0.88086,0.99660,1.26234
design/LR40_phi0.325_seed2,0.88477,0.88586,1.26234
design/LR40_phi0.325_seed2,0.88867,0.94123,1.26234
design/LR40_phi0.325_seed2,0.89258,0.94123,1.36754
design/LR40_phi0.325_seed2,0.89648,0.94123,1.36754
design/LR40_phi0.325_seed2,0.90039,0.94123,1.36754
design/LR40_phi0.325_seed2,0.90430,0.94123,1.20974
design/LR40_phi0.325_seed2,0.90820,0.94123,1.15715
design/LR40_phi0.325_seed2,0.91211,0.88586,1.15715
design/LR40_phi0.325_seed2,0.91602,0.88586,1.26234
design/LR40_phi0.325_seed2,0.91992,0.83050,1.20974
design/LR40_phi0.325_seed2,0.92383,0.77513,1.15715
design/LR40_phi0.325_seed2,0.92773,0.77513,1.15715
design/LR40_phi0.325_seed2,0.93164,0.71976,1.15715
design/LR40_phi0.325_seed2,0.93555,0.71976,1.05195
design/LR40_phi0.325_seed2,0.93945,0.83050,1.05195
design/LR40_phi0.325_seed2,0.94336,0.83050,1.05195
design/LR40_phi0.325_seed2,0.94727,0.83050,1.05195
design/LR40_phi0.325_seed2,0.95117,0.83050,1.05195
design/LR40_phi0.325_seed2,0.95508,0.77513,1.10455
design/LR40_phi0.325_seed2,0.95898,0.83050,1.10455
design/LR40_phi0.325_seed2,0.96289,0.77513,1.10455
design/LR40_phi0.325_seed2,0.96680,0.77513,1.15715
design/LR40_phi0.325_seed2,0.97070,0.77513,1.15715
design/LR40_phi0.325_seed2,0.97461,0.77513,1.10455
design/LR40_phi0.325_seed2,0.97852,0.77513,1.05195
design/LR40_phi0.325_seed2,0.98242,0.71976,1.05195
design/LR40_phi0.325_seed2,0.98633,0.60903,0.99935
design/LR40_phi0.325_seed2,0.99023,0.60903,1.05195
design/LR40_phi0.325_seed2,0.99414,0.49830,1.05195
design/LR40_phi0.325_seed2,0.99805,0.49830,1.05195
design/LR40_phi0.325_seed3,0.00195,0.65583,0.94531
design/LR40_phi0.325_seed3,0.00586,0.65583,0.94531
design/LR40_phi0.325_seed3,0.00977,0.77507,0.88971
design/LR40_phi0.325_seed3,0.01367,0.77507,0.88971
design/LR40_phi0.325_seed3,0.01758,0.77507,0.88971
design/LR40_phi0.325_seed3,0.02148,0.71545,0.88971
design/LR40_phi0.325_seed3,0.02539,0.71545,0.88971
design/LR40_phi0.325_seed3,0.02930,0.83469,0.88971
design/LR40_phi0.325_seed3,0.03320,1.01355,1.00092
design/LR40_phi0.325_seed3,0.03711,1.19241,1.00092
design/LR40_phi0.325_seed3,0.04102,1.19241,1.00092
design/LR40_phi0.325_seed3,0.04492,1.31165,1.00092
design/LR40_phi0.325_seed3,0.04883,1.25203,1.11213
design/LR40_phi0.325_seed3,0.05273,1.31165,1.00092
design/LR40_phi0.325_seed3,0.05664,1.31165,1.00092
design/LR40_phi0.325_seed3,0.06055,1.31165,1.00092
design/LR40_phi0.325_seed3,0.06445,1.25203,0.94531
design/LR40_phi0.325_seed3,0.06836,1.25203,0.88971
design/LR40_phi0.325_seed3,0.07227,1.07317,0.88971
design/LR40_phi0.325_seed3,0.07617,1.01355,0.88971
design/LR40_phi0.325_seed3,0.08008,1.01355,0.83410
design/LR40_phi0.325_seed3,0.08398,1.07317,0.88971
design/LR40_phi0.325_seed3,0.08789,1.31165,0.94531
design/LR40_phi0.325_seed3,0.09180,1.37127,0.94531
design/LR40_phi0.325_seed3,0.09570,1.31165,0.94531
design/LR40_phi0.325_seed3,0.09961,1.31165,1.00092
design/LR40_phi0.325_seed3,0.10352,1.31165,1.05653
design/LR40_phi0.325_seed3,0.10742,1.37127,1.00092
design/LR40_phi0.325_seed3,0.11133,1.37127,0.94531
design/LR40_phi0.325_seed3,0.11523,1.37127,0.94531
design/LR40_phi0.325_seed3,0.11914,1.37127,1.05653
design/LR40_phi0.325_seed3,0.12305,1.49051,1.05653
design/LR40_phi0.325_seed3,0.12695,1.37127,1.11213
design/LR40_phi0.325_seed3,0.13086,1.37127,0.88971
design/LR40_phi0.325_seed3,0.13477,1.37127,0.94531
design/LR40_phi0.325_seed3,0.13867,1.49051,0.94531
design/LR40_phi0.325_seed3,0.14258,1.49051,1.05653
design/LR40_phi0.325_seed3,0.14648,1.49051,1.11213
design/LR40_phi0.325_seed3,0.15039,1.55014,1.11213
design/LR40_phi0.325_seed3,0.15430,1.37127,1.11213
design/LR40_phi0.325_seed3,0.15820,1.37127,1.05653
design/LR40_phi0.325_seed3,0.16211,1.37127,1.05653
design/LR40_phi0.325_seed3,0.16602,1.31165,1.00092
design/LR40_phi0.325_seed3,0.16992,1.31165,1.00092
design/LR40_phi0.325_seed3,0.17383,1.31165,1.11213
design/LR40_phi0.325_seed3,0.17773,1.31165,1.00092
design/LR40_phi0.325_seed3,0.18164,1.25203,1.00092
design/LR40_phi0.325_seed3,0.18555,1.31165,1.11213
design/LR40_phi0.325_seed3,0.18945,1.43089,1.22335
design/LR40_phi0.325_seed3,0.19336,1.43089,1.27895
design/LR40_phi0.325_seed3,0.19727,1.43089,1.33456
design/LR40_phi0.325_seed3,0.20117,1.19241,1.44577
design/LR40_phi0.325_seed3,0.20508,1.13279,1.44577
design/LR40_phi0.325_seed3,0.20898,1.13279,1.39017
design/LR40_phi0.325_seed3,0.21289,1.01355,1.39017
design/LR40_phi0.325_seed3,0.21680,1.07317,1.27895
design/LR40_phi0.325_seed3,0.22070,1.07317,1.22335
design/LR40_phi0.325_seed3,0.22461,1.07317,1.22335
design/LR40_phi0.325_seed3,0.22852,1.07317,1.22335
design/LR40_phi0.325_seed3,0.23242,1.01355,1.27895
design/LR40_phi0.325_seed3,0.23633,1.01355,1.27895
design/LR40_phi0.325_seed3,0.24023,1.01355,1.11213
design/LR40_phi0.325_seed3,0.24414,1.01355,1.11213
design/LR40_phi0.325_seed3,0.24805,1.01355,1.11213
design/LR40_phi0.325_seed3,0.25195,0.83469,1.11213
design/LR40_phi0.325_seed3,0.25586,0.83469,1.11213
design/LR40_phi0.325_seed3,0.25977,0.83469,1.05653
design/LR40_phi0.325_seed3,0.26367,0.83469,1.05653
design/LR40_phi0.325_seed3,0.26758,0.89431,0.94531
design/LR40_phi0.325_seed3,0.27148,0.71545,0.94531
design/LR40_phi0.325_seed3,0.27539,0.71545,0.88971
design/LR40_phi0.325_seed3,0.27930,0.65583,0.94531
design/LR40_phi0.325_seed3,0.28320,0.59621,0.94531
design/LR40_phi0.325_seed3,0.28711,0.71545,0.83410
design/LR40_phi0.325_seed3,0.29102,0.71545,0.83410
design/LR40_phi0.325_seed3,0.29492,0.71545,0.83410
design/LR40_phi0.325_seed3,0.29883,0.71545,0.83410
design/LR40_phi0.325_seed3,0.30273,0.77507,0.77849
design/LR40_phi0.325_seed3,0.30664,0.77507,0.77849
design/LR40_phi0.325_seed3,0.31055,0.83469,0.77849
design/LR40_phi0.325_seed3,0.31445,0.83469,0.77849
design/LR40_phi0.325_seed3,0.31836,0.83469,0.83410
design/LR40_phi0.325_seed3,0.32227,0.83469,1.00092
design/LR40_phi0.325_seed3,0.32617,0.89431,0.94531
design/LR40_phi0.325_seed3,0.33008,1.07317,0.94531
design/LR40_phi0.325_seed3,0.33398,1.07317,1.00092
design/LR40_phi0.325_seed3,0.33789,1.13279,1.00092
design/LR40_phi0.325_seed3,0.34180,1.19241,1.00092
design/LR40_phi0.325_seed3,0.34570,0.95393,0.94531
design/LR40_phi0.325_seed3,0.34961,0.95393,1.11213
design/LR40_phi0.325_seed3,0.35352,0.95393,1.11213
design/LR40_phi0.325_seed3,0.35742,0.95393,1.00092
design/LR40_phi0.325_seed3,0.36133,0.83469,1.00092
design/LR40_phi0.325_seed3,0.36523,0.71545,1.05653
design/LR40_phi0.325_seed3,0.36914,0.71545,1.00092
design/LR40_phi0.325_seed3,0.37305,0.65583,1.00092
design/LR40_phi0.325_seed3,0.37695,0.83469,0.94531
design/LR40_phi0.325_seed3,0.38086,0.83469,0.94531
design/LR40_phi0.325_seed3,0.38477,0.83469,1.00092
design/LR40_phi0.325_seed3,0.38867,0.83469,1.00092
design/LR40_phi0.325_seed3,0.39258,0.89431,0.88971
design/LR40_phi0.325_seed3,0.39648,0.89431,0.83410
design/LR40_phi0.325_seed3,0.40039,0.83469,0.83410
design/LR40_phi0.325_seed3,0.40430,0.89431,0.83410
design/LR40_phi0.325_seed3,0.40820,0.83469,0.83410
design/LR40_phi0.325_seed3,0.41211,0.83469,0.72289
design/LR40_phi0.325_seed3,0.41602,0.89431,0.72289
design/LR40_phi0.325_seed3,0.41992,0.89431,0.72289
design/LR40_phi0.325_seed3,0.42383,0.95393,0.72289
design/LR40_phi0.325_seed3,0.42773,0.95393,0.77849
design/LR40_phi0.325_seed3,0.43164,1.07317,0.77849
design/LR40_phi0.325_seed3,0.43555,0.89431,0.77849
design/LR40_phi0.325_seed3,0.43945,0.89431,0.77849
design/LR40_phi0.325_seed3,0.44336,1.01355,0.72289
design/LR40_phi0.325_seed3,0.44727,0.83469,0.55607
design/LR40_phi0.325_seed3,0.45117,0.83469,0.55607
design/LR40_phi0.325_seed3,0.45508,0.77507,0.55607
design/LR40_phi0.325_seed3,0.45898,0.77507,0.66728
design/LR40_phi0.325_seed3,0.46289,0.95393,0.61167
design/LR40_phi0.325_seed3,0.46680,0.95393,0.66728
design/LR40_phi0.325_seed3,0.47070,0.89431,0.83410
design/LR40_phi0.325_seed3,0.47461,0.77507,0.94531
design/LR40_phi0.325_seed3,0.47852,0.59621,1.16774
design/LR40_phi0.325_seed3,0.48242,0.59621,1.16774
design/LR40_phi0.325_seed3,0.48633,0.59621,1.22335
design/LR40_phi0.325_seed3,0.49023,0.59621,1.16774
design/LR40_phi0.325_seed3,0.49414,0.59621,1.16774
design/LR40_phi0.325_seed3,0.49805,0.59621,1.16774
design/LR40_phi0.325_seed3,0.50195,0.59621,1.16774
design/LR40_phi0.325_seed3,0.50586,0.59621,1.22335
design/LR40_phi0.325_seed3,0.50977,0.59621,1.27895
design/LR40_phi0.325_seed3,0.51367,0.59621,1.39017
design/LR40_phi0.325_seed3,0.51758,0.59621,1.39017
design/LR40_phi0.325_seed3,0.52148,0.53659,1.39017
design/LR40_phi0.325_seed3,0.52539,0.53659,1.39017
design/LR40_phi0.325_seed3,0.52930,0.59621,1.39017
design/LR40_phi0.325_seed3,0.53320,0.59621,1.39017
design/LR40_phi0.325_seed3,0.53711,0.59621,1.39017
design/LR40_phi0.325_seed3,0.54102,0.65583,1.27895
design/LR40_phi0.325_seed3,0.54492,0.65583,1.22335
design/LR40_phi0.325_seed3,0.54883,0.65583,1.16774
design/LR40_phi0.325_seed3,0.55273,0.71545,1.22335
design/LR40_phi0.325_seed3,0.55664,0.77507,1.22335
design/LR40_phi0.325_seed3,0.56055,0.77507,1.11213
design/LR40_phi0.325_seed3,0.56445,0.77507,1.11213
design/LR40_phi0.325_seed3,0.56836,0.77507,1.11213
design/LR40_phi0.325_seed3,0.57227,0.95393,1.11213
design/LR40_phi0.325_seed3,0.57617,1.01355,1.11213
design/LR40_phi0.325_seed3,0.58008,1.01355,1.11213
design/LR40_phi0.325_seed3,0.58398,1.01355,1.11213
design/LR40_phi0.325_seed3,0.58789,1.07317,1.11213
design/LR40_phi0.325_seed3,0.59180,1.07317,1.11213
design/LR40_phi0.325_seed3,0.59570,1.19241,1.11213
design/LR40_phi0.325_seed3,0.59961,1.07317,1.05653
design/LR40_phi0.325_seed3,0.60352,1.07317,1.00092
design/LR40_phi0.325_seed3,0.60742,1.07317,1.05653
design/LR40_phi0.325_seed3,0.61133,1.19241,1.05653
design/LR40_phi0.325_seed3,0.61523,1.13279,1.05653
design/LR40_phi0.325_seed3,0.61914,1.13279,1.11213
design/LR40_phi0.325_seed3,0.62305,1.13279,1.16774
design/LR40_phi0.325_seed3,0.62695,1.13279,1.00092
design/LR40_phi0.325_seed3,0.63086,1.07317,1.00092
design/LR40_phi0.325_seed3,0.63477,1.07317,1.00092
design/LR40_phi0.325_seed3,0.63867,1.07317,1.05653
design/LR40_phi0.325_seed3,0.64258,1.01355,1.00092
design/LR40_phi0.325_seed3,0.64648,1.01355,1.05653
design/LR40_phi0.325_seed3,0.65039,1.01355,1.11213
design/LR40_phi0.325_seed3,0.65430,0.95393,1.05653
design/LR40_phi0.325_seed3,0.65820,0.95393,1.05653
design/LR40_phi0.325_seed3,0.66211,1.01355,1.05653
design/LR40_phi0.325_seed3,0.66602,0.95393,1.16774
design/LR40_phi0.325_seed3,0.66992,0.89431,1.22335
design/LR40_phi0.325_seed3,0.67383,0.89431,1.33456
design/LR40_phi0.325_seed3,0.67773,0.83469,1.39017
design/LR40_phi0.325_seed3,0.68164,0.83469,1.44577
design/LR40_phi0.325_seed3,0.68555,0.83469,1.33456
design/LR40_phi0.325_seed3,0.68945,0.83469,1.16774
design/LR40_phi0.325_seed3,0.69336,0.83469,1.16774
design/LR40_phi0.325_seed3,0.69727,0.83469,1.11213
design/LR40_phi0.325_seed3,0.70117,0.95393,1.11213
design/LR40_phi0.325_seed3,0.70508,0.95393,1.11213
design/LR40_phi0.325_seed3,0.70898,0.95393,1.16774
design/LR40_phi0.325_seed3,0.71289,0.95393,1.22335
design/LR40_phi0.325_seed3,0.71680,0.95393,1.16774
design/LR40_phi0.325_seed3,0.72070,0.95393,1.16774
design/LR40_phi0.325_seed3,0.72461,0.95393,1.05653
design/LR40_phi0.325_seed3,0.72852,1.01355,1.11213
design/LR40_phi0.325_seed3,0.73242,1.07317,1.11213
design/LR40_phi0.325_seed3,0.73633,1.07317,1.16774
design/LR40_phi0.325_seed3,0.74023,1.01355,1.11213
design/LR40_phi0.325_seed3,0.74414,1.07317,1.11213
design/LR40_phi0.325_seed3,0.74805,1.19241,1.11213
design/LR40_phi0.325_seed3,0.75195,1.13279,1.11213
design/LR40_phi0.325_seed3,0.75586,1.07317,1.11213
design/LR40_phi0.325_seed3,0.75977,1.07317,1.16774
design/LR40_phi0.325_seed3,0.76367,1.01355,1.11213
design/LR40_phi0.325_seed3,0.76758,1.01355,1.05653
design/LR40_phi0.325_seed3,0.77148,1.01355,1.11213
design/LR40_phi0.325_seed3,0.77539,1.13279,1.05653
design/LR40_phi0.325_seed3,0.77930,1.13279,1.11213
design/LR40_phi0.325_seed3,0.78320,1.19241,1.16774
design/LR40_phi0.325_seed3,0.78711,1.31165,1.16774
design/LR40_phi0.325_seed3,0.79102,1.13279,1.16774
design/LR40_phi0.325_seed3,0.79492,1.01355,1.11213
design/LR40_phi0.325_seed3,0.79883,1.01355,1.11213
design/LR40_phi0.325_seed3,0.80273,1.01355,1.11213
design/LR40_phi0.325_seed3,0.80664,1.01355,1.00092
design/LR40_phi0.325_seed3,0.81055,1.01355,1.00092
design/LR40_phi0.325_seed3,0.81445,1.01355,1.00092
design/LR40_phi0.325_seed3,0.81836,1.07317,0.88971
design/LR40_phi0.325_seed3,0.82227,1.07317,0.83410
design/LR40_phi0.325_seed3,0.82617,1.07317,0.77849
design/LR40_phi0.325_seed3,0.83008,0.95393,0.77849
design/LR40_phi0.325_seed3,0.83398,0.89431,0.72289
design/LR40_phi0.325_seed3,0.83789,0.89431,0.66728
design/LR40_phi0.325_seed3,0.84180,0.95393,0.50046
design/LR40_phi0.325_seed3,0.84570,0.95393,0.50046
design/LR40_phi0.325_seed3,0.84961,0.89431,0.50046
design/LR40_phi0.325_seed3,0.85352,0.89431,0.50046
design/LR40_phi0.325_seed3,0.85742,0.89431,0.66728
design/LR40_phi0.325_seed3,0.86133,0.89431,0.61167
design/LR40_phi0.325_seed3,0.86523,0.89431,0.55607
design/LR40_phi0.325_seed3,0.86914,1.01355,0.55607
design/LR40_phi0.325_seed3,0.87305,1.01355,0.55607
design/LR40_phi0.325_seed3,0.87695,0.95393,0.55607
design/LR40_phi0.325_seed3,0.88086,0.95393,0.61167
design/LR40_phi0.325_seed3,0.88477,1.01355,0.61167
design/LR40_phi0.325_seed3,0.88867,1.13279,0.61167
design/LR40_phi0.325_seed3,0.89258,1.13279,0.66728
design/LR40_phi0.325_seed3,0.89648,1.13279,0.66728
design/LR40_phi0.325_seed3,0.90039,1.19241,0.66728
design/LR40_phi0.325_seed3,0.90430,1.25203,0.66728
design/LR40_phi0.325_seed3,0.90820,1.19241,0.66728
design/LR40_phi0.325_seed3,0.91211,1.19241,0.66728
design/LR40_phi0.325_seed3,0.91602,1.31165,0.61167
design/LR40_phi0.325_seed3,0.91992,1.25203,0.72289
design/LR40_phi0.325_seed3,0.92383,1.19241,0.77849
design/LR40_phi0.325_seed3,0.92773,1.13279,0.94531
design/LR40_phi0.325_seed3,0.93164,1.19241,0.94531
design/LR40_phi0.325_seed3,0.93555,1.07317,0.94531
design/LR40_phi0.325_seed3,0.93945,1.01355,0.88971
design/LR40_phi0.325_seed3,0.94336,1.07317,1.00092
design/LR40_phi0.325_seed3,0.94727,1.07317,1.11213
design/LR40_phi0.325_seed3,0.95117,1.01355,1.11213
design/LR40_phi0.325_seed3,0.95508,0.95393,1.00092
design/LR40_phi0.325_seed3,0.95898,0.95393,1.00092
design/LR40_phi0.325_seed3,0.96289,0.83469,0.83410
design/LR40_phi0.325_seed3,0.96680,0.83469,0.88971
design/LR40_phi0.325_seed3,0.97070,0.89431,0.94531
design/LR40_phi0.325_seed3,0.97461,0.89431,1.00092
design/LR40_phi0.325_seed3,0.97852,0.89431,0.94531
design/LR40_phi0.325_seed3,0.98242,0.71545,0.94531
design/LR40_phi0.325_seed3,0.98633,0.65583,0.94531
design/LR40_phi0.325_seed3,0.99023,0.65583,0.94531
design/LR40_phi0.325_seed3,0.99414,0.65583,0.94531
design/LR40_phi0.325_seed3,0.99805,0.65583,0.94531
design/phi0.30_seed1,0.00195,0.55056,1.05194
design/phi0.30_seed1,0.00586,0.55056,1.15212
design/phi0.30_seed1,0.00977,0.90092,1.20222
design/phi0.30_seed1,0.01367,0.90092,1.15212
design/phi0.30_seed1,0.01758,1.05108,1.15212
design/phi0.30_seed1,0.02148,0.95097,1.15212
design/phi0.30_seed1,0.02539,0.95097,1.15212
design/phi0.30_seed1,0.02930,1.05108,1.15212
design/phi0.30_seed1,0.03320,1.05108,1.20222
design/phi0.30_seed1,0.03711,1.00103,1.00185
design/phi0.30_seed1,0.04102,0.90092,1.05194
design/phi0.30_seed1,0.04492,0.90092,1.05194
design/phi0.30_seed1,0.04883,0.85087,1.05194
design/phi0.30_seed1,0.05273,1.05108,1.05194
design/phi0.30_seed1,0.05664,1.00103,1.05194
design/phi0.30_seed1,0.06055,0.95097,1.05194
design/phi0.30_seed1,0.06445,0.95097,1.05194
design/phi0.30_seed1,0.06836,0.95097,1.00185
design/phi0.30_seed1,0.07227,0.85087,1.00185
design/phi0.30_seed1,0.07617,0.75077,1.00185
design/phi0.30_seed1,0.08008,0.95097,1.00185
design/phi0.30_seed1,0.08398,0.95097,0.90166
design/phi0.30_seed1,0.08789,0.95097,1.00185
design/phi0.30_seed1,0.09180,1.05108,1.05194
design/phi0.30_seed1,0.09570,1.05108,1.05194
design/phi0.30_seed1,0.09961,1.05108,1.10203
design/phi0.30_seed1,0.10352,1.15118,1.15212
design/phi0.30_seed1,0.10742,1.15118,1.05194
design/phi0.30_seed1,0.11133,1.10113,1.05194
design/phi0.30_seed1,0.11523,1.05108,1.05194
design/phi0.30_seed1,0.11914,1.15118,1.05194
design/phi0.30_seed1,0.12305,1.05108,1.05194
design/phi0.30_seed1,0.12695,1.15118,1.05194
design/phi0.30_seed1,0.13086,1.15118,1.15212
design/phi0.30_seed1,0.13477,1.20123,1.05194
design/phi0.30_seed1,0.13867,1.25128,1.05194
design/phi0.30_seed1,0.14258,1.20123,1.10203
design/phi0.30_seed1,0.14648,1.20123,1.00185
design/phi0.30_seed1,0.15039,1.15118,1.10203
design/phi0.30_seed1,0.15430,1.15118,1.10203
design/phi0.30_seed1,0.15820,1.10113,1.15212
design/phi0.30_seed1,0.16211,1.10113,1.30240
design/phi0.30_seed1,0.16602,1.20123,1.25231
design/phi0.30_seed1,0.16992,1.15118,1.25231
design/phi0.30_seed1,0.17383,1.30133,1.30240
design/phi0.30_seed1,0.17773,1.20123,1.30240
design/phi0.30_seed1,0.18164,1.20123,1.30240
design/phi0.30_seed1,0.18555,1.20123,1.30240
design/phi0.30_seed1,0.18945,1.20123,1.25231
design/phi0.30_seed1,0.19336,1.00103,1.25231
design/phi0.30_seed1,0.19727,1.00103,1.15212
design/phi0.30_seed1,0.20117,1.00103,1.15212
design/phi0.30_seed1,0.20508,1.00103,1.20222
design/phi0.30_seed1,0.20898,0.95097,1.25231
design/phi0.30_seed1,0.21289,1.00103,1.30240
design/phi0.30_seed1,0.21680,1.10113,1.35249
design/phi0.30_seed1,0.22070,1.00103,1.30240
design/phi0.30_seed1,0.22461,1.05108,1.25231
design/phi0.30_seed1,0.22852,1.05108,1.15212
design/phi0.30_seed1,0.23242,1.00103,1.15212
design/phi0.30_seed1,0.23633,1.00103,1.15212
design/phi0.30_seed1,0.24023,1.05108,1.15212
design/phi0.30_seed1,0.24414,0.95097,1.10203
design/phi0.30_seed1,0.24805,0.95097,1.10203
design/phi0.30_seed1,0.25195,0.80082,1.20222
design/phi0.30_seed1,0.25586,0.80082,0.90166
design/phi0.30_seed1,0.25977,0.80082,0.90166
design/phi0.30_seed1,0.26367,0.80082,0.90166
design/phi0.30_seed1,0.26758,0.90092,1.05194
design/phi0.30_seed1,0.27148,1.00103,0.95176
design/phi0.30_seed1,0.27539,1.05108,1.00185
design/phi0.30_seed1,0.27930,1.00103,1.00185
design/phi0.30_seed1,0.28320,1.00103,0.95176
design/phi0.30_seed1,0.28711,1.00103,1.20222
design/phi0.30_seed1,0.29102,1.00103,1.20222
design/phi0.30_seed1,0.29492,1.00103,1.20222
design/phi0.30_seed1,0.29883,1.00103,1.20222
design/phi0.30_seed1,0.30273,0.95097,1.15212
design/phi0.30_seed1,0.30664,0.95097,1.15212
design/phi0.30_seed1,0.31055,1.05108,1.10203
design/phi0.30_seed1,0.31445,1.05108,0.95176
design/phi0.30_seed1,0.31836,1.05108,1.00185
design/phi0.30_seed1,0.32227,1.05108,1.00185
design/phi0.30_seed1,0.32617,1.20123,1.00185
design/phi0.30_seed1,0.33008,1.20123,0.95176
design/phi0.30_seed1,0.33398,1.20123,0.95176
design/phi0.30_seed1,0.33789,1.10113,0.95176
design/phi0.30_seed1,0.34180,1.15118,1.00185
design/phi0.30_seed1,0.34570,1.15118,1.00185
design/phi0.30_seed1,0.34961,1.30133,1.15212
design/phi0.30_seed1,0.35352,1.15118,1.10203
design/phi0.30_seed1,0.35742,1.15118,1.10203
design/phi0.30_seed1,0.36133,1.15118,1.20222
design/phi0.30_seed1,0.36523,1.25128,1.15212
design/phi0.30_seed1,0.36914,1.15118,1.15212
design/phi0.30_seed1,0.37305,1.10113,1.15212
design/phi0.30_seed1,0.37695,1.10113,1.15212
design/phi0.30_seed1,0.38086,1.00103,1.25231
design/phi0.30_seed1,0.38477,1.00103,1.25231
design/phi0.30_seed1,0.38867,1.00103,1.25231
design/phi0.30_seed1,0.39258,1.00103,1.25231
design/phi0.30_seed1,0.39648,1.00103,1.30240
design/phi0.30_seed1,0.40039,1.00103,1.20222
design/phi0.30_seed1,0.40430,1.05108,1.20222
design/phi0.30_seed1,0.40820,1.05108,1.30240
design/phi0.30_seed1,0.41211,1.00103,1.30240
design/phi0.30_seed1,0.41602,1.00103,1.20222
design/phi0.30_seed1,0.41992,1.00103,1.20222
design/phi0.30_seed1,0.42383,1.05108,1.20222
design/phi0.30_seed1,0.42773,1.05108,1.10203
design/phi0.30_seed1,0.43164,1.10113,1.00185
design/phi0.30_seed1,0.43555,1.10113,1.00185
design/phi0.30_seed1,0.43945,1.10113,1.00185
design/phi0.30_seed1,0.44336,1.25128,1.00185
design/phi0.30_seed1,0.44727,1.25128,0.95176
design/phi0.30_seed1,0.45117,1.25128,0.85157
design/phi0.30_seed1,0.45508,1.35138,0.90166
design/phi0.30_seed1,0.45898,1.25128,0.90166
design/phi0.30_seed1,0.46289,1.20123,0.90166
design/phi0.30_seed1,0.46680,1.20123,0.90166
design/phi0.30_seed1,0.47070,1.20123,1.05194
design/phi0.30_seed1,0.47461,1.25128,0.95176
design/phi0.30_seed1,0.47852,1.25128,0.95176
design/phi0.30_seed1,0.48242,1.25128,0.95176
design/phi0.30_seed1,0.48633,1.25128,0.95176
design/phi0.30_seed1,0.49023,1.25128,0.90166
design/phi0.30_seed1,0.49414,1.20123,0.95176
design/phi0.30_seed1,0.49805,1.20123,0.95176
design/phi0.30_seed1,0.50195,1.20123,0.95176
design/phi0.30_seed1,0.50586,1.20123,0.90166
design/phi0.30_seed1,0.50977,1.20123,0.95176
design/phi0.30_seed1,0.51367,1.15118,0.95176
design/phi0.30_seed1,0.51758,1.10113,1.00185
design/phi0.30_seed1,0.52148,1.15118,1.05194
design/phi0.30_seed1,0.52539,1.15118,1.00185
design/phi0.30_seed1,0.52930,1.10113,0.85157
design/phi0.30_seed1,0.53320,1.05108,0.85157
design/phi0.30_seed1,0.53711,0.85087,0.75139
design/phi0.30_seed1,0.54102,0.85087,0.75139
design/phi0.30_seed1,0.54492,0.85087,0.65120
design/phi0.30_seed1,0.54883,0.85087,0.65120
design/phi0.30_seed1,0.55273,0.85087,0.70129
design/phi0.30_seed1,0.55664,0.90092,0.70129
design/phi0.30_seed1,0.56055,0.90092,0.70129
design/phi0.30_seed1,0.56445,0.90092,0.70129
design/phi0.30_seed1,0.56836,1.00103,0.70129
design/phi0.30_seed1,0.57227,1.00103,0.75139
design/phi0.30_seed1,0.57617,1.00103,0.80148
design/phi0.30_seed1,0.58008,1.00103,0.80148
design/phi0.30_seed1,0.58398,1.00103,0.80148
design/phi0.30_seed1,0.58789,0.95097,0.80148
design/phi0.30_seed1,0.59180,0.95097,0.90166
design/phi0.30_seed1,0.59570,0.95097,0.90166
design/phi0.30_seed1,0.59961,0.95097,0.80148
design/phi0.30_seed1,0.60352,0.90092,0.80148
design/phi0.30_seed1,0.60742,0.95097,0.80148
design/phi0.30_seed1,0.61133,0.95097,0.80148
design/phi0.30_seed1,0.61523,0.95097,0.80148
design/phi0.30_seed1,0.61914,0.90092,0.75139
design/phi0.30_seed1,0.62305,0.85087,0.75139
design/phi0.30_seed1,0.62695,0.95097,0.75139
design/phi0.30_seed1,0.63086,0.95097,0.70129
design/phi0.30_seed1,0.63477,0.95097,0.60111
design/phi0.30_seed1,0.63867,1.00103,0.60111
design/phi0.30_seed1,0.64258,1.05108,0.60111
design/phi0.30_seed1,0.64648,1.10113,0.60111
design/phi0.30_seed1,0.65039,1.10113,0.60111
design/phi0.30_seed1,0.65430,1.10113,0.65120
design/phi0.30_seed1,0.65820,1.10113,0.55102
design/phi0.30_seed1,0.66211,1.15118,0.55102
design/phi0.30_seed1,0.66602,1.15118,0.55102
design/phi0.30_seed1,0.66992,1.05108,0.55102
design/phi0.30_seed1,0.67383,1.00103,0.65120
design/phi0.30_seed1,0.67773,1.00103,0.70129
design/phi0.30_seed1,0.68164,1.00103,0.55102
design/phi0.30_seed1,0.68555,0.85087,0.60111
design/phi0.30_seed1,0.68945,0.85087,0.65120
design/phi0.30_seed1,0.69336,0.85087,0.65120
design/phi0.30_seed1,0.69727,0.85087,0.65120
design/phi0.30_seed1,0.70117,0.80082,0.65120
design/phi0.30_seed1,0.70508,0.80082,0.65120
design/phi0.30_seed1,0.70898,0.80082,0.65120
design/phi0.30_seed1,0.71289,0.80082,0.65120
design/phi0.30_seed1,0.71680,0.80082,0.65120
design/phi0.30_seed1,0.72070,0.80082,0.70129
design/phi0.30_seed1,0.72461,0.85087,0.80148
design/phi0.30_seed1,0.72852,0.85087,0.90166
design/phi0.30_seed1,0.73242,0.95097,0.90166
design/phi0.30_seed1,0.73633,0.90092,0.95176
design/phi0.30_seed1,0.74023,0.90092,0.95176
design/phi0.30_seed1,0.74414,0.90092,0.95176
design/phi0.30_seed1,0.74805,0.90092,0.95176
design/phi0.30_seed1,0.75195,0.90092,1.10203
design/phi0.30_seed1,0.75586,1.00103,1.15212
design/phi0.30_seed1,0.75977,1.00103,1.00185
design/phi0.30_seed1,0.76367,1.00103,1.00185
design/phi0.30_seed1,0.76758,1.00103,0.95176
design/phi0.30_seed1,0.77148,1.00103,0.95176
design/phi0.30_seed1,0.77539,1.10113,0.95176
design/phi0.30_seed1,0.77930,1.10113,0.95176
design/phi0.30_seed1,0.78320,1.10113,1.05194
design/phi0.30_seed1,0.78711,1.25128,0.95176
design/phi0.30_seed1,0.79102,1.25128,1.05194
design/phi0.30_seed1,0.79492,1.30133,1.00185
design/phi0.30_seed1,0.79883,1.35138,1.15212
design/phi0.30_seed1,0.80273,1.30133,1.15212
design/phi0.30_seed1,0.80664,1.25128,1.20222
design/phi0.30_seed1,0.81055,1.25128,1.10203
design/phi0.30_seed1,0.81445,1.00103,1.10203
design/phi0.30_seed1,0.81836,1.00103,1.05194
design/phi0.30_seed1,0.82227,1.05108,1.15212
design/phi0.30_seed1,0.82617,1.05108,1.15212
design/phi0.30_seed1,0.83008,1.05108,1.15212
design/phi0.30_seed1,0.83398,0.75077,1.15212
design/phi0.30_seed1,0.83789,0.75077,1.10203
design/phi0.30_seed1,0.84180,0.75077,1.10203
design/phi0.30_seed1,0.84570,0.75077,0.85157
design/phi0.30_seed1,0.84961,0.75077,0.85157
design/phi0.30_seed1,0.85352,0.75077,1.05194
design/phi0.30_seed1,0.85742,0.70072,1.05194
design/phi0.30_seed1,0.86133,0.65067,1.05194
design/phi0.30_seed1,0.86523,0.65067,1.05194
design/phi0.30_seed1,0.86914,0.60062,1.10203
design/phi0.30_seed1,0.87305,0.60062,1.15212
design/phi0.30_seed1,0.87695,0.55056,1.10203
design/phi0.30_seed1,0.88086,0.55056,1.10203
design/phi0.30_seed1,0.88477,0.55056,1.20222
design/phi0.30_seed1,0.88867,0.55056,1.10203
design/phi0.30_seed1,0.89258,0.55056,1.05194
design/phi0.30_seed1,0.89648,0.55056,1.10203
design/phi0.30_seed1,0.90039,0.80082,1.15212
design/phi0.30_seed1,0.90430,0.70072,1.20222
design/phi0.30_seed1,0.90820,0.70072,1.20222
design/phi0.30_seed1,0.91211,0.70072,1.20222
design/phi0.30_seed1,0.91602,0.70072,1.15212
design/phi0.30_seed1,0.91992,0.65067,1.15212
design/phi0.30_seed1,0.92383,0.70072,1.15212
design/phi0.30_seed1,0.92773,0.70072,1.10203
design/phi0.30_seed1,0.93164,0.80082,1.00185
design/phi0.30_seed1,0.93555,0.90092,1.10203
design/phi0.30_seed1,0.93945,0.95097,1.10203
design/phi0.30_seed1,0.94336,0.90092,1.05194
design/phi0.30_seed1,0.94727,1.05108,1.05194
design/phi0.30_seed1,0.95117,1.05108,1.00185
design/phi0.30_seed1,0.95508,1.00103,1.00185
design/phi0.30_seed1,0.95898,1.00103,1.00185
design/phi0.30_seed1,0.96289,1.05108,0.95176
design/phi0.30_seed1,0.96680,1.00103,1.00185
design/phi0.30_seed1,0.97070,0.95097,1.05194
design/phi0.30_seed1,0.97461,0.75077,0.95176
design/phi0.30_seed1,0.97852,0.70072,0.95176
design/phi0.30_seed1,0.98242,0.65067,0.95176
design/phi0.30_seed1,0.98633,0.65067,0.95176
design/phi0.30_seed1,0.99023,0.65067,0.95176
design/phi0.30_seed1,0.99414,0.55056,0.95176
design/phi0.30_seed1,0.99805,0.55056,1.05194
design/phi0.30_seed2,0.00195,0.60949,0.91584
design/phi0.30_seed2,0.00586,0.60949,1.01225
design/phi0.30_seed2,0.00977,0.66028,1.01225
design/phi0.30_seed2,0.01367,0.66028,1.06045
design/phi0.30_seed2,0.01758,0.71107,1.06045
design/phi0.30_seed2,0.02148,0.55870,1.10865
design/phi0.30_seed2,0.02539,0.60949,1.10865
design/phi0.30_seed2,0.02930,0.60949,1.10865
design/phi0.30_seed2,0.03320,0.60949,1.01225
design/phi0.30_seed2,0.03711,0.76187,1.01225
design/phi0.30_seed2,0.04102,0.86345,1.01225
design/phi0.30_seed2,0.04492,0.76187,1.06045
design/phi0.30_seed2,0.04883,0.76187,1.06045
design/phi0.30_seed2,0.05273,0.76187,0.96405
design/phi0.30_seed2,0.05664,0.66028,0.91584
design/phi0.30_seed2,0.06055,0.66028,0.96405
design/phi0.30_seed2,0.06445,0.66028,0.86764
design/phi0.30_seed2,0.06836,0.66028,1.01225
design/phi0.30_seed2,0.07227,0.66028,1.01225
design/phi0.30_seed2,0.07617,0.81266,0.96405
design/phi0.30_seed2,0.08008,0.81266,1.01225
design/phi0.30_seed2,0.08398,0.81266,1.01225
design/phi0.30_seed2,0.08789,0.81266,1.01225
design/phi0.30_seed2,0.09180,0.81266,1.01225
design/phi0.30_seed2,0.09570,0.91424,1.01225
design/phi0.30_seed2,0.09961,1.16819,1.15685
design/phi0.30_seed2,0.10352,1.16819,1.06045
design/phi0.30_seed2,0.10742,1.16819,1.06045
design/phi0.30_seed2,0.11133,1.16819,1.01225
design/phi0.30_seed2,0.11523,1.06661,0.91584
design/phi0.30_seed2,0.11914,1.21898,0.86764
design/phi0.30_seed2,0.12305,1.21898,0.91584
design/phi0.30_seed2,0.12695,1.11740,0.91584
design/phi0.30_seed2,0.13086,1.11740,0.91584
design/phi0.30_seed2,0.13477,1.01582,0.77124
design/phi0.30_seed2,0.13867,1.01582,0.86764
design/phi0.30_seed2,0.14258,1.06661,0.91584
design/phi0.30_seed2,0.14648,1.01582,0.86764
design/phi0.30_seed2,0.15039,1.16819,0.81944
design/phi0.30_seed2,0.15430,1.16819,0.81944
design/phi0.30_seed2,0.15820,1.26978,0.81944
design/phi0.30_seed2,0.16211,1.26978,1.06045
design/phi0.30_seed2,0.16602,1.26978,1.20506
design/phi0.30_seed2,0.16992,1.21898,1.20506
design/phi0.30_seed2,0.17383,1.32057,1.20506
design/phi0.30_seed2,0.17773,1.26978,1.10865
design/phi0.30_seed2,0.18164,1.21898,1.20506
design/phi0.30_seed2,0.18555,1.01582,1.10865
design/phi0.30_seed2,0.18945,0.96503,1.10865
design/phi0.30_seed2,0.19336,0.96503,1.10865
design/phi0.30_seed2,0.19727,0.91424,1.10865
design/phi0.30_seed2,0.20117,0.91424,1.06045
design/phi0.30_seed2,0.20508,0.91424,0.91584
design/phi0.30_seed2,0.20898,0.91424,0.81944
design/phi0.30_seed2,0.21289,0.91424,0.81944
design/phi0.30_seed2,0.21680,0.91424,0.86764
design/phi0.30_seed2,0.22070,0.91424,0.77124
design/phi0.30_seed2,0.22461,0.91424,0.86764
design/phi0.30_seed2,0.22852,0.91424,0.86764
design/phi0.30_seed2,0.23242,0.91424,0.77124
design/phi0.30_seed2,0.23633,0.86345,0.81944
design/phi0.30_seed2,0.24023,0.86345,0.81944
design/phi0.30_seed2,0.24414,0.91424,0.77124
design/phi0.30_seed2,0.24805,0.96503,0.77124
design/phi0.30_seed2,0.25195,1.01582,0.77124
design/phi0.30_seed2,0.25586,1.01582,0.81944
design/phi0.30_seed2,0.25977,0.96503,0.67483
design/phi0.30_seed2,0.26367,0.96503,0.67483
design/phi0.30_seed2,0.26758,1.01582,0.72303
design/phi0.30_seed2,0.27148,1.01582,0.72303
design/phi0.30_seed2,0.27539,1.21898,0.62663
design/phi0.30_seed2,0.27930,1.21898,0.57843
design/phi0.30_seed2,0.28320,1.21898,0.57843
design/phi0.30_seed2,0.28711,1.32057,0.43382
design/phi0.30_seed2,0.29102,1.37136,0.43382
design/phi0.30_seed2,0.29492,1.32057,0.38562
design/phi0.30_seed2,0.29883,1.32057,0.43382
design/phi0.30_seed2,0.30273,1.32057,0.48202
design/phi0.30_seed2,0.30664,1.21898,0.48202
design/phi0.30_seed2,0.31055,1.21898,0.48202
design/phi0.30_seed2,0.31445,1.21898,0.53023
design/phi0.30_seed2,0.31836,1.11740,0.53023
design/phi0.30_seed2,0.32227,1.06661,0.57843
design/phi0.30_seed2,0.32617,1.06661,0.57843
design/phi0.30_seed2,0.33008,1.01582,0.57843
design/phi0.30_seed2,0.33398,1.06661,0.57843
design/phi0.30_seed2,0.33789,1.11740,0.57843
design/phi0.30_seed2,0.34180,1.16819,0.48202
design/phi0.30_seed2,0.34570,1.26978,0.48202
design/phi0.30_seed2,0.34961,1.26978,0.43382
design/phi0.30_seed2,0.35352,1.21898,0.53023
design/phi0.30_seed2,0.35742,1.21898,0.48202
design/phi0.30_seed2,0.36133,1.21898,0.57843
design/phi0.30_seed2,0.36523,1.26978,0.62663
design/phi0.30_seed2,0.36914,1.32057,0.62663
design/phi0.30_seed2,0.37305,1.32057,0.67483
design/phi0.30_seed2,0.37695,1.21898,0.67483
design/phi0.30_seed2,0.38086,1.21898,0.67483
design/phi0.30_seed2,0.38477,1.21898,0.67483
design/phi0.30_seed2,0.38867,1.11740,0.67483
design/phi0.30_seed2,0.39258,1.11740,0.67483
design/phi0.30_seed2,0.39648,1.11740,0.67483
design/phi0.30_seed2,0.40039,1.11740,0.77124
design/phi0.30_seed2,0.40430,1.16819,0.77124
design/phi0.30_seed2,0.40820,1.16819,0.77124
design/phi0.30_seed2,0.41211,1.01582,0.81944
design/phi0.30_seed2,0.41602,0.91424,0.81944
design/phi0.30_seed2,0.41992,0.91424,0.86764
design/phi0.30_seed2,0.42383,0.91424,0.91584
design/phi0.30_seed2,0.42773,0.91424,0.96405
design/phi0.30_seed2,0.43164,0.91424,1.15685
design/phi0.30_seed2,0.43555,0.91424,1.06045
design/phi0.30_seed2,0.43945,0.91424,1.10865
design/phi0.30_seed2,0.44336,1.06661,1.10865
design/phi0.30_seed2,0.44727,1.11740,1.10865
design/phi0.30_seed2,0.45117,1.11740,1.10865
design/phi0.30_seed2,0.45508,1.16819,1.06045
design/phi0.30_seed2,0.45898,1.26978,1.10865
design/phi0.30_seed2,0.46289,1.37136,1.15685
design/phi0.30_seed2,0.46680,1.42215,1.10865
design/phi0.30_seed2,0.47070,1.47294,1.20506
design/phi0.30_seed2,0.47461,1.47294,1.20506
design/phi0.30_seed2,0.47852,1.42215,1.06045
design/phi0.30_seed2,0.48242,1.42215,1.06045
design/phi0.30_seed2,0.48633,1.42215,1.01225
design/phi0.30_seed2,0.49023,1.42215,0.96405
design/phi0.30_seed2,0.49414,1.47294,1.01225
design/phi0.30_seed2,0.49805,1.57452,1.06045
design/phi0.30_seed2,0.50195,1.47294,1.06045
design/phi0.30_seed2,0.50586,1.47294,1.10865
design/phi0.30_seed2,0.50977,1.52373,1.06045
design/phi0.30_seed2,0.51367,1.47294,0.96405
design/phi0.30_seed2,0.51758,1.52373,0.96405
design/phi0.30_seed2,0.52148,1.42215,0.96405
design/phi0.30_seed2,0.52539,1.26978,0.96405
design/phi0.30_seed2,0.52930,1.26978,0.96405
design/phi0.30_seed2,0.53320,1.21898,0.96405
design/phi0.30_seed2,0.53711,1.21898,0.96405
design/phi0.30_seed2,0.54102,1.21898,1.01225
design/phi0.30_seed2,0.54492,1.21898,1.01225
design/phi0.30_seed2,0.54883,1.16819,1.06045
design/phi0.30_seed2,0.55273,1.16819,0.96405
design/phi0.30_seed2,0.55664,1.21898,0.96405
design/phi0.30_seed2,0.56055,1.26978,0.96405
design/phi0.30_seed2,0.56445,1.11740,0.96405
design/phi0.30_seed2,0.56836,1.16819,1.01225
design/phi0.30_seed2,0.57227,1.16819,1.06045
design/phi0.30_seed2,0.57617,1.16819,1.01225
design/phi0.30_seed2,0.58008,1.11740,1.20506
design/phi0.30_seed2,0.58398,1.32057,1.15685
design/phi0.30_seed2,0.58789,1.32057,1.10865
design/phi0.30_seed2,0.59180,1.42215,1.15685
design/phi0.30_seed2,0.59570,1.16819,1.20506
design/phi0.30_seed2,0.59961,1.16819,1.15685
design/phi0.30_seed2,0.60352,1.16819,1.15685
design/phi0.30_seed2,0.60742,1.16819,1.20506
design/phi0.30_seed2,0.61133,1.16819,1.20506
design/phi0.30_seed2,0.61523,1.16819,1.30146
design/phi0.30_seed2,0.61914,1.16819,1.25326
design/phi0.30_seed2,0.62305,1.21898,1.15685
design/phi0.30_seed2,0.62695,1.06661,1.15685
design/phi0.30_seed2,0.63086,1.06661,1.20506
design/phi0.30_seed2,0.63477,1.01582,1.25326
design/phi0.30_seed2,0.63867,1.01582,1.20506
design/phi0.30_seed2,0.64258,0.96503,1.20506
design/phi0.30_seed2,0.64648,0.96503,1.20506
design/phi0.30_seed2,0.65039,0.96503,1.20506
design/phi0.30_seed2,0.65430,0.96503,1.20506
design/phi0.30_seed2,0.65820,0.91424,1.20506
design/phi0.30_seed2,0.66211,0.96503,1.20506
design/phi0.30_seed2,0.66602,0.91424,1.15685
design/phi0.30_seed2,0.66992,0.81266,1.20506
design/phi0.30_seed2,0.67383,0.81266,1.20506
design/phi0.30_seed2,0.67773,0.81266,1.15685
design/phi0.30_seed2,0.68164,0.91424,1.01225
design/phi0.30_seed2,0.68555,0.86345,1.01225
design/phi0.30_seed2,0.68945,0.91424,1.20506
design/phi0.30_seed2,0.69336,0.81266,1.15685
design/phi0.30_seed2,0.69727,0.66028,1.15685
design/phi0.30_seed2,0.70117,0.66028,1.15685
design/phi0.30_seed2,0.70508,0.55870,1.15685
design/phi0.30_seed2,0.70898,0.55870,1.15685
design/phi0.30_seed2,0.71289,0.55870,1.15685
design/phi0.30_seed2,0.71680,0.55870,1.20506
design/phi0.30_seed2,0.72070,0.55870,1.34966
design/phi0.30_seed2,0.72461,0.55870,1.34966
design/phi0.30_seed2,0.72852,0.50791,1.34966
design/phi0.30_seed2,0.73242,0.50791,1.34966
design/phi0.30_seed2,0.73633,0.50791,1.34966
design/phi0.30_seed2,0.74023,0.50791,1.34966
design/phi0.30_seed2,0.74414,0.50791,1.34966
design/phi0.30_seed2,0.74805,0.45712,1.44607
design/phi0.30_seed2,0.75195,0.71107,1.39787
design/phi0.30_seed2,0.75586,0.71107,1.34966
design/phi0.30_seed2,0.75977,0.71107,1.34966
design/phi0.30_seed2,0.76367,0.81266,1.34966
design/phi0.30_seed2,0.76758,0.76187,1.39787
design/phi0.30_seed2,0.77148,0.76187,1.39787
design/phi0.30_seed2,0.77539,0.71107,1.39787
design/phi0.30_seed2,0.77930,0.71107,1.25326
design/phi0.30_seed2,0.78320,0.76187,1.25326
design/phi0.30_seed2,0.78711,0.76187,1.25326
design/phi0.30_seed2,0.79102,0.76187,1.25326
design/phi0.30_seed2,0.79492,0.76187,1.30146
design/phi0.30_seed2,0.79883,0.86345,1.20506
design/phi0.30_seed2,0.80273,0.76187,1.20506
design/phi0.30_seed2,0.80664,0.81266,1.15685
design/phi0.30_seed2,0.81055,0.81266,1.06045
design/phi0.30_seed2,0.81445,0.91424,1.06045
design/phi0.30_seed2,0.81836,0.96503,1.01225
design/phi0.30_seed2,0.82227,0.96503,0.81944
design/phi0.30_seed2,0.82617,0.96503,0.77124
design/phi0.30_seed2,0.83008,0.86345,0.86764
design/phi0.30_seed2,0.83398,0.91424,0.86764
design/phi0.30_seed2,0.83789,0.91424,0.91584
design/phi0.30_seed2,0.84180,0.81266,1.01225
design/phi0.30_seed2,0.84570,0.81266,1.06045
design/phi0.30_seed2,0.84961,0.81266,1.06045
design/phi0.30_seed2,0.85352,0.91424,1.06045
design/phi0.30_seed2,0.85742,0.86345,1.06045
design/phi0.30_seed2,0.86133,0.96503,1.01225
design/phi0.30_seed2,0.86523,0.96503,1.06045
design/phi0.30_seed2,0.86914,0.96503,1.06045
design/phi0.30_seed2,0.87305,0.86345,1.06045
design/phi0.30_seed2,0.87695,0.86345,1.10865
design/phi0.30_seed2,0.88086,0.96503,1.15685
design/phi0.30_seed2,0.88477,1.06661,1.15685
design/phi0.30_seed2,0.88867,1.06661,1.25326
design/phi0.30_seed2,0.89258,1.01582,1.25326
design/phi0.30_seed2,0.89648,1.01582,1.15685
design/phi0.30_seed2,0.90039,0.91424,1.15685
design/phi0.30_seed2,0.90430,0.91424,1.10865
design/phi0.30_seed2,0.90820,0.86345,1.10865
design/phi0.30_seed2,0.91211,0.91424,1.10865
design/phi0.30_seed2,0.91602,0.81266,1.15685
design/phi0.30_seed2,0.91992,0.81266,1.10865
design/phi0.30_seed2,0.92383,0.81266,1.10865
design/phi0.30_seed2,0.92773,0.81266,1.06045
design/phi0.30_seed2,0.93164,0.76187,1.06045
design/phi0.30_seed2,0.93555,0.76187,1.06045
design/phi0.30_seed2,0.93945,0.76187,1.10865
design/phi0.30_seed2,0.94336,0.76187,1.10865
design/phi0.30_seed2,0.94727,0.71107,1.10865
design/phi0.30_seed2,0.95117,0.71107,1.10865
design/phi0.30_seed2,0.95508,0.71107,1.15685
design/phi0.30_seed2,0.95898,0.71107,1.15685
design/phi0.30_seed2,0.96289,0.66028,1.20506
design/phi0.30_seed2,0.96680,0.66028,1.20506
design/phi0.30_seed2,0.97070,0.66028,1.15685
design/phi0.30_seed2,0.97461,0.66028,1.10865
design/phi0.30_seed2,0.97852,0.66028,1.01225
design/phi0.30_seed2,0.98242,0.60949,1.01225
design/phi0.30_seed2,0.98633,0.60949,0.96405
design/phi0.30_seed2,0.99023,0.60949,0.96405
design/phi0.30_seed2,0.99414,0.60949,0.96405
design/phi0.30_seed2,0.99805,0.60949,0.91584
design/phi0.30_seed3,0.00195,0.64408,1.04548
design/phi0.30_seed3,0.00586,0.64408,0.93543
design/phi0.30_seed3,0.00977,0.64408,0.99045
design/phi0.30_seed3,0.01367,0.64408,1.04548
design/phi0.30_seed3,0.01758,0.64408,1.04548
design/phi0.30_seed3,0.02148,0.64408,1.04548
design/phi0.30_seed3,0.02539,0.99540,1.04548
design/phi0.30_seed3,0.02930,1.05396,1.04548
design/phi0.30_seed3,0.03320,1.05396,1.10050
design/phi0.30_seed3,0.03711,1.05396,1.15553
design/phi0.30_seed3,0.04102,1.05396,1.15553
design/phi0.30_seed3,0.04492,1.05396,1.21055
design/phi0.30_seed3,0.04883,1.17106,1.15553
design/phi0.30_seed3,0.05273,0.93685,1.15553
design/phi0.30_seed3,0.05664,0.99540,1.15553
design/phi0.30_seed3,0.06055,0.87830,1.10050
design/phi0.30_seed3,0.06445,0.81974,1.04548
design/phi0.30_seed3,0.06836,0.70264,1.15553
design/phi0.30_seed3,0.07227,0.70264,1.10050
design/phi0.30_seed3,0.07617,0.64408,1.10050
design/phi0.30_seed3,0.08008,0.64408,1.15553
design/phi0.30_seed3,0.08398,0.64408,1.10050
design/phi0.30_seed3,0.08789,0.70264,1.10050
design/phi0.30_seed3,0.09180,0.70264,1.04548
design/phi0.30_seed3,0.09570,0.70264,1.15553
design/phi0.30_seed3,0.09961,0.93685,1.15553
design/phi0.30_seed3,0.10352,0.93685,1.04548
design/phi0.30_seed3,0.10742,1.22962,1.04548
design/phi0.30_seed3,0.11133,1.22962,1.04548
design/phi0.30_seed3,0.11523,1.17106,0.99045
design/phi0.30_seed3,0.11914,1.17106,0.99045
design/phi0.30_seed3,0.12305,0.99540,0.99045
design/phi0.30_seed3,0.12695,0.99540,1.04548
design/phi0.30_seed3,0.13086,0.93685,1.15553
design/phi0.30_seed3,0.13477,0.93685,1.10050
design/phi0.30_seed3,0.13867,0.99540,1.10050
design/phi0.30_seed3,0.14258,0.99540,1.04548
design/phi0.30_seed3,0.14648,0.93685,1.04548
design/phi0.30_seed3,0.15039,1.05396,1.04548
design/phi0.30_seed3,0.15430,0.93685,1.04548
design/phi0.30_seed3,0.15820,0.93685,1.26558
design/phi0.30_seed3,0.16211,0.93685,1.32060
design/phi0.30_seed3,0.16602,0.99540,1.32060
design/phi0.30_seed3,0.16992,1.05396,1.37563
design/phi0.30_seed3,0.17383,0.99540,1.37563
design/phi0.30_seed3,0.17773,0.99540,1.37563
design/phi0.30_seed3,0.18164,0.99540,1.32060
design/phi0.30_seed3,0.18555,0.99540,1.26558
design/phi0.30_seed3,0.18945,0.99540,1.15553
design/phi0.30_seed3,0.19336,1.17106,1.26558
design/phi0.30_seed3,0.19727,1.11251,1.04548
design/phi0.30_seed3,0.20117,1.11251,1.04548
design/phi0.30_seed3,0.20508,1.11251,1.04548
design/phi0.30_seed3,0.20898,1.11251,1.04548
design/phi0.30_seed3,0.21289,1.22962,1.04548
design/phi0.30_seed3,0.21680,1.11251,1.04548
design/phi0.30_seed3,0.22070,1.05396,1.15553
design/phi0.30_seed3,0.22461,1.05396,1.10050
design/phi0.30_seed3,0.22852,1.05396,1.10050
design/phi0.30_seed3,0.23242,1.05396,1.04548
design/phi0.30_seed3,0.23633,1.05396,1.04548
design/phi0.30_seed3,0.24023,0.99540,1.04548
design/phi0.30_seed3,0.24414,0.99540,1.04548
design/phi0.30_seed3,0.24805,0.93685,1.04548
design/phi0.30_seed3,0.25195,0.87830,1.15553
design/phi0.30_seed3,0.25586,0.87830,1.10050
design/phi0.30_seed3,0.25977,0.87830,1.10050
design/phi0.30_seed3,0.26367,0.81974,1.21055
design/phi0.30_seed3,0.26758,0.81974,1.10050
design/phi0.30_seed3,0.27148,0.81974,1.10050
design/phi0.30_seed3,0.27539,0.87830,1.04548
design/phi0.30_seed3,0.27930,0.87830,0.99045
design/phi0.30_seed3,0.28320,0.87830,0.99045
design/phi0.30_seed3,0.28711,0.99540,1.04548
design/phi0.30_seed3,0.29102,1.17106,1.04548
design/phi0.30_seed3,0.29492,1.17106,1.04548
design/phi0.30_seed3,0.29883,1.28817,0.99045
design/phi0.30_seed3,0.30273,1.28817,0.93543
design/phi0.30_seed3,0.30664,1.28817,1.04548
design/phi0.30_seed3,0.31055,1.28817,1.04548
design/phi0.30_seed3,0.31445,1.28817,1.04548
design/phi0.30_seed3,0.31836,1.28817,1.04548
design/phi0.30_seed3,0.32227,1.28817,0.93543
design/phi0.30_seed3,0.32617,1.34672,0.71533
design/phi0.30_seed3,0.33008,1.17106,0.66030
design/phi0.30_seed3,0.33398,1.22962,0.66030
design/phi0.30_seed3,0.33789,1.22962,0.66030
design/phi0.30_seed3,0.34180,1.22962,0.66030
design/phi0.30_seed3,0.34570,1.22962,0.88040
design/phi0.30_seed3,0.34961,1.11251,0.71533
design/phi0.30_seed3,0.35352,0.93685,0.71533
design/phi0.30_seed3,0.35742,0.93685,0.71533
design/phi0.30_seed3,0.36133,0.81974,0.71533
design/phi0.30_seed3,0.36523,0.81974,0.71533
design/phi0.30_seed3,0.36914,0.93685,0.71533
design/phi0.30_seed3,0.37305,0.93685,0.71533
design/phi0.30_seed3,0.37695,0.99540,0.71533
design/phi0.30_seed3,0.38086,0.87830,0.71533
design/phi0.30_seed3,0.38477,0.87830,0.77035
design/phi0.30_seed3,0.38867,1.05396,0.82538
design/phi0.30_seed3,0.39258,1.05396,0.88040
design/phi0.30_seed3,0.39648,0.99540,0.82538
design/phi0.30_seed3,0.40039,0.99540,0.88040
design/phi0.30_seed3,0.40430,0.99540,0.88040
design/phi0.30_seed3,0.40820,0.87830,0.88040
design/phi0.30_seed3,0.41211,0.81974,0.71533
design/phi0.30_seed3,0.41602,0.93685,0.71533
design/phi0.30_seed3,0.41992,0.93685,0.71533
design/phi0.30_seed3,0.42383,0.93685,0.71533
design/phi0.30_seed3,0.42773,0.93685,0.82538
design/phi0.30_seed3,0.43164,0.93685,0.88040
design/phi0.30_seed3,0.43555,0.99540,0.88040
design/phi0.30_seed3,0.43945,1.28817,0.88040
design/phi0.30_seed3,0.44336,1.28817,0.88040
design/phi0.30_seed3,0.44727,1.28817,0.88040
design/phi0.30_seed3,0.45117,1.22962,0.88040
design/phi0.30_seed3,0.45508,1.22962,0.82538
design/phi0.30_seed3,0.45898,1.22962,0.93543
design/phi0.30_seed3,0.46289,1.22962,0.99045
design/phi0.30_seed3,0.46680,1.22962,0.99045
design/phi0.30_seed3,0.47070,1.22962,0.99045
design/phi0.30_seed3,0.47461,1.17106,1.15553
design/phi0.30_seed3,0.47852,1.17106,1.21055
design/phi0.30_seed3,0.48242,1.17106,1.21055
design/phi0.30_seed3,0.48633,1.11251,1.21055
design/phi0.30_seed3,0.49023,1.17106,1.21055
design/phi0.30_seed3,0.49414,1.11251,1.26558
design/phi0.30_seed3,0.49805,1.11251,1.26558
design/phi0.30_seed3,0.50195,1.11251,1.21055
design/phi0.30_seed3,0.50586,1.11251,1.10050
design/phi0.30_seed3,0.50977,1.11251,1.10050
design/phi0.30_seed3,0.51367,1.05396,1.21055
design/phi0.30_seed3,0.51758,0.99540,1.21055
design/phi0.30_seed3,0.52148,0.99540,1.21055
design/phi0.30_seed3,0.52539,0.99540,1.10050
design/phi0.30_seed3,0.52930,1.05396,1.15553
design/phi0.30_seed3,0.53320,1.05396,1.15553
design/phi0.30_seed3,0.53711,0.87830,1.15553
design/phi0.30_seed3,0.54102,0.87830,1.15553
design/phi0.30_seed3,0.54492,0.87830,1.26558
design/phi0.30_seed3,0.54883,1.11251,1.26558
design/phi0.30_seed3,0.55273,1.05396,1.21055
design/phi0.30_seed3,0.55664,0.99540,1.21055
design/phi0.30_seed3,0.56055,0.81974,1.21055
design/phi0.30_seed3,0.56445,0.76119,1.21055
design/phi0.30_seed3,0.56836,0.70264,1.04548
design/phi0.30_seed3,0.57227,0.70264,1.04548
design/phi0.30_seed3,0.57617,0.70264,1.10050
design/phi0.30_seed3,0.58008,0.70264,1.15553
design/phi0.30_seed3,0.58398,0.70264,1.15553
design/phi0.30_seed3,0.58789,0.70264,1.15553
design/phi0.30_seed3,0.59180,0.81974,1.04548
design/phi0.30_seed3,0.59570,0.81974,1.10050
design/phi0.30_seed3,0.59961,0.81974,1.10050
design/phi0.30_seed3,0.60352,0.87830,1.04548
design/phi0.30_seed3,0.60742,0.99540,1.04548
design/phi0.30_seed3,0.61133,0.99540,1.04548
design/phi0.30_seed3,0.61523,0.93685,1.04548
design/phi0.30_seed3,0.61914,0.87830,1.15553
design/phi0.30_seed3,0.62305,0.81974,1.04548
design/phi0.30_seed3,0.62695,0.87830,1.10050
design/phi0.30_seed3,0.63086,0.87830,1.04548
design/phi0.30_seed3,0.63477,0.87830,1.10050
design/phi0.30_seed3,0.63867,0.87830,1.10050
design/phi0.30_seed3,0.64258,0.81974,1.10050
design/phi0.30_seed3,0.64648,0.81974,1.04548
design/phi0.30_seed3,0.65039,0.81974,1.04548
design/phi0.30_seed3,0.65430,0.81974,1.04548
design/phi0.30_seed3,0.65820,0.87830,1.04548
design/phi0.30_seed3,0.66211,0.87830,1.04548
design/phi0.30_seed3,0.66602,0.87830,1.10050
design/phi0.30_seed3,0.66992,0.87830,1.10050
design/phi0.30_seed3,0.67383,0.81974,1.10050
design/phi0.30_seed3,0.67773,0.87830,1.10050
design/phi0.30_seed3,0.68164,0.87830,1.10050
design/phi0.30_seed3,0.68555,0.87830,1.04548
design/phi0.30_seed3,0.68945,0.87830,1.04548
design/phi0.30_seed3,0.69336,0.93685,1.04548
design/phi0.30_seed3,0.69727,0.93685,1.10050
design/phi0.30_seed3,0.70117,0.87830,1.10050
design/phi0.30_seed3,0.70508,0.87830,1.10050
design/phi0.30_seed3,0.70898,0.87830,1.10050
design/phi0.30_seed3,0.71289,0.87830,1.10050
design/phi0.30_seed3,0.71680,0.99540,1.10050
design/phi0.30_seed3,0.72070,1.05396,1.10050
design/phi0.30_seed3,0.72461,1.05396,1.10050
design/phi0.30_seed3,0.72852,1.05396,1.26558
design/phi0.30_seed3,0.73242,1.11251,1.15553
design/phi0.30_seed3,0.73633,1.22962,1.15553
design/phi0.30_seed3,0.74023,1.28817,1.15553
design/phi0.30_seed3,0.74414,1.28817,1.21055
design/phi0.30_seed3,0.74805,1.22962,1.21055
design/phi0.30_seed3,0.75195,1.22962,1.15553
design/phi0.30_seed3,0.75586,1.17106,1.15553
design/phi0.30_seed3,0.75977,1.17106,1.15553
design/phi0.30_seed3,0.76367,1.05396,1.10050
design/phi0.30_seed3,0.76758,0.87830,1.10050
design/phi0.30_seed3,0.77148,0.81974,0.99045
design/phi0.30_seed3,0.77539,0.76119,0.99045
design/phi0.30_seed3,0.77930,0.76119,0.99045
design/phi0.30_seed3,0.78320,0.76119,0.93543
design/phi0.30_seed3,0.78711,0.87830,0.93543
design/phi0.30_seed3,0.79102,0.87830,0.93543
design/phi0.30_seed3,0.79492,0.87830,0.88040
design/phi0.30_seed3,0.79883,0.87830,0.77035
design/phi0.30_seed3,0.80273,0.93685,0.77035
design/phi0.30_seed3,0.80664,0.93685,0.82538
design/phi0.30_seed3,0.81055,0.93685,0.77035
design/phi0.30_seed3,0.81445,1.05396,0.66030
design/phi0.30_seed3,0.81836,1.05396,0.66030
design/phi0.30_seed3,0.82227,1.05396,0.44020
design/phi0.30_seed3,0.82617,0.99540,0.44020
design/phi0.30_seed3,0.83008,0.93685,0.49523
design/phi0.30_seed3,0.83398,1.05396,0.55025
design/phi0.30_seed3,0.83789,1.05396,0.55025
design/phi0.30_seed3,0.84180,1.05396,0.55025
design/phi0.30_seed3,0.84570,1.05396,0.55025
design/phi0.30_seed3,0.84961,1.05396,0.55025
design/phi0.30_seed3,0.85352,1.05396,0.55025
design/phi0.30_seed3,0.85742,0.99540,0.60528
design/phi0.30_seed3,0.86133,0.99540,0.60528
design/phi0.30_seed3,0.86523,0.99540,0.60528
design/phi0.30_seed3,0.86914,0.99540,0.60528
design/phi0.30_seed3,0.87305,1.05396,0.60528
design/phi0.30_seed3,0.87695,1.05396,0.71533
design/phi0.30_seed3,0.88086,1.05396,0.66030
design/phi0.30_seed3,0.88477,0.99540,0.66030
design/phi0.30_seed3,0.88867,1.11251,0.66030
design/phi0.30_seed3,0.89258,1.05396,0.71533
design/phi0.30_seed3,0.89648,0.99540,0.82538
design/phi0.30_seed3,0.90039,0.99540,0.82538
design/phi0.30_seed3,0.90430,1.05396,0.77035
design/phi0.30_seed3,0.90820,1.05396,0.77035
design/phi0.30_seed3,0.91211,1.05396,0.82538
design/phi0.30_seed3,0.91602,1.05396,0.82538
design/phi0.30_seed3,0.91992,1.05396,0.82538
design/phi0.30_seed3,0.92383,1.05396,1.04548
design/phi0.30_seed3,0.92773,1.11251,1.15553
design/phi0.30_seed3,0.93164,1.17106,1.15553
design/phi0.30_seed3,0.93555,1.34672,1.15553
design/phi0.30_seed3,0.93945,1.22962,1.10050
design/phi0.30_seed3,0.94336,1.17106,1.10050
design/phi0.30_seed3,0.94727,0.99540,1.10050
design/phi0.30_seed3,0.95117,0.99540,1.10050
design/phi0.30_seed3,0.95508,0.99540,1.10050
design/phi0.30_seed3,0.95898,0.99540,1.10050
design/phi0.30_seed3,0.96289,0.99540,0.99045
design/phi0.30_seed3,0.96680,1.11251,0.99045
design/phi0.30_seed3,0.97070,0.99540,0.88040
design/phi0.30_seed3,0.97461,0.93685,0.82538
design/phi0.30_seed3,0.97852,0.87830,0.99045
design/phi0.30_seed3,0.98242,1.05396,0.82538
design/phi0.30_seed3,0.98633,0.93685,0.82538
design/phi0.30_seed3,0.99023,0.76119,0.88040
design/phi0.30_seed3,0.99414,0.76119,0.88040
design/phi0.30_seed3,0.99805,0.64408,0.88040
design/phi0.35_seed1,0.00195,0.69660,1.03778
design/phi0.35_seed1,0.00586,0.69660,0.97673
design/phi0.35_seed1,0.00977,0.69660,0.91569
design/phi0.35_seed1,0.01367,0.69660,0.91569
design/phi0.35_seed1,0.01758,0.69660,0.91569
design/phi0.35_seed1,0.02148,0.94991,0.91569
design/phi0.35_seed1,0.02539,0.94991,0.97673
design/phi0.35_seed1,0.02930,0.94991,0.97673
design/phi0.35_seed1,0.03320,0.94991,0.73255
design/phi0.35_seed1,0.03711,0.94991,0.73255
design/phi0.35_seed1,0.04102,0.94991,0.73255
design/phi0.35_seed1,0.04492,0.94991,0.73255
design/phi0.35_seed1,0.04883,1.01324,0.54941
design/phi0.35_seed1,0.05273,1.01324,0.54941
design/phi0.35_seed1,0.05664,1.01324,0.54941
design/phi0.35_seed1,0.06055,1.01324,0.54941
design/phi0.35_seed1,0.06445,0.82325,0.67150
design/phi0.35_seed1,0.06836,0.69660,0.61046
design/phi0.35_seed1,0.07227,0.69660,0.61046
design/phi0.35_seed1,0.07617,0.75993,0.61046
design/phi0.35_seed1,0.08008,0.75993,0.67150
design/phi0.35_seed1,0.08398,0.94991,0.67150
design/phi0.35_seed1,0.08789,0.94991,0.67150
design/phi0.35_seed1,0.09180,0.88658,0.73255
design/phi0.35_seed1,0.09570,0.88658,0.73255
design/phi0.35_seed1,0.09961,0.88658,0.85464
design/phi0.35_seed1,0.10352,0.88658,0.85464
design/phi0.35_seed1,0.10742,1.01324,0.91569
design/phi0.35_seed1,0.11133,1.01324,0.91569
design/phi0.35_seed1,0.11523,1.01324,0.91569
design/phi0.35_seed1,0.11914,1.01324,1.03778
design/phi0.35_seed1,0.12305,1.13989,1.03778
design/phi0.35_seed1,0.12695,1.13989,1.03778
design/phi0.35_seed1,0.13086,1.13989,1.09882
design/phi0.35_seed1,0.13477,1.13989,1.09882
design/phi0.35_seed1,0.13867,1.07656,1.15987
design/phi0.35_seed1,0.14258,1.13989,1.03778
design/phi0.35_seed1,0.14648,1.39320,1.03778
design/phi0.35_seed1,0.15039,1.51985,1.09882
design/phi0.35_seed1,0.15430,1.51985,1.03778
design/phi0.35_seed1,0.15820,1.51985,1.03778
design/phi0.35_seed1,0.16211,1.39320,1.03778
design/phi0.35_seed1,0.16602,1.45653,1.09882
design/phi0.35_seed1,0.16992,1.45653,1.15987
design/phi0.35_seed1,0.17383,1.51985,1.22092
design/phi0.35_seed1,0.17773,1.39320,1.28196
design/phi0.35_seed1,0.18164,1.39320,1.40405
design/phi0.35_seed1,0.18555,1.32987,1.40405
design/phi0.35_seed1,0.18945,1.20322,1.46510
design/phi0.35_seed1,0.19336,1.20322,1.46510
design/phi0.35_seed1,0.19727,1.26655,1.34301
design/phi0.35_seed1,0.20117,1.32987,1.34301
design/phi0.35_seed1,0.20508,1.07656,1.22092
design/phi0.35_seed1,0.20898,1.07656,1.09882
design/phi0.35_seed1,0.21289,1.13989,0.85464
design/phi0.35_seed1,0.21680,1.13989,0.85464
design/phi0.35_seed1,0.22070,1.07656,0.85464
design/phi0.35_seed1,0.22461,1.07656,0.85464
design/phi0.35_seed1,0.22852,1.07656,0.85464
design/phi0.35_seed1,0.23242,1.20322,0.79360
design/phi0.35_seed1,0.23633,1.26655,0.91569
design/phi0.35_seed1,0.24023,1.26655,0.85464
design/phi0.35_seed1,0.24414,1.26655,0.85464
design/phi0.35_seed1,0.24805,1.20322,0.73255
design/phi0.35_seed1,0.25195,1.20322,0.73255
design/phi0.35_seed1,0.25586,1.26655,0.73255
design/phi0.35_seed1,0.25977,1.32987,0.79360
design/phi0.35_seed1,0.26367,1.26655,0.79360
design/phi0.35_seed1,0.26758,1.20322,0.79360
design/phi0.35_seed1,0.27148,1.20322,0.79360
design/phi0.35_seed1,0.27539,1.26655,0.79360
design/phi0.35_seed1,0.27930,1.20322,0.97673
design/phi0.35_seed1,0.28320,1.20322,1.09882
design/phi0.35_seed1,0.28711,1.20322,1.09882
design/phi0.35_seed1,0.29102,1.07656,1.22092
design/phi0.35_seed1,0.29492,1.07656,1.15987
design/phi0.35_seed1,0.29883,1.07656,1.15987
design/phi0.35_seed1,0.30273,1.20322,1.22092
design/phi0.35_seed1,0.30664,1.26655,1.15987
design/phi0.35_seed1,0.31055,1.20322,1.15987
design/phi0.35_seed1,0.31445,1.26655,1.09882
design/phi0.35_seed1,0.31836,1.26655,1.09882
design/phi0.35_seed1,0.32227,1.26655,1.09882
design/phi0.35_seed1,0.32617,1.32987,1.09882
design/phi0.35_seed1,0.33008,1.32987,1.09882
design/phi0.35_seed1,0.33398,1.32987,0.97673
design/phi0.35_seed1,0.33789,1.26655,1.03778
design/phi0.35_seed1,0.34180,1.07656,0.97673
design/phi0.35_seed1,0.34570,1.01324,0.97673
design/phi0.35_seed1,0.34961,0.88658,1.15987
design/phi0.35_seed1,0.35352,1.01324,1.15987
design/phi0.35_seed1,0.35742,1.01324,1.09882
design/phi0.35_seed1,0.36133,0.82325,1.22092
design/phi0.35_seed1,0.36523,0.82325,1.46510
design/phi0.35_seed1,0.36914,0.82325,1.46510
design/phi0.35_seed1,0.37305,0.82325,1.46510
design/phi0.35_seed1,0.37695,0.75993,1.34301
design/phi0.35_seed1,0.38086,0.75993,1.34301
design/phi0.35_seed1,0.38477,0.63327,1.34301
design/phi0.35_seed1,0.38867,0.75993,1.34301
design/phi0.35_seed1,0.39258,0.82325,1.40405
design/phi0.35_seed1,0.39648,0.82325,1.40405
design/phi0.35_seed1,0.40039,0.94991,1.40405
design/phi0.35_seed1,0.40430,0.94991,1.40405
design/phi0.35_seed1,0.40820,0.94991,1.28196
design/phi0.35_seed1,0.41211,0.94991,1.28196
design/phi0.35_seed1,0.41602,0.88658,1.22092
design/phi0.35_seed1,0.41992,0.94991,1.22092
design/phi0.35_seed1,0.42383,0.94991,1.22092
design/phi0.35_seed1,0.42773,0.94991,1.28196
design/phi0.35_seed1,0.43164,1.07656,1.28196
design/phi0.35_seed1,0.43555,1.07656,1.28196
design/phi0.35_seed1,0.43945,1.13989,1.28196
design/phi0.35_seed1,0.44336,1.13989,1.22092
design/phi0.35_seed1,0.44727,1.20322,1.09882
design/phi0.35_seed1,0.45117,1.20322,1.03778
design/phi0.35_seed1,0.45508,1.20322,0.91569
design/phi0.35_seed1,0.45898,1.20322,0.91569
design/phi0.35_seed1,0.46289,1.13989,0.85464
design/phi0.35_seed1,0.46680,1.07656,0.97673
design/phi0.35_seed1,0.47070,1.13989,1.03778
design/phi0.35_seed1,0.47461,1.01324,1.03778
design/phi0.35_seed1,0.47852,1.01324,1.03778
design/phi0.35_seed1,0.48242,1.07656,1.03778
design/phi0.35_seed1,0.48633,1.01324,1.03778
design/phi0.35_seed1,0.49023,0.94991,0.97673
design/phi0.35_seed1,0.49414,0.94991,0.91569
design/phi0.35_seed1,0.49805,1.01324,0.91569
design/phi0.35_seed1,0.50195,1.07656,0.85464
design/phi0.35_seed1,0.50586,1.13989,1.15987
design/phi0.35_seed1,0.50977,1.26655,1.15987
design/phi0.35_seed1,0.51367,1.20322,1.09882
design/phi0.35_seed1,0.51758,1.20322,1.09882
design/phi0.35_seed1,0.52148,1.13989,1.09882
design/phi0.35_seed1,0.52539,1.13989,1.09882
design/phi0.35_seed1,0.52930,1.13989,1.03778
design/phi0.35_seed1,0.53320,1.13989,0.91569
design/phi0.35_seed1,0.53711,1.07656,0.85464
design/phi0.35_seed1,0.54102,1.07656,0.85464
design/phi0.35_seed1,0.54492,1.20322,0.85464
design/phi0.35_seed1,0.54883,1.26655,0.85464
design/phi0.35_seed1,0.55273,1.26655,0.91569
design/phi0.35_seed1,0.55664,1.07656,0.91569
design/phi0.35_seed1,0.56055,1.07656,0.91569
design/phi0.35_seed1,0.56445,1.07656,0.91569
design/phi0.35_seed1,0.56836,1.07656,0.91569
design/phi0.35_seed1,0.57227,1.07656,0.91569
design/phi0.35_seed1,0.57617,1.07656,0.73255
design/phi0.35_seed1,0.58008,1.01324,0.73255
design/phi0.35_seed1,0.58398,1.07656,0.73255
design/phi0.35_seed1,0.58789,1.01324,0.73255
design/phi0.35_seed1,0.59180,0.94991,0.73255
design/phi0.35_seed1,0.59570,0.94991,0.73255
design/phi0.35_seed1,0.59961,0.94991,0.61046
design/phi0.35_seed1,0.60352,1.07656,0.61046
design/phi0.35_seed1,0.60742,1.07656,0.61046
design/phi0.35_seed1,0.61133,1.07656,0.61046
design/phi0.35_seed1,0.61523,1.01324,0.61046
design/phi0.35_seed1,0.61914,0.82325,0.73255
design/phi0.35_seed1,0.62305,0.82325,0.79360
design/phi0.35_seed1,0.62695,0.82325,0.61046
design/phi0.35_seed1,0.63086,0.94991,0.54941
design/phi0.35_seed1,0.63477,0.94991,0.54941
design/phi0.35_seed1,0.63867,0.88658,0.54941
design/phi0.35_seed1,0.64258,0.88658,0.54941
design/phi0.35_seed1,0.64648,0.88658,0.54941
design/phi0.35_seed1,0.65039,0.88658,0.54941
design/phi0.35_seed1,0.65430,0.88658,0.61046
design/phi0.35_seed1,0.65820,0.88658,0.54941
design/phi0.35_seed1,0.66211,0.88658,0.54941
design/phi0.35_seed1,0.66602,0.82325,0.54941
design/phi0.35_seed1,0.66992,0.82325,0.54941
design/phi0.35_seed1,0.67383,0.94991,0.61046
design/phi0.35_seed1,0.67773,0.88658,0.61046
design/phi0.35_seed1,0.68164,0.88658,0.54941
design/phi0.35_seed1,0.68555,0.88658,0.54941
design/phi0.35_seed1,0.68945,0.75993,0.48837
design/phi0.35_seed1,0.69336,0.88658,0.61046
design/phi0.35_seed1,0.69727,0.82325,0.61046
design/phi0.35_seed1,0.70117,0.75993,0.67150
design/phi0.35_seed1,0.70508,0.94991,0.67150
design/phi0.35_seed1,0.70898,0.94991,0.79360
design/phi0.35_seed1,0.71289,0.94991,0.73255
design/phi0.35_seed1,0.71680,0.94991,0.79360
design/phi0.35_seed1,0.72070,1.07656,0.91569
design/phi0.35_seed1,0.72461,1.07656,0.91569
design/phi0.35_seed1,0.72852,0.94991,0.91569
design/phi0.35_seed1,0.73242,0.88658,0.91569
design/phi0.35_seed1,0.73633,0.94991,1.03778
design/phi0.35_seed1,0.74023,1.01324,1.03778
design/phi0.35_seed1,0.74414,1.01324,1.15987
design/phi0.35_seed1,0.74805,1.01324,1.15987
design/phi0.35_seed1,0.75195,1.01324,1.22092
design/phi0.35_seed1,0.75586,1.01324,1.15987
design/phi0.35_seed1,0.75977,1.01324,1.15987
design/phi0.35_seed1,0.76367,0.94991,1.03778
design/phi0.35_seed1,0.76758,0.94991,0.91569
design/phi0.35_seed1,0.77148,0.94991,0.91569
design/phi0.35_seed1,0.77539,0.75993,0.91569
design/phi0.35_seed1,0.77930,0.75993,0.85464
design/phi0.35_seed1,0.78320,0.75993,0.85464
design/phi0.35_seed1,0.78711,0.69660,0.85464
design/phi0.35_seed1,0.79102,0.63327,0.85464
design/phi0.35_seed1,0.79492,0.69660,0.97673
design/phi0.35_seed1,0.79883,0.69660,0.97673
design/phi0.35_seed1,0.80273,0.69660,1.03778
design/phi0.35_seed1,0.80664,0.63327,1.22092
design/phi0.35_seed1,0.81055,0.50662,1.34301
design/phi0.35_seed1,0.81445,0.50662,1.40405
design/phi0.35_seed1,0.81836,0.50662,1.58719
design/phi0.35_seed1,0.82227,0.50662,1.46510
design/phi0.35_seed1,0.82617,0.50662,1.46510
design/phi0.35_seed1,0.83008,0.37996,1.34301
design/phi0.35_seed1,0.83398,0.37996,1.34301
design/phi0.35_seed1,0.83789,0.44329,1.46510
design/phi0.35_seed1,0.84180,0.50662,1.40405
design/phi0.35_seed1,0.84570,0.50662,1.46510
design/phi0.35_seed1,0.84961,0.63327,1.52614
design/phi0.35_seed1,0.85352,0.75993,1.64824
design/phi0.35_seed1,0.85742,0.75993,1.34301
design/phi0.35_seed1,0.86133,0.75993,1.34301
design/phi0.35_seed1,0.86523,0.75993,1.28196
design/phi0.35_seed1,0.86914,0.94991,1.28196
design/phi0.35_seed1,0.87305,0.94991,1.34301
design/phi0.35_seed1,0.87695,1.01324,1.34301
design/phi0.35_seed1,0.88086,1.01324,1.40405
design/phi0.35_seed1,0.88477,1.07656,1.22092
design/phi0.35_seed1,0.88867,1.13989,1.22092
design/phi0.35_seed1,0.89258,1.20322,1.22092
design/phi0.35_seed1,0.89648,1.20322,1.22092
design/phi0.35_seed1,0.90039,1.01324,1.15987
design/phi0.35_seed1,0.90430,0.88658,1.15987
design/phi0.35_seed1,0.90820,0.94991,1.28196
design/phi0.35_seed1,0.91211,0.88658,1.09882
design/phi0.35_seed1,0.91602,0.88658,1.09882
design/phi0.35_seed1,0.91992,0.88658,1.09882
design/phi0.35_seed1,0.92383,1.01324,1.03778
design/phi0.35_seed1,0.92773,1.01324,1.03778
design/phi0.35_seed1,0.93164,0.88658,1.03778
design/phi0.35_seed1,0.93555,0.94991,0.97673
design/phi0.35_seed1,0.93945,0.75993,1.03778
design/phi0.35_seed1,0.94336,0.75993,1.03778
design/phi0.35_seed1,0.94727,0.82325,1.03778
design/phi0.35_seed1,0.95117,0.88658,1.03778
design/phi0.35_seed1,0.95508,0.88658,1.09882
design/phi0.35_seed1,0.95898,0.94991,1.03778
design/phi0.35_seed1,0.96289,0.94991,1.03778
design/phi0.35_seed1,0.96680,0.94991,1.09882
design/phi0.35_seed1,0.97070,0.94991,1.15987
design/phi0.35_seed1,0.97461,0.82325,1.15987
design/phi0.35_seed1,0.97852,0.82325,1.15987
design/phi0.35_seed1,0.98242,0.88658,1.15987
design/phi0.35_seed1,0.98633,0.94991,1.03778
design/phi0.35_seed1,0.99023,0.94991,1.03778
design/phi0.35_seed1,0.99414,0.88658,1.03778
design/phi0.35_seed1,0.99805,0.82325,1.03778
design/phi0.35_seed2,0.00195,0.68959,1.28893
design/phi0.35_seed2,0.00586,0.68959,1.23289
design/phi0.35_seed2,0.00977,0.74706,1.06477
design/phi0.35_seed2,0.01367,0.74706,1.06477
design/phi0.35_seed2,0.01758,0.68959,1.00873
design/phi0.35_seed2,0.02148,0.68959,1.06477
design/phi0.35_seed2,0.02539,0.68959,0.89665
design/phi0.35_seed2,0.02930,0.74706,0.89665
design/phi0.35_seed2,0.03320,0.74706,0.89665
design/phi0.35_seed2,0.03711,0.68959,0.95269
design/phi0.35_seed2,0.04102,0.80452,1.00873
design/phi0.35_seed2,0.04492,0.86199,1.17685
design/phi0.35_seed2,0.04883,0.86199,1.17685
design/phi0.35_seed2,0.05273,0.80452,1.17685
design/phi0.35_seed2,0.05664,0.74706,1.17685
design/phi0.35_seed2,0.06055,0.80452,1.28893
design/phi0.35_seed2,0.06445,0.80452,1.06477
design/phi0.35_seed2,0.06836,0.80452,1.17685
design/phi0.35_seed2,0.07227,0.80452,1.23289
design/phi0.35_seed2,0.07617,0.80452,1.17685
design/phi0.35_seed2,0.08008,0.74706,1.17685
design/phi0.35_seed2,0.08398,0.74706,1.12081
design/phi0.35_seed2,0.08789,0.74706,1.06477
design/phi0.35_seed2,0.09180,0.86199,1.06477
design/phi0.35_seed2,0.09570,0.97692,1.06477
design/phi0.35_seed2,0.09961,0.97692,0.89665
design/phi0.35_seed2,0.10352,1.14932,0.89665
design/phi0.35_seed2,0.10742,1.09185,0.78457
design/phi0.35_seed2,0.11133,1.20678,0.84061
design/phi0.35_seed2,0.11523,1.37918,0.84061
design/phi0.35_seed2,0.11914,1.37918,0.84061
design/phi0.35_seed2,0.12305,1.32171,0.84061
design/phi0.35_seed2,0.12695,1.26425,0.67249
design/phi0.35_seed2,0.13086,1.26425,0.61644
design/phi0.35_seed2,0.13477,1.20678,0.67249
design/phi0.35_seed2,0.13867,1.03439,0.72853
design/phi0.35_seed2,0.14258,1.03439,0.72853
design/phi0.35_seed2,0.14648,1.03439,0.61644
design/phi0.35_seed2,0.15039,1.09185,0.61644
design/phi0.35_seed2,0.15430,1.09185,0.56040
design/phi0.35_seed2,0.15820,1.09185,0.67249
design/phi0.35_seed2,0.16211,1.09185,0.67249
design/phi0.35_seed2,0.16602,1.09185,0.78457
design/phi0.35_seed2,0.16992,1.09185,0.95269
design/phi0.35_seed2,0.17383,1.14932,0.95269
design/phi0.35_seed2,0.17773,1.26425,1.00873
design/phi0.35_seed2,0.18164,1.32171,1.00873
design/phi0.35_seed2,0.18555,1.26425,1.00873
design/phi0.35_seed2,0.18945,1.26425,1.00873
design/phi0.35_seed2,0.19336,1.26425,0.95269
design/phi0.35_seed2,0.19727,1.20678,1.12081
design/phi0.35_seed2,0.20117,1.26425,1.00873
design/phi0.35_seed2,0.20508,1.03439,1.00873
design/phi0.35_seed2,0.20898,1.03439,0.95269
design/phi0.35_seed2,0.21289,1.03439,0.84061
design/phi0.35_seed2,0.21680,1.03439,0.84061
design/phi0.35_seed2,0.22070,1.09185,0.84061
design/phi0.35_seed2,0.22461,0.97692,0.78457
design/phi0.35_seed2,0.22852,0.97692,0.72853
design/phi0.35_seed2,0.23242,0.97692,0.72853
design/phi0.35_seed2,0.23633,0.97692,0.72853
design/phi0.35_seed2,0.24023,0.97692,0.72853
design/phi0.35_seed2,0.24414,1.03439,0.67249
design/phi0.35_seed2,0.24805,1.09185,0.67249
design/phi0.35_seed2,0.25195,1.03439,0.67249
design/phi0.35_seed2,0.25586,1.09185,0.67249
design/phi0.35_seed2,0.25977,1.03439,0.78457
design/phi0.35_seed2,0.26367,0.97692,0.78457
design/phi0.35_seed2,0.26758,0.97692,0.78457
design/phi0.35_seed2,0.27148,0.97692,0.78457
design/phi0.35_seed2,0.27539,0.91945,0.78457
design/phi0.35_seed2,0.27930,0.91945,0.78457
design/phi0.35_seed2,0.28320,0.91945,0.78457
design/phi0.35_seed2,0.28711,0.97692,0.67249
design/phi0.35_seed2,0.29102,0.97692,0.67249
design/phi0.35_seed2,0.29492,0.86199,0.67249
design/phi0.35_seed2,0.29883,0.86199,0.67249
design/phi0.35_seed2,0.30273,0.91945,0.61644
design/phi0.35_seed2,0.30664,0.91945,0.61644
design/phi0.35_seed2,0.31055,1.14932,0.61644
design/phi0.35_seed2,0.31445,1.14932,0.61644
design/phi0.35_seed2,0.31836,1.14932,0.67249
design/phi0.35_seed2,0.32227,1.14932,0.67249
design/phi0.35_seed2,0.32617,1.20678,0.67249
design/phi0.35_seed2,0.33008,1.14932,0.67249
design/phi0.35_seed2,0.33398,1.03439,0.67249
design/phi0.35_seed2,0.33789,1.09185,0.56040
design/phi0.35_seed2,0.34180,1.03439,0.56040
design/phi0.35_seed2,0.34570,0.91945,0.61644
design/phi0.35_seed2,0.34961,0.91945,0.61644
design/phi0.35_seed2,0.35352,0.91945,0.61644
design/phi0.35_seed2,0.35742,0.86199,0.61644
design/phi0.35_seed2,0.36133,1.20678,0.61644
design/phi0.35_seed2,0.36523,1.20678,0.61644
design/phi0.35_seed2,0.36914,1.20678,0.61644
design/phi0.35_seed2,0.37305,1.20678,0.61644
design/phi0.35_seed2,0.37695,1.20678,0.61644
design/phi0.35_seed2,0.38086,1.20678,0.56040
design/phi0.35_seed2,0.38477,1.26425,0.56040
design/phi0.35_seed2,0.38867,1.26425,0.61644
design/phi0.35_seed2,0.39258,1.26425,0.67249
design/phi0.35_seed2,0.39648,1.14932,0.78457
design/phi0.35_seed2,0.40039,1.14932,0.78457
design/phi0.35_seed2,0.40430,1.14932,0.72853
design/phi0.35_seed2,0.40820,1.20678,0.72853
design/phi0.35_seed2,0.41211,1.26425,0.72853
design/phi0.35_seed2,0.41602,1.26425,0.72853
design/phi0.35_seed2,0.41992,1.26425,0.72853
design/phi0.35_seed2,0.42383,1.26425,0.78457
design/phi0.35_seed2,0.42773,1.14932,0.78457
design/phi0.35_seed2,0.43164,1.03439,0.78457
design/phi0.35_seed2,0.43555,1.03439,0.78457
design/phi0.35_seed2,0.43945,1.03439,1.00873
design/phi0.35_seed2,0.44336,1.03439,1.00873
design/phi0.35_seed2,0.44727,1.03439,1.00873
design/phi0.35_seed2,0.45117,1.14932,1.00873
design/phi0.35_seed2,0.45508,1.20678,1.00873
design/phi0.35_seed2,0.45898,1.20678,1.00873
design/phi0.35_seed2,0.46289,1.26425,1.00873
design/phi0.35_seed2,0.46680,1.26425,1.00873
design/phi0.35_seed2,0.47070,1.26425,1.00873
design/phi0.35_seed2,0.47461,1.26425,1.00873
design/phi0.35_seed2,0.47852,1.14932,1.17685
design/phi0.35_seed2,0.48242,1.20678,1.06477
design/phi0.35_seed2,0.48633,1.32171,1.17685
design/phi0.35_seed2,0.49023,1.32171,1.06477
design/phi0.35_seed2,0.49414,1.32171,1.06477
design/phi0.35_seed2,0.49805,1.32171,1.12081
design/phi0.35_seed2,0.50195,1.43665,1.12081
design/phi0.35_seed2,0.50586,1.37918,1.17685
design/phi0.35_seed2,0.50977,1.37918,1.12081
design/phi0.35_seed2,0.51367,1.60904,1.12081
design/phi0.35_seed2,0.51758,1.37918,1.00873
design/phi0.35_seed2,0.52148,1.37918,0.95269
design/phi0.35_seed2,0.52539,1.43665,0.89665
design/phi0.35_seed2,0.52930,1.43665,0.89665
design/phi0.35_seed2,0.53320,1.43665,0.89665
design/phi0.35_seed2,0.53711,1.55158,0.95269
design/phi0.35_seed2,0.54102,1.49411,0.95269
design/phi0.35_seed2,0.54492,1.49411,0.89665
design/phi0.35_seed2,0.54883,1.49411,0.95269
design/phi0.35_seed2,0.55273,1.32171,1.06477
design/phi0.35_seed2,0.55664,1.26425,1.06477
design/phi0.35_seed2,0.56055,1.20678,1.06477
design/phi0.35_seed2,0.56445,1.43665,1.06477
design/phi0.35_seed2,0.56836,1.43665,1.06477
design/phi0.35_seed2,0.57227,1.43665,1.12081
design/phi0.35_seed2,0.57617,1.37918,1.06477
design/phi0.35_seed2,0.58008,1.32171,0.95269
design/phi0.35_seed2,0.58398,1.32171,0.89665
design/phi0.35_seed2,0.58789,1.26425,0.89665
design/phi0.35_seed2,0.59180,1.32171,0.89665
design/phi0.35_seed2,0.59570,1.32171,0.95269
design/phi0.35_seed2,0.59961,1.32171,1.00873
design/phi0.35_seed2,0.60352,1.37918,1.00873
design/phi0.35_seed2,0.60742,1.26425,1.00873
design/phi0.35_seed2,0.61133,1.09185,1.00873
design/phi0.35_seed2,0.61523,1.14932,1.06477
design/phi0.35_seed2,0.61914,1.03439,1.06477
design/phi0.35_seed2,0.62305,1.03439,1.17685
design/phi0.35_seed2,0.62695,1.03439,1.17685
design/phi0.35_seed2,0.63086,0.97692,1.17685
design/phi0.35_seed2,0.63477,1.03439,1.17685
design/phi0.35_seed2,0.63867,1.14932,1.17685
design/phi0.35_seed2,0.64258,1.03439,1.23289
design/phi0.35_seed2,0.64648,1.03439,1.23289
design/phi0.35_seed2,0.65039,1.14932,1.28893
design/phi0.35_seed2,0.65430,1.14932,1.34497
design/phi0.35_seed2,0.65820,1.14932,1.34497
design/phi0.35_seed2,0.66211,1.09185,1.28893
design/phi0.35_seed2,0.66602,1.09185,1.40101
design/phi0.35_seed2,0.66992,1.09185,1.34497
design/phi0.35_seed2,0.67383,1.09185,1.34497
design/phi0.35_seed2,0.67773,1.09185,1.28893
design/phi0.35_seed2,0.68164,1.09185,1.28893
design/phi0.35_seed2,0.68555,0.97692,1.28893
design/phi0.35_seed2,0.68945,0.86199,1.28893
design/phi0.35_seed2,0.69336,0.80452,1.40101
design/phi0.35_seed2,0.69727,0.80452,1.51309
design/phi0.35_seed2,0.70117,0.68959,1.51309
design/phi0.35_seed2,0.70508,0.68959,1.56913
design/phi0.35_seed2,0.70898,0.68959,1.51309
design/phi0.35_seed2,0.71289,0.68959,1.45705
design/phi0.35_seed2,0.71680,0.68959,1.45705
design/phi0.35_seed2,0.72070,0.68959,1.45705
design/phi0.35_seed2,0.72461,0.63212,1.56913
design/phi0.35_seed2,0.72852,0.63212,1.51309
design/phi0.35_seed2,0.73242,0.63212,1.51309
design/phi0.35_seed2,0.73633,0.51719,1.51309
design/phi0.35_seed2,0.74023,0.45973,1.56913
design/phi0.35_seed2,0.74414,0.45973,1.40101
design/phi0.35_seed2,0.74805,0.51719,1.34497
design/phi0.35_seed2,0.75195,0.57466,1.45705
design/phi0.35_seed2,0.75586,0.51719,1.12081
design/phi0.35_seed2,0.75977,0.51719,1.17685
design/phi0.35_seed2,0.76367,0.51719,1.17685
design/phi0.35_seed2,0.76758,0.51719,1.12081
design/phi0.35_seed2,0.77148,0.51719,1.00873
design/phi0.35_seed2,0.77539,0.51719,0.89665
design/phi0.35_seed2,0.77930,0.51719,0.89665
design/phi0.35_seed2,0.78320,0.45973,0.84061
design/phi0.35_seed2,0.78711,0.45973,0.95269
design/phi0.35_seed2,0.79102,0.45973,1.12081
design/phi0.35_seed2,0.79492,0.45973,1.06477
design/phi0.35_seed2,0.79883,0.63212,1.06477
design/phi0.35_seed2,0.80273,0.63212,1.00873
design/phi0.35_seed2,0.80664,0.51719,1.06477
design/phi0.35_seed2,0.81055,0.63212,1.06477
design/phi0.35_seed2,0.81445,0.63212,1.06477
design/phi0.35_seed2,0.81836,0.68959,1.00873
design/phi0.35_seed2,0.82227,0.57466,1.00873
design/phi0.35_seed2,0.82617,0.57466,0.95269
design/phi0.35_seed2,0.83008,0.57466,1.06477
design/phi0.35_seed2,0.83398,0.57466,1.17685
design/phi0.35_seed2,0.83789,0.57466,1.23289
design/phi0.35_seed2,0.84180,0.51719,1.28893
design/phi0.35_seed2,0.84570,0.51719,1.28893
design/phi0.35_seed2,0.84961,0.51719,1.28893
design/phi0.35_seed2,0.85352,0.80452,1.06477
design/phi0.35_seed2,0.85742,0.80452,1.06477
design/phi0.35_seed2,0.86133,0.86199,1.23289
design/phi0.35_seed2,0.86523,0.86199,1.23289
design/phi0.35_seed2,0.86914,0.86199,1.23289
design/phi0.35_seed2,0.87305,0.97692,1.17685
design/phi0.35_seed2,0.87695,1.03439,1.12081
design/phi0.35_seed2,0.88086,0.97692,1.06477
design/phi0.35_seed2,0.88477,0.97692,1.06477
design/phi0.35_seed2,0.88867,0.91945,1.12081
design/phi0.35_seed2,0.89258,0.91945,1.23289
design/phi0.35_seed2,0.89648,0.80452,1.17685
design/phi0.35_seed2,0.90039,0.80452,1.17685
design/phi0.35_seed2,0.90430,0.80452,1.17685
design/phi0.35_seed2,0.90820,0.68959,1.17685
design/phi0.35_seed2,0.91211,0.80452,1.23289
design/phi0.35_seed2,0.91602,0.97692,1.28893
design/phi0.35_seed2,0.91992,0.97692,1.28893
design/phi0.35_seed2,0.92383,0.97692,1.23289
design/phi0.35_seed2,0.92773,0.86199,1.17685
design/phi0.35_seed2,0.93164,0.86199,1.17685
design/phi0.35_seed2,0.93555,0.86199,1.12081
design/phi0.35_seed2,0.93945,0.86199,1.06477
design/phi0.35_seed2,0.94336,0.86199,1.12081
design/phi0.35_seed2,0.94727,0.91945,1.12081
design/phi0.35_seed2,0.95117,0.86199,1.12081
design/phi0.35_seed2,0.95508,0.97692,1.12081
design/phi0.35_seed2,0.95898,0.97692,1.06477
design/phi0.35_seed2,0.96289,0.91945,1.17685
design/phi0.35_seed2,0.96680,0.91945,1.17685
design/phi0.35_seed2,0.97070,0.74706,1.17685
design/phi0.35_seed2,0.97461,0.80452,1.06477
design/phi0.35_seed2,0.97852,0.80452,1.06477
design/phi0.35_seed2,0.98242,0.68959,1.06477
design/phi0.35_seed2,0.98633,0.68959,1.17685
design/phi0.35_seed2,0.99023,0.80452,1.17685
design/phi0.35_seed2,0.99414,0.74706,1.23289
design/phi0.35_seed2,0.99805,0.68959,1.34497
design/phi0.35_seed3,0.00195,0.57910,0.66186
design/phi0.35_seed3,0.00586,0.64345,0.66186
design/phi0.35_seed3,0.00977,0.64345,0.66186
design/phi0.35_seed3,0.01367,0.83648,0.66186
design/phi0.35_seed3,0.01758,0.83648,0.66186
design/phi0.35_seed3,0.02148,0.77214,0.66186
design/phi0.35_seed3,0.02539,0.77214,0.66186
design/phi0.35_seed3,0.02930,0.83648,0.72203
design/phi0.35_seed3,0.03320,0.90082,0.78220
design/phi0.35_seed3,0.03711,0.96517,0.90254
design/phi0.35_seed3,0.04102,1.02951,0.90254
design/phi0.35_seed3,0.04492,0.96517,0.90254
design/phi0.35_seed3,0.04883,1.09386,0.96271
design/phi0.35_seed3,0.05273,1.09386,0.96271
design/phi0.35_seed3,0.05664,1.09386,0.96271
design/phi0.35_seed3,0.06055,0.90082,0.96271
design/phi0.35_seed3,0.06445,0.96517,0.96271
design/phi0.35_seed3,0.06836,1.15820,0.96271
design/phi0.35_seed3,0.07227,1.15820,0.96271
design/phi0.35_seed3,0.07617,1.22255,0.90254
design/phi0.35_seed3,0.08008,1.22255,0.90254
design/phi0.35_seed3,0.08398,1.22255,0.90254
design/phi0.35_seed3,0.08789,1.22255,1.02287
design/phi0.35_seed3,0.09180,1.22255,1.02287
design/phi0.35_seed3,0.09570,1.35124,1.02287
design/phi0.35_seed3,0.09961,1.35124,1.02287
design/phi0.35_seed3,0.10352,1.47993,1.02287
design/phi0.35_seed3,0.10742,1.54427,1.02287
design/phi0.35_seed3,0.11133,1.41558,1.02287
design/phi0.35_seed3,0.11523,1.41558,1.08304
design/phi0.35_seed3,0.11914,1.41558,1.14321
design/phi0.35_seed3,0.12305,1.35124,1.14321
design/phi0.35_seed3,0.12695,1.28689,1.14321
design/phi0.35_seed3,0.13086,1.22255,1.14321
design/phi0.35_seed3,0.13477,1.22255,1.14321
design/phi0.35_seed3,0.13867,1.35124,1.14321
design/phi0.35_seed3,0.14258,1.28689,1.14321
design/phi0.35_seed3,0.14648,1.28689,1.20338
design/phi0.35_seed3,0.15039,1.22255,1.20338
design/phi0.35_seed3,0.15430,1.22255,1.32372
design/phi0.35_seed3,0.15820,1.22255,1.32372
design/phi0.35_seed3,0.16211,1.09386,1.38389
design/phi0.35_seed3,0.16602,1.09386,1.38389
design/phi0.35_seed3,0.16992,1.15820,1.44406
design/phi0.35_seed3,0.17383,1.22255,1.50423
design/phi0.35_seed3,0.17773,1.22255,1.50423
design/phi0.35_seed3,0.18164,1.22255,1.50423
design/phi0.35_seed3,0.18555,1.22255,1.50423
design/phi0.35_seed3,0.18945,1.09386,1.50423
design/phi0.35_seed3,0.19336,1.28689,1.50423
design/phi0.35_seed3,0.19727,1.28689,1.50423
design/phi0.35_seed3,0.20117,1.15820,1.50423
design/phi0.35_seed3,0.20508,1.15820,1.50423
design/phi0.35_seed3,0.20898,1.15820,1.38389
design/phi0.35_seed3,0.21289,1.09386,1.32372
design/phi0.35_seed3,0.21680,1.15820,1.32372
design/phi0.35_seed3,0.22070,1.15820,1.26355
design/phi0.35_seed3,0.22461,1.22255,1.26355
design/phi0.35_seed3,0.22852,1.28689,1.26355
design/phi0.35_seed3,0.23242,1.28689,1.32372
design/phi0.35_seed3,0.23633,1.28689,1.32372
design/phi0.35_seed3,0.24023,1.22255,1.44406
design/phi0.35_seed3,0.24414,1.22255,1.32372
design/phi0.35_seed3,0.24805,1.22255,1.32372
design/phi0.35_seed3,0.25195,1.22255,1.26355
design/phi0.35_seed3,0.25586,1.15820,1.26355
design/phi0.35_seed3,0.25977,1.15820,1.26355
design/phi0.35_seed3,0.26367,1.15820,1.20338
design/phi0.35_seed3,0.26758,1.15820,1.26355
design/phi0.35_seed3,0.27148,1.15820,1.14321
design/phi0.35_seed3,0.27539,1.15820,1.20338
design/phi0.35_seed3,0.27930,1.09386,1.08304
design/phi0.35_seed3,0.28320,1.09386,1.08304
design/phi0.35_seed3,0.28711,1.09386,1.08304
design/phi0.35_seed3,0.29102,1.09386,1.20338
design/phi0.35_seed3,0.29492,1.02951,0.96271
design/phi0.35_seed3,0.29883,1.02951,0.96271
design/phi0.35_seed3,0.30273,0.96517,0.90254
design/phi0.35_seed3,0.30664,0.96517,0.78220
design/phi0.35_seed3,0.31055,0.96517,0.78220
design/phi0.35_seed3,0.31445,0.96517,0.78220
design/phi0.35_seed3,0.31836,0.90082,0.78220
design/phi0.35_seed3,0.32227,0.90082,0.78220
design/phi0.35_seed3,0.32617,1.02951,0.78220
design/phi0.35_seed3,0.33008,1.02951,0.78220
design/phi0.35_seed3,0.33398,1.09386,0.78220
design/phi0.35_seed3,0.33789,1.09386,0.84237
design/phi0.35_seed3,0.34180,1.09386,0.84237
design/phi0.35_seed3,0.34570,0.90082,0.84237
design/phi0.35_seed3,0.34961,0.90082,0.84237
design/phi0.35_seed3,0.35352,0.90082,0.66186
design/phi0.35_seed3,0.35742,0.77214,0.84237
design/phi0.35_seed3,0.36133,0.77214,0.78220
design/phi0.35_seed3,0.36523,0.77214,0.78220
design/phi0.35_seed3,0.36914,0.77214,0.78220
design/phi0.35_seed3,0.37305,0.77214,0.78220
design/phi0.35_seed3,0.37695,0.70779,0.84237
design/phi0.35_seed3,0.38086,0.57910,0.78220
design/phi0.35_seed3,0.38477,0.57910,0.78220
design/phi0.35_seed3,0.38867,0.57910,0.78220
design/phi0.35_seed3,0.39258,0.57910,0.78220
design/phi0.35_seed3,0.39648,0.70779,0.72203
design/phi0.35_seed3,0.40039,0.70779,0.72203
design/phi0.35_seed3,0.40430,0.70779,0.72203
design/phi0.35_seed3,0.40820,0.57910,0.66186
design/phi0.35_seed3,0.41211,0.64345,0.72203
design/phi0.35_seed3,0.41602,0.64345,0.90254
design/phi0.35_seed3,0.41992,0.64345,0.78220
design/phi0.35_seed3,0.42383,0.90082,0.78220
design/phi0.35_seed3,0.42773,0.90082,0.90254
design/phi0.35_seed3,0.43164,0.90082,0.96271
design/phi0.35_seed3,0.43555,0.90082,0.96271
design/phi0.35_seed3,0.43945,0.90082,0.96271
design/phi0.35_seed3,0.44336,0.90082,0.96271
design/phi0.35_seed3,0.44727,0.90082,0.96271
design/phi0.35_seed3,0.45117,0.90082,1.02287
design/phi0.35_seed3,0.45508,0.96517,0.96271
design/phi0.35_seed3,0.45898,0.83648,0.96271
design/phi0.35_seed3,0.46289,0.83648,1.08304
design/phi0.35_seed3,0.46680,0.83648,1.08304
design/phi0.35_seed3,0.47070,0.83648,1.08304
design/phi0.35_seed3,0.47461,0.83648,1.14321
design/phi0.35_seed3,0.47852,0.83648,1.14321
design/phi0.35_seed3,0.48242,0.90082,1.14321
design/phi0.35_seed3,0.48633,0.90082,1.26355
design/phi0.35_seed3,0.49023,0.83648,1.32372
design/phi0.35_seed3,0.49414,0.77214,1.26355
design/phi0.35_seed3,0.49805,0.77214,1.26355
design/phi0.35_seed3,0.50195,0.83648,1.26355
design/phi0.35_seed3,0.50586,0.77214,1.26355
design/phi0.35_seed3,0.50977,0.77214,1.32372
design/phi0.35_seed3,0.51367,0.83648,1.32372
design/phi0.35_seed3,0.51758,0.83648,1.32372
design/phi0.35_seed3,0.52148,0.90082,1.32372
design/phi0.35_seed3,0.52539,0.96517,1.32372
design/phi0.35_seed3,0.52930,0.90082,1.26355
design/phi0.35_seed3,0.53320,0.83648,1.14321
design/phi0.35_seed3,0.53711,0.70779,1.14321
design/phi0.35_seed3,0.54102,0.70779,1.08304
design/phi0.35_seed3,0.54492,0.70779,1.08304
design/phi0.35_seed3,0.54883,0.70779,1.08304
design/phi0.35_seed3,0.55273,0.70779,1.08304
design/phi0.35_seed3,0.55664,0.57910,1.08304
design/phi0.35_seed3,0.56055,0.57910,1.08304
design/phi0.35_seed3,0.56445,0.57910,1.08304
design/phi0.35_seed3,0.56836,0.57910,1.08304
design/phi0.35_seed3,0.57227,0.57910,1.08304
design/phi0.35_seed3,0.57617,0.57910,1.02287
design/phi0.35_seed3,0.58008,0.51476,1.02287
design/phi0.35_seed3,0.58398,0.57910,0.96271
design/phi0.35_seed3,0.58789,0.57910,0.96271
design/phi0.35_seed3,0.59180,0.57910,1.08304
design/phi0.35_seed3,0.59570,0.57910,1.08304
design/phi0.35_seed3,0.59961,0.83648,1.08304
design/phi0.35_seed3,0.60352,0.83648,1.14321
design/phi0.35_seed3,0.60742,0.83648,0.96271
design/phi0.35_seed3,0.61133,0.70779,0.96271
design/phi0.35_seed3,0.61523,0.70779,0.90254
design/phi0.35_seed3,0.61914,0.70779,0.90254
design/phi0.35_seed3,0.62305,0.96517,0.84237
design/phi0.35_seed3,0.62695,0.96517,0.84237
design/phi0.35_seed3,0.63086,1.02951,0.84237
design/phi0.35_seed3,0.63477,1.02951,0.96271
design/phi0.35_seed3,0.63867,1.02951,0.84237
design/phi0.35_seed3,0.64258,1.02951,0.90254
design/phi0.35_seed3,0.64648,1.02951,0.90254
design/phi0.35_seed3,0.65039,1.09386,0.78220
design/phi0.35_seed3,0.65430,1.09386,0.78220
design/phi0.35_seed3,0.65820,1.09386,0.96271
design/phi0.35_seed3,0.66211,1.02951,1.02287
design/phi0.35_seed3,0.66602,1.02951,1.14321
design/phi0.35_seed3,0.66992,1.02951,1.14321
design/phi0.35_seed3,0.67383,0.96517,1.08304
design/phi0.35_seed3,0.67773,0.96517,1.44406
design/phi0.35_seed3,0.68164,0.96517,1.50423
design/phi0.35_seed3,0.68555,0.96517,1.62456
design/phi0.35_seed3,0.68945,0.96517,1.56440
design/phi0.35_seed3,0.69336,0.96517,1.56440
design/phi0.35_seed3,0.69727,0.96517,1.38389
design/phi0.35_seed3,0.70117,0.96517,1.38389
design/phi0.35_seed3,0.70508,0.96517,1.26355
design/phi0.35_seed3,0.70898,0.90082,1.26355
design/phi0.35_seed3,0.71289,0.90082,1.32372
design/phi0.35_seed3,0.71680,0.77214,1.26355
design/phi0.35_seed3,0.72070,0.77214,1.26355
design/phi0.35_seed3,0.72461,0.77214,1.08304
design/phi0.35_seed3,0.72852,0.77214,0.96271
design/phi0.35_seed3,0.73242,0.77214,0.84237
design/phi0.35_seed3,0.73633,0.77214,0.84237
design/phi0.35_seed3,0.74023,0.77214,0.78220
design/phi0.35_seed3,0.74414,0.77214,0.78220
design/phi0.35_seed3,0.74805,0.70779,0.78220
design/phi0.35_seed3,0.75195,1.02951,0.78220
design/phi0.35_seed3,0.75586,1.15820,0.78220
design/phi0.35_seed3,0.75977,1.15820,0.84237
design/phi0.35_seed3,0.76367,1.09386,0.84237
design/phi0.35_seed3,0.76758,1.09386,0.84237
design/phi0.35_seed3,0.77148,1.15820,0.84237
design/phi0.35_seed3,0.77539,1.15820,0.96271
design/phi0.35_seed3,0.77930,1.15820,0.84237
design/phi0.35_seed3,0.78320,1.15820,0.90254
design/phi0.35_seed3,0.78711,1.15820,0.84237
design/phi0.35_seed3,0.79102,1.22255,0.84237
design/phi0.35_seed3,0.79492,1.15820,0.84237
design/phi0.35_seed3,0.79883,1.02951,0.90254
design/phi0.35_seed3,0.80273,1.02951,0.84237
design/phi0.35_seed3,0.80664,1.02951,0.84237
design/phi0.35_seed3,0.81055,1.02951,0.66186
design/phi0.35_seed3,0.81445,1.02951,0.60169
design/phi0.35_seed3,0.81836,0.90082,0.60169
design/phi0.35_seed3,0.82227,0.96517,0.60169
design/phi0.35_seed3,0.82617,1.15820,0.54152
design/phi0.35_seed3,0.83008,1.15820,0.54152
design/phi0.35_seed3,0.83398,1.15820,0.54152
design/phi0.35_seed3,0.83789,0.96517,0.54152
design/phi0.35_seed3,0.84180,0.96517,0.54152
design/phi0.35_seed3,0.84570,1.09386,0.54152
design/phi0.35_seed3,0.84961,1.09386,0.54152
design/phi0.35_seed3,0.85352,1.09386,0.54152
design/phi0.35_seed3,0.85742,1.02951,0.36101
design/phi0.35_seed3,0.86133,1.09386,0.48135
design/phi0.35_seed3,0.86523,1.09386,0.60169
design/phi0.35_seed3,0.86914,1.15820,0.60169
design/phi0.35_seed3,0.87305,1.15820,0.60169
design/phi0.35_seed3,0.87695,1.15820,0.60169
design/phi0.35_seed3,0.88086,1.15820,0.60169
design/phi0.35_seed3,0.88477,1.15820,0.66186
design/phi0.35_seed3,0.88867,1.15820,0.72203
design/phi0.35_seed3,0.89258,1.09386,0.72203
design/phi0.35_seed3,0.89648,1.09386,0.72203
design/phi0.35_seed3,0.90039,1.28689,0.66186
design/phi0.35_seed3,0.90430,1.22255,0.66186
design/phi0.35_seed3,0.90820,1.22255,0.66186
design/phi0.35_seed3,0.91211,1.22255,0.72203
design/phi0.35_seed3,0.91602,1.22255,0.72203
design/phi0.35_seed3,0.91992,1.22255,0.90254
design/phi0.35_seed3,0.92383,1.22255,0.90254
design/phi0.35_seed3,0.92773,1.22255,0.90254
design/phi0.35_seed3,0.93164,1.22255,0.90254
design/phi0.35_seed3,0.93555,1.22255,0.90254
design/phi0.35_seed3,0.93945,1.22255,0.84237
design/phi0.35_seed3,0.94336,1.22255,1.02287
design/phi0.35_seed3,0.94727,1.15820,1.02287
design/phi0.35_seed3,0.95117,1.15820,1.02287
design/phi0.35_seed3,0.95508,1.09386,1.14321
design/phi0.35_seed3,0.95898,0.90082,1.14321
design/phi0.35_seed3,0.96289,0.90082,1.14321
design/phi0.35_seed3,0.96680,0.83648,1.14321
design/phi0.35_seed3,0.97070,0.83648,0.96271
design/phi0.35_seed3,0.97461,0.83648,0.78220
design/phi0.35_seed3,0.97852,0.83648,0.78220
design/phi0.35_seed3,0.98242,0.77214,0.84237
design/phi0.35_seed3,0.98633,0.70779,0.84237
design/phi0.35_seed3,0.99023,0.64345,0.72203
design/phi0.35_seed3,0.99414,0.57910,0.72203
design/phi0.35_seed3,0.99805,0.64345,0.72203
design/phi0.40_seed1,0.00195,0.64645,0.91729
design/phi0.40_seed1,0.00586,0.57462,0.91729
design/phi0.40_seed1,0.00977,0.79011,0.84673
design/phi0.40_seed1,0.01367,0.79011,0.77617
design/phi0.40_seed1,0.01758,0.79011,0.77617
design/phi0.40_seed1,0.02148,0.71828,0.91729
design/phi0.40_seed1,0.02539,0.86194,0.77617
design/phi0.40_seed1,0.02930,0.71828,0.84673
design/phi0.40_seed1,0.03320,0.86194,0.84673
design/phi0.40_seed1,0.03711,0.86194,0.91729
design/phi0.40_seed1,0.04102,0.86194,0.84673
design/phi0.40_seed1,0.04492,1.00559,0.84673
design/phi0.40_seed1,0.04883,1.00559,0.84673
design/phi0.40_seed1,0.05273,1.00559,0.70561
design/phi0.40_seed1,0.05664,0.93377,0.70561
design/phi0.40_seed1,0.06055,0.93377,0.70561
design/phi0.40_seed1,0.06445,0.79011,0.70561
design/phi0.40_seed1,0.06836,0.79011,0.84673
design/phi0.40_seed1,0.07227,0.79011,0.84673
design/phi0.40_seed1,0.07617,0.79011,0.91729
design/phi0.40_seed1,0.08008,0.71828,0.84673
design/phi0.40_seed1,0.08398,0.64645,0.84673
design/phi0.40_seed1,0.08789,0.71828,0.98785
design/phi0.40_seed1,0.09180,0.79011,0.98785
design/phi0.40_seed1,0.09570,0.93377,1.05842
design/phi0.40_seed1,0.09961,1.00559,1.12898
design/phi0.40_seed1,0.10352,0.93377,1.19954
design/phi0.40_seed1,0.10742,0.86194,1.19954
design/phi0.40_seed1,0.11133,0.93377,1.19954
design/phi0.40_seed1,0.11523,0.93377,1.19954
design/phi0.40_seed1,0.11914,1.07742,1.27010
design/phi0.40_seed1,0.12305,1.07742,1.34066
design/phi0.40_seed1,0.12695,1.07742,1.34066
design/phi0.40_seed1,0.13086,1.07742,1.19954
design/phi0.40_seed1,0.13477,1.29291,1.19954
design/phi0.40_seed1,0.13867,1.14925,1.27010
design/phi0.40_seed1,0.14258,1.07742,1.34066
design/phi0.40_seed1,0.14648,1.07742,1.41122
design/phi0.40_seed1,0.15039,1.07742,1.41122
design/phi0.40_seed1,0.15430,1.07742,1.55234
design/phi0.40_seed1,0.15820,1.43656,1.41122
design/phi0.40_seed1,0.16211,1.43656,1.41122
design/phi0.40_seed1,0.16602,1.65205,1.41122
design/phi0.40_seed1,0.16992,1.65205,1.27010
design/phi0.40_seed1,0.17383,1.58022,1.41122
design/phi0.40_seed1,0.17773,1.58022,1.41122
design/phi0.40_seed1,0.18164,1.58022,1.41122
design/phi0.40_seed1,0.18555,1.50839,1.41122
design/phi0.40_seed1,0.18945,1.50839,1.55234
design/phi0.40_seed1,0.19336,1.50839,1.48178
design/phi0.40_seed1,0.19727,1.50839,1.34066
design/phi0.40_seed1,0.20117,1.50839,1.05842
design/phi0.40_seed1,0.20508,1.36473,0.91729
design/phi0.40_seed1,0.20898,1.22108,0.98785
design/phi0.40_seed1,0.21289,1.22108,0.98785
design/phi0.40_seed1,0.21680,1.07742,0.98785
design/phi0.40_seed1,0.22070,1.14925,0.84673
design/phi0.40_seed1,0.22461,1.14925,0.84673
design/phi0.40_seed1,0.22852,1.14925,0.91729
design/phi0.40_seed1,0.23242,1.14925,0.91729
design/phi0.40_seed1,0.23633,1.14925,0.91729
design/phi0.40_seed1,0.24023,1.14925,0.77617
design/phi0.40_seed1,0.24414,1.22108,0.77617
design/phi0.40_seed1,0.24805,1.36473,0.98785
design/phi0.40_seed1,0.25195,1.36473,0.98785
design/phi0.40_seed1,0.25586,1.43656,1.05842
design/phi0.40_seed1,0.25977,1.43656,1.19954
design/phi0.40_seed1,0.26367,1.36473,1.19954
design/phi0.40_seed1,0.26758,1.43656,0.98785
design/phi0.40_seed1,0.27148,1.36473,1.05842
design/phi0.40_seed1,0.27539,1.43656,1.12898
design/phi0.40_seed1,0.27930,1.43656,1.12898
design/phi0.40_seed1,0.28320,1.43656,1.12898
design/phi0.40_seed1,0.28711,1.43656,1.05842
design/phi0.40_seed1,0.29102,1.36473,1.05842
design/phi0.40_seed1,0.29492,1.36473,0.98785
design/phi0.40_seed1,0.29883,1.36473,0.98785
design/phi0.40_seed1,0.30273,1.14925,0.98785
design/phi0.40_seed1,0.30664,1.14925,1.12898
design/phi0.40_seed1,0.31055,1.07742,1.05842
design/phi0.40_seed1,0.31445,1.07742,0.91729
design/phi0.40_seed1,0.31836,1.07742,0.84673
design/phi0.40_seed1,0.32227,1.07742,0.84673
design/phi0.40_seed1,0.32617,1.00559,0.84673
design/phi0.40_seed1,0.33008,1.00559,0.84673
design/phi0.40_seed1,0.33398,0.93377,0.91729
design/phi0.40_seed1,0.33789,1.07742,0.91729
design/phi0.40_seed1,0.34180,1.07742,0.91729
design/phi0.40_seed1,0.34570,1.07742,1.12898
design/phi0.40_seed1,0.34961,1.07742,1.12898
design/phi0.40_seed1,0.35352,1.00559,0.98785
design/phi0.40_seed1,0.35742,1.00559,0.98785
design/phi0.40_seed1,0.36133,1.00559,1.19954
design/phi0.40_seed1,0.36523,1.00559,1.19954
design/phi0.40_seed1,0.36914,0.93377,1.34066
design/phi0.40_seed1,0.37305,1.07742,1.34066
design/phi0.40_seed1,0.37695,1.00559,1.41122
design/phi0.40_seed1,0.38086,0.93377,1.41122
design/phi0.40_seed1,0.38477,0.86194,1.55234
design/phi0.40_seed1,0.38867,0.79011,1.55234
design/phi0.40_seed1,0.39258,0.79011,1.55234
design/phi0.40_seed1,0.39648,0.79011,1.69346
design/phi0.40_seed1,0.40039,0.79011,1.76403
design/phi0.40_seed1,0.40430,0.93377,1.83459
design/phi0.40_seed1,0.40820,0.93377,1.69346
design/phi0.40_seed1,0.41211,0.93377,1.41122
design/phi0.40_seed1,0.41602,1.14925,1.34066
design/phi0.40_seed1,0.41992,1.14925,1.34066
design/phi0.40_seed1,0.42383,1.14925,1.12898
design/phi0.40_seed1,0.42773,1.14925,1.12898
design/phi0.40_seed1,0.43164,1.14925,1.12898
design/phi0.40_seed1,0.43555,1.14925,1.05842
design/phi0.40_seed1,0.43945,1.29291,1.05842
design/phi0.40_seed1,0.44336,1.22108,0.98785
design/phi0.40_seed1,0.44727,1.22108,0.84673
design/phi0.40_seed1,0.45117,1.14925,0.77617
design/phi0.40_seed1,0.45508,1.14925,0.77617
design/phi0.40_seed1,0.45898,1.07742,0.77617
design/phi0.40_seed1,0.46289,1.00559,0.77617
design/phi0.40_seed1,0.46680,1.07742,0.77617
design/phi0.40_seed1,0.47070,1.07742,0.77617
design/phi0.40_seed1,0.47461,1.00559,0.77617
design/phi0.40_seed1,0.47852,1.07742,0.91729
design/phi0.40_seed1,0.48242,1.00559,1.05842
design/phi0.40_seed1,0.48633,1.00559,1.05842
design/phi0.40_seed1,0.49023,1.00559,1.12898
design/phi0.40_seed1,0.49414,1.07742,1.27010
design/phi0.40_seed1,0.49805,1.07742,1.05842
design/phi0.40_seed1,0.50195,0.93377,1.05842
design/phi0.40_seed1,0.50586,1.00559,0.91729
design/phi0.40_seed1,0.50977,0.93377,0.84673
design/phi0.40_seed1,0.51367,0.93377,0.84673
design/phi0.40_seed1,0.51758,0.93377,0.84673
design/phi0.40_seed1,0.52148,0.93377,0.91729
design/phi0.40_seed1,0.52539,0.93377,0.77617
design/phi0.40_seed1,0.52930,0.93377,0.56449
design/phi0.40_seed1,0.53320,0.93377,0.56449
design/phi0.40_seed1,0.53711,0.93377,0.56449
design/phi0.40_seed1,0.54102,1.00559,0.56449
design/phi0.40_seed1,0.54492,1.07742,0.56449
design/phi0.40_seed1,0.54883,1.07742,0.70561
design/phi0.40_seed1,0.55273,1.00559,0.70561
design/phi0.40_seed1,0.55664,1.00559,0.77617
design/phi0.40_seed1,0.56055,1.00559,0.56449
design/phi0.40_seed1,0.56445,1.07742,0.56449
design/phi0.40_seed1,0.56836,1.07742,0.49393
design/phi0.40_seed1,0.57227,1.07742,0.49393
design/phi0.40_seed1,0.57617,1.22108,0.49393
design/phi0.40_seed1,0.58008,1.22108,0.49393
design/phi0.40_seed1,0.58398,1.14925,0.49393
design/phi0.40_seed1,0.58789,1.14925,0.56449
design/phi0.40_seed1,0.59180,1.14925,0.49393
design/phi0.40_seed1,0.59570,1.14925,0.49393
design/phi0.40_seed1,0.59961,1.14925,0.49393
design/phi0.40_seed1,0.60352,1.36473,0.49393
design/phi0.40_seed1,0.60742,1.36473,0.49393
design/phi0.40_seed1,0.61133,1.43656,0.49393
design/phi0.40_seed1,0.61523,1.36473,0.49393
design/phi0.40_seed1,0.61914,1.36473,0.49393
design/phi0.40_seed1,0.62305,1.36473,0.70561
design/phi0.40_seed1,0.62695,1.36473,0.42337
design/phi0.40_seed1,0.63086,1.36473,0.56449
design/phi0.40_seed1,0.63477,1.36473,0.56449
design/phi0.40_seed1,0.63867,1.36473,0.56449
design/phi0.40_seed1,0.64258,1.29291,0.42337
design/phi0.40_seed1,0.64648,1.29291,0.42337
design/phi0.40_seed1,0.65039,1.29291,0.42337
design/phi0.40_seed1,0.65430,1.22108,0.56449
design/phi0.40_seed1,0.65820,1.07742,0.56449
design/phi0.40_seed1,0.66211,0.93377,0.49393
design/phi0.40_seed1,0.66602,0.93377,0.49393
design/phi0.40_seed1,0.66992,0.93377,0.49393
design/phi0.40_seed1,0.67383,0.86194,0.56449
design/phi0.40_seed1,0.67773,0.86194,0.63505
design/phi0.40_seed1,0.68164,0.79011,0.63505
design/phi0.40_seed1,0.68555,0.79011,0.77617
design/phi0.40_seed1,0.68945,0.79011,0.63505
design/phi0.40_seed1,0.69336,0.79011,0.63505
design/phi0.40_seed1,0.69727,0.71828,0.70561
design/phi0.40_seed1,0.70117,0.79011,0.77617
design/phi0.40_seed1,0.70508,0.71828,0.84673
design/phi0.40_seed1,0.70898,0.71828,0.91729
design/phi0.40_seed1,0.71289,0.71828,0.91729
design/phi0.40_seed1,0.71680,0.71828,0.91729
design/phi0.40_seed1,0.72070,0.79011,0.91729
design/phi0.40_seed1,0.72461,0.86194,0.91729
design/phi0.40_seed1,0.72852,0.79011,0.91729
design/phi0.40_seed1,0.73242,0.64645,1.12898
design/phi0.40_seed1,0.73633,0.64645,1.12898
design/phi0.40_seed1,0.74023,0.64645,1.12898
design/phi0.40_seed1,0.74414,0.57462,0.77617
design/phi0.40_seed1,0.74805,0.71828,0.84673
design/phi0.40_seed1,0.75195,0.71828,1.12898
design/phi0.40_seed1,0.75586,0.71828,1.12898
design/phi0.40_seed1,0.75977,0.86194,1.19954
design/phi0.40_seed1,0.76367,0.93377,1.19954
design/phi0.40_seed1,0.76758,0.93377,1.19954
design/phi0.40_seed1,0.77148,0.86194,1.19954
design/phi0.40_seed1,0.77539,1.00559,1.27010
design/phi0.40_seed1,0.77930,0.93377,1.05842
design/phi0.40_seed1,0.78320,0.93377,1.05842
design/phi0.40_seed1,0.78711,1.00559,1.12898
design/phi0.40_seed1,0.79102,0.93377,1.05842
design/phi0.40_seed1,0.79492,0.86194,1.19954
design/phi0.40_seed1,0.79883,0.86194,1.27010
design/phi0.40_seed1,0.80273,0.79011,1.48178
design/phi0.40_seed1,0.80664,0.64645,1.69346
design/phi0.40_seed1,0.81055,0.64645,1.76403
design/phi0.40_seed1,0.81445,0.64645,1.76403
design/phi0.40_seed1,0.81836,0.64645,1.76403
design/phi0.40_seed1,0.82227,0.64645,1.76403
design/phi0.40_seed1,0.82617,0.50280,1.76403
design/phi0.40_seed1,0.83008,0.50280,1.69346
design/phi0.40_seed1,0.83398,0.35914,1.69346
design/phi0.40_seed1,0.83789,0.35914,1.62290
design/phi0.40_seed1,0.84180,0.50280,1.27010
design/phi0.40_seed1,0.84570,0.50280,1.12898
design/phi0.40_seed1,0.84961,0.64645,1.05842
design/phi0.40_seed1,0.85352,0.64645,1.05842
design/phi0.40_seed1,0.85742,0.64645,0.91729
design/phi0.40_seed1,0.86133,0.64645,0.91729
design/phi0.40_seed1,0.86523,0.64645,0.91729
design/phi0.40_seed1,0.86914,0.64645,0.91729
design/phi0.40_seed1,0.87305,0.71828,0.77617
design/phi0.40_seed1,0.87695,0.71828,0.84673
design/phi0.40_seed1,0.88086,0.50280,0.84673
design/phi0.40_seed1,0.88477,0.57462,0.98785
design/phi0.40_seed1,0.88867,0.71828,0.98785
design/phi0.40_seed1,0.89258,0.71828,0.98785
design/phi0.40_seed1,0.89648,0.71828,0.98785
design/phi0.40_seed1,0.90039,0.79011,0.98785
design/phi0.40_seed1,0.90430,0.79011,0.98785
design/phi0.40_seed1,0.90820,0.79011,0.91729
design/phi0.40_seed1,0.91211,0.79011,0.91729
design/phi0.40_seed1,0.91602,0.79011,0.91729
design/phi0.40_seed1,0.91992,0.71828,0.91729
design/phi0.40_seed1,0.92383,0.71828,0.84673
design/phi0.40_seed1,0.92773,0.71828,0.98785
design/phi0.40_seed1,0.93164,0.71828,0.98785
design/phi0.40_seed1,0.93555,0.86194,0.98785
design/phi0.40_seed1,0.93945,0.86194,0.98785
design/phi0.40_seed1,0.94336,0.86194,0.98785
design/phi0.40_seed1,0.94727,0.86194,1.05842
design/phi0.40_seed1,0.95117,0.86194,1.05842
design/phi0.40_seed1,0.95508,0.86194,1.05842
design/phi0.40_seed1,0.95898,0.86194,1.12898
design/phi0.40_seed1,0.96289,0.86194,1.05842
design/phi0.40_seed1,0.96680,0.93377,1.19954
design/phi0.40_seed1,0.97070,1.00559,1.19954
design/phi0.40_seed1,0.97461,0.93377,1.19954
design/phi0.40_seed1,0.97852,1.07742,1.19954
design/phi0.40_seed1,0.98242,0.93377,1.05842
design/phi0.40_seed1,0.98633,0.93377,0.91729
design/phi0.40_seed1,0.99023,0.93377,0.91729
design/phi0.40_seed1,0.99414,0.64645,0.91729
design/phi0.40_seed1,0.99805,0.64645,0.91729
design/phi0.40_seed2,0.00195,1.00329,1.09619
design/phi0.40_seed2,0.00586,1.07018,1.03171
design/phi0.40_seed2,0.00977,1.00329,1.03171
design/phi0.40_seed2,0.01367,1.00329,1.09619
design/phi0.40_seed2,0.01758,1.07018,1.03171
design/phi0.40_seed2,0.02148,1.13706,1.09619
design/phi0.40_seed2,0.02539,1.13706,1.16068
design/phi0.40_seed2,0.02930,1.20395,1.22516
design/phi0.40_seed2,0.03320,1.27083,1.22516
design/phi0.40_seed2,0.03711,1.27083,1.22516
design/phi0.40_seed2,0.04102,1.27083,1.28964
design/phi0.40_seed2,0.04492,1.27083,1.35412
design/phi0.40_seed2,0.04883,1.33772,1.41860
design/phi0.40_seed2,0.05273,1.40461,1.41860
design/phi0.40_seed2,0.05664,1.40461,1.41860
design/phi0.40_seed2,0.06055,1.27083,1.35412
design/phi0.40_seed2,0.06445,1.20395,1.22516
design/phi0.40_seed2,0.06836,1.13706,1.22516
design/phi0.40_seed2,0.07227,0.93640,1.28964
design/phi0.40_seed2,0.07617,0.80263,1.28964
design/phi0.40_seed2,0.08008,0.66886,0.96723
design/phi0.40_seed2,0.08398,0.80263,0.90275
design/phi0.40_seed2,0.08789,0.60197,0.90275
design/phi0.40_seed2,0.09180,0.53509,0.90275
design/phi0.40_seed2,0.09570,0.53509,0.90275
design/phi0.40_seed2,0.09961,0.53509,0.90275
design/phi0.40_seed2,0.10352,0.53509,0.96723
design/phi0.40_seed2,0.10742,0.53509,1.03171
design/phi0.40_seed2,0.11133,0.66886,1.03171
design/phi0.40_seed2,0.11523,0.66886,1.03171
design/phi0.40_seed2,0.11914,0.66886,0.90275
design/phi0.40_seed2,0.12305,0.66886,1.09619
design/phi0.40_seed2,0.12695,0.66886,1.16068
design/phi0.40_seed2,0.13086,0.73575,1.16068
design/phi0.40_seed2,0.13477,0.73575,1.16068
design/phi0.40_seed2,0.13867,0.73575,1.09619
design/phi0.40_seed2,0.14258,0.73575,1.09619
design/phi0.40_seed2,0.14648,0.73575,1.09619
design/phi0.40_seed2,0.15039,0.73575,1.09619
design/phi0.40_seed2,0.15430,0.53509,1.03171
design/phi0.40_seed2,0.15820,0.46820,0.96723
design/phi0.40_seed2,0.16211,0.60197,0.96723
design/phi0.40_seed2,0.16602,0.60197,0.96723
design/phi0.40_seed2,0.16992,0.60197,0.96723
design/phi0.40_seed2,0.17383,0.60197,0.96723
design/phi0.40_seed2,0.17773,0.60197,0.96723
design/phi0.40_seed2,0.18164,0.60197,0.96723
design/phi0.40_seed2,0.18555,0.60197,0.83827
design/phi0.40_seed2,0.18945,0.60197,0.83827
design/phi0.40_seed2,0.19336,0.60197,0.77378
design/phi0.40_seed2,0.19727,0.60197,0.77378
design/phi0.40_seed2,0.20117,0.53509,0.77378
design/phi0.40_seed2,0.20508,0.66886,0.64482
design/phi0.40_seed2,0.20898,0.66886,0.64482
design/phi0.40_seed2,0.21289,0.66886,0.64482
design/phi0.40_seed2,0.21680,0.73575,0.64482
design/phi0.40_seed2,0.22070,0.60197,0.64482
design/phi0.40_seed2,0.22461,0.60197,0.70930
design/phi0.40_seed2,0.22852,0.66886,0.64482
design/phi0.40_seed2,0.23242,0.66886,0.70930
design/phi0.40_seed2,0.23633,0.66886,0.70930
design/phi0.40_seed2,0.24023,0.66886,0.51586
design/phi0.40_seed2,0.24414,0.73575,0.51586
design/phi0.40_seed2,0.24805,0.73575,0.51586
design/phi0.40_seed2,0.25195,0.60197,0.58034
design/phi0.40_seed2,0.25586,0.60197,0.58034
design/phi0.40_seed2,0.25977,0.80263,0.70930
design/phi0.40_seed2,0.26367,0.93640,0.70930
design/phi0.40_seed2,0.26758,1.00329,0.70930
design/phi0.40_seed2,0.27148,1.00329,0.70930
design/phi0.40_seed2,0.27539,1.00329,0.64482
design/phi0.40_seed2,0.27930,1.13706,0.70930
design/phi0.40_seed2,0.28320,1.13706,0.77378
design/phi0.40_seed2,0.28711,1.20395,0.77378
design/phi0.40_seed2,0.29102,1.20395,0.83827
design/phi0.40_seed2,0.29492,1.27083,0.83827
design/phi0.40_seed2,0.29883,1.27083,0.83827
design/phi0.40_seed2,0.30273,1.27083,0.83827
design/phi0.40_seed2,0.30664,1.07018,0.83827
design/phi0.40_seed2,0.31055,1.00329,0.83827
design/phi0.40_seed2,0.31445,1.27083,0.83827
design/phi0.40_seed2,0.31836,1.27083,0.83827
design/phi0.40_seed2,0.32227,1.33772,0.83827
design/phi0.40_seed2,0.32617,1.27083,0.77378
design/phi0.40_seed2,0.33008,1.40461,0.77378
design/phi0.40_seed2,0.33398,1.40461,0.77378
design/phi0.40_seed2,0.33789,1.27083,0.58034
design/phi0.40_seed2,0.34180,1.27083,0.51586
design/phi0.40_seed2,0.34570,1.27083,0.58034
design/phi0.40_seed2,0.34961,1.27083,0.58034
design/phi0.40_seed2,0.35352,1.27083,0.58034
design/phi0.40_seed2,0.35742,1.40461,0.58034
design/phi0.40_seed2,0.36133,1.40461,0.58034
design/phi0.40_seed2,0.36523,1.40461,0.70930
design/phi0.40_seed2,0.36914,1.40461,0.64482
design/phi0.40_seed2,0.37305,1.40461,0.58034
design/phi0.40_seed2,0.37695,1.33772,0.58034
design/phi0.40_seed2,0.38086,1.40461,0.64482
design/phi0.40_seed2,0.38477,1.27083,0.64482
design/phi0.40_seed2,0.38867,1.53838,0.64482
design/phi0.40_seed2,0.39258,1.33772,0.64482
design/phi0.40_seed2,0.39648,1.33772,0.64482
design/phi0.40_seed2,0.40039,1.33772,0.64482
design/phi0.40_seed2,0.40430,1.33772,0.64482
design/phi0.40_seed2,0.40820,1.33772,0.64482
design/phi0.40_seed2,0.41211,1.33772,0.90275
design/phi0.40_seed2,0.41602,1.33772,0.90275
design/phi0.40_seed2,0.41992,1.27083,1.09619
design/phi0.40_seed2,0.42383,1.07018,1.09619
design/phi0.40_seed2,0.42773,1.00329,1.03171
design/phi0.40_seed2,0.43164,0.93640,0.96723
design/phi0.40_seed2,0.43555,0.86952,0.96723
design/phi0.40_seed2,0.43945,0.86952,0.96723
design/phi0.40_seed2,0.44336,0.86952,0.96723
design/phi0.40_seed2,0.44727,0.86952,0.96723
design/phi0.40_seed2,0.45117,0.86952,0.90275
design/phi0.40_seed2,0.45508,0.86952,0.90275
design/phi0.40_seed2,0.45898,0.86952,0.90275
design/phi0.40_seed2,0.46289,0.73575,1.09619
design/phi0.40_seed2,0.46680,0.73575,1.09619
design/phi0.40_seed2,0.47070,0.86952,1.09619
design/phi0.40_seed2,0.47461,1.00329,1.09619
design/phi0.40_seed2,0.47852,1.00329,0.96723
design/phi0.40_seed2,0.48242,1.00329,0.96723
design/phi0.40_seed2,0.48633,1.13706,1.22516
design/phi0.40_seed2,0.49023,1.13706,1.22516
design/phi0.40_seed2,0.49414,1.13706,1.28964
design/phi0.40_seed2,0.49805,1.13706,1.16068
design/phi0.40_seed2,0.50195,1.13706,1.16068
design/phi0.40_seed2,0.50586,1.20395,1.16068
design/phi0.40_seed2,0.50977,1.40461,1.16068
design/phi0.40_seed2,0.51367,1.40461,1.16068
design/phi0.40_seed2,0.51758,1.40461,1.09619
design/phi0.40_seed2,0.52148,1.40461,0.96723
design/phi0.40_seed2,0.52539,1.40461,0.90275
design/phi0.40_seed2,0.52930,1.40461,0.96723
design/phi0.40_seed2,0.53320,1.47149,0.96723
design/phi0.40_seed2,0.53711,1.20395,0.83827
design/phi0.40_seed2,0.54102,1.20395,0.83827
design/phi0.40_seed2,0.54492,1.40461,0.83827
design/phi0.40_seed2,0.54883,1.47149,0.90275
design/phi0.40_seed2,0.55273,1.47149,1.03171
design/phi0.40_seed2,0.55664,1.47149,1.03171
design/phi0.40_seed2,0.56055,1.40461,1.03171
design/phi0.40_seed2,0.56445,1.40461,0.96723
design/phi0.40_seed2,0.56836,1.40461,0.83827
design/phi0.40_seed2,0.57227,1.27083,0.77378
design/phi0.40_seed2,0.57617,1.47149,0.77378
design/phi0.40_seed2,0.58008,1.47149,0.77378
design/phi0.40_seed2,0.58398,1.27083,0.83827
design/phi0.40_seed2,0.58789,1.27083,0.90275
design/phi0.40_seed2,0.59180,1.27083,1.09619
design/phi0.40_seed2,0.59570,1.27083,1.09619
design/phi0.40_seed2,0.59961,1.20395,1.03171
design/phi0.40_seed2,0.60352,1.20395,1.09619
design/phi0.40_seed2,0.60742,1.27083,1.09619
design/phi0.40_seed2,0.61133,1.13706,1.09619
design/phi0.40_seed2,0.61523,1.13706,1.16068
design/phi0.40_seed2,0.61914,1.20395,1.16068
design/phi0.40_seed2,0.62305,1.07018,0.96723
design/phi0.40_seed2,0.62695,1.07018,1.03171
design/phi0.40_seed2,0.63086,1.00329,1.03171
design/phi0.40_seed2,0.63477,0.86952,1.03171
design/phi0.40_seed2,0.63867,0.86952,1.03171
design/phi0.40_seed2,0.64258,0.73575,1.09619
design/phi0.40_seed2,0.64648,0.86952,1.16068
design/phi0.40_seed2,0.65039,0.86952,1.16068
design/phi0.40_seed2,0.65430,0.86952,1.41860
design/phi0.40_seed2,0.65820,0.86952,1.48309
design/phi0.40_seed2,0.66211,0.86952,1.54757
design/phi0.40_seed2,0.66602,0.86952,1.48309
design/phi0.40_seed2,0.66992,1.00329,1.41860
design/phi0.40_seed2,0.67383,1.13706,1.35412
design/phi0.40_seed2,0.67773,1.07018,1.41860
design/phi0.40_seed2,0.68164,1.07018,1.41860
design/phi0.40_seed2,0.68555,1.07018,1.41860
design/phi0.40_seed2,0.68945,1.13706,1.41860
design/phi0.40_seed2,0.69336,1.20395,1.41860
design/phi0.40_seed2,0.69727,1.20395,1.41860
design/phi0.40_seed2,0.70117,1.27083,1.41860
design/phi0.40_seed2,0.70508,1.27083,1.28964
design/phi0.40_seed2,0.70898,1.13706,1.16068
design/phi0.40_seed2,0.71289,1.13706,1.16068
design/phi0.40_seed2,0.71680,1.13706,1.09619
design/phi0.40_seed2,0.72070,1.13706,1.09619
design/phi0.40_seed2,0.72461,1.13706,1.09619
design/phi0.40_seed2,0.72852,1.20395,1.09619
design/phi0.40_seed2,0.73242,1.20395,0.90275
design/phi0.40_seed2,0.73633,1.07018,1.03171
design/phi0.40_seed2,0.74023,1.07018,1.03171
design/phi0.40_seed2,0.74414,1.07018,1.03171
design/phi0.40_seed2,0.74805,1.07018,0.96723
design/phi0.40_seed2,0.75195,1.07018,0.96723
design/phi0.40_seed2,0.75586,1.20395,1.03171
design/phi0.40_seed2,0.75977,1.13706,1.03171
design/phi0.40_seed2,0.76367,1.00329,1.09619
design/phi0.40_seed2,0.76758,1.00329,1.22516
design/phi0.40_seed2,0.77148,1.13706,1.22516
design/phi0.40_seed2,0.77539,1.13706,1.22516
design/phi0.40_seed2,0.77930,1.13706,1.35412
design/phi0.40_seed2,0.78320,1.07018,1.22516
design/phi0.40_seed2,0.78711,1.00329,1.22516
design/phi0.40_seed2,0.79102,0.86952,1.28964
design/phi0.40_seed2,0.79492,0.86952,1.35412
design/phi0.40_seed2,0.79883,0.80263,1.28964
design/phi0.40_seed2,0.80273,0.80263,1.28964
design/phi0.40_seed2,0.80664,0.73575,1.28964
design/phi0.40_seed2,0.81055,0.73575,1.28964
design/phi0.40_seed2,0.81445,0.80263,1.28964
design/phi0.40_seed2,0.81836,0.80263,1.03171
design/phi0.40_seed2,0.82227,0.73575,1.09619
design/phi0.40_seed2,0.82617,0.73575,1.03171
design/phi0.40_seed2,0.83008,0.73575,0.96723
design/phi0.40_seed2,0.83398,0.80263,0.90275
design/phi0.40_seed2,0.83789,0.80263,1.03171
design/phi0.40_seed2,0.84180,0.80263,1.03171
design/phi0.40_seed2,0.84570,0.80263,1.28964
design/phi0.40_seed2,0.84961,0.66886,1.35412
design/phi0.40_seed2,0.85352,0.86952,1.35412
design/phi0.40_seed2,0.85742,0.86952,1.35412
design/phi0.40_seed2,0.86133,0.86952,1.35412
design/phi0.40_seed2,0.86523,0.66886,1.35412
design/phi0.40_seed2,0.86914,0.66886,1.22516
design/phi0.40_seed2,0.87305,0.53509,1.28964
design/phi0.40_seed2,0.87695,0.53509,1.28964
design/phi0.40_seed2,0.88086,0.80263,1.28964
design/phi0.40_seed2,0.88477,0.80263,1.28964
design/phi0.40_seed2,0.88867,0.66886,1.16068
design/phi0.40_seed2,0.89258,0.60197,1.16068
design/phi0.40_seed2,0.89648,0.66886,1.09619
design/phi0.40_seed2,0.90039,0.66886,1.03171
design/phi0.40_seed2,0.90430,0.73575,0.96723
design/phi0.40_seed2,0.90820,0.73575,0.90275
design/phi0.40_seed2,0.91211,0.73575,0.90275
design/phi0.40_seed2,0.91602,0.73575,0.77378
design/phi0.40_seed2,0.91992,0.80263,0.77378
design/phi0.40_seed2,0.92383,0.80263,0.77378
design/phi0.40_seed2,0.92773,0.80263,0.77378
design/phi0.40_seed2,0.93164,0.80263,0.83827
design/phi0.40_seed2,0.93555,0.80263,0.83827
design/phi0.40_seed2,0.93945,0.93640,0.83827
design/phi0.40_seed2,0.94336,1.07018,0.77378
design/phi0.40_seed2,0.94727,1.00329,1.03171
design/phi0.40_seed2,0.95117,1.00329,1.03171
design/phi0.40_seed2,0.95508,1.07018,1.03171
design/phi0.40_seed2,0.95898,1.20395,0.96723
design/phi0.40_seed2,0.96289,1.13706,0.96723
design/phi0.40_seed2,0.96680,1.07018,0.90275
design/phi0.40_seed2,0.97070,0.93640,1.09619
design/phi0.40_seed2,0.97461,1.07018,1.16068
design/phi0.40_seed2,0.97852,1.00329,1.16068
design/phi0.40_seed2,0.98242,1.13706,1.22516
design/phi0.40_seed2,0.98633,1.13706,1.03171
design/phi0.40_seed2,0.99023,1.13706,1.03171
design/phi0.40_seed2,0.99414,1.00329,1.09619
design/phi0.40_seed2,0.99805,1.00329,1.09619
design/phi0.40_seed3,0.00195,0.71060,0.84174
design/phi0.40_seed3,0.00586,0.63165,0.84174
design/phi0.40_seed3,0.00977,0.63165,0.84174
design/phi0.40_seed3,0.01367,0.86852,0.84174
design/phi0.40_seed3,0.01758,0.94747,0.77159
design/phi0.40_seed3,0.02148,0.86852,0.77159
design/phi0.40_seed3,0.02539,0.71060,0.77159
design/phi0.40_seed3,0.02930,0.63165,0.63130
design/phi0.40_seed3,0.03320,0.63165,0.77159
design/phi0.40_seed3,0.03711,0.63165,0.77159
design/phi0.40_seed3,0.04102,0.63165,0.63130
design/phi0.40_seed3,0.04492,0.71060,0.77159
design/phi0.40_seed3,0.04883,0.78956,0.77159
design/phi0.40_seed3,0.05273,0.78956,0.77159
design/phi0.40_seed3,0.05664,0.78956,0.77159
design/phi0.40_seed3,0.06055,0.86852,0.84174
design/phi0.40_seed3,0.06445,0.86852,0.84174
design/phi0.40_seed3,0.06836,0.71060,0.84174
design/phi0.40_seed3,0.07227,0.71060,0.91188
design/phi0.40_seed3,0.07617,0.71060,0.91188
design/phi0.40_seed3,0.08008,0.71060,0.91188
design/phi0.40_seed3,0.08398,0.86852,0.77159
design/phi0.40_seed3,0.08789,0.78956,0.77159
design/phi0.40_seed3,0.09180,0.86852,0.77159
design/phi0.40_seed3,0.09570,0.86852,0.77159
design/phi0.40_seed3,0.09961,0.94747,0.77159
design/phi0.40_seed3,0.10352,0.94747,0.77159
design/phi0.40_seed3,0.10742,0.94747,0.77159
design/phi0.40_seed3,0.11133,1.10538,0.77159
design/phi0.40_seed3,0.11523,1.10538,0.77159
design/phi0.40_seed3,0.11914,1.10538,0.84174
design/phi0.40_seed3,0.12305,1.18434,0.84174
design/phi0.40_seed3,0.12695,1.18434,1.05217
design/phi0.40_seed3,0.13086,1.18434,1.05217
design/phi0.40_seed3,0.13477,1.10538,1.05217
design/phi0.40_seed3,0.13867,1.10538,1.19246
design/phi0.40_seed3,0.14258,1.10538,1.33275
design/phi0.40_seed3,0.14648,1.10538,1.33275
design/phi0.40_seed3,0.15039,1.10538,1.33275
design/phi0.40_seed3,0.15430,1.50016,1.26261
design/phi0.40_seed3,0.15820,1.34225,1.26261
design/phi0.40_seed3,0.16211,1.10538,1.26261
design/phi0.40_seed3,0.16602,1.10538,1.33275
design/phi0.40_seed3,0.16992,1.10538,1.33275
design/phi0.40_seed3,0.17383,1.10538,1.33275
design/phi0.40_seed3,0.17773,1.10538,1.26261
design/phi0.40_seed3,0.18164,1.10538,1.26261
design/phi0.40_seed3,0.18555,1.10538,1.40290
design/phi0.40_seed3,0.18945,1.10538,1.40290
design/phi0.40_seed3,0.19336,1.10538,1.40290
design/phi0.40_seed3,0.19727,1.02643,1.40290
design/phi0.40_seed3,0.20117,1.42121,1.54319
design/phi0.40_seed3,0.20508,1.18434,1.40290
design/phi0.40_seed3,0.20898,1.18434,1.40290
design/phi0.40_seed3,0.21289,1.18434,1.26261
design/phi0.40_seed3,0.21680,1.18434,1.19246
design/phi0.40_seed3,0.22070,1.18434,1.19246
design/phi0.40_seed3,0.22461,1.18434,1.26261
design/phi0.40_seed3,0.22852,1.10538,1.26261
design/phi0.40_seed3,0.23242,1.10538,1.26261
design/phi0.40_seed3,0.23633,1.10538,1.33275
design/phi0.40_seed3,0.24023,1.10538,1.26261
design/phi0.40_seed3,0.24414,1.02643,1.33275
design/phi0.40_seed3,0.24805,0.94747,1.26261
design/phi0.40_seed3,0.25195,0.94747,1.26261
design/phi0.40_seed3,0.25586,0.94747,1.05217
design/phi0.40_seed3,0.25977,0.94747,1.05217
design/phi0.40_seed3,0.26367,0.94747,1.05217
design/phi0.40_seed3,0.26758,0.86852,0.91188
design/phi0.40_seed3,0.27148,0.86852,0.98203
design/phi0.40_seed3,0.27539,1.02643,0.84174
design/phi0.40_seed3,0.27930,1.02643,0.91188
design/phi0.40_seed3,0.28320,0.94747,0.98203
design/phi0.40_seed3,0.28711,1.02643,0.98203
design/phi0.40_seed3,0.29102,1.02643,0.98203
design/phi0.40_seed3,0.29492,1.02643,0.91188
design/phi0.40_seed3,0.29883,1.02643,0.84174
design/phi0.40_seed3,0.30273,1.10538,0.84174
design/phi0.40_seed3,0.30664,1.10538,0.84174
design/phi0.40_seed3,0.31055,0.94747,0.84174
design/phi0.40_seed3,0.31445,0.94747,0.84174
design/phi0.40_seed3,0.31836,0.94747,0.91188
design/phi0.40_seed3,0.32227,1.26330,0.91188
design/phi0.40_seed3,0.32617,1.10538,0.91188
design/phi0.40_seed3,0.33008,0.78956,0.91188
design/phi0.40_seed3,0.33398,0.78956,0.84174
design/phi0.40_seed3,0.33789,0.78956,0.84174
design/phi0.40_seed3,0.34180,0.78956,0.84174
design/phi0.40_seed3,0.34570,0.78956,0.98203
design/phi0.40_seed3,0.34961,0.71060,1.12232
design/phi0.40_seed3,0.35352,0.71060,1.12232
design/phi0.40_seed3,0.35742,0.71060,1.12232
design/phi0.40_seed3,0.36133,0.86852,0.98203
design/phi0.40_seed3,0.36523,0.86852,0.98203
design/phi0.40_seed3,0.36914,0.63165,0.98203
design/phi0.40_seed3,0.37305,0.86852,0.91188
design/phi0.40_seed3,0.37695,0.86852,0.84174
design/phi0.40_seed3,0.38086,0.86852,0.84174
design/phi0.40_seed3,0.38477,0.86852,0.77159
design/phi0.40_seed3,0.38867,0.86852,0.63130
design/phi0.40_seed3,0.39258,0.71060,0.63130
design/phi0.40_seed3,0.39648,0.86852,0.84174
design/phi0.40_seed3,0.40039,0.86852,0.84174
design/phi0.40_seed3,0.40430,0.94747,0.63130
design/phi0.40_seed3,0.40820,0.94747,0.70145
design/phi0.40_seed3,0.41211,0.86852,0.70145
design/phi0.40_seed3,0.41602,0.78956,0.70145
design/phi0.40_seed3,0.41992,0.78956,0.70145
design/phi0.40_seed3,0.42383,0.78956,0.70145
design/phi0.40_seed3,0.42773,0.94747,0.70145
design/phi0.40_seed3,0.43164,1.02643,0.70145
design/phi0.40_seed3,0.43555,1.02643,0.70145
design/phi0.40_seed3,0.43945,1.02643,0.70145
design/phi0.40_seed3,0.44336,1.18434,0.77159
design/phi0.40_seed3,0.44727,1.02643,0.91188
design/phi0.40_seed3,0.45117,1.02643,0.91188
design/phi0.40_seed3,0.45508,1.02643,0.91188
design/phi0.40_seed3,0.45898,0.86852,0.91188
design/phi0.40_seed3,0.46289,0.86852,1.19246
design/phi0.40_seed3,0.46680,0.78956,1.54319
design/phi0.40_seed3,0.47070,0.78956,1.61333
design/phi0.40_seed3,0.47461,0.78956,1.61333
design/phi0.40_seed3,0.47852,0.86852,1.54319
design/phi0.40_seed3,0.48242,0.86852,1.54319
design/phi0.40_seed3,0.48633,0.71060,1.68348
design/phi0.40_seed3,0.49023,0.94747,1.68348
design/phi0.40_seed3,0.49414,0.94747,1.68348
design/phi0.40_seed3,0.49805,0.94747,1.54319
design/phi0.40_seed3,0.50195,0.94747,1.54319
design/phi0.40_seed3,0.50586,1.02643,1.33275
design/phi0.40_seed3,0.50977,0.94747,1.40290
design/phi0.40_seed3,0.51367,0.94747,1.54319
design/phi0.40_seed3,0.51758,0.86852,1.54319
design/phi0.40_seed3,0.52148,0.94747,1.47304
design/phi0.40_seed3,0.52539,0.94747,1.47304
design/phi0.40_seed3,0.52930,0.94747,1.47304
design/phi0.40_seed3,0.53320,0.94747,1.47304
design/phi0.40_seed3,0.53711,0.94747,1.33275
design/phi0.40_seed3,0.54102,1.10538,0.98203
design/phi0.40_seed3,0.54492,1.10538,0.98203
design/phi0.40_seed3,0.54883,1.10538,0.98203
design/phi0.40_seed3,0.55273,1.10538,0.98203
design/phi0.40_seed3,0.55664,1.10538,0.98203
design/phi0.40_seed3,0.56055,1.10538,1.12232
design/phi0.40_seed3,0.56445,1.10538,1.05217
design/phi0.40_seed3,0.56836,1.10538,1.05217
design/phi0.40_seed3,0.57227,1.18434,1.05217
design/phi0.40_seed3,0.57617,1.34225,1.12232
design/phi0.40_seed3,0.58008,1.34225,1.12232
design/phi0.40_seed3,0.58398,1.34225,1.12232
design/phi0.40_seed3,0.58789,1.10538,1.12232
design/phi0.40_seed3,0.59180,1.10538,1.12232
design/phi0.40_seed3,0.59570,1.02643,1.12232
design/phi0.40_seed3,0.59961,1.10538,1.05217
design/phi0.40_seed3,0.60352,0.94747,0.91188
design/phi0.40_seed3,0.60742,0.94747,0.84174
design/phi0.40_seed3,0.61133,0.86852,0.77159
design/phi0.40_seed3,0.61523,0.86852,0.77159
design/phi0.40_seed3,0.61914,0.86852,0.77159
design/phi0.40_seed3,0.62305,0.78956,0.84174
design/phi0.40_seed3,0.62695,0.86852,0.84174
design/phi0.40_seed3,0.63086,0.86852,0.84174
design/phi0.40_seed3,0.63477,0.86852,0.91188
design/phi0.40_seed3,0.63867,0.86852,1.05217
design/phi0.40_seed3,0.64258,0.86852,1.05217
design/phi0.40_seed3,0.64648,0.86852,1.05217
design/phi0.40_seed3,0.65039,1.02643,1.05217
design/phi0.40_seed3,0.65430,1.02643,1.05217
design/phi0.40_seed3,0.65820,1.10538,1.12232
design/phi0.40_seed3,0.66211,1.10538,1.26261
design/phi0.40_seed3,0.66602,1.02643,1.19246
design/phi0.40_seed3,0.66992,0.94747,1.12232
design/phi0.40_seed3,0.67383,0.94747,1.19246
design/phi0.40_seed3,0.67773,0.94747,1.40290
design/phi0.40_seed3,0.68164,0.94747,1.54319
design/phi0.40_seed3,0.68555,0.94747,1.47304
design/phi0.40_seed3,0.68945,0.86852,1.40290
design/phi0.40_seed3,0.69336,0.86852,1.26261
design/phi0.40_seed3,0.69727,0.86852,1.26261
design/phi0.40_seed3,0.70117,0.86852,1.26261
design/phi0.40_seed3,0.70508,0.86852,1.19246
design/phi0.40_seed3,0.70898,1.02643,0.98203
design/phi0.40_seed3,0.71289,0.94747,0.98203
design/phi0.40_seed3,0.71680,0.94747,1.19246
design/phi0.40_seed3,0.72070,0.94747,1.19246
design/phi0.40_seed3,0.72461,0.71060,1.12232
design/phi0.40_seed3,0.72852,0.63165,1.05217
design/phi0.40_seed3,0.73242,0.63165,1.19246
design/phi0.40_seed3,0.73633,0.63165,1.19246
design/phi0.40_seed3,0.74023,0.78956,0.98203
design/phi0.40_seed3,0.74414,0.78956,0.91188
design/phi0.40_seed3,0.74805,0.78956,1.05217
design/phi0.40_seed3,0.75195,0.78956,0.91188
design/phi0.40_seed3,0.75586,0.86852,0.98203
design/phi0.40_seed3,0.75977,0.71060,0.98203
design/phi0.40_seed3,0.76367,0.71060,0.98203
design/phi0.40_seed3,0.76758,0.71060,0.98203
design/phi0.40_seed3,0.77148,0.71060,1.05217
design/phi0.40_seed3,0.77539,0.78956,1.05217
design/phi0.40_seed3,0.77930,0.86852,1.05217
design/phi0.40_seed3,0.78320,0.94747,1.05217
design/phi0.40_seed3,0.78711,0.94747,1.05217
design/phi0.40_seed3,0.79102,1.02643,1.05217
design/phi0.40_seed3,0.79492,1.02643,0.84174
design/phi0.40_seed3,0.79883,1.10538,0.84174
design/phi0.40_seed3,0.80273,1.10538,0.63130
design/phi0.40_seed3,0.80664,1.10538,0.56116
design/phi0.40_seed3,0.81055,1.10538,0.63130
design/phi0.40_seed3,0.81445,1.10538,0.63130
design/phi0.40_seed3,0.81836,1.10538,0.56116
design/phi0.40_seed3,0.82227,1.02643,0.49101
design/phi0.40_seed3,0.82617,1.02643,0.49101
design/phi0.40_seed3,0.83008,1.02643,0.49101
design/phi0.40_seed3,0.83398,1.02643,0.49101
design/phi0.40_seed3,0.83789,1.10538,0.49101
design/phi0.40_seed3,0.84180,1.02643,0.49101
design/phi0.40_seed3,0.84570,1.10538,0.49101
design/phi0.40_seed3,0.84961,1.02643,0.63130
design/phi0.40_seed3,0.85352,1.42121,0.56116
design/phi0.40_seed3,0.85742,1.42121,0.56116
design/phi0.40_seed3,0.86133,1.50016,0.42087
design/phi0.40_seed3,0.86523,1.50016,0.56116
design/phi0.40_seed3,0.86914,1.65808,0.56116
design/phi0.40_seed3,0.87305,1.57912,0.56116
design/phi0.40_seed3,0.87695,1.57912,0.56116
design/phi0.40_seed3,0.88086,1.65808,0.56116
design/phi0.40_seed3,0.88477,1.65808,0.70145
design/phi0.40_seed3,0.88867,1.57912,0.70145
design/phi0.40_seed3,0.89258,1.57912,0.70145
design/phi0.40_seed3,0.89648,1.50016,0.63130
design/phi0.40_seed3,0.90039,1.34225,0.63130
design/phi0.40_seed3,0.90430,1.34225,0.56116
design/phi0.40_seed3,0.90820,1.34225,0.56116
design/phi0.40_seed3,0.91211,1.34225,0.56116
design/phi0.40_seed3,0.91602,1.50016,0.63130
design/phi0.40_seed3,0.91992,1.34225,0.77159
design/phi0.40_seed3,0.92383,1.26330,0.77159
design/phi0.40_seed3,0.92773,1.10538,0.84174
design/phi0.40_seed3,0.93164,1.10538,0.84174
design/phi0.40_seed3,0.93555,1.02643,0.91188
design/phi0.40_seed3,0.93945,0.94747,1.19246
design/phi0.40_seed3,0.94336,0.94747,1.12232
design/phi0.40_seed3,0.94727,0.94747,1.12232
design/phi0.40_seed3,0.95117,0.86852,1.12232
design/phi0.40_seed3,0.95508,0.94747,1.19246
design/phi0.40_seed3,0.95898,0.94747,1.33275
design/phi0.40_seed3,0.96289,0.94747,1.33275
design/phi0.40_seed3,0.96680,0.94747,1.33275
design/phi0.40_seed3,0.97070,0.78956,1.33275
design/phi0.40_seed3,0.97461,0.78956,1.12232
design/phi0.40_seed3,0.97852,0.78956,0.91188
design/phi0.40_seed3,0.98242,0.94747,0.91188
design/phi0.40_seed3,0.98633,1.02643,0.77159
design/phi0.40_seed3,0.99023,0.78956,0.77159
design/phi0.40_seed3,0.99414,0.78956,0.77159
design/phi0.40_seed3,0.99805,0.71060,0.84174
design/phi0.45_seed1,0.00195,0.24564,0.95499
design/phi0.45_seed1,0.00586,0.24564,0.95499
design/phi0.45_seed1,0.00977,0.24564,0.95499
design/phi0.45_seed1,0.01367,0.49128,0.87541
design/phi0.45_seed1,0.01758,0.57315,0.87541
design/phi0.45_seed1,0.02148,0.57315,0.95499
design/phi0.45_seed1,0.02539,0.65503,0.79583
design/phi0.45_seed1,0.02930,0.81879,0.79583
design/phi0.45_seed1,0.03320,0.81879,0.79583
design/phi0.45_seed1,0.03711,0.81879,0.71624
design/phi0.45_seed1,0.04102,0.81879,0.71624
design/phi0.45_seed1,0.04492,0.81879,0.87541
design/phi0.45_seed1,0.04883,0.98255,0.87541
design/phi0.45_seed1,0.05273,0.98255,0.87541
design/phi0.45_seed1,0.05664,1.06443,0.79583
design/phi0.45_seed1,0.06055,1.06443,0.79583
design/phi0.45_seed1,0.06445,1.06443,0.71624
design/phi0.45_seed1,0.06836,0.90067,0.79583
design/phi0.45_seed1,0.07227,0.90067,0.95499
design/phi0.45_seed1,0.07617,0.98255,0.95499
design/phi0.45_seed1,0.08008,0.90067,1.03457
design/phi0.45_seed1,0.08398,0.90067,0.95499
design/phi0.45_seed1,0.08789,0.90067,0.95499
design/phi0.45_seed1,0.09180,0.81879,0.95499
design/phi0.45_seed1,0.09570,0.81879,1.11416
design/phi0.45_seed1,0.09961,0.81879,0.95499
design/phi0.45_seed1,0.10352,0.81879,0.95499
design/phi0.45_seed1,0.10742,1.14631,0.95499
design/phi0.45_seed1,0.11133,1.22819,1.19374
design/phi0.45_seed1,0.11523,1.22819,1.19374
design/phi0.45_seed1,0.11914,1.22819,1.19374
design/phi0.45_seed1,0.12305,1.31007,1.03457
design/phi0.45_seed1,0.12695,1.31007,1.11416
design/phi0.45_seed1,0.13086,1.22819,1.19374
design/phi0.45_seed1,0.13477,1.22819,1.19374
design/phi0.45_seed1,0.13867,1.14631,1.19374
design/phi0.45_seed1,0.14258,1.14631,1.19374
design/phi0.45_seed1,0.14648,1.47383,1.19374
design/phi0.45_seed1,0.15039,1.63758,1.19374
design/phi0.45_seed1,0.15430,1.80134,1.19374
design/phi0.45_seed1,0.15820,1.47383,1.27332
design/phi0.45_seed1,0.16211,1.47383,1.27332
design/phi0.45_seed1,0.16602,1.31007,1.19374
design/phi0.45_seed1,0.16992,1.55570,1.19374
design/phi0.45_seed1,0.17383,1.55570,1.11416
design/phi0.45_seed1,0.17773,1.47383,1.11416
design/phi0.45_seed1,0.18164,1.55570,1.19374
design/phi0.45_seed1,0.18555,1.63758,1.19374
design/phi0.45_seed1,0.18945,1.47383,1.19374
design/phi0.45_seed1,0.19336,1.47383,1.11416
design/phi0.45_seed1,0.19727,1.47383,1.03457
design/phi0.45_seed1,0.20117,1.47383,0.95499
design/phi0.45_seed1,0.20508,1.31007,0.79583
design/phi0.45_seed1,0.20898,1.31007,0.87541
design/phi0.45_seed1,0.21289,1.31007,0.87541
design/phi0.45_seed1,0.21680,1.31007,0.87541
design/phi0.45_seed1,0.22070,1.31007,0.87541
design/phi0.45_seed1,0.22461,1.22819,0.79583
design/phi0.45_seed1,0.22852,0.98255,0.55708
design/phi0.45_seed1,0.23242,0.98255,0.39791
design/phi0.45_seed1,0.23633,0.98255,0.39791
design/phi0.45_seed1,0.24023,0.98255,0.39791
design/phi0.45_seed1,0.24414,0.98255,0.39791
design/phi0.45_seed1,0.24805,1.06443,0.47750
design/phi0.45_seed1,0.25195,1.06443,0.47750
design/phi0.45_seed1,0.25586,1.06443,0.71624
design/phi0.45_seed1,0.25977,0.98255,0.71624
design/phi0.45_seed1,0.26367,1.14631,0.95499
design/phi0.45_seed1,0.26758,1.06443,0.95499
design/phi0.45_seed1,0.27148,0.90067,0.95499
design/phi0.45_seed1,0.27539,0.90067,0.95499
design/phi0.45_seed1,0.27930,1.06443,1.11416
design/phi0.45_seed1,0.28320,1.06443,1.19374
design/phi0.45_seed1,0.28711,1.06443,1.27332
design/phi0.45_seed1,0.29102,1.06443,1.11416
design/phi0.45_seed1,0.29492,1.06443,1.11416
design/phi0.45_seed1,0.29883,1.39195,1.11416
design/phi0.45_seed1,0.30273,1.39195,1.19374
design/phi0.45_seed1,0.30664,1.39195,1.19374
design/phi0.45_seed1,0.31055,1.39195,1.03457
design/phi0.45_seed1,0.31445,1.47383,1.03457
design/phi0.45_seed1,0.31836,1.47383,0.95499
design/phi0.45_seed1,0.32227,1.47383,0.87541
design/phi0.45_seed1,0.32617,1.31007,1.11416
design/phi0.45_seed1,0.33008,1.31007,1.11416
design/phi0.45_seed1,0.33398,1.31007,1.11416
design/phi0.45_seed1,0.33789,1.31007,0.95499
design/phi0.45_seed1,0.34180,1.31007,0.95499
design/phi0.45_seed1,0.34570,1.31007,1.11416
design/phi0.45_seed1,0.34961,1.22819,1.11416
design/phi0.45_seed1,0.35352,1.06443,1.19374
design/phi0.45_seed1,0.35742,1.06443,1.19374
design/phi0.45_seed1,0.36133,0.98255,1.43249
design/phi0.45_seed1,0.36523,0.98255,1.43249
design/phi0.45_seed1,0.36914,0.98255,1.43249
design/phi0.45_seed1,0.37305,0.81879,1.51207
design/phi0.45_seed1,0.37695,0.90067,1.51207
design/phi0.45_seed1,0.38086,0.90067,1.67123
design/phi0.45_seed1,0.38477,0.90067,1.67123
design/phi0.45_seed1,0.38867,0.81879,1.67123
design/phi0.45_seed1,0.39258,0.81879,1.59165
design/phi0.45_seed1,0.39648,0.81879,1.51207
design/phi0.45_seed1,0.40039,0.81879,1.51207
design/phi0.45_seed1,0.40430,0.98255,1.27332
design/phi0.45_seed1,0.40820,1.14631,1.11416
design/phi0.45_seed1,0.41211,1.31007,1.03457
design/phi0.45_seed1,0.41602,1.22819,1.11416
design/phi0.45_seed1,0.41992,1.14631,1.11416
design/phi0.45_seed1,0.42383,1.14631,1.11416
design/phi0.45_seed1,0.42773,1.14631,0.87541
design/phi0.45_seed1,0.43164,0.98255,0.87541
design/phi0.45_seed1,0.43555,0.90067,0.87541
design/phi0.45_seed1,0.43945,0.90067,0.87541
design/phi0.45_seed1,0.44336,0.90067,0.79583
design/phi0.45_seed1,0.44727,0.90067,0.71624
design/phi0.45_seed1,0.45117,0.90067,0.71624
design/phi0.45_seed1,0.45508,1.06443,0.79583
design/phi0.45_seed1,0.45898,1.39195,0.79583
design/phi0.45_seed1,0.46289,1.22819,0.79583
design/phi0.45_seed1,0.46680,1.14631,0.95499
design/phi0.45_seed1,0.47070,1.14631,0.95499
design/phi0.45_seed1,0.47461,1.06443,0.95499
design/phi0.45_seed1,0.47852,1.06443,0.95499
design/phi0.45_seed1,0.48242,1.22819,1.03457
design/phi0.45_seed1,0.48633,1.22819,1.27332
design/phi0.45_seed1,0.49023,1.22819,1.19374
design/phi0.45_seed1,0.49414,1.22819,1.19374
design/phi0.45_seed1,0.49805,1.14631,1.27332
design/phi0.45_seed1,0.50195,1.14631,1.11416
design/phi0.45_seed1,0.50586,1.06443,1.03457
design/phi0.45_seed1,0.50977,1.06443,1.11416
design/phi0.45_seed1,0.51367,1.06443,1.11416
design/phi0.45_seed1,0.51758,0.90067,1.11416
design/phi0.45_seed1,0.52148,0.90067,0.95499
design/phi0.45_seed1,0.52539,0.90067,0.79583
design/phi0.45_seed1,0.52930,0.90067,0.71624
design/phi0.45_seed1,0.53320,1.06443,0.71624
design/phi0.45_seed1,0.53711,1.06443,0.71624
design/phi0.45_seed1,0.54102,1.14631,0.71624
design/phi0.45_seed1,0.54492,1.22819,0.71624
design/phi0.45_seed1,0.54883,1.14631,0.71624
design/phi0.45_seed1,0.55273,1.14631,0.71624
design/phi0.45_seed1,0.55664,1.22819,0.71624
design/phi0.45_seed1,0.56055,1.22819,0.71624
design/phi0.45_seed1,0.56445,1.14631,0.71624
design/phi0.45_seed1,0.56836,1.22819,0.71624
design/phi0.45_seed1,0.57227,1.22819,0.63666
design/phi0.45_seed1,0.57617,1.22819,0.63666
design/phi0.45_seed1,0.58008,1.14631,0.71624
design/phi0.45_seed1,0.58398,1.14631,0.71624
design/phi0.45_seed1,0.58789,1.22819,0.71624
design/phi0.45_seed1,0.59180,1.31007,0.71624
design/phi0.45_seed1,0.59570,1.14631,0.71624
design/phi0.45_seed1,0.59961,1.14631,0.71624
design/phi0.45_seed1,0.60352,1.22819,0.79583
design/phi0.45_seed1,0.60742,1.22819,0.87541
design/phi0.45_seed1,0.61133,1.22819,0.87541
design/phi0.45_seed1,0.61523,1.22819,0.87541
design/phi0.45_seed1,0.61914,1.22819,0.87541
design/phi0.45_seed1,0.62305,1.14631,0.87541
design/phi0.45_seed1,0.62695,1.06443,0.87541
design/phi0.45_seed1,0.63086,1.06443,0.87541
design/phi0.45_seed1,0.63477,0.98255,0.79583
design/phi0.45_seed1,0.63867,0.98255,0.79583
design/phi0.45_seed1,0.64258,0.98255,0.79583
design/phi0.45_seed1,0.64648,0.81879,0.71624
design/phi0.45_seed1,0.65039,0.81879,0.71624
design/phi0.45_seed1,0.65430,0.81879,0.63666
design/phi0.45_seed1,0.65820,0.73691,0.87541
design/phi0.45_seed1,0.66211,0.73691,0.79583
design/phi0.45_seed1,0.66602,0.98255,0.79583
design/phi0.45_seed1,0.66992,0.98255,0.79583
design/phi0.45_seed1,0.67383,0.98255,0.79583
design/phi0.45_seed1,0.67773,0.98255,0.79583
design/phi0.45_seed1,0.68164,0.98255,0.79583
design/phi0.45_seed1,0.68555,0.98255,0.79583
design/phi0.45_seed1,0.68945,0.98255,0.95499
design/phi0.45_seed1,0.69336,0.81879,0.71624
design/phi0.45_seed1,0.69727,0.81879,0.71624
design/phi0.45_seed1,0.70117,0.81879,0.95499
design/phi0.45_seed1,0.70508,0.81879,0.87541
design/phi0.45_seed1,0.70898,0.73691,0.87541
design/phi0.45_seed1,0.71289,0.65503,0.87541
design/phi0.45_seed1,0.71680,0.65503,0.87541
design/phi0.45_seed1,0.72070,0.65503,0.87541
design/phi0.45_seed1,0.72461,0.73691,0.87541
design/phi0.45_seed1,0.72852,0.73691,0.87541
design/phi0.45_seed1,0.73242,0.73691,0.79583
design/phi0.45_seed1,0.73633,0.73691,0.79583
design/phi0.45_seed1,0.74023,0.73691,0.79583
design/phi0.45_seed1,0.74414,0.73691,0.87541
design/phi0.45_seed1,0.74805,0.81879,1.27332
design/phi0.45_seed1,0.75195,0.90067,1.43249
design/phi0.45_seed1,0.75586,0.81879,1.43249
design/phi0.45_seed1,0.75977,0.81879,1.59165
design/phi0.45_seed1,0.76367,0.81879,1.51207
design/phi0.45_seed1,0.76758,0.73691,1.51207
design/phi0.45_seed1,0.77148,0.73691,1.51207
design/phi0.45_seed1,0.77539,0.90067,1.51207
design/phi0.45_seed1,0.77930,0.90067,1.35290
design/phi0.45_seed1,0.78320,0.98255,1.27332
design/phi0.45_seed1,0.78711,0.98255,1.11416
design/phi0.45_seed1,0.79102,0.98255,1.03457
design/phi0.45_seed1,0.79492,0.81879,1.43249
design/phi0.45_seed1,0.79883,0.81879,1.43249
design/phi0.45_seed1,0.80273,0.81879,1.43249
design/phi0.45_seed1,0.80664,0.90067,1.35290
design/phi0.45_seed1,0.81055,0.90067,1.35290
design/phi0.45_seed1,0.81445,0.73691,1.51207
design/phi0.45_seed1,0.81836,0.73691,1.51207
design/phi0.45_seed1,0.82227,0.65503,1.35290
design/phi0.45_seed1,0.82617,0.65503,1.35290
design/phi0.45_seed1,0.83008,0.65503,1.35290
design/phi0.45_seed1,0.83398,0.65503,1.35290
design/phi0.45_seed1,0.83789,0.65503,1.35290
design/phi0.45_seed1,0.84180,0.65503,1.27332
design/phi0.45_seed1,0.84570,0.81879,0.95499
design/phi0.45_seed1,0.84961,0.65503,0.95499
design/phi0.45_seed1,0.85352,0.65503,0.95499
design/phi0.45_seed1,0.85742,0.65503,0.95499
design/phi0.45_seed1,0.86133,0.65503,0.87541
design/phi0.45_seed1,0.86523,0.65503,0.87541
design/phi0.45_seed1,0.86914,0.49128,0.87541
design/phi0.45_seed1,0.87305,0.49128,0.79583
design/phi0.45_seed1,0.87695,0.49128,0.79583
design/phi0.45_seed1,0.88086,0.57315,0.95499
design/phi0.45_seed1,0.88477,0.57315,0.95499
design/phi0.45_seed1,0.88867,0.57315,0.95499
design/phi0.45_seed1,0.89258,0.57315,0.95499
design/phi0.45_seed1,0.89648,0.73691,0.87541
design/phi0.45_seed1,0.90039,0.73691,0.79583
design/phi0.45_seed1,0.90430,0.73691,0.79583
design/phi0.45_seed1,0.90820,0.81879,0.63666
design/phi0.45_seed1,0.91211,0.90067,0.79583
design/phi0.45_seed1,0.91602,0.81879,0.87541
design/phi0.45_seed1,0.91992,0.81879,0.87541
design/phi0.45_seed1,0.92383,0.81879,0.87541
design/phi0.45_seed1,0.92773,0.73691,0.87541
design/phi0.45_seed1,0.93164,0.73691,1.19374
design/phi0.45_seed1,0.93555,0.81879,1.19374
design/phi0.45_seed1,0.93945,0.81879,1.43249
design/phi0.45_seed1,0.94336,0.81879,1.19374
design/phi0.45_seed1,0.94727,0.65503,1.11416
design/phi0.45_seed1,0.95117,0.49128,1.11416
design/phi0.45_seed1,0.95508,0.57315,1.11416
design/phi0.45_seed1,0.95898,0.57315,1.11416
design/phi0.45_seed1,0.96289,0.57315,0.95499
design/phi0.45_seed1,0.96680,0.57315,0.95499
design/phi0.45_seed1,0.97070,0.57315,1.03457
design/phi0.45_seed1,0.97461,0.40940,1.03457
design/phi0.45_seed1,0.97852,0.24564,1.19374
design/phi0.45_seed1,0.98242,0.24564,1.19374
design/phi0.45_seed1,0.98633,0.24564,1.03457
design/phi0.45_seed1,0.99023,0.24564,1.03457
design/phi0.45_seed1,0.99414,0.24564,1.03457
design/phi0.45_seed1,0.99805,0.24564,1.03457
design/phi0.45_seed2,0.00195,0.82321,0.88581
design/phi0.45_seed2,0.00586,0.74089,0.72475
design/phi0.45_seed2,0.00977,0.82321,0.72475
design/phi0.45_seed2,0.01367,1.07018,0.72475
design/phi0.45_seed2,0.01758,1.07018,0.72475
design/phi0.45_seed2,0.02148,1.15250,0.72475
design/phi0.45_seed2,0.02539,1.23482,0.72475
design/phi0.45_seed2,0.02930,1.07018,0.88581
design/phi0.45_seed2,0.03320,1.07018,1.12739
design/phi0.45_seed2,0.03711,1.07018,1.20792
design/phi0.45_seed2,0.04102,0.90553,1.28845
design/phi0.45_seed2,0.04492,0.90553,1.28845
design/phi0.45_seed2,0.04883,0.90553,1.28845
design/phi0.45_seed2,0.05273,0.82321,1.28845
design/phi0.45_seed2,0.05664,0.98785,1.28845
design/phi0.45_seed2,0.06055,0.98785,1.04686
design/phi0.45_seed2,0.06445,0.98785,1.04686
design/phi0.45_seed2,0.06836,0.98785,1.04686
design/phi0.45_seed2,0.07227,0.98785,0.96634
design/phi0.45_seed2,0.07617,0.98785,1.04686
design/phi0.45_seed2,0.08008,0.98785,0.96634
design/phi0.45_seed2,0.08398,0.90553,0.96634
design/phi0.45_seed2,0.08789,0.90553,0.88581
design/phi0.45_seed2,0.09180,0.90553,0.88581
design/phi0.45_seed2,0.09570,0.90553,0.80528
design/phi0.45_seed2,0.09961,0.90553,0.80528
design/phi0.45_seed2,0.10352,0.90553,0.80528
design/phi0.45_seed2,0.10742,0.90553,0.80528
design/phi0.45_seed2,0.11133,0.90553,0.80528
design/phi0.45_seed2,0.11523,0.90553,0.80528
design/phi0.45_seed2,0.11914,0.90553,0.80528
design/phi0.45_seed2,0.12305,0.90553,0.80528
design/phi0.45_seed2,0.12695,1.07018,0.80528
design/phi0.45_seed2,0.13086,0.98785,0.88581
design/phi0.45_seed2,0.13477,0.98785,0.96634
design/phi0.45_seed2,0.13867,0.98785,0.88581
design/phi0.45_seed2,0.14258,0.98785,0.88581
design/phi0.45_seed2,0.14648,0.90553,0.96634
design/phi0.45_seed2,0.15039,0.90553,0.96634
design/phi0.45_seed2,0.15430,0.90553,0.96634
design/phi0.45_seed2,0.15820,0.82321,1.04686
design/phi0.45_seed2,0.16211,0.98785,0.96634
design/phi0.45_seed2,0.16602,0.98785,1.12739
design/phi0.45_seed2,0.16992,0.82321,1.12739
design/phi0.45_seed2,0.17383,0.57625,1.12739
design/phi0.45_seed2,0.17773,0.57625,1.12739
design/phi0.45_seed2,0.18164,0.57625,1.12739
design/phi0.45_seed2,0.18555,0.57625,1.12739
design/phi0.45_seed2,0.18945,0.57625,1.20792
design/phi0.45_seed2,0.19336,0.49393,1.12739
design/phi0.45_seed2,0.19727,0.65857,1.04686
design/phi0.45_seed2,0.20117,0.65857,0.96634
design/phi0.45_seed2,0.20508,0.65857,0.96634
design/phi0.45_seed2,0.20898,0.57625,0.88581
design/phi0.45_seed2,0.21289,0.57625,0.80528
design/phi0.45_seed2,0.21680,0.57625,0.80528
design/phi0.45_seed2,0.22070,0.57625,0.80528
design/phi0.45_seed2,0.22461,0.41161,0.88581
design/phi0.45_seed2,0.22852,0.49393,0.80528
design/phi0.45_seed2,0.23242,0.49393,0.80528
design/phi0.45_seed2,0.23633,0.49393,0.80528
design/phi0.45_seed2,0.24023,0.49393,0.72475
design/phi0.45_seed2,0.24414,0.49393,0.56370
design/phi0.45_seed2,0.24805,0.49393,0.56370
design/phi0.45_seed2,0.25195,0.57625,0.56370
design/phi0.45_seed2,0.25586,0.57625,0.56370
design/phi0.45_seed2,0.25977,0.74089,0.72475
design/phi0.45_seed2,0.26367,0.74089,0.72475
design/phi0.45_seed2,0.26758,0.82321,0.72475
design/phi0.45_seed2,0.27148,0.90553,0.88581
design/phi0.45_seed2,0.27539,0.90553,0.64422
design/phi0.45_seed2,0.27930,0.90553,0.80528
design/phi0.45_seed2,0.28320,0.82321,0.72475
design/phi0.45_seed2,0.28711,0.65857,0.64422
design/phi0.45_seed2,0.29102,0.65857,0.64422
design/phi0.45_seed2,0.29492,0.65857,0.64422
design/phi0.45_seed2,0.29883,0.65857,0.64422
design/phi0.45_seed2,0.30273,0.90553,0.56370
design/phi0.45_seed2,0.30664,0.82321,0.56370
design/phi0.45_seed2,0.31055,0.82321,0.56370
design/phi0.45_seed2,0.31445,0.98785,0.56370
design/phi0.45_seed2,0.31836,1.15250,0.56370
design/phi0.45_seed2,0.32227,1.15250,0.56370
design/phi0.45_seed2,0.32617,1.15250,0.56370
design/phi0.45_seed2,0.33008,1.15250,0.64422
design/phi0.45_seed2,0.33398,1.15250,0.48317
design/phi0.45_seed2,0.33789,1.23482,0.48317
design/phi0.45_seed2,0.34180,1.15250,0.48317
design/phi0.45_seed2,0.34570,1.07018,0.48317
design/phi0.45_seed2,0.34961,1.23482,0.48317
design/phi0.45_seed2,0.35352,1.31714,0.56370
design/phi0.45_seed2,0.35742,1.15250,0.56370
design/phi0.45_seed2,0.36133,1.15250,0.64422
design/phi0.45_seed2,0.36523,1.15250,0.56370
design/phi0.45_seed2,0.36914,1.23482,0.56370
design/phi0.45_seed2,0.37305,1.31714,0.56370
design/phi0.45_seed2,0.37695,1.23482,0.56370
design/phi0.45_seed2,0.38086,1.15250,0.56370
design/phi0.45_seed2,0.38477,1.15250,0.48317
design/phi0.45_seed2,0.38867,1.23482,0.48317
design/phi0.45_seed2,0.39258,1.31714,0.48317
design/phi0.45_seed2,0.39648,1.31714,0.72475
design/phi0.45_seed2,0.40039,1.56410,0.72475
design/phi0.45_seed2,0.40430,1.56410,0.72475
design/phi0.45_seed2,0.40820,1.56410,0.72475
design/phi0.45_seed2,0.41211,1.56410,0.64422
design/phi0.45_seed2,0.41602,1.39946,0.80528
design/phi0.45_seed2,0.41992,1.23482,0.96634
design/phi0.45_seed2,0.42383,1.23482,0.96634
design/phi0.45_seed2,0.42773,1.07018,0.96634
design/phi0.45_seed2,0.43164,1.15250,0.96634
design/phi0.45_seed2,0.43555,0.98785,1.04686
design/phi0.45_seed2,0.43945,0.82321,1.20792
design/phi0.45_seed2,0.44336,0.82321,1.28845
design/phi0.45_seed2,0.44727,0.65857,1.36898
design/phi0.45_seed2,0.45117,0.65857,1.20792
design/phi0.45_seed2,0.45508,0.74089,1.28845
design/phi0.45_seed2,0.45898,0.65857,1.28845
design/phi0.45_seed2,0.46289,0.65857,1.28845
design/phi0.45_seed2,0.46680,0.57625,1.28845
design/phi0.45_seed2,0.47070,0.57625,1.36898
design/phi0.45_seed2,0.47461,0.57625,1.53003
design/phi0.45_seed2,0.47852,0.57625,1.28845
design/phi0.45_seed2,0.48242,0.49393,1.28845
design/phi0.45_seed2,0.48633,0.65857,1.36898
design/phi0.45_seed2,0.49023,0.65857,1.36898
design/phi0.45_seed2,0.49414,0.57625,1.36898
design/phi0.45_seed2,0.49805,0.57625,1.44950
design/phi0.45_seed2,0.50195,0.57625,1.20792
design/phi0.45_seed2,0.50586,0.57625,1.12739
design/phi0.45_seed2,0.50977,0.57625,0.72475
design/phi0.45_seed2,0.51367,0.74089,0.72475
design/phi0.45_seed2,0.51758,0.82321,0.88581
design/phi0.45_seed2,0.52148,0.82321,0.88581
design/phi0.45_seed2,0.52539,0.82321,0.88581
design/phi0.45_seed2,0.52930,0.82321,0.88581
design/phi0.45_seed2,0.53320,0.82321,0.88581
design/phi0.45_seed2,0.53711,0.82321,0.72475
design/phi0.45_seed2,0.54102,0.82321,0.72475
design/phi0.45_seed2,0.54492,0.82321,0.72475
design/phi0.45_seed2,0.54883,0.82321,0.72475
design/phi0.45_seed2,0.55273,0.82321,0.72475
design/phi0.45_seed2,0.55664,0.82321,0.72475
design/phi0.45_seed2,0.56055,0.82321,0.88581
design/phi0.45_seed2,0.56445,0.90553,0.72475
design/phi0.45_seed2,0.56836,0.90553,0.96634
design/phi0.45_seed2,0.57227,0.98785,0.96634
design/phi0.45_seed2,0.57617,0.90553,1.12739
design/phi0.45_seed2,0.58008,1.07018,1.04686
design/phi0.45_seed2,0.58398,1.15250,1.04686
design/phi0.45_seed2,0.58789,1.15250,1.36898
design/phi0.45_seed2,0.59180,1.23482,1.36898
design/phi0.45_seed2,0.59570,1.23482,1.20792
design/phi0.45_seed2,0.59961,1.23482,1.04686
design/phi0.45_seed2,0.60352,1.15250,1.20792
design/phi0.45_seed2,0.60742,1.15250,1.36898
design/phi0.45_seed2,0.61133,1.07018,1.36898
design/phi0.45_seed2,0.61523,1.07018,1.53003
design/phi0.45_seed2,0.61914,1.15250,1.53003
design/phi0.45_seed2,0.62305,1.15250,1.53003
design/phi0.45_seed2,0.62695,1.15250,1.69109
design/phi0.45_seed2,0.63086,1.64642,1.69109
design/phi0.45_seed2,0.63477,1.56410,1.69109
design/phi0.45_seed2,0.63867,1.56410,1.28845
design/phi0.45_seed2,0.64258,1.56410,1.28845
design/phi0.45_seed2,0.64648,1.56410,1.28845
design/phi0.45_seed2,0.65039,1.48178,1.20792
design/phi0.45_seed2,0.65430,1.48178,1.44950
design/phi0.45_seed2,0.65820,1.48178,1.36898
design/phi0.45_seed2,0.66211,1.31714,1.28845
design/phi0.45_seed2,0.66602,1.23482,1.28845
design/phi0.45_seed2,0.66992,1.48178,1.69109
design/phi0.45_seed2,0.67383,1.56410,1.69109
design/phi0.45_seed2,0.67773,1.64642,1.61056
design/phi0.45_seed2,0.68164,1.64642,1.28845
design/phi0.45_seed2,0.68555,1.48178,1.28845
design/phi0.45_seed2,0.68945,1.39946,1.28845
design/phi0.45_seed2,0.69336,1.39946,1.28845
design/phi0.45_seed2,0.69727,1.23482,1.20792
design/phi0.45_seed2,0.70117,1.23482,1.20792
design/phi0.45_seed2,0.70508,1.23482,1.20792
design/phi0.45_seed2,0.70898,1.23482,1.12739
design/phi0.45_seed2,0.71289,1.23482,1.12739
design/phi0.45_seed2,0.71680,0.98785,1.28845
design/phi0.45_seed2,0.72070,0.98785,1.28845
design/phi0.45_seed2,0.72461,1.07018,1.28845
design/phi0.45_seed2,0.72852,1.07018,1.28845
design/phi0.45_seed2,0.73242,1.15250,1.36898
design/phi0.45_seed2,0.73633,1.15250,1.28845
design/phi0.45_seed2,0.74023,1.07018,1.28845
design/phi0.45_seed2,0.74414,0.90553,1.28845
design/phi0.45_seed2,0.74805,0.90553,1.28845
design/phi0.45_seed2,0.75195,0.90553,1.28845
design/phi0.45_seed2,0.75586,0.90553,0.88581
design/phi0.45_seed2,0.75977,0.90553,0.88581
design/phi0.45_seed2,0.76367,0.82321,0.88581
design/phi0.45_seed2,0.76758,0.82321,0.88581
design/phi0.45_seed2,0.77148,0.82321,0.80528
design/phi0.45_seed2,0.77539,1.15250,0.64422
design/phi0.45_seed2,0.77930,1.15250,0.72475
design/phi0.45_seed2,0.78320,0.98785,0.80528
design/phi0.45_seed2,0.78711,1.15250,0.80528
design/phi0.45_seed2,0.79102,1.15250,0.80528
design/phi0.45_seed2,0.79492,1.23482,0.80528
design/phi0.45_seed2,0.79883,1.23482,0.80528
design/phi0.45_seed2,0.80273,1.31714,1.04686
design/phi0.45_seed2,0.80664,1.31714,1.12739
design/phi0.45_seed2,0.81055,1.56410,1.20792
design/phi0.45_seed2,0.81445,1.56410,1.20792
design/phi0.45_seed2,0.81836,1.72874,1.12739
design/phi0.45_seed2,0.82227,1.72874,1.12739
design/phi0.45_seed2,0.82617,1.72874,1.12739
design/phi0.45_seed2,0.83008,1.72874,1.12739
design/phi0.45_seed2,0.83398,1.72874,1.12739
design/phi0.45_seed2,0.83789,1.81107,1.12739
design/phi0.45_seed2,0.84180,1.81107,1.12739
design/phi0.45_seed2,0.84570,1.81107,1.12739
design/phi0.45_seed2,0.84961,1.81107,1.04686
design/phi0.45_seed2,0.85352,1.56410,1.04686
design/phi0.45_seed2,0.85742,1.56410,1.04686
design/phi0.45_seed2,0.86133,1.64642,0.96634
design/phi0.45_seed2,0.86523,1.31714,0.96634
design/phi0.45_seed2,0.86914,1.31714,0.96634
design/phi0.45_seed2,0.87305,1.07018,1.20792
design/phi0.45_seed2,0.87695,1.07018,0.96634
design/phi0.45_seed2,0.88086,1.07018,0.96634
design/phi0.45_seed2,0.88477,0.98785,0.96634
design/phi0.45_seed2,0.88867,1.07018,1.28845
design/phi0.45_seed2,0.89258,1.07018,1.28845
design/phi0.45_seed2,0.89648,0.82321,1.36898
design/phi0.45_seed2,0.90039,0.82321,1.36898
design/phi0.45_seed2,0.90430,0.82321,1.36898
design/phi0.45_seed2,0.90820,0.82321,1.28845
design/phi0.45_seed2,0.91211,0.65857,1.44950
design/phi0.45_seed2,0.91602,0.65857,1.44950
design/phi0.45_seed2,0.91992,0.65857,1.36898
design/phi0.45_seed2,0.92383,0.65857,0.88581
design/phi0.45_seed2,0.92773,0.65857,0.88581
design/phi0.45_seed2,0.93164,0.65857,0.88581
design/phi0.45_seed2,0.93555,0.65857,0.88581
design/phi0.45_seed2,0.93945,0.65857,0.88581
design/phi0.45_seed2,0.94336,0.65857,0.96634
design/phi0.45_seed2,0.94727,0.57625,0.96634
design/phi0.45_seed2,0.95117,0.57625,0.96634
design/phi0.45_seed2,0.95508,0.65857,0.96634
design/phi0.45_seed2,0.95898,0.65857,0.96634
design/phi0.45_seed2,0.96289,0.65857,0.96634
design/phi0.45_seed2,0.96680,0.57625,0.96634
design/phi0.45_seed2,0.97070,0.57625,0.80528
design/phi0.45_seed2,0.97461,0.57625,0.80528
design/phi0.45_seed2,0.97852,0.57625,0.88581
design/phi0.45_seed2,0.98242,0.90553,0.88581
design/phi0.45_seed2,0.98633,0.82321,0.80528
design/phi0.45_seed2,0.99023,0.74089,0.80528
design/phi0.45_seed2,0.99414,0.74089,0.88581
design/phi0.45_seed2,0.99805,0.74089,0.88581
design/phi0.45_seed3,0.00195,0.46521,0.75337
design/phi0.45_seed3,0.00586,0.46521,0.75337
design/phi0.45_seed3,0.00977,0.55825,0.75337
design/phi0.45_seed3,0.01367,0.55825,0.75337
design/phi0.45_seed3,0.01758,0.55825,0.66966
design/phi0.45_seed3,0.02148,0.55825,0.58596
design/phi0.45_seed3,0.02539,0.55825,0.58596
design/phi0.45_seed3,0.02930,0.46521,0.58596
design/phi0.45_seed3,0.03320,0.46521,0.58596
design/phi0.45_seed3,0.03711,0.46521,0.66966
design/phi0.45_seed3,0.04102,0.46521,0.75337
design/phi0.45_seed3,0.04492,0.65129,0.75337
design/phi0.45_seed3,0.04883,0.65129,0.92079
design/phi0.45_seed3,0.05273,0.55825,0.92079
design/phi0.45_seed3,0.05664,0.83737,0.92079
design/phi0.45_seed3,0.06055,0.83737,0.92079
design/phi0.45_seed3,0.06445,0.83737,0.83708
design/phi0.45_seed3,0.06836,0.83737,0.83708
design/phi0.45_seed3,0.07227,0.83737,0.83708
design/phi0.45_seed3,0.07617,0.83737,0.83708
design/phi0.45_seed3,0.08008,0.83737,0.83708
design/phi0.45_seed3,0.08398,0.83737,0.92079
design/phi0.45_seed3,0.08789,0.65129,0.92079
design/phi0.45_seed3,0.09180,0.65129,0.92079
design/phi0.45_seed3,0.09570,0.74433,0.92079
design/phi0.45_seed3,0.09961,0.74433,0.92079
design/phi0.45_seed3,0.10352,0.83737,0.92079
design/phi0.45_seed3,0.10742,0.93041,0.92079
design/phi0.45_seed3,0.11133,1.11649,1.00450
design/phi0.45_seed3,0.11523,1.02345,1.08820
design/phi0.45_seed3,0.11914,1.20953,1.08820
design/phi0.45_seed3,0.12305,1.20953,1.17191
design/phi0.45_seed3,0.12695,1.20953,1.17191
design/phi0.45_seed3,0.13086,1.20953,1.17191
design/phi0.45_seed3,0.13477,1.20953,1.33933
design/phi0.45_seed3,0.13867,1.20953,1.42304
design/phi0.45_seed3,0.14258,1.20953,1.42304
design/phi0.45_seed3,0.14648,1.20953,1.42304
design/phi0.45_seed3,0.15039,1.20953,1.42304
design/phi0.45_seed3,0.15430,1.30258,1.33933
design/phi0.45_seed3,0.15820,1.02345,1.33933
design/phi0.45_seed3,0.16211,1.02345,1.33933
design/phi0.45_seed3,0.16602,0.83737,1.33933
design/phi0.45_seed3,0.16992,1.02345,1.59045
design/phi0.45_seed3,0.17383,1.02345,1.59045
design/phi0.45_seed3,0.17773,1.02345,1.42304
design/phi0.45_seed3,0.18164,1.02345,1.59045
design/phi0.45_seed3,0.18555,1.02345,1.59045
design/phi0.45_seed3,0.18945,1.02345,1.50675
design/phi0.45_seed3,0.19336,1.02345,1.42304
design/phi0.45_seed3,0.19727,1.02345,1.42304
design/phi0.45_seed3,0.20117,1.02345,1.42304
design/phi0.45_seed3,0.20508,1.02345,1.42304
design/phi0.45_seed3,0.20898,1.02345,1.25562
design/phi0.45_seed3,0.21289,1.02345,1.25562
design/phi0.45_seed3,0.21680,0.83737,1.25562
design/phi0.45_seed3,0.22070,0.93041,1.42304
design/phi0.45_seed3,0.22461,0.93041,1.42304
design/phi0.45_seed3,0.22852,0.93041,1.42304
design/phi0.45_seed3,0.23242,0.93041,1.42304
design/phi0.45_seed3,0.23633,0.83737,1.33933
design/phi0.45_seed3,0.24023,0.83737,1.17191
design/phi0.45_seed3,0.24414,0.83737,1.17191
design/phi0.45_seed3,0.24805,0.83737,1.17191
design/phi0.45_seed3,0.25195,0.93041,1.08820
design/phi0.45_seed3,0.25586,1.11649,1.08820
design/phi0.45_seed3,0.25977,1.11649,0.92079
design/phi0.45_seed3,0.26367,1.11649,0.92079
design/phi0.45_seed3,0.26758,1.39562,1.00450
design/phi0.45_seed3,0.27148,1.39562,1.00450
design/phi0.45_seed3,0.27539,1.39562,0.83708
design/phi0.45_seed3,0.27930,1.58170,0.83708
design/phi0.45_seed3,0.28320,1.39562,0.83708
design/phi0.45_seed3,0.28711,1.39562,0.75337
design/phi0.45_seed3,0.29102,1.39562,0.75337
design/phi0.45_seed3,0.29492,1.39562,0.66966
design/phi0.45_seed3,0.29883,1.30258,0.66966
design/phi0.45_seed3,0.30273,1.30258,0.58596
design/phi0.45_seed3,0.30664,1.30258,0.58596
design/phi0.45_seed3,0.31055,1.20953,0.58596
design/phi0.45_seed3,0.31445,1.76778,0.58596
design/phi0.45_seed3,0.31836,1.76778,0.66966
design/phi0.45_seed3,0.32227,1.67474,0.66966
design/phi0.45_seed3,0.32617,1.67474,0.66966
design/phi0.45_seed3,0.33008,1.48866,0.66966
design/phi0.45_seed3,0.33398,1.39562,0.75337
design/phi0.45_seed3,0.33789,1.39562,0.75337
design/phi0.45_seed3,0.34180,1.39562,0.83708
design/phi0.45_seed3,0.34570,1.39562,0.83708
design/phi0.45_seed3,0.34961,1.30258,0.83708
design/phi0.45_seed3,0.35352,1.11649,0.83708
design/phi0.45_seed3,0.35742,1.11649,0.83708
design/phi0.45_seed3,0.36133,1.02345,0.83708
design/phi0.45_seed3,0.36523,1.02345,0.83708
design/phi0.45_seed3,0.36914,1.02345,0.75337
design/phi0.45_seed3,0.37305,1.02345,0.83708
design/phi0.45_seed3,0.37695,1.02345,0.83708
design/phi0.45_seed3,0.38086,1.02345,0.83708
design/phi0.45_seed3,0.38477,1.02345,0.83708
design/phi0.45_seed3,0.38867,0.93041,0.83708
design/phi0.45_seed3,0.39258,0.93041,0.92079
design/phi0.45_seed3,0.39648,0.93041,0.83708
design/phi0.45_seed3,0.40039,0.93041,0.83708
design/phi0.45_seed3,0.40430,1.02345,1.00450
design/phi0.45_seed3,0.40820,1.11649,1.00450
design/phi0.45_seed3,0.41211,1.11649,1.00450
design/phi0.45_seed3,0.41602,1.11649,1.00450
design/phi0.45_seed3,0.41992,1.02345,1.00450
design/phi0.45_seed3,0.42383,1.02345,1.00450
design/phi0.45_seed3,0.42773,1.02345,1.00450
design/phi0.45_seed3,0.43164,1.02345,1.00450
design/phi0.45_seed3,0.43555,1.02345,1.17191
design/phi0.45_seed3,0.43945,1.11649,1.00450
design/phi0.45_seed3,0.44336,1.02345,1.00450
design/phi0.45_seed3,0.44727,1.02345,1.08820
design/phi0.45_seed3,0.45117,0.83737,1.08820
design/phi0.45_seed3,0.45508,0.83737,1.17191
design/phi0.45_seed3,0.45898,1.02345,1.17191
design/phi0.45_seed3,0.46289,1.30258,1.17191
design/phi0.45_seed3,0.46680,1.30258,1.17191
design/phi0.45_seed3,0.47070,1.20953,1.25562
design/phi0.45_seed3,0.47461,1.20953,1.25562
design/phi0.45_seed3,0.47852,1.20953,1.25562
design/phi0.45_seed3,0.48242,1.30258,1.50675
design/phi0.45_seed3,0.48633,1.30258,1.50675
design/phi0.45_seed3,0.49023,1.30258,1.50675
design/phi0.45_seed3,0.49414,1.30258,1.59045
design/phi0.45_seed3,0.49805,1.39562,1.75787
design/phi0.45_seed3,0.50195,1.30258,1.75787
design/phi0.45_seed3,0.50586,1.30258,1.75787
design/phi0.45_seed3,0.50977,1.20953,1.75787
design/phi0.45_seed3,0.51367,1.20953,1.67416
design/phi0.45_seed3,0.51758,1.20953,1.67416
design/phi0.45_seed3,0.52148,1.39562,1.67416
design/phi0.45_seed3,0.52539,1.39562,1.50675
design/phi0.45_seed3,0.52930,1.39562,1.33933
design/phi0.45_seed3,0.53320,1.39562,1.42304
design/phi0.45_seed3,0.53711,1.48866,1.42304
design/phi0.45_seed3,0.54102,1.48866,1.25562
design/phi0.45_seed3,0.54492,1.48866,1.00450
design/phi0.45_seed3,0.54883,1.48866,1.08820
design/phi0.45_seed3,0.55273,1.58170,1.08820
design/phi0.45_seed3,0.55664,1.58170,1.08820
design/phi0.45_seed3,0.56055,1.67474,1.00450
design/phi0.45_seed3,0.56445,1.58170,1.00450
design/phi0.45_seed3,0.56836,1.39562,1.00450
design/phi0.45_seed3,0.57227,1.30258,0.92079
design/phi0.45_seed3,0.57617,1.11649,0.92079
design/phi0.45_seed3,0.58008,1.20953,0.92079
design/phi0.45_seed3,0.58398,1.20953,1.08820
design/phi0.45_seed3,0.58789,1.11649,1.08820
design/phi0.45_seed3,0.59180,1.02345,1.08820
design/phi0.45_seed3,0.59570,0.93041,1.08820
design/phi0.45_seed3,0.59961,0.93041,0.92079
design/phi0.45_seed3,0.60352,1.02345,0.92079
design/phi0.45_seed3,0.60742,1.02345,0.92079
design/phi0.45_seed3,0.61133,1.02345,1.00450
design/phi0.45_seed3,0.61523,1.02345,0.92079
design/phi0.45_seed3,0.61914,1.02345,0.92079
design/phi0.45_seed3,0.62305,1.02345,0.92079
design/phi0.45_seed3,0.62695,1.02345,0.92079
design/phi0.45_seed3,0.63086,1.02345,0.92079
design/phi0.45_seed3,0.63477,1.02345,1.00450
design/phi0.45_seed3,0.63867,0.83737,1.00450
design/phi0.45_seed3,0.64258,0.83737,1.00450
design/phi0.45_seed3,0.64648,0.83737,1.00450
design/phi0.45_seed3,0.65039,0.74433,1.00450
design/phi0.45_seed3,0.65430,0.74433,1.00450
design/phi0.45_seed3,0.65820,0.74433,1.00450
design/phi0.45_seed3,0.66211,0.55825,1.17191
design/phi0.45_seed3,0.66602,0.74433,1.17191
design/phi0.45_seed3,0.66992,0.74433,1.17191
design/phi0.45_seed3,0.67383,0.93041,1.08820
design/phi0.45_seed3,0.67773,0.93041,1.17191
design/phi0.45_seed3,0.68164,0.93041,1.17191
design/phi0.45_seed3,0.68555,0.74433,1.17191
design/phi0.45_seed3,0.68945,0.74433,1.00450
design/phi0.45_seed3,0.69336,0.74433,0.92079
design/phi0.45_seed3,0.69727,0.74433,0.92079
design/phi0.45_seed3,0.70117,0.83737,1.00450
design/phi0.45_seed3,0.70508,0.83737,1.00450
design/phi0.45_seed3,0.70898,1.02345,0.92079
design/phi0.45_seed3,0.71289,1.11649,0.92079
design/phi0.45_seed3,0.71680,1.11649,0.92079
design/phi0.45_seed3,0.72070,1.02345,0.92079
design/phi0.45_seed3,0.72461,1.11649,0.92079
design/phi0.45_seed3,0.72852,1.11649,0.92079
design/phi0.45_seed3,0.73242,1.02345,0.83708
design/phi0.45_seed3,0.73633,1.02345,0.92079
design/phi0.45_seed3,0.74023,1.02345,0.83708
design/phi0.45_seed3,0.74414,1.11649,0.75337
design/phi0.45_seed3,0.74805,1.11649,0.75337
design/phi0.45_seed3,0.75195,1.11649,0.75337
design/phi0.45_seed3,0.75586,1.11649,0.83708
design/phi0.45_seed3,0.75977,0.93041,0.83708
design/phi0.45_seed3,0.76367,0.93041,0.83708
design/phi0.45_seed3,0.76758,0.93041,0.83708
design/phi0.45_seed3,0.77148,0.74433,0.75337
design/phi0.45_seed3,0.77539,0.74433,0.75337
design/phi0.45_seed3,0.77930,0.65129,0.75337
design/phi0.45_seed3,0.78320,0.65129,0.75337
design/phi0.45_seed3,0.78711,0.65129,0.75337
design/phi0.45_seed3,0.79102,0.46521,0.66966
design/phi0.45_seed3,0.79492,0.46521,0.75337
design/phi0.45_seed3,0.79883,0.46521,0.66966
design/phi0.45_seed3,0.80273,0.55825,0.92079
design/phi0.45_seed3,0.80664,0.55825,0.92079
design/phi0.45_seed3,0.81055,0.55825,0.92079
design/phi0.45_seed3,0.81445,0.55825,0.83708
design/phi0.45_seed3,0.81836,0.55825,0.66966
design/phi0.45_seed3,0.82227,0.55825,0.75337
design/phi0.45_seed3,0.82617,0.55825,0.75337
design/phi0.45_seed3,0.83008,0.55825,0.75337
design/phi0.45_seed3,0.83398,0.55825,0.66966
design/phi0.45_seed3,0.83789,0.55825,0.58596
design/phi0.45_seed3,0.84180,0.55825,0.58596
design/phi0.45_seed3,0.84570,0.55825,0.58596
design/phi0.45_seed3,0.84961,0.55825,0.58596
design/phi0.45_seed3,0.85352,0.55825,0.58596
design/phi0.45_seed3,0.85742,0.55825,0.50225
design/phi0.45_seed3,0.86133,0.55825,0.50225
design/phi0.45_seed3,0.86523,0.83737,0.50225
design/phi0.45_seed3,0.86914,0.83737,0.58596
design/phi0.45_seed3,0.87305,0.83737,0.83708
design/phi0.45_seed3,0.87695,0.93041,0.92079
design/phi0.45_seed3,0.88086,0.93041,0.92079
design/phi0.45_seed3,0.88477,0.93041,0.92079
design/phi0.45_seed3,0.88867,0.93041,0.92079
design/phi0.45_seed3,0.89258,0.93041,0.92079
design/phi0.45_seed3,0.89648,1.02345,0.92079
design/phi0.45_seed3,0.90039,1.02345,0.75337
design/phi0.45_seed3,0.90430,1.02345,0.75337
design/phi0.45_seed3,0.90820,0.83737,0.75337
design/phi0.45_seed3,0.91211,1.02345,0.75337
design/phi0.45_seed3,0.91602,1.02345,0.75337
design/phi0.45_seed3,0.91992,1.02345,0.58596
design/phi0.45_seed3,0.92383,1.02345,0.83708
design/phi0.45_seed3,0.92773,1.02345,0.83708
design/phi0.45_seed3,0.93164,0.93041,0.92079
design/phi0.45_seed3,0.93555,0.83737,0.92079
design/phi0.45_seed3,0.93945,0.74433,0.92079
design/phi0.45_seed3,0.94336,0.74433,1.08820
design/phi0.45_seed3,0.94727,0.74433,1.00450
design/phi0.45_seed3,0.95117,0.74433,1.00450
design/phi0.45_seed3,0.95508,0.74433,1.00450
design/phi0.45_seed3,0.95898,0.74433,1.00450
design/phi0.45_seed3,0.96289,0.46521,1.00450
design/phi0.45_seed3,0.96680,0.46521,0.92079
design/phi0.45_seed3,0.97070,0.46521,0.92079
design/phi0.45_seed3,0.97461,0.55825,0.83708
design/phi0.45_seed3,0.97852,0.55825,0.92079
design/phi0.45_seed3,0.98242,0.46521,0.83708
design/phi0.45_seed3,0.98633,0.65129,0.66966
design/phi0.45_seed3,0.99023,0.65129,0.66966
design/phi0.45_seed3,0.99414,0.65129,0.75337
design/phi0.45_seed3,0.99805,0.46521,0.75337
design/phi0.50_seed1,0.00195,0.28990,1.23328
design/phi0.50_seed1,0.00586,0.28990,1.13841
design/phi0.50_seed1,0.00977,0.48317,1.13841
design/phi0.50_seed1,0.01367,0.48317,1.13841
design/phi0.50_seed1,0.01758,0.67644,1.32815
design/phi0.50_seed1,0.02148,0.67644,1.13841
design/phi0.50_seed1,0.02539,0.67644,1.13841
design/phi0.50_seed1,0.02930,0.67644,1.13841
design/phi0.50_seed1,0.03320,0.86970,1.13841
design/phi0.50_seed1,0.03711,0.96634,0.94868
design/phi0.50_seed1,0.04102,0.96634,0.85381
design/phi0.50_seed1,0.04492,0.96634,0.85381
design/phi0.50_seed1,0.04883,1.06297,0.66407
design/phi0.50_seed1,0.05273,1.06297,0.66407
design/phi0.50_seed1,0.05664,1.15960,0.66407
design/phi0.50_seed1,0.06055,1.06297,0.75894
design/phi0.50_seed1,0.06445,1.06297,0.75894
design/phi0.50_seed1,0.06836,1.06297,0.75894
design/phi0.50_seed1,0.07227,0.86970,0.94868
design/phi0.50_seed1,0.07617,0.77307,0.85381
design/phi0.50_seed1,0.08008,0.77307,0.85381
design/phi0.50_seed1,0.08398,0.77307,0.85381
design/phi0.50_seed1,0.08789,0.86970,0.85381
design/phi0.50_seed1,0.09180,0.86970,0.94868
design/phi0.50_seed1,0.09570,0.86970,0.85381
design/phi0.50_seed1,0.09961,0.86970,0.85381
design/phi0.50_seed1,0.10352,1.54614,0.94868
design/phi0.50_seed1,0.10742,1.44950,0.94868
design/phi0.50_seed1,0.11133,1.35287,1.04355
design/phi0.50_seed1,0.11523,1.35287,1.13841
design/phi0.50_seed1,0.11914,1.35287,0.94868
design/phi0.50_seed1,0.12305,1.44950,0.94868
design/phi0.50_seed1,0.12695,1.54614,0.94868
design/phi0.50_seed1,0.13086,1.54614,0.94868
design/phi0.50_seed1,0.13477,1.54614,0.85381
design/phi0.50_seed1,0.13867,1.44950,0.85381
design/phi0.50_seed1,0.14258,1.25624,0.85381
design/phi0.50_seed1,0.14648,1.35287,0.94868
design/phi0.50_seed1,0.15039,1.25624,1.23328
design/phi0.50_seed1,0.15430,1.25624,1.23328
design/phi0.50_seed1,0.15820,1.44950,1.42302
design/phi0.50_seed1,0.16211,1.54614,1.42302
design/phi0.50_seed1,0.16602,1.44950,1.42302
design/phi0.50_seed1,0.16992,1.35287,1.32815
design/phi0.50_seed1,0.17383,1.35287,1.32815
design/phi0.50_seed1,0.17773,1.35287,1.32815
design/phi0.50_seed1,0.18164,1.35287,1.32815
design/phi0.50_seed1,0.18555,1.35287,1.04355
design/phi0.50_seed1,0.18945,1.06297,1.04355
design/phi0.50_seed1,0.19336,0.96634,1.04355
design/phi0.50_seed1,0.19727,1.06297,1.13841
design/phi0.50_seed1,0.20117,0.86970,1.13841
design/phi0.50_seed1,0.20508,0.86970,1.04355
design/phi0.50_seed1,0.20898,0.77307,1.04355
design/phi0.50_seed1,0.21289,0.77307,1.04355
design/phi0.50_seed1,0.21680,0.96634,1.04355
design/phi0.50_seed1,0.22070,0.86970,0.94868
design/phi0.50_seed1,0.22461,0.96634,0.85381
design/phi0.50_seed1,0.22852,1.06297,0.85381
design/phi0.50_seed1,0.23242,0.96634,0.66407
design/phi0.50_seed1,0.23633,0.96634,0.75894
design/phi0.50_seed1,0.24023,0.96634,0.66407
design/phi0.50_seed1,0.24414,0.96634,0.66407
design/phi0.50_seed1,0.24805,0.96634,0.75894
design/phi0.50_seed1,0.25195,0.96634,0.75894
design/phi0.50_seed1,0.25586,0.96634,0.75894
design/phi0.50_seed1,0.25977,1.06297,0.66407
design/phi0.50_seed1,0.26367,1.06297,0.66407
design/phi0.50_seed1,0.26758,1.06297,0.94868
design/phi0.50_seed1,0.27148,1.06297,0.94868
design/phi0.50_seed1,0.27539,1.06297,0.94868
design/phi0.50_seed1,0.27930,0.77307,1.04355
design/phi0.50_seed1,0.28320,0.67644,0.85381
design/phi0.50_seed1,0.28711,0.67644,0.94868
design/phi0.50_seed1,0.29102,0.57980,0.94868
design/phi0.50_seed1,0.29492,0.57980,0.94868
design/phi0.50_seed1,0.29883,0.57980,0.94868
design/phi0.50_seed1,0.30273,0.67644,0.94868
design/phi0.50_seed1,0.30664,0.67644,0.85381
design/phi0.50_seed1,0.31055,0.96634,0.85381
design/phi0.50_seed1,0.31445,0.96634,0.75894
design/phi0.50_seed1,0.31836,0.96634,0.75894
design/phi0.50_seed1,0.32227,1.15960,0.75894
design/phi0.50_seed1,0.32617,1.06297,0.75894
design/phi0.50_seed1,0.33008,0.96634,0.75894
design/phi0.50_seed1,0.33398,1.06297,0.75894
design/phi0.50_seed1,0.33789,1.15960,0.75894
design/phi0.50_seed1,0.34180,1.15960,0.75894
design/phi0.50_seed1,0.34570,1.15960,0.94868
design/phi0.50_seed1,0.34961,1.15960,0.94868
design/phi0.50_seed1,0.35352,1.15960,1.42302
design/phi0.50_seed1,0.35742,1.15960,1.51788
design/phi0.50_seed1,0.36133,0.86970,1.51788
design/phi0.50_seed1,0.36523,0.96634,1.42302
design/phi0.50_seed1,0.36914,0.96634,1.42302
design/phi0.50_seed1,0.37305,0.86970,1.51788
design/phi0.50_seed1,0.37695,0.86970,1.51788
design/phi0.50_seed1,0.38086,0.86970,1.51788
design/phi0.50_seed1,0.38477,0.86970,1.70762
design/phi0.50_seed1,0.38867,0.96634,1.70762
design/phi0.50_seed1,0.39258,0.86970,1.61275
design/phi0.50_seed1,0.39648,0.67644,1.61275
design/phi0.50_seed1,0.40039,0.67644,1.70762
design/phi0.50_seed1,0.40430,0.77307,1.61275
design/phi0.50_seed1,0.40820,0.77307,1.70762
design/phi0.50_seed1,0.41211,0.77307,1.70762
design/phi0.50_seed1,0.41602,0.77307,1.70762
design/phi0.50_seed1,0.41992,0.77307,1.99222
design/phi0.50_seed1,0.42383,0.77307,1.89736
design/phi0.50_seed1,0.42773,0.77307,1.89736
design/phi0.50_seed1,0.43164,0.67644,1.80249
design/phi0.50_seed1,0.43555,0.67644,1.42302
design/phi0.50_seed1,0.43945,0.67644,1.42302
design/phi0.50_seed1,0.44336,0.96634,1.32815
design/phi0.50_seed1,0.44727,0.96634,1.13841
design/phi0.50_seed1,0.45117,0.96634,1.13841
design/phi0.50_seed1,0.45508,0.96634,1.13841
design/phi0.50_seed1,0.45898,0.96634,1.13841
design/phi0.50_seed1,0.46289,0.96634,1.13841
design/phi0.50_seed1,0.46680,0.96634,1.13841
design/phi0.50_seed1,0.47070,0.96634,1.04355
design/phi0.50_seed1,0.47461,1.15960,1.13841
design/phi0.50_seed1,0.47852,1.15960,1.23328
design/phi0.50_seed1,0.48242,1.15960,1.32815
design/phi0.50_seed1,0.48633,0.96634,1.32815
design/phi0.50_seed1,0.49023,0.96634,1.32815
design/phi0.50_seed1,0.49414,1.06297,1.32815
design/phi0.50_seed1,0.49805,1.06297,1.42302
design/phi0.50_seed1,0.50195,1.06297,1.32815
design/phi0.50_seed1,0.50586,1.06297,1.13841
design/phi0.50_seed1,0.50977,1.25624,1.23328
design/phi0.50_seed1,0.51367,1.15960,1.13841
design/phi0.50_seed1,0.51758,1.15960,0.75894
design/phi0.50_seed1,0.52148,1.15960,0.66407
design/phi0.50_seed1,0.52539,1.15960,0.66407
design/phi0.50_seed1,0.52930,1.15960,0.66407
design/phi0.50_seed1,0.53320,1.15960,0.75894
design/phi0.50_seed1,0.53711,1.06297,0.75894
design/phi0.50_seed1,0.54102,1.25624,0.75894
design/phi0.50_seed1,0.54492,1.44950,0.66407
design/phi0.50_seed1,0.54883,1.25624,0.66407
design/phi0.50_seed1,0.55273,1.25624,0.66407
design/phi0.50_seed1,0.55664,1.06297,0.66407
design/phi0.50_seed1,0.56055,0.96634,0.47434
design/phi0.50_seed1,0.56445,0.96634,0.47434
design/phi0.50_seed1,0.56836,0.96634,0.66407
design/phi0.50_seed1,0.57227,0.96634,0.66407
design/phi0.50_seed1,0.57617,0.96634,0.56921
design/phi0.50_seed1,0.58008,0.96634,0.56921
design/phi0.50_seed1,0.58398,0.86970,0.47434
design/phi0.50_seed1,0.58789,0.77307,0.37947
design/phi0.50_seed1,0.59180,0.86970,0.37947
design/phi0.50_seed1,0.59570,0.86970,0.37947
design/phi0.50_seed1,0.59961,0.96634,0.37947
design/phi0.50_seed1,0.60352,1.06297,0.37947
design/phi0.50_seed1,0.60742,1.06297,0.56921
design/phi0.50_seed1,0.61133,0.96634,0.75894
design/phi0.50_seed1,0.61523,0.96634,0.75894
design/phi0.50_seed1,0.61914,0.96634,0.75894
design/phi0.50_seed1,0.62305,0.96634,0.75894
design/phi0.50_seed1,0.62695,0.96634,0.75894
design/phi0.50_seed1,0.63086,0.96634,0.75894
design/phi0.50_seed1,0.63477,0.96634,0.56921
design/phi0.50_seed1,0.63867,0.96634,0.56921
design/phi0.50_seed1,0.64258,0.96634,0.56921
design/phi0.50_seed1,0.64648,0.77307,0.56921
design/phi0.50_seed1,0.65039,0.77307,0.56921
design/phi0.50_seed1,0.65430,0.67644,0.47434
design/phi0.50_seed1,0.65820,0.67644,0.47434
design/phi0.50_seed1,0.66211,0.86970,0.56921
design/phi0.50_seed1,0.66602,1.06297,0.56921
design/phi0.50_seed1,0.66992,0.96634,0.56921
design/phi0.50_seed1,0.67383,0.96634,0.56921
design/phi0.50_seed1,0.67773,0.86970,0.56921
design/phi0.50_seed1,0.68164,0.86970,0.56921
design/phi0.50_seed1,0.68555,0.86970,0.56921
design/phi0.50_seed1,0.68945,0.96634,0.56921
design/phi0.50_seed1,0.69336,0.96634,0.56921
design/phi0.50_seed1,0.69727,0.96634,0.56921
design/phi0.50_seed1,0.70117,0.96634,0.56921
design/phi0.50_seed1,0.70508,0.96634,0.85381
design/phi0.50_seed1,0.70898,1.06297,0.85381
design/phi0.50_seed1,0.71289,1.06297,0.85381
design/phi0.50_seed1,0.71680,0.96634,0.75894
design/phi0.50_seed1,0.72070,0.96634,0.75894
design/phi0.50_seed1,0.72461,0.96634,0.75894
design/phi0.50_seed1,0.72852,0.96634,0.94868
design/phi0.50_seed1,0.73242,0.96634,0.66407
design/phi0.50_seed1,0.73633,0.96634,0.66407
design/phi0.50_seed1,0.74023,0.77307,0.66407
design/phi0.50_seed1,0.74414,0.77307,0.94868
design/phi0.50_seed1,0.74805,0.77307,0.94868
design/phi0.50_seed1,0.75195,0.86970,1.13841
design/phi0.50_seed1,0.75586,0.96634,1.13841
design/phi0.50_seed1,0.75977,1.06297,1.13841
design/phi0.50_seed1,0.76367,1.25624,1.13841
design/phi0.50_seed1,0.76758,1.25624,1.13841
design/phi0.50_seed1,0.77148,1.25624,1.23328
design/phi0.50_seed1,0.77539,1.35287,1.23328
design/phi0.50_seed1,0.77930,1.35287,1.04355
design/phi0.50_seed1,0.78320,1.35287,1.04355
design/phi0.50_seed1,0.78711,1.35287,1.13841
design/phi0.50_seed1,0.79102,1.35287,1.13841
design/phi0.50_seed1,0.79492,1.35287,1.13841
design/phi0.50_seed1,0.79883,1.25624,1.23328
design/phi0.50_seed1,0.80273,1.25624,1.23328
design/phi0.50_seed1,0.80664,1.25624,1.42302
design/phi0.50_seed1,0.81055,1.25624,1.51788
design/phi0.50_seed1,0.81445,1.25624,1.42302
design/phi0.50_seed1,0.81836,1.25624,1.42302
design/phi0.50_seed1,0.82227,1.25624,1.23328
design/phi0.50_seed1,0.82617,1.35287,1.42302
design/phi0.50_seed1,0.83008,1.25624,1.32815
design/phi0.50_seed1,0.83398,1.06297,1.32815
design/phi0.50_seed1,0.83789,1.06297,1.32815
design/phi0.50_seed1,0.84180,1.06297,1.32815
design/phi0.50_seed1,0.84570,1.06297,1.32815
design/phi0.50_seed1,0.84961,1.06297,1.32815
design/phi0.50_seed1,0.85352,1.06297,1.23328
design/phi0.50_seed1,0.85742,1.06297,0.94868
design/phi0.50_seed1,0.86133,1.06297,0.94868
design/phi0.50_seed1,0.86523,1.06297,0.94868
design/phi0.50_seed1,0.86914,1.06297,0.94868
design/phi0.50_seed1,0.87305,1.06297,0.66407
design/phi0.50_seed1,0.87695,0.86970,0.66407
design/phi0.50_seed1,0.88086,0.57980,0.75894
design/phi0.50_seed1,0.88477,0.67644,1.04355
design/phi0.50_seed1,0.88867,0.67644,1.04355
design/phi0.50_seed1,0.89258,0.67644,1.04355
design/phi0.50_seed1,0.89648,0.67644,1.04355
design/phi0.50_seed1,0.90039,0.86970,1.13841
design/phi0.50_seed1,0.90430,0.86970,1.13841
design/phi0.50_seed1,0.90820,0.77307,1.04355
design/phi0.50_seed1,0.91211,0.77307,1.13841
design/phi0.50_seed1,0.91602,0.77307,1.13841
design/phi0.50_seed1,0.91992,0.77307,1.13841
design/phi0.50_seed1,0.92383,0.86970,1.04355
design/phi0.50_seed1,0.92773,0.86970,1.04355
design/phi0.50_seed1,0.93164,0.86970,1.04355
design/phi0.50_seed1,0.93555,0.86970,1.32815
design/phi0.50_seed1,0.93945,0.86970,1.32815
design/phi0.50_seed1,0.94336,0.77307,1.23328
design/phi0.50_seed1,0.94727,0.86970,1.13841
design/phi0.50_seed1,0.95117,0.86970,1.13841
design/phi0.50_seed1,0.95508,0.86970,1.13841
design/phi0.50_seed1,0.95898,0.67644,1.13841
design/phi0.50_seed1,0.96289,0.67644,1.13841
design/phi0.50_seed1,0.96680,0.67644,1.04355
design/phi0.50_seed1,0.97070,0.67644,1.04355
design/phi0.50_seed1,0.97461,0.57980,1.23328
design/phi0.50_seed1,0.97852,0.57980,1.23328
design/phi0.50_seed1,0.98242,0.48317,1.13841
design/phi0.50_seed1,0.98633,0.38653,1.13841
design/phi0.50_seed1,0.99023,0.38653,1.13841
design/phi0.50_seed1,0.99414,0.38653,1.13841
design/phi0.50_seed1,0.99805,0.38653,1.13841
design/phi0.50_seed2,0.00195,0.60025,0.70960
design/phi0.50_seed2,0.00586,0.60025,0.70960
design/phi0.50_seed2,0.00977,0.60025,0.70960
design/phi0.50_seed2,0.01367,0.60025,0.70960
design/phi0.50_seed2,0.01758,0.80033,1.11508
design/phi0.50_seed2,0.02148,0.70029,1.11508
design/phi0.50_seed2,0.02539,1.00041,1.11508
design/phi0.50_seed2,0.02930,1.00041,1.01371
design/phi0.50_seed2,0.03320,1.10045,1.11508
design/phi0.50_seed2,0.03711,1.10045,1.01371
design/phi0.50_seed2,0.04102,1.20049,1.31782
design/phi0.50_seed2,0.04492,1.20049,1.52057
design/phi0.50_seed2,0.04883,1.20049,1.52057
design/phi0.50_seed2,0.05273,1.20049,1.52057
design/phi0.50_seed2,0.05664,1.00041,1.31782
design/phi0.50_seed2,0.06055,1.00041,1.41919
design/phi0.50_seed2,0.06445,1.00041,1.41919
design/phi0.50_seed2,0.06836,1.20049,1.41919
design/phi0.50_seed2,0.07227,1.20049,1.41919
design/phi0.50_seed2,0.07617,1.20049,1.41919
design/phi0.50_seed2,0.08008,1.10045,1.21645
design/phi0.50_seed2,0.08398,1.10045,1.62194
design/phi0.50_seed2,0.08789,1.10045,1.62194
design/phi0.50_seed2,0.09180,1.10045,1.21645
design/phi0.50_seed2,0.09570,1.10045,1.21645
design/phi0.50_seed2,0.09961,1.10045,1.21645
design/phi0.50_seed2,0.10352,1.10045,1.21645
design/phi0.50_seed2,0.10742,1.10045,1.21645
design/phi0.50_seed2,0.11133,1.00041,1.21645
design/phi0.50_seed2,0.11523,1.00041,1.21645
design/phi0.50_seed2,0.11914,1.00041,1.11508
design/phi0.50_seed2,0.12305,0.80033,1.11508
design/phi0.50_seed2,0.12695,0.80033,1.11508
design/phi0.50_seed2,0.13086,0.90037,1.31782
design/phi0.50_seed2,0.13477,0.90037,1.11508
design/phi0.50_seed2,0.13867,0.90037,1.11508
design/phi0.50_seed2,0.14258,0.90037,1.21645
design/phi0.50_seed2,0.14648,0.90037,1.21645
design/phi0.50_seed2,0.15039,0.90037,1.21645
design/phi0.50_seed2,0.15430,0.90037,1.21645
design/phi0.50_seed2,0.15820,0.90037,1.21645
design/phi0.50_seed2,0.16211,0.90037,1.21645
design/phi0.50_seed2,0.16602,0.90037,1.31782
design/phi0.50_seed2,0.16992,0.90037,1.31782
design/phi0.50_seed2,0.17383,1.20049,1.31782
design/phi0.50_seed2,0.17773,1.10045,1.31782
design/phi0.50_seed2,0.18164,1.00041,1.31782
design/phi0.50_seed2,0.18555,1.00041,1.21645
design/phi0.50_seed2,0.18945,1.00041,1.21645
design/phi0.50_seed2,0.19336,0.70029,1.11508
design/phi0.50_seed2,0.19727,0.70029,1.11508
design/phi0.50_seed2,0.20117,0.70029,0.91234
design/phi0.50_seed2,0.20508,0.60025,0.81097
design/phi0.50_seed2,0.20898,0.60025,0.81097
design/phi0.50_seed2,0.21289,0.60025,0.81097
design/phi0.50_seed2,0.21680,0.60025,0.91234
design/phi0.50_seed2,0.22070,0.60025,0.91234
design/phi0.50_seed2,0.22461,0.50021,0.91234
design/phi0.50_seed2,0.22852,0.60025,0.91234
design/phi0.50_seed2,0.23242,0.60025,0.81097
design/phi0.50_seed2,0.23633,0.60025,0.81097
design/phi0.50_seed2,0.24023,0.40016,0.81097
design/phi0.50_seed2,0.24414,0.40016,0.81097
design/phi0.50_seed2,0.24805,0.40016,0.81097
design/phi0.50_seed2,0.25195,0.40016,0.70960
design/phi0.50_seed2,0.25586,0.40016,0.70960
design/phi0.50_seed2,0.25977,0.40016,0.91234
design/phi0.50_seed2,0.26367,0.40016,0.91234
design/phi0.50_seed2,0.26758,0.50021,0.81097
design/phi0.50_seed2,0.27148,0.50021,0.81097
design/phi0.50_seed2,0.27539,0.50021,0.70960
design/phi0.50_seed2,0.27930,0.50021,0.70960
design/phi0.50_seed2,0.28320,0.50021,0.70960
design/phi0.50_seed2,0.28711,0.60025,0.91234
design/phi0.50_seed2,0.29102,0.60025,0.91234
design/phi0.50_seed2,0.29492,0.60025,0.70960
design/phi0.50_seed2,0.29883,0.80033,0.60823
design/phi0.50_seed2,0.30273,0.70029,0.60823
design/phi0.50_seed2,0.30664,0.80033,0.60823
design/phi0.50_seed2,0.31055,0.80033,0.60823
design/phi0.50_seed2,0.31445,0.80033,0.60823
design/phi0.50_seed2,0.31836,0.90037,0.60823
design/phi0.50_seed2,0.32227,0.90037,0.60823
design/phi0.50_seed2,0.32617,0.90037,0.60823
design/phi0.50_seed2,0.33008,0.90037,0.60823
design/phi0.50_seed2,0.33398,0.90037,0.60823
design/phi0.50_seed2,0.33789,0.90037,0.60823
design/phi0.50_seed2,0.34180,1.20049,0.60823
design/phi0.50_seed2,0.34570,1.10045,0.60823
design/phi0.50_seed2,0.34961,1.00041,0.60823
design/phi0.50_seed2,0.35352,1.00041,0.60823
design/phi0.50_seed2,0.35742,1.00041,0.81097
design/phi0.50_seed2,0.36133,1.00041,0.60823
design/phi0.50_seed2,0.36523,1.00041,0.60823
design/phi0.50_seed2,0.36914,1.10045,0.60823
design/phi0.50_seed2,0.37305,1.00041,0.50686
design/phi0.50_seed2,0.37695,1.00041,0.50686
design/phi0.50_seed2,0.38086,1.10045,0.50686
design/phi0.50_seed2,0.38477,1.00041,0.50686
design/phi0.50_seed2,0.38867,1.00041,0.50686
design/phi0.50_seed2,0.39258,1.00041,0.50686
design/phi0.50_seed2,0.39648,1.00041,0.50686
design/phi0.50_seed2,0.40039,0.90037,0.70960
design/phi0.50_seed2,0.40430,1.00041,0.50686
design/phi0.50_seed2,0.40820,1.00041,0.50686
design/phi0.50_seed2,0.41211,1.00041,0.60823
design/phi0.50_seed2,0.41602,0.80033,0.60823
design/phi0.50_seed2,0.41992,0.80033,0.60823
design/phi0.50_seed2,0.42383,0.90037,0.81097
design/phi0.50_seed2,0.42773,0.90037,1.01371
design/phi0.50_seed2,0.43164,0.90037,1.01371
design/phi0.50_seed2,0.43555,1.00041,1.11508
design/phi0.50_seed2,0.43945,0.90037,0.91234
design/phi0.50_seed2,0.44336,0.90037,0.91234
design/phi0.50_seed2,0.44727,0.90037,0.91234
design/phi0.50_seed2,0.45117,0.90037,1.11508
design/phi0.50_seed2,0.45508,0.90037,1.11508
design/phi0.50_seed2,0.45898,0.90037,1.01371
design/phi0.50_seed2,0.46289,1.30053,1.11508
design/phi0.50_seed2,0.46680,1.30053,1.11508
design/phi0.50_seed2,0.47070,1.30053,1.31782
design/phi0.50_seed2,0.47461,1.40057,1.31782
design/phi0.50_seed2,0.47852,1.30053,1.31782
design/phi0.50_seed2,0.48242,1.60066,1.21645
design/phi0.50_seed2,0.48633,1.60066,1.11508
design/phi0.50_seed2,0.49023,1.50062,1.11508
design/phi0.50_seed2,0.49414,1.40057,1.11508
design/phi0.50_seed2,0.49805,1.40057,1.21645
design/phi0.50_seed2,0.50195,1.20049,1.21645
design/phi0.50_seed2,0.50586,1.20049,1.21645
design/phi0.50_seed2,0.50977,1.40057,0.60823
design/phi0.50_seed2,0.51367,1.20049,0.60823
design/phi0.50_seed2,0.51758,1.20049,0.60823
design/phi0.50_seed2,0.52148,1.20049,0.60823
design/phi0.50_seed2,0.52539,1.00041,0.60823
design/phi0.50_seed2,0.52930,1.00041,0.81097
design/phi0.50_seed2,0.53320,1.00041,0.81097
design/phi0.50_seed2,0.53711,1.00041,0.70960
design/phi0.50_seed2,0.54102,1.00041,0.70960
design/phi0.50_seed2,0.54492,1.00041,0.70960
design/phi0.50_seed2,0.54883,0.90037,0.70960
design/phi0.50_seed2,0.55273,1.00041,0.70960
design/phi0.50_seed2,0.55664,1.00041,0.60823
design/phi0.50_seed2,0.56055,0.90037,0.70960
design/phi0.50_seed2,0.56445,0.90037,0.70960
design/phi0.50_seed2,0.56836,1.00041,0.91234
design/phi0.50_seed2,0.57227,1.00041,0.70960
design/phi0.50_seed2,0.57617,1.00041,0.70960
design/phi0.50_seed2,0.58008,0.90037,0.70960
design/phi0.50_seed2,0.58398,0.80033,0.91234
design/phi0.50_seed2,0.58789,0.80033,0.91234
design/phi0.50_seed2,0.59180,0.80033,1.21645
design/phi0.50_seed2,0.59570,1.00041,1.21645
design/phi0.50_seed2,0.59961,1.00041,1.11508
design/phi0.50_seed2,0.60352,0.90037,1.11508
design/phi0.50_seed2,0.60742,0.90037,1.11508
design/phi0.50_seed2,0.61133,0.90037,1.52057
design/phi0.50_seed2,0.61523,0.90037,1.52057
design/phi0.50_seed2,0.61914,0.90037,1.72331
design/phi0.50_seed2,0.62305,0.90037,1.82468
design/phi0.50_seed2,0.62695,0.90037,1.52057
design/phi0.50_seed2,0.63086,0.90037,1.41919
design/phi0.50_seed2,0.63477,0.90037,1.11508
design/phi0.50_seed2,0.63867,0.90037,1.11508
design/phi0.50_seed2,0.64258,0.90037,1.11508
design/phi0.50_seed2,0.64648,0.80033,1.11508
design/phi0.50_seed2,0.65039,0.80033,1.11508
design/phi0.50_seed2,0.65430,0.80033,1.21645
design/phi0.50_seed2,0.65820,0.90037,1.21645
design/phi0.50_seed2,0.66211,1.10045,1.21645
design/phi0.50_seed2,0.66602,1.00041,1.21645
design/phi0.50_seed2,0.66992,1.00041,1.31782
design/phi0.50_seed2,0.67383,0.90037,1.31782
design/phi0.50_seed2,0.67773,0.90037,1.31782
design/phi0.50_seed2,0.68164,0.90037,1.31782
design/phi0.50_seed2,0.68555,0.90037,1.41919
design/phi0.50_seed2,0.68945,0.90037,1.41919
design/phi0.50_seed2,0.69336,0.90037,1.41919
design/phi0.50_seed2,0.69727,1.10045,1.41919
design/phi0.50_seed2,0.70117,1.10045,1.41919
design/phi0.50_seed2,0.70508,1.10045,1.11508
design/phi0.50_seed2,0.70898,1.10045,1.11508
design/phi0.50_seed2,0.71289,1.40057,0.91234
design/phi0.50_seed2,0.71680,1.50062,1.11508
design/phi0.50_seed2,0.72070,1.50062,1.21645
design/phi0.50_seed2,0.72461,1.40057,1.31782
design/phi0.50_seed2,0.72852,1.40057,1.31782
design/phi0.50_seed2,0.73242,1.60066,1.21645
design/phi0.50_seed2,0.73633,1.60066,1.31782
design/phi0.50_seed2,0.74023,1.60066,1.31782
design/phi0.50_seed2,0.74414,1.30053,1.41919
design/phi0.50_seed2,0.74805,1.30053,1.41919
design/phi0.50_seed2,0.75195,1.20049,1.31782
design/phi0.50_seed2,0.75586,1.20049,0.91234
design/phi0.50_seed2,0.75977,1.30053,0.91234
design/phi0.50_seed2,0.76367,1.30053,0.91234
design/phi0.50_seed2,0.76758,1.40057,0.91234
design/phi0.50_seed2,0.77148,1.40057,1.01371
design/phi0.50_seed2,0.77539,1.50062,1.01371
design/phi0.50_seed2,0.77930,1.50062,1.11508
design/phi0.50_seed2,0.78320,1.60066,1.11508
design/phi0.50_seed2,0.78711,1.60066,1.11508
design/phi0.50_seed2,0.79102,1.50062,1.21645
design/phi0.50_seed2,0.79492,1.40057,1.41919
design/phi0.50_seed2,0.79883,1.20049,1.21645
design/phi0.50_seed2,0.80273,1.10045,1.11508
design/phi0.50_seed2,0.80664,1.10045,1.01371
design/phi0.50_seed2,0.81055,1.10045,0.91234
design/phi0.50_seed2,0.81445,1.10045,0.91234
design/phi0.50_seed2,0.81836,1.10045,1.01371
design/phi0.50_seed2,0.82227,1.10045,1.01371
design/phi0.50_seed2,0.82617,1.20049,1.01371
design/phi0.50_seed2,0.83008,1.30053,1.11508
design/phi0.50_seed2,0.83398,1.30053,1.01371
design/phi0.50_seed2,0.83789,1.30053,1.01371
design/phi0.50_seed2,0.84180,1.30053,0.81097
design/phi0.50_seed2,0.84570,1.20049,0.81097
design/phi0.50_seed2,0.84961,1.20049,0.81097
design/phi0.50_seed2,0.85352,1.20049,0.91234
design/phi0.50_seed2,0.85742,1.20049,0.70960
design/phi0.50_seed2,0.86133,1.00041,0.91234
design/phi0.50_seed2,0.86523,1.00041,0.91234
design/phi0.50_seed2,0.86914,1.00041,0.91234
design/phi0.50_seed2,0.87305,1.10045,1.01371
design/phi0.50_seed2,0.87695,1.10045,0.81097
design/phi0.50_seed2,0.88086,1.10045,0.81097
design/phi0.50_seed2,0.88477,1.00041,1.11508
design/phi0.50_seed2,0.88867,1.00041,1.01371
design/phi0.50_seed2,0.89258,1.00041,1.11508
design/phi0.50_seed2,0.89648,1.00041,1.11508
design/phi0.50_seed2,0.90039,0.90037,1.31782
design/phi0.50_seed2,0.90430,0.90037,1.21645
design/phi0.50_seed2,0.90820,0.90037,1.21645
design/phi0.50_seed2,0.91211,1.00041,1.21645
design/phi0.50_seed2,0.91602,1.00041,1.01371
design/phi0.50_seed2,0.91992,1.10045,0.91234
design/phi0.50_seed2,0.92383,1.10045,0.91234
design/phi0.50_seed2,0.92773,1.10045,0.91234
design/phi0.50_seed2,0.93164,1.10045,0.81097
design/phi0.50_seed2,0.93555,1.00041,0.60823
design/phi0.50_seed2,0.93945,1.00041,0.60823
design/phi0.50_seed2,0.94336,1.00041,0.60823
design/phi0.50_seed2,0.94727,0.90037,0.60823
design/phi0.50_seed2,0.95117,0.90037,0.60823
design/phi0.50_seed2,0.95508,0.90037,0.70960
design/phi0.50_seed2,0.95898,0.80033,0.70960
design/phi0.50_seed2,0.96289,0.80033,0.60823
design/phi0.50_seed2,0.96680,0.80033,0.91234
design/phi0.50_seed2,0.97070,0.60025,0.81097
design/phi0.50_seed2,0.97461,0.60025,0.81097
design/phi0.50_seed2,0.97852,0.60025,0.81097
design/phi0.50_seed2,0.98242,0.50021,0.91234
design/phi0.50_seed2,0.98633,0.60025,0.81097
design/phi0.50_seed2,0.99023,0.60025,0.81097
design/phi0.50_seed2,0.99414,0.60025,0.70960
design/phi0.50_seed2,0.99805,0.60025,0.50686
design/phi0.50_seed3,0.00195,0.44940,0.90486
design/phi0.50_seed3,0.00586,0.44940,0.90486
design/phi0.50_seed3,0.00977,0.56175,0.90486
design/phi0.50_seed3,0.01367,0.56175,0.90486
design/phi0.50_seed3,0.01758,0.56175,0.90486
design/phi0.50_seed3,0.02148,0.56175,0.80432
design/phi0.50_seed3,0.02539,0.56175,0.80432
design/phi0.50_seed3,0.02930,0.56175,0.90486
design/phi0.50_seed3,0.03320,0.56175,1.10594
design/phi0.50_seed3,0.03711,0.56175,0.80432
design/phi0.50_seed3,0.04102,0.44940,0.80432
design/phi0.50_seed3,0.04492,0.44940,0.80432
design/phi0.50_seed3,0.04883,0.56175,0.80432
design/phi0.50_seed3,0.05273,0.56175,0.80432
design/phi0.50_seed3,0.05664,0.67409,0.80432
design/phi0.50_seed3,0.06055,0.89879,0.80432
design/phi0.50_seed3,0.06445,0.89879,0.80432
design/phi0.50_seed3,0.06836,0.89879,0.90486
design/phi0.50_seed3,0.07227,0.89879,0.90486
design/phi0.50_seed3,0.07617,0.78644,0.90486
design/phi0.50_seed3,0.08008,0.78644,0.80432
design/phi0.50_seed3,0.08398,0.78644,0.80432
design/phi0.50_seed3,0.08789,0.78644,0.80432
design/phi0.50_seed3,0.09180,0.78644,0.80432
design/phi0.50_seed3,0.09570,0.78644,0.90486
design/phi0.50_seed3,0.09961,0.67409,0.70378
design/phi0.50_seed3,0.10352,0.67409,0.70378
design/phi0.50_seed3,0.10742,0.67409,0.80432
design/phi0.50_seed3,0.11133,0.67409,1.00540
design/phi0.50_seed3,0.11523,0.67409,1.10594
design/phi0.50_seed3,0.11914,1.01114,1.10594
design/phi0.50_seed3,0.12305,0.89879,1.10594
design/phi0.50_seed3,0.12695,0.78644,1.00540
design/phi0.50_seed3,0.13086,0.78644,1.00540
design/phi0.50_seed3,0.13477,0.78644,1.00540
design/phi0.50_seed3,0.13867,0.78644,1.00540
design/phi0.50_seed3,0.14258,0.89879,1.00540
design/phi0.50_seed3,0.14648,0.89879,1.10594
design/phi0.50_seed3,0.15039,0.89879,1.10594
design/phi0.50_seed3,0.15430,0.89879,1.10594
design/phi0.50_seed3,0.15820,0.89879,1.10594
design/phi0.50_seed3,0.16211,0.89879,1.20648
design/phi0.50_seed3,0.16602,0.78644,1.20648
design/phi0.50_seed3,0.16992,0.56175,1.20648
design/phi0.50_seed3,0.17383,0.89879,1.20648
design/phi0.50_seed3,0.17773,0.89879,1.20648
design/phi0.50_seed3,0.18164,0.89879,1.30702
design/phi0.50_seed3,0.18555,0.89879,1.50810
design/phi0.50_seed3,0.18945,0.89879,1.40756
design/phi0.50_seed3,0.19336,0.89879,1.40756
design/phi0.50_seed3,0.19727,0.89879,1.40756
design/phi0.50_seed3,0.20117,0.89879,1.30702
design/phi0.50_seed3,0.20508,1.01114,1.40756
design/phi0.50_seed3,0.20898,1.01114,1.60864
design/phi0.50_seed3,0.21289,1.01114,1.40756
design/phi0.50_seed3,0.21680,1.01114,1.40756
design/phi0.50_seed3,0.22070,1.01114,1.20648
design/phi0.50_seed3,0.22461,0.78644,1.40756
design/phi0.50_seed3,0.22852,0.78644,1.30702
design/phi0.50_seed3,0.23242,0.78644,1.30702
design/phi0.50_seed3,0.23633,0.78644,1.20648
design/phi0.50_seed3,0.24023,1.01114,1.40756
design/phi0.50_seed3,0.24414,0.89879,1.30702
design/phi0.50_seed3,0.24805,0.89879,1.10594
design/phi0.50_seed3,0.25195,0.78644,1.10594
design/phi0.50_seed3,0.25586,0.78644,1.10594
design/phi0.50_seed3,0.25977,0.78644,1.10594
design/phi0.50_seed3,0.26367,0.78644,1.10594
design/phi0.50_seed3,0.26758,0.78644,1.10594
design/phi0.50_seed3,0.27148,0.78644,0.90486
design/phi0.50_seed3,0.27539,0.78644,0.90486
design/phi0.50_seed3,0.27930,0.78644,0.80432
design/phi0.50_seed3,0.28320,0.89879,0.80432
design/phi0.50_seed3,0.28711,0.89879,0.80432
design/phi0.50_seed3,0.29102,1.12349,0.80432
design/phi0.50_seed3,0.29492,1.01114,0.80432
design/phi0.50_seed3,0.29883,1.01114,0.70378
design/phi0.50_seed3,0.30273,1.01114,0.60324
design/phi0.50_seed3,0.30664,1.01114,0.60324
design/phi0.50_seed3,0.31055,1.01114,0.60324
design/phi0.50_seed3,0.31445,1.01114,0.70378
design/phi0.50_seed3,0.31836,1.01114,0.70378
design/phi0.50_seed3,0.32227,1.12349,0.70378
design/phi0.50_seed3,0.32617,1.01114,0.70378
design/phi0.50_seed3,0.33008,0.89879,0.70378
design/phi0.50_seed3,0.33398,0.89879,0.70378
design/phi0.50_seed3,0.33789,1.01114,0.70378
design/phi0.50_seed3,0.34180,1.01114,0.80432
design/phi0.50_seed3,0.34570,1.01114,1.20648
design/phi0.50_seed3,0.34961,1.01114,1.20648
design/phi0.50_seed3,0.35352,1.01114,1.10594
design/phi0.50_seed3,0.35742,1.01114,1.10594
design/phi0.50_seed3,0.36133,0.78644,1.00540
design/phi0.50_seed3,0.36523,0.78644,1.00540
design/phi0.50_seed3,0.36914,0.89879,0.90486
design/phi0.50_seed3,0.37305,1.01114,0.70378
design/phi0.50_seed3,0.37695,1.23584,0.70378
design/phi0.50_seed3,0.38086,1.57289,0.70378
design/phi0.50_seed3,0.38477,1.57289,0.70378
design/phi0.50_seed3,0.38867,1.57289,0.70378
design/phi0.50_seed3,0.39258,1.57289,0.70378
design/phi0.50_seed3,0.39648,1.57289,0.70378
design/phi0.50_seed3,0.40039,1.57289,0.70378
design/phi0.50_seed3,0.40430,1.57289,0.70378
design/phi0.50_seed3,0.40820,1.57289,0.80432
design/phi0.50_seed3,0.41211,1.57289,0.80432
design/phi0.50_seed3,0.41602,1.34819,0.80432
design/phi0.50_seed3,0.41992,1.34819,0.80432
design/phi0.50_seed3,0.42383,1.34819,0.80432
design/phi0.50_seed3,0.42773,1.12349,0.80432
design/phi0.50_seed3,0.43164,1.23584,1.00540
design/phi0.50_seed3,0.43555,1.46054,1.00540
design/phi0.50_seed3,0.43945,1.46054,1.00540
design/phi0.50_seed3,0.44336,1.46054,1.00540
design/phi0.50_seed3,0.44727,1.23584,1.00540
design/phi0.50_seed3,0.45117,1.12349,1.20648
design/phi0.50_seed3,0.45508,1.12349,1.20648
design/phi0.50_seed3,0.45898,1.01114,1.20648
design/phi0.50_seed3,0.46289,1.01114,1.40756
design/phi0.50_seed3,0.46680,0.89879,1.20648
design/phi0.50_seed3,0.47070,0.89879,1.20648
design/phi0.50_seed3,0.47461,0.89879,1.20648
design/phi0.50_seed3,0.47852,0.89879,1.30702
design/phi0.50_seed3,0.48242,0.89879,1.40756
design/phi0.50_seed3,0.48633,0.89879,1.40756
design/phi0.50_seed3,0.49023,0.89879,1.50810
design/phi0.50_seed3,0.49414,1.01114,1.50810
design/phi0.50_seed3,0.49805,1.01114,1.50810
design/phi0.50_seed3,0.50195,1.01114,1.40756
design/phi0.50_seed3,0.50586,1.01114,1.40756
design/phi0.50_seed3,0.50977,1.12349,1.30702
design/phi0.50_seed3,0.51367,1.01114,1.30702
design/phi0.50_seed3,0.51758,1.01114,1.30702
design/phi0.50_seed3,0.52148,1.01114,1.30702
design/phi0.50_seed3,0.52539,0.89879,1.10594
design/phi0.50_seed3,0.52930,1.01114,1.20648
design/phi0.50_seed3,0.53320,1.01114,1.20648
design/phi0.50_seed3,0.53711,1.01114,1.30702
design/phi0.50_seed3,0.54102,1.01114,1.30702
design/phi0.50_seed3,0.54492,1.01114,1.30702
design/phi0.50_seed3,0.54883,0.89879,1.30702
design/phi0.50_seed3,0.55273,0.89879,1.30702
design/phi0.50_seed3,0.55664,0.89879,1.30702
design/phi0.50_seed3,0.56055,0.89879,1.20648
design/phi0.50_seed3,0.56445,1.01114,1.30702
design/phi0.50_seed3,0.56836,1.12349,1.10594
design/phi0.50_seed3,0.57227,1.23584,1.10594
design/phi0.50_seed3,0.57617,1.23584,1.10594
design/phi0.50_seed3,0.58008,1.12349,1.10594
design/phi0.50_seed3,0.58398,1.23584,1.20648
design/phi0.50_seed3,0.58789,1.34819,1.30702
design/phi0.50_seed3,0.59180,1.34819,1.30702
design/phi0.50_seed3,0.59570,1.34819,1.30702
design/phi0.50_seed3,0.59961,1.34819,1.10594
design/phi0.50_seed3,0.60352,1.34819,1.10594
design/phi0.50_seed3,0.60742,1.12349,1.10594
design/phi0.50_seed3,0.61133,1.23584,1.10594
design/phi0.50_seed3,0.61523,1.34819,1.00540
design/phi0.50_seed3,0.61914,1.57289,1.00540
design/phi0.50_seed3,0.62305,1.34819,1.00540
design/phi0.50_seed3,0.62695,1.46054,1.00540
design/phi0.50_seed3,0.63086,1.68524,1.00540
design/phi0.50_seed3,0.63477,1.68524,1.00540
design/phi0.50_seed3,0.63867,1.46054,1.10594
design/phi0.50_seed3,0.64258,1.46054,1.10594
design/phi0.50_seed3,0.64648,1.68524,1.10594
design/phi0.50_seed3,0.65039,1.68524,1.10594
design/phi0.50_seed3,0.65430,1.79759,1.00540
design/phi0.50_seed3,0.65820,1.57289,0.90486
design/phi0.50_seed3,0.66211,1.23584,1.20648
design/phi0.50_seed3,0.66602,1.34819,1.20648
design/phi0.50_seed3,0.66992,1.01114,1.20648
design/phi0.50_seed3,0.67383,1.01114,1.20648
design/phi0.50_seed3,0.67773,1.01114,1.30702
design/phi0.50_seed3,0.68164,0.89879,1.30702
design/phi0.50_seed3,0.68555,0.67409,1.10594
design/phi0.50_seed3,0.68945,0.67409,0.90486
design/phi0.50_seed3,0.69336,0.67409,0.90486
design/phi0.50_seed3,0.69727,0.89879,0.90486
design/phi0.50_seed3,0.70117,0.89879,1.10594
design/phi0.50_seed3,0.70508,0.89879,1.10594
design/phi0.50_seed3,0.70898,0.89879,0.90486
design/phi0.50_seed3,0.71289,0.89879,1.10594
design/phi0.50_seed3,0.71680,0.89879,1.10594
design/phi0.50_seed3,0.72070,0.89879,1.10594
design/phi0.50_seed3,0.72461,0.89879,1.10594
design/phi0.50_seed3,0.72852,0.89879,1.10594
design/phi0.50_seed3,0.73242,0.78644,1.00540
design/phi0.50_seed3,0.73633,0.78644,0.90486
design/phi0.50_seed3,0.74023,0.78644,0.90486
design/phi0.50_seed3,0.74414,0.78644,0.90486
design/phi0.50_seed3,0.74805,0.78644,0.90486
design/phi0.50_seed3,0.75195,0.78644,0.80432
design/phi0.50_seed3,0.75586,1.12349,0.80432
design/phi0.50_seed3,0.75977,1.12349,0.80432
design/phi0.50_seed3,0.76367,1.34819,0.80432
design/phi0.50_seed3,0.76758,1.34819,0.80432
design/phi0.50_seed3,0.77148,1.01114,0.80432
design/phi0.50_seed3,0.77539,1.01114,0.80432
design/phi0.50_seed3,0.77930,1.01114,0.80432
design/phi0.50_seed3,0.78320,1.01114,0.60324
design/phi0.50_seed3,0.78711,1.12349,0.60324
design/phi0.50_seed3,0.79102,1.12349,0.60324
design/phi0.50_seed3,0.79492,1.12349,0.60324
design/phi0.50_seed3,0.79883,1.12349,0.70378
design/phi0.50_seed3,0.80273,1.12349,0.70378
design/phi0.50_seed3,0.80664,1.12349,0.80432
design/phi0.50_seed3,0.81055,1.23584,0.80432
design/phi0.50_seed3,0.81445,1.23584,0.60324
design/phi0.50_seed3,0.81836,1.23584,0.70378
design/phi0.50_seed3,0.82227,1.23584,0.70378
design/phi0.50_seed3,0.82617,1.23584,0.50270
design/phi0.50_seed3,0.83008,1.34819,0.50270
design/phi0.50_seed3,0.83398,1.34819,0.50270
design/phi0.50_seed3,0.83789,1.34819,0.50270
design/phi0.50_seed3,0.84180,1.34819,0.70378
design/phi0.50_seed3,0.84570,1.34819,0.70378
design/phi0.50_seed3,0.84961,1.23584,0.70378
design/phi0.50_seed3,0.85352,1.12349,0.60324
design/phi0.50_seed3,0.85742,1.12349,0.60324
design/phi0.50_seed3,0.86133,1.12349,0.60324
design/phi0.50_seed3,0.86523,0.89879,0.60324
design/phi0.50_seed3,0.86914,0.89879,0.50270
design/phi0.50_seed3,0.87305,0.78644,0.50270
design/phi0.50_seed3,0.87695,0.67409,0.70378
design/phi0.50_seed3,0.88086,0.67409,0.80432
design/phi0.50_seed3,0.88477,0.67409,1.00540
design/phi0.50_seed3,0.88867,0.67409,1.00540
design/phi0.50_seed3,0.89258,0.56175,1.00540
design/phi0.50_seed3,0.89648,0.56175,0.80432
design/phi0.50_seed3,0.90039,0.56175,0.80432
design/phi0.50_seed3,0.90430,0.67409,0.80432
design/phi0.50_seed3,0.90820,0.67409,0.80432
design/phi0.50_seed3,0.91211,0.67409,0.80432
design/phi0.50_seed3,0.91602,0.67409,0.80432
design/phi0.50_seed3,0.91992,0.67409,0.60324
design/phi0.50_seed3,0.92383,0.56175,0.60324
design/phi0.50_seed3,0.92773,0.56175,0.90486
design/phi0.50_seed3,0.93164,0.56175,0.90486
design/phi0.50_seed3,0.93555,0.78644,1.20648
design/phi0.50_seed3,0.93945,0.78644,1.30702
design/phi0.50_seed3,0.94336,1.01114,1.30702
design/phi0.50_seed3,0.94727,1.01114,1.30702
design/phi0.50_seed3,0.95117,0.89879,1.30702
design/phi0.50_seed3,0.95508,0.89879,1.30702
design/phi0.50_seed3,0.95898,0.89879,1.40756
design/phi0.50_seed3,0.96289,0.89879,1.40756
design/phi0.50_seed3,0.96680,0.89879,1.40756
design/phi0.50_seed3,0.97070,0.89879,1.10594
design/phi0.50_seed3,0.97461,0.89879,1.00540
design/phi0.50_seed3,0.97852,0.89879,1.00540
design/phi0.50_seed3,0.98242,0.67409,1.00540
design/phi0.50_seed3,0.98633,0.67409,0.90486
design/phi0.50_seed3,0.99023,0.44940,0.90486
design/phi0.50_seed3,0.99414,0.44940,1.10594
design/phi0.50_seed3,0.99805,0.44940,1.10594
