time_s,x,y,kappa_1_per_m,d0_kappa,supersaturation,residual,v_n_m_per_s
0,9.40608e-05,5.16318e-05,-4582.07,-4.65811e-06,1.91626e-15,4.65811e-06,6.46638e-12
0,9.40267e-05,5.14933e-05,-4589.76,-4.66592e-06,1.91626e-15,4.66592e-06,6.47723e-12
0,0.00019104,2.72399e-05,3043.72,3.09423e-06,1.91626e-15,-3.09423e-06,-4.29541e-12
0,0.000191092,2.74475e-05,3032.69,3.08302e-06,1.91626e-15,-3.08302e-06,-4.27984e-12
0,9.41294e-05,5.19089e-05,-4566.6,-4.64239e-06,1.91626e-15,4.64239e-06,6.44455e-12
0,0.000191197,2.78625e-05,3010.23,3.06018e-06,1.91626e-15,-3.06018e-06,-4.24814e-12
0,9.41989e-05,5.21859e-05,-4908.24,-4.98969e-06,1.91626e-15,4.98969e-06,6.92669e-12
0,0.000191212,2.79204e-05,3045.22,3.09575e-06,1.91626e-15,-3.09575e-06,-4.29752e-12
0,0.000191303,2.82777e-05,3275.85,3.33021e-06,1.91626e-15,-3.33021e-06,-4.62299e-12
0,9.42424e-05,5.23569e-05,-4906.53,-4.98795e-06,1.91626e-15,4.98795e-06,6.92426e-12
0,9.42695e-05,5.24628e-05,-4907.77,-4.98922e-06,1.91626e-15,4.98922e-06,6.92602e-12
0,0.000191405,2.86941e-05,3277.65,3.33204e-06,1.91626e-15,-3.33204e-06,-4.62553e-12
0,9.43386e-05,5.27404e-05,-4910.65,-4.99214e-06,1.91626e-15,4.99214e-06,6.93008e-12
0,0.000191505,2.91114e-05,3278.32,3.33272e-06,1.91626e-15,-3.33272e-06,-4.62648e-12
0,9.44061e-05,5.30185e-05,-4912.72,-4.99424e-06,1.91626e-15,4.99424e-06,6.933e-12
0,0.000191604,2.95291e-05,3277.93,3.33233e-06,1.91626e-15,-3.33233e-06,-4.62593e-12
0,9.44723e-05,5.32972e-05,-4914.03,-4.99558e-06,1.91626e-15,4.99558e-06,6.93485e-12
0,0.000191704,2.99469e-05,3276.54,3.33091e-06,1.91626e-15,-3.33091e-06,-4.62397e-12
0,9.45377e-05,5.35762e-05,-4914.61,-4.99617e-06,1.91626e-15,4.99617e-06,6.93568e-12
0,0.000191806,3.03645e-05,3274.21,3.32855e-06,1.91626e-15,-3.32855e-06,-4.62069e-12
0,9.46027e-05,5.38556e-05,-4914.49,-4.99604e-06,1.91626e-15,4.99604e-06,6.9355e-12
0,0.000191818,3.04146e-05,3273.92,3.32825e-06,1.91626e-15,-3.32825e-06,-4.62028e-12
0,0.000191908,3.07824e-05,3276.36,3.33073e-06,1.91626e-15,-3.33073e-06,-4.62372e-12
0,9.46677e-05,5.41351e-05,-4913.67,-4.99521e-06,1.91626e-15,4.99521e-06,6.93435e-12
0,0.000192007,3.12014e-05,3278.11,3.33251e-06,1.91626e-15,-3.33251e-06,-4.62619e-12
0,9.47331e-05,5.44148e-05,-4912.19,-4.9937e-06,1.91626e-15,4.9937e-06,6.93225e-12
0,0.000192104,3.16212e-05,3278.81,3.33322e-06,1.91626e-15,-3.33322e-06,-4.62718e-12
0,9.47992e-05,5.46944e-05,-4910.05,-4.99153e-06,1.91626e-15,4.99153e-06,6.92923e-12
0,0.0001922,3.20414e-05,3278.53,3.33294e-06,1.91626e-15,-3.33294e-06,-4.62678e-12
0,9.48485e-05,5.48995e-05,-4908.13,-4.98958e-06,1.91626e-15,4.98958e-06,6.92652e-12
0,9.48665e-05,5.4974e-05,-4908.94,-4.99041e-06,1.91626e-15,4.99041e-06,6.92768e-12
0,0.000192296,3.24619e-05,3277.32,3.3317e-06,1.91626e-15,-3.3317e-06,-4.62507e-12
0,9.49326e-05,5.52541e-05,-4911.73,-4.99324e-06,1.91626e-15,4.99324e-06,6.93161e-12
0,0.000192394,3.28822e-05,3275.22,3.32957e-06,1.91626e-15,-3.32957e-06,-4.62211e-12
0,9.49971e-05,5.55348e-05,-4913.81,-4.99535e-06,1.91626e-15,4.99535e-06,6.93454e-12
0,0.000192424,3.30073e-05,3274.52,3.32886e-06,1.91626e-15,-3.32886e-06,-4.62112e-12
0,0.000192494,3.33025e-05,3276.41,3.33078e-06,1.91626e-15,-3.33078e-06,-4.62378e-12
0,9.50603e-05,5.58159e-05,-4915.2,-4.99677e-06,1.91626e-15,4.99677e-06,6.93651e-12
0,0.00019259,3.37239e-05,3278.3,3.33271e-06,1.91626e-15,-3.33271e-06,-4.62646e-12
0,9.51226e-05,5.60974e-05,-4915.95,-4.99753e-06,1.91626e-15,4.99753e-06,6.93756e-12
0,0.000192684,3.41461e-05,3279.22,3.33364e-06,1.91626e-15,-3.33364e-06,-4.62775e-12
0,9.51844e-05,5.63793e-05,-4916.07,-4.99765e-06,1.91626e-15,4.99765e-06,6.93773e-12
0,0.000192777,3.45689e-05,3279.22,3.33364e-06,1.91626e-15,-3.33364e-06,-4.62775e-12
0,9.5246e-05,5.66613e-05,-4915.57,-4.99714e-06,1.91626e-15,4.99714e-06,6.93702e-12
0,0.000192869,3.49919e-05,3278.35,3.33275e-06,1.91626e-15,-3.33275e-06,-4.62652e-12
0,9.53078e-05,5.69435e-05,-4914.47,-4.99603e-06,1.91626e-15,4.99603e-06,6.93548e-12
0,0.000192963,3.54149e-05,3276.64,3.33101e-06,1.91626e-15,-3.33101e-06,-4.62411e-12
0,9.537e-05,5.72258e-05,-4912.79,-4.99432e-06,1.91626e-15,4.99432e-06,6.9331e-12
0,0.00019303,3.571e-05,3275.06,3.32941e-06,1.91626e-15,-3.32941e-06,-4.62188e-12
0,0.000193059,3.58377e-05,3275.85,3.33022e-06,1.91626e-15,-3.33022e-06,-4.623e-12
0,9.54331e-05,5.75081e-05,-4910.54,-4.99203e-06,1.91626e-15,4.99203e-06,6.92993e-12
0,0.000193153,3.62613e-05,3278.08,3.33248e-06,1.91626e-15,-3.33248e-06,-4.62614e-12
0,9.54545e-05,5.76031e-05,-4909.71,-4.99119e-06,1.91626e-15,4.99119e-06,6.92876e-12
0,9.54966e-05,5.77905e-05,-4911.57,-4.99308e-06,1.91626e-15,4.99308e-06,6.93139e-12
0,0.000193245,3.66858e-05,3279.38,3.3338e-06,1.91626e-15,-3.3338e-06,-4.62798e-12
0,9.55586e-05,5.80734e-05,-4913.92,-4.99547e-06,1.91626e-15,4.99547e-06,6.9347e-12
0,0.000193334,3.71109e-05,3279.82,3.33424e-06,1.91626e-15,-3.33424e-06,-4.62859e-12
0,9.56191e-05,5.83569e-05,-4915.66,-4.99724e-06,1.91626e-15,4.99724e-06,6.93716e-12
0,0.000193423,3.75364e-05,3279.43,3.33386e-06,1.91626e-15,-3.33386e-06,-4.62805e-12
0,9.56785e-05,5.86407e-05,-4916.82,-4.99841e-06,1.91626e-15,4.99841e-06,6.93879e-12
0,0.000193513,3.79621e-05,3278.27,3.33267e-06,1.91626e-15,-3.33267e-06,-4.62641e-12
0,9.57371e-05,5.89249e-05,-4917.42,-4.99902e-06,1.91626e-15,4.99902e-06,6.93963e-12
0,0.000193604,3.83877e-05,3276.36,3.33073e-06,1.91626e-15,-3.33073e-06,-4.62371e-12
0,9.57953e-05,5.92093e-05,-4917.47,-4.99907e-06,1.91626e-15,4.99907e-06,6.9397e-12
0,0.000193636,3.85375e-05,3275.59,3.32995e-06,1.91626e-15,-3.32995e-06,-4.62263e-12
0,0.000193696,3.88133e-05,3277.18,3.33156e-06,1.91626e-15,-3.33156e-06,-4.62487e-12
0,9.58533e-05,5.9494e-05,-4916.99,-4.99858e-06,1.91626e-15,4.99858e-06,6.93902e-12
0,0.000193785,3.92399e-05,3279.02,3.33343e-06,1.91626e-15,-3.33343e-06,-4.62746e-12
0,9.59113e-05,5.97788e-05,-4915.99,-4.99756e-06,1.91626e-15,4.99756e-06,6.93761e-12
0,0.000193872,3.96672e-05,3280.03,3.33446e-06,1.91626e-15,-3.33446e-06,-4.6289e-12
0,9.59698e-05,6.00637e-05,-4914.48,-4.99603e-06,1.91626e-15,4.99603e-06,6.93548e-12
0,0.000193958,4.0095e-05,3280.28,3.33471e-06,1.91626e-15,-3.33471e-06,-4.62925e-12
0,9.60289e-05,6.03487e-05,-4912.47,-4.99399e-06,1.91626e-15,4.99399e-06,6.93265e-12
0,0.000194043,4.05231e-05,3279.79,3.33421e-06,1.91626e-15,-3.33421e-06,-4.62855e-12
0,9.60606e-05,6.05004e-05,-4911.26,-4.99276e-06,1.91626e-15,4.99276e-06,6.93095e-12
0,9.60885e-05,6.06337e-05,-4912.47,-4.99399e-06,1.91626e-15,4.99399e-06,6.93266e-12
0,0.000194129,4.09514e-05,3278.59,3.333e-06,1.91626e-15,-3.333e-06,-4.62686e-12
0,9.61469e-05,6.09192e-05,-4914.77,-4.99633e-06,1.91626e-15,4.99633e-06,6.9359e-12
0,0.000194216,4.13797e-05,3276.72,3.33109e-06,1.91626e-15,-3.33109e-06,-4.62422e-12
0,9.62039e-05,6.12051e-05,-4916.54,-4.99813e-06,1.91626e-15,4.99813e-06,6.93839e-12
0,0.000194242,4.15077e-05,3276.1,3.33046e-06,1.91626e-15,-3.33046e-06,-4.62334e-12
0,0.000194304,4.18081e-05,3277.72,3.33211e-06,1.91626e-15,-3.33211e-06,-4.62564e-12
0,9.62598e-05,6.14915e-05,-4917.8,-4.99941e-06,1.91626e-15,4.99941e-06,6.94018e-12
0,0.000194389,4.22373e-05,3279.45,3.33387e-06,1.91626e-15,-3.33387e-06,-4.62808e-12
0,9.63148e-05,6.17781e-05,-4918.58,-5.0002e-06,1.91626e-15,5.0002e-06,6.94128e-12
0,0.000194472,4.26672e-05,3280.45,3.33489e-06,1.91626e-15,-3.33489e-06,-4.62948e-12
0,9.63693e-05,6.2065e-05,-4918.89,-5.00052e-06,1.91626e-15,5.00052e-06,6.94171e-12
0,0.000194554,4.30975e-05,3280.75,3.33519e-06,1.91626e-15,-3.33519e-06,-4.62991e-12
0,9.64234e-05,6.23522e-05,-4918.74,-5.00036e-06,1.91626e-15,5.00036e-06,6.9415e-12
0,0.000194635,4.35283e-05,3280.39,3.33482e-06,1.91626e-15,-3.33482e-06,-4.6294e-12
0,9.64773e-05,6.26395e-05,-4918.14,-4.99975e-06,1.91626e-15,4.99975e-06,6.94065e-12
0,0.000194717,4.39592e-05,3279.38,3.3338e-06,1.91626e-15,-3.3338e-06,-4.62798e-12
0,9.65314e-05,6.2927e-05,-4917.1,-4.9987e-06,1.91626e-15,4.9987e-06,6.93919e-12
0,0.000194799,4.43901e-05,3277.76,3.33216e-06,1.91626e-15,-3.33216e-06,-4.6257e-12
0,9.65858e-05,6.32146e-05,-4915.64,-4.99721e-06,1.91626e-15,4.99721e-06,6.93712e-12
0,0.000194848,4.46436e-05,3276.6,3.33098e-06,1.91626e-15,-3.33098e-06,-4.62406e-12
0,0.000194883,4.48211e-05,3277.52,3.3319e-06,1.91626e-15,-3.3319e-06,-4.62535e-12
0,9.66406e-05,6.35023e-05,-4913.75,-4.99529e-06,1.91626e-15,4.99529e-06,6.93446e-12
0,0.000194965,4.52527e-05,3279.38,3.3338e-06,1.91626e-15,-3.3338e-06,-4.62798e-12
0,9.66667e-05,6.36379e-05,-4912.77,-4.99429e-06,1.91626e-15,4.99429e-06,6.93307e-12
0,9.66959e-05,6.37901e-05,-4914.01,-4.99556e-06,1.91626e-15,4.99556e-06,6.93483e-12
0,0.000195044,4.5685e-05,3280.58,3.33502e-06,1.91626e-15,-3.33502e-06,-4.62966e-12
0,9.67499e-05,6.40782e-05,-4916.09,-4.99767e-06,1.91626e-15,4.99767e-06,6.93776e-12
0,0.000195122,4.61178e-05,3281.14,3.33559e-06,1.91626e-15,-3.33559e-06,-4.63046e-12
0,9.68026e-05,6.43668e-05,-4917.73,-4.99934e-06,1.91626e-15,4.99934e-06,6.94008e-12
0,0.000195199,4.6551e-05,3281.11,3.33555e-06,1.91626e-15,-3.33555e-06,-4.63041e-12
0,9.68544e-05,6.46557e-05,-4918.95,-5.00058e-06,1.91626e-15,5.00058e-06,6.9418e-12
0,0.000195276,4.69845e-05,3280.49,3.33493e-06,1.91626e-15,-3.33493e-06,-4.62955e-12
0,9.69053e-05,6.49449e-05,-4919.76,-5.00141e-06,1.91626e-15,5.00141e-06,6.94294e-12
0,0.000195354,4.74181e-05,3279.32,3.33374e-06,1.91626e-15,-3.33374e-06,-4.62789e-12
0,9.69555e-05,6.52344e-05,-4920.18,-5.00183e-06,1.91626e-15,5.00183e-06,6.94353e-12
0,0.000195432,4.78518e-05,3277.61,3.332e-06,1.91626e-15,-3.332e-06,-4.62548e-12
0,9.70053e-05,6.55241e-05,-4920.22,-5.00186e-06,1.91626e-15,5.00186e-06,6.94358e-12
0,0.000195455,4.79753e-05,3277.08,3.33146e-06,1.91626e-15,-3.33146e-06,-4.62473e-12
0,0.000195511,4.82856e-05,3278.54,3.33295e-06,1.91626e-15,-3.33295e-06,-4.62679e-12
0,9.70549e-05,6.5814e-05,-4919.88,-5.00152e-06,1.91626e-15,5.00152e-06,6.9431e-12
0,0.000195587,4.87201e-05,3280.13,3.33456e-06,1.91626e-15,-3.33456e-06,-4.62903e-12
0,9.71044e-05,6.6104e-05,-4919.17,-5.0008e-06,1.91626e-15,5.0008e-06,6.94211e-12
0,0.000195662,4.91551e-05,3281.13,3.33558e-06,1.91626e-15,-3.33558e-06,-4.63045e-12
0,9.71539e-05,6.63942e-05,-4918.11,-4.99972e-06,1.91626e-15,4.99972e-06,6.94061e-12
0,0.000195735,4.95906e-05,3281.6,3.33605e-06,1.91626e-15,-3.33605e-06,-4.6311e-12
0,9.72037e-05,6.66845e-05,-4916.7,-4.99829e-06,1.91626e-15,4.99829e-06,6.93862e-12
0,0.000195807,5.00265e-05,3281.54,3.33599e-06,1.91626e-15,-3.33599e-06,-4.63102e-12
0,9.72538e-05,6.69749e-05,-4914.95,-4.99651e-06,1.91626e-15,4.99651e-06,6.93615e-12
0,0.00019588,5.04626e-05,3280.97,3.33542e-06,1.91626e-15,-3.33542e-06,-4.63022e-12
0,9.72727e-05,6.70842e-05,-4914.24,-4.99579e-06,1.91626e-15,4.99579e-06,6.93514e-12
0,9.73041e-05,6.72655e-05,-4915.55,-4.99712e-06,1.91626e-15,4.99712e-06,6.93699e-12
0,0.000195952,5.08989e-05,3279.92,3.33435e-06,1.91626e-15,-3.33435e-06,-4.62873e-12
0,9.73532e-05,6.75563e-05,-4917.39,-4.999e-06,1.91626e-15,4.999e-06,6.9396e-12
0,0.000196025,5.13352e-05,3278.39,3.3328e-06,1.91626e-15,-3.3328e-06,-4.62658e-12
0,9.74012e-05,6.78475e-05,-4918.89,-5.00052e-06,1.91626e-15,5.00052e-06,6.94171e-12
0,0.000196061,5.15431e-05,3277.56,3.33195e-06,1.91626e-15,-3.33195e-06,-4.62541e-12
0,0.000196099,5.17717e-05,3278.56,3.33297e-06,1.91626e-15,-3.33297e-06,-4.62682e-12
0,9.74482e-05,6.8139e-05,-4920.04,-5.00169e-06,1.91626e-15,5.00169e-06,6.94334e-12
0,0.000196171,5.22087e-05,3280.16,3.3346e-06,1.91626e-15,-3.3346e-06,-4.62908e-12
0,9.74944e-05,6.84308e-05,-4920.86,-5.00252e-06,1.91626e-15,5.00252e-06,6.9445e-12
0,0.000196241,5.26463e-05,3281.26,3.33571e-06,1.91626e-15,-3.33571e-06,-4.63063e-12
0,9.754e-05,6.87228e-05,-4921.37,-5.00304e-06,1.91626e-15,5.00304e-06,6.94521e-12
0,0.00019631,5.30843e-05,3281.89,3.33635e-06,1.91626e-15,-3.33635e-06,-4.63151e-12
0,9.75851e-05,6.90151e-05,-4921.57,-5.00324e-06,1.91626e-15,5.00324e-06,6.94549e-12
0,0.000196378,5.35226e-05,3282.05,3.33652e-06,1.91626e-15,-3.33652e-06,-4.63175e-12
0,9.76298e-05,6.93075e-05,-4921.46,-5.00313e-06,1.91626e-15,5.00313e-06,6.94534e-12
0,0.000196445,5.39612e-05,3281.78,3.33624e-06,1.91626e-15,-3.33624e-06,-4.63137e-12
0,9.76742e-05,6.96001e-05,-4921.06,-5.00273e-06,1.91626e-15,5.00273e-06,6.94478e-12
0,0.000196512,5.44001e-05,3281.09,3.33553e-06,1.91626e-15,-3.33553e-06,-4.63038e-12
0,9.77185e-05,6.98929e-05,-4920.38,-5.00203e-06,1.91626e-15,5.00203e-06,6.94381e-12
0,0.000196579,5.48391e-05,3279.98,3.33441e-06,1.91626e-15,-3.33441e-06,-4.62882e-12
0,9.77628e-05,7.01858e-05,-4919.41,-5.00105e-06,1.91626e-15,5.00105e-06,6.94245e-12
0,0.000196647,5.52782e-05,3278.47,3.33287e-06,1.91626e-15,-3.33287e-06,-4.62669e-12
0,9.78072e-05,7.04788e-05,-4918.18,-4.99979e-06,1.91626e-15,4.99979e-06,6.94071e-12
0,0.000196667,5.54035e-05,3278.01,3.3324e-06,1.91626e-15,-3.3324e-06,-4.62604e-12
0,0.000196715,5.57175e-05,3279.25,3.33367e-06,1.91626e-15,-3.33367e-06,-4.6278e-12
0,9.78518e-05,7.07719e-05,-4916.68,-4.99827e-06,1.91626e-15,4.99827e-06,6.93859e-12
0,0.000196782,5.61573e-05,3280.67,3.33511e-06,1.91626e-15,-3.33511e-06,-4.62979e-12
0,9.78788e-05,7.09489e-05,-4915.67,-4.99725e-06,1.91626e-15,4.99725e-06,6.93717e-12
0,9.78965e-05,7.10651e-05,-4916.4,-4.99799e-06,1.91626e-15,4.99799e-06,6.9382e-12
0,0.000196846,5.65975e-05,3281.66,3.33612e-06,1.91626e-15,-3.33612e-06,-4.63119e-12
0,9.79404e-05,7.13586e-05,-4918.1,-4.99972e-06,1.91626e-15,4.99972e-06,6.9406e-12
0,0.000196909,5.70381e-05,3282.25,3.33672e-06,1.91626e-15,-3.33672e-06,-4.63203e-12
0,9.79832e-05,7.16524e-05,-4919.53,-5.00117e-06,1.91626e-15,5.00117e-06,6.94261e-12
0,0.000196971,5.74791e-05,3282.47,3.33694e-06,1.91626e-15,-3.33694e-06,-4.63233e-12
0,9.80252e-05,7.19464e-05,-4920.69,-5.00235e-06,1.91626e-15,5.00235e-06,6.94425e-12
0,0.000197033,5.79203e-05,3282.31,3.33678e-06,1.91626e-15,-3.33678e-06,-4.63212e-12
0,9.80663e-05,7.22407e-05,-4921.59,-5.00326e-06,1.91626e-15,5.00326e-06,6.94552e-12
0,0.000197094,5.83618e-05,3281.8,3.33626e-06,1.91626e-15,-3.33626e-06,-4.63139e-12
0,9.81068e-05,7.25352e-05,-4922.25,-5.00393e-06,1.91626e-15,5.00393e-06,6.94645e-12
0,0.000197155,5.88034e-05,3280.95,3.33539e-06,1.91626e-15,-3.33539e-06,-4.63019e-12
0,9.81466e-05,7.28299e-05,-4922.66,-5.00435e-06,1.91626e-15,5.00435e-06,6.94704e-12
0,0.000197217,5.92452e-05,3279.76,3.33418e-06,1.91626e-15,-3.33418e-06,-4.62851e-12
0,9.8186e-05,7.31248e-05,-4922.85,-5.00454e-06,1.91626e-15,5.00454e-06,6.9473e-12
0,0.000197273,5.96403e-05,3278.43,3.33284e-06,1.91626e-15,-3.33284e-06,-4.62664e-12
0,0.000197279,5.96871e-05,3278.61,3.33301e-06,1.91626e-15,-3.33301e-06,-4.62688e-12
0,9.8225e-05,7.34198e-05,-4922.81,-5.0045e-06,1.91626e-15,5.0045e-06,6.94724e-12
0,0.000197341,6.01293e-05,3280.13,3.33456e-06,1.91626e-15,-3.33456e-06,-4.62903e-12
0,9.82636e-05,7.37151e-05,-4922.55,-5.00424e-06,1.91626e-15,5.00424e-06,6.94687e-12
0,0.0001974,6.05719e-05,3281.3,3.33575e-06,1.91626e-15,-3.33575e-06,-4.63069e-12
0,9.8302e-05,7.40104e-05,-4922.08,-5.00376e-06,1.91626e-15,5.00376e-06,6.94621e-12
0,0.000197458,6.10149e-05,3282.14,3.3366e-06,1.91626e-15,-3.3366e-06,-4.63187e-12
0,9.83402e-05,7.43059e-05,-4921.4,-5.00307e-06,1.91626e-15,5.00307e-06,6.94525e-12
0,0.000197515,6.14583e-05,3282.65,3.33713e-06,1.91626e-15,-3.33713e-06,-4.63259e-12
0,9.83783e-05,7.46016e-05,-4920.52,-5.00218e-06,1.91626e-15,5.00218e-06,6.94402e-12
0,0.000197571,6.19019e-05,3282.86,3.33734e-06,1.91626e-15,-3.33734e-06,-4.63289e-12
0,9.84164e-05,7.48973e-05,-4919.45,-5.00109e-06,1.91626e-15,5.00109e-06,6.9425e-12
0,0.000197626,6.23457e-05,3282.78,3.33725e-06,1.91626e-15,-3.33725e-06,-4.63277e-12
0,9.84545e-05,7.51932e-05,-4918.19,-4.9998e-06,1.91626e-15,4.9998e-06,6.94072e-12
0,0.000197681,6.27898e-05,3282.4,3.33687e-06,1.91626e-15,-3.33687e-06,-4.63225e-12
0,9.84848e-05,7.54287e-05,-4917.07,-4.99867e-06,1.91626e-15,4.99867e-06,6.93914e-12
0,9.84927e-05,7.54892e-05,-4917.38,-4.99899e-06,1.91626e-15,4.99899e-06,6.93959e-12
0,0.000197736,6.32341e-05,3281.76,3.33622e-06,1.91626e-15,-3.33622e-06,-4.63133e-12
0,9.85302e-05,7.57853e-05,-4918.86,-5.00049e-06,1.91626e-15,5.00049e-06,6.94167e-12
0,0.000197791,6.36785e-05,3280.84,3.33529e-06,1.91626e-15,-3.33529e-06,-4.63004e-12
0,9.85668e-05,7.60817e-05,-4920.14,-5.00179e-06,1.91626e-15,5.00179e-06,6.94348e-12
0,0.000197846,6.41231e-05,3279.67,3.3341e-06,1.91626e-15,-3.3341e-06,-4.62839e-12
0,9.86026e-05,7.63783e-05,-4921.23,-5.0029e-06,1.91626e-15,5.0029e-06,6.94501e-12
0,0.000197879,6.43885e-05,3278.88,3.3333e-06,1.91626e-15,-3.3333e-06,-4.62728e-12
0,0.000197901,6.45678e-05,3279.45,3.33387e-06,1.91626e-15,-3.33387e-06,-4.62808e-12
0,9.86376e-05,7.66751e-05,-4922.13,-5.00381e-06,1.91626e-15,5.00381e-06,6.94629e-12
0,0.000197955,6.50129e-05,3280.72,3.33516e-06,1.91626e-15,-3.33516e-06,-4.62986e-12
0,9.8672e-05,7.69721e-05,-4922.86,-5.00455e-06,1.91626e-15,5.00455e-06,6.94731e-12
0,0.000198007,6.54582e-05,3281.71,3.33617e-06,1.91626e-15,-3.33617e-06,-4.63127e-12
0,9.87057e-05,7.72693e-05,-4923.41,-5.00512e-06,1.91626e-15,5.00512e-06,6.9481e-12
0,0.000198058,6.59039e-05,3282.45,3.33692e-06,1.91626e-15,-3.33692e-06,-4.63231e-12
0,9.87389e-05,7.75666e-05,-4923.8,-5.00551e-06,1.91626e-15,5.00551e-06,6.94865e-12
0,0.000198108,6.63499e-05,3282.95,3.33743e-06,1.91626e-15,-3.33743e-06,-4.63301e-12
0,9.87716e-05,7.78641e-05,-4924.04,-5.00575e-06,1.91626e-15,5.00575e-06,6.94898e-12
0,0.000198157,6.67961e-05,3283.21,3.33769e-06,1.91626e-15,-3.33769e-06,-4.63338e-12
0,9.88038e-05,7.81617e-05,-4924.12,-5.00583e-06,1.91626e-15,5.00583e-06,6.94909e-12
0,0.000198206,6.72426e-05,3283.24,3.33773e-06,1.91626e-15,-3.33773e-06,-4.63343e-12
0,9.88356e-05,7.84595e-05,-4924.05,-5.00576e-06,1.91626e-15,5.00576e-06,6.949e-12
0,0.000198254,6.76892e-05,3283.06,3.33754e-06,1.91626e-15,-3.33754e-06,-4.63317e-12
0,9.88671e-05,7.87574e-05,-4923.84,-5.00555e-06,1.91626e-15,5.00555e-06,6.9487e-12
0,0.000198301,6.8136e-05,3282.67,3.33714e-06,1.91626e-15,-3.33714e-06,-4.63262e-12
0,9.88983e-05,7.90554e-05,-4923.5,-5.0052e-06,1.91626e-15,5.0052e-06,6.94822e-12
0,0.000198348,6.85831e-05,3282.08,3.33654e-06,1.91626e-15,-3.33654e-06,-4.63179e-12
0,9.89291e-05,7.93536e-05,-4923.02,-5.00472e-06,1.91626e-15,5.00472e-06,6.94754e-12
0,0.000198395,6.90302e-05,3281.29,3.33575e-06,1.91626e-15,-3.33575e-06,-4.63068e-12
0,9.89597e-05,7.96518e-05,-4922.42,-5.0041e-06,1.91626e-15,5.0041e-06,6.94669e-12
0,0.000198442,6.94775e-05,3280.33,3.33476e-06,1.91626e-15,-3.33476e-06,-4.62931e-12
0,9.89901e-05,7.99502e-05,-4921.69,-5.00337e-06,1.91626e-15,5.00337e-06,6.94567e-12
0,0.000198485,6.98872e-05,3279.29,3.33371e-06,1.91626e-15,-3.33371e-06,-4.62785e-12
0,0.000198489,6.9925e-05,3279.39,3.33381e-06,1.91626e-15,-3.33381e-06,-4.62799e-12
0,9.90204e-05,8.02487e-05,-4920.85,-5.00251e-06,1.91626e-15,5.00251e-06,6.94448e-12
0,0.000198535,7.03727e-05,3280.54,3.33498e-06,1.91626e-15,-3.33498e-06,-4.62961e-12
0,9.90504e-05,8.05473e-05,-4919.9,-5.00154e-06,1.91626e-15,5.00154e-06,6.94313e-12
0,0.00019858,7.08206e-05,3281.49,3.33595e-06,1.91626e-15,-3.33595e-06,-4.63096e-12
0,9.90803e-05,8.08461e-05,-4918.83,-5.00046e-06,1.91626e-15,5.00046e-06,6.94163e-12
0,0.000198623,7.12688e-05,3282.26,3.33673e-06,1.91626e-15,-3.33673e-06,-4.63204e-12
0,9.90909e-05,8.0953e-05,-4918.44,-5.00006e-06,1.91626e-15,5.00006e-06,6.94108e-12
0,9.91099e-05,8.11449e-05,-4919.2,-5.00083e-06,1.91626e-15,5.00083e-06,6.94215e-12
0,0.000198666,7.17172e-05,3282.85,3.33733e-06,1.91626e-15,-3.33733e-06,-4.63287e-12
0,9.91388e-05,8.14439e-05,-4920.29,-5.00194e-06,1.91626e-15,5.00194e-06,6.94368e-12
0,0.000198708,7.21659e-05,3283.27,3.33775e-06,1.91626e-15,-3.33775e-06,-4.63346e-12
0,9.9167e-05,8.1743e-05,-4921.25,-5.00292e-06,1.91626e-15,5.00292e-06,6.94505e-12
0,0.000198748,7.26147e-05,3283.52,3.33801e-06,1.91626e-15,-3.33801e-06,-4.63383e-12
0,9.91945e-05,8.20423e-05,-4922.1,-5.00378e-06,1.91626e-15,5.00378e-06,6.94625e-12
0,0.000198788,7.30638e-05,3283.63,3.33812e-06,1.91626e-15,-3.33812e-06,-4.63397e-12
0,9.92214e-05,8.23417e-05,-4922.84,-5.00454e-06,1.91626e-15,5.00454e-06,6.94729e-12
0,0.000198828,7.3513e-05,3283.58,3.33807e-06,1.91626e-15,-3.33807e-06,-4.63391e-12
0,9.92476e-05,8.26413e-05,-4923.48,-5.00518e-06,1.91626e-15,5.00518e-06,6.94819e-12
0,0.000198866,7.39624e-05,3283.4,3.33788e-06,1.91626e-15,-3.33788e-06,-4.63365e-12
0,9.92733e-05,8.2941e-05,-4924.01,-5.00572e-06,1.91626e-15,5.00572e-06,6.94894e-12
0,0.000198905,7.44119e-05,3283.08,3.33756e-06,1.91626e-15,-3.33756e-06,-4.6332e-12
0,9.92984e-05,8.32408e-05,-4924.45,-5.00617e-06,1.91626e-15,5.00617e-06,6.94956e-12
0,0.000198943,7.48617e-05,3282.63,3.33711e-06,1.91626e-15,-3.33711e-06,-4.63257e-12
0,9.9323e-05,8.35408e-05,-4924.8,-5.00652e-06,1.91626e-15,5.00652e-06,6.95005e-12
0,0.00019898,7.53115e-05,3282.06,3.33653e-06,1.91626e-15,-3.33653e-06,-4.63177e-12
0,9.93471e-05,8.38408e-05,-4925.05,-5.00678e-06,1.91626e-15,5.00678e-06,6.95041e-12
0,0.000199017,7.57615e-05,3281.38,3.33583e-06,1.91626e-15,-3.33583e-06,-4.6308e-12
0,9.93707e-05,8.4141e-05,-4925.23,-5.00696e-06,1.91626e-15,5.00696e-06,6.95066e-12
0,0.000199054,7.62116e-05,3280.59,3.33503e-06,1.91626e-15,-3.33503e-06,-4.62968e-12
0,9.93939e-05,8.44412e-05,-4925.33,-5.00706e-06,1.91626e-15,5.00706e-06,6.95079e-12
0,0.000199091,7.66619e-05,3279.69,3.33412e-06,1.91626e-15,-3.33412e-06,-4.62842e-12
0,9.94166e-05,8.47416e-05,-4925.35,-5.00708e-06,1.91626e-15,5.00708e-06,6.95082e-12
0,0.000199091,7.66627e-05,3279.69,3.33412e-06,1.91626e-15,-3.33412e-06,-4.62842e-12
0,0.000199127,7.71123e-05,3280.6,3.33504e-06,1.91626e-15,-3.33504e-06,-4.6297e-12
0,9.94389e-05,8.50421e-05,-4925.3,-5.00703e-06,1.91626e-15,5.00703e-06,6.95075e-12
0,0.000199162,7.75629e-05,3281.38,3.33584e-06,1.91626e-15,-3.33584e-06,-4.63081e-12
0,9.94608e-05,8.53427e-05,-4925.18,-5.00691e-06,1.91626e-15,5.00691e-06,6.95059e-12
0,0.000199196,7.80137e-05,3282.05,3.33652e-06,1.91626e-15,-3.33652e-06,-4.63175e-12
0,9.94823e-05,8.56433e-05,-4925,-5.00673e-06,1.91626e-15,5.00673e-06,6.95033e-12
0,0.000199228,7.84646e-05,3282.61,3.33709e-06,1.91626e-15,-3.33709e-06,-4.63254e-12
0,9.95035e-05,8.59441e-05,-4924.76,-5.00648e-06,1.91626e-15,5.00648e-06,6.95e-12
0,0.00019926,7.89157e-05,3283.07,3.33755e-06,1.91626e-15,-3.33755e-06,-4.63318e-12
0,9.95242e-05,8.62449e-05,-4924.46,-5.00618e-06,1.91626e-15,5.00618e-06,6.94958e-12
0,0.000199292,7.9367e-05,3283.43,3.33791e-06,1.91626e-15,-3.33791e-06,-4.63369e-12
0,9.95446e-05,8.65459e-05,-4924.12,-5.00583e-06,1.91626e-15,5.00583e-06,6.94909e-12
0,0.000199322,7.98185e-05,3283.69,3.33818e-06,1.91626e-15,-3.33818e-06,-4.63406e-12
0,9.95646e-05,8.68469e-05,-4923.72,-5.00543e-06,1.91626e-15,5.00543e-06,6.94853e-12
0,0.000199351,8.027e-05,3283.87,3.33837e-06,1.91626e-15,-3.33837e-06,-4.63432e-12
0,9.95843e-05,8.7148e-05,-4923.28,-5.00498e-06,1.91626e-15,5.00498e-06,6.9479e-12
0,0.00019938,8.07217e-05,3283.97,3.33847e-06,1.91626e-15,-3.33847e-06,-4.63445e-12
0,9.96036e-05,8.74492e-05,-4922.79,-5.00448e-06,1.91626e-15,5.00448e-06,6.94722e-12
0,0.000199408,8.11736e-05,3283.99,3.33849e-06,1.91626e-15,-3.33849e-06,-4.63448e-12
0,9.96225e-05,8.77504e-05,-4922.27,-5.00395e-06,1.91626e-15,5.00395e-06,6.94648e-12
0,0.000199436,8.16255e-05,3283.94,3.33844e-06,1.91626e-15,-3.33844e-06,-4.63441e-12
0,9.96411e-05,8.80518e-05,-4921.71,-5.00338e-06,1.91626e-15,5.00338e-06,6.94569e-12
0,0.000199463,8.20776e-05,3283.82,3.33832e-06,1.91626e-15,-3.33832e-06,-4.63425e-12
0,9.96593e-05,8.83532e-05,-4921.12,-5.00278e-06,1.91626e-15,5.00278e-06,6.94486e-12
0,0.000199489,8.25298e-05,3283.65,3.33814e-06,1.91626e-15,-3.33814e-06,-4.634e-12
0,9.96772e-05,8.86547e-05,-4920.5,-5.00215e-06,1.91626e-15,5.00215e-06,6.94398e-12
0,0.000199515,8.29821e-05,3283.41,3.3379e-06,1.91626e-15,-3.3379e-06,-4.63367e-12
0,9.96948e-05,8.89563e-05,-4919.85,-5.0015e-06,1.91626e-15,5.0015e-06,6.94307e-12
0,0.00019954,8.34345e-05,3283.12,3.3376e-06,1.91626e-15,-3.3376e-06,-4.63326e-12
0,9.9697e-05,8.8995e-05,-4919.77,-5.00141e-06,1.91626e-15,5.00141e-06,6.94296e-12
0,9.97119e-05,8.92579e-05,-4920.36,-5.00201e-06,1.91626e-15,5.00201e-06,6.94378e-12
0,0.000199565,8.38871e-05,3282.79,3.33726e-06,1.91626e-15,-3.33726e-06,-4.63278e-12
0,9.97284e-05,8.95597e-05,-4920.98,-5.00265e-06,1.91626e-15,5.00265e-06,6.94467e-12
0,0.000199589,8.43397e-05,3282.41,3.33688e-06,1.91626e-15,-3.33688e-06,-4.63225e-12
0,9.97443e-05,8.98615e-05,-4921.56,-5.00323e-06,1.91626e-15,5.00323e-06,6.94548e-12
0,0.000199612,8.47924e-05,3281.99,3.33645e-06,1.91626e-15,-3.33645e-06,-4.63165e-12
0,9.97598e-05,9.01633e-05,-4922.09,-5.00377e-06,1.91626e-15,5.00377e-06,6.94623e-12
0,0.000199635,8.52452e-05,3281.53,3.33598e-06,1.91626e-15,-3.33598e-06,-4.63101e-12
0,9.97746e-05,9.04653e-05,-4922.57,-5.00426e-06,1.91626e-15,5.00426e-06,6.94691e-12
0,0.000199658,8.56982e-05,3281.04,3.33549e-06,1.91626e-15,-3.33549e-06,-4.63032e-12
0,9.9789e-05,9.07673e-05,-4923.02,-5.00471e-06,1.91626e-15,5.00471e-06,6.94753e-12
0,0.00019968,8.61512e-05,3280.52,3.33496e-06,1.91626e-15,-3.33496e-06,-4.62959e-12
0,9.98028e-05,9.10694e-05,-4923.42,-5.00512e-06,1.91626e-15,5.00512e-06,6.9481e-12
0,0.000199697,8.65206e-05,3280.09,3.33452e-06,1.91626e-15,-3.33452e-06,-4.62898e-12
0,0.000199701,8.66043e-05,3280.19,3.33462e-06,1.91626e-15,-3.33462e-06,-4.62912e-12
0,9.98162e-05,9.13716e-05,-4923.79,-5.00549e-06,1.91626e-15,5.00549e-06,6.94862e-12
0,0.000199722,8.70575e-05,3280.71,3.33515e-06,1.91626e-15,-3.33515e-06,-4.62985e-12
0,9.9829e-05,9.16738e-05,-4924.12,-5.00583e-06,1.91626e-15,5.00583e-06,6.94909e-12
0,0.000199741,8.75108e-05,3281.18,3.33563e-06,1.91626e-15,-3.33563e-06,-4.63051e-12
0,9.98414e-05,9.19761e-05,-4924.42,-5.00614e-06,1.91626e-15,5.00614e-06,6.94952e-12
0,0.00019976,8.79642e-05,3281.6,3.33605e-06,1.91626e-15,-3.33605e-06,-4.63111e-12
0,9.98532e-05,9.22784e-05,-4924.69,-5.00641e-06,1.91626e-15,5.00641e-06,6.9499e-12
0,0.000199778,8.84177e-05,3281.97,3.33644e-06,1.91626e-15,-3.33644e-06,-4.63164e-12
0,9.98646e-05,9.25808e-05,-4924.93,-5.00666e-06,1.91626e-15,5.00666e-06,6.95024e-12
0,0.000199796,8.88712e-05,3282.31,3.33678e-06,1.91626e-15,-3.33678e-06,-4.63211e-12
0,9.98755e-05,9.28832e-05,-4925.15,-5.00688e-06,1.91626e-15,5.00688e-06,6.95055e-12
0,0.000199812,8.93249e-05,3282.61,3.33708e-06,1.91626e-15,-3.33708e-06,-4.63253e-12
0,9.98859e-05,9.31857e-05,-4925.35,-5.00708e-06,1.91626e-15,5.00708e-06,6.95082e-12
0,0.000199828,8.97786e-05,3282.87,3.33735e-06,1.91626e-15,-3.33735e-06,-4.6329e-12
0,9.98959e-05,9.34882e-05,-4925.52,-5.00726e-06,1.91626e-15,5.00726e-06,6.95107e-12
0,0.000199843,9.02324e-05,3283.1,3.33759e-06,1.91626e-15,-3.33759e-06,-4.63323e-12
0,9.99054e-05,9.37908e-05,-4925.67,-5.00741e-06,1.91626e-15,5.00741e-06,6.95128e-12
0,0.000199858,9.06862e-05,3283.31,3.33779e-06,1.91626e-15,-3.33779e-06,-4.63352e-12
0,9.99144e-05,9.40934e-05,-4925.8,-5.00754e-06,1.91626e-15,5.00754e-06,6.95147e-12
0,0.000199871,9.11402e-05,3283.48,3.33797e-06,1.91626e-15,-3.33797e-06,-4.63377e-12
0,9.9923e-05,9.43961e-05,-4925.92,-5.00766e-06,1.91626e-15,5.00766e-06,6.95163e-12
0,0.000199884,9.15942e-05,3283.64,3.33813e-06,1.91626e-15,-3.33813e-06,-4.63398e-12
0,9.99311e-05,9.46988e-05,-4926.02,-5.00777e-06,1.91626e-15,5.00777e-06,6.95178e-12
0,0.000199896,9.20482e-05,3283.77,3.33826e-06,1.91626e-15,-3.33826e-06,-4.63417e-12
0,9.99388e-05,9.50015e-05,-4926.11,-5.00786e-06,1.91626e-15,5.00786e-06,6.9519e-12
0,0.000199908,9.25023e-05,3283.88,3.33837e-06,1.91626e-15,-3.33837e-06,-4.63432e-12
0,9.9946e-05,9.53043e-05,-4926.18,-5.00793e-06,1.91626e-15,5.00793e-06,6.952e-12
0,0.000199919,9.29565e-05,3283.97,3.33847e-06,1.91626e-15,-3.33847e-06,-4.63446e-12
0,9.99527e-05,9.56071e-05,-4926.25,-5.008e-06,1.91626e-15,5.008e-06,6.9521e-12
0,0.000199929,9.34107e-05,3284.05,3.33855e-06,1.91626e-15,-3.33855e-06,-4.63457e-12
0,9.9959e-05,9.59099e-05,-4926.3,-5.00805e-06,1.91626e-15,5.00805e-06,6.95217e-12
0,0.000199938,9.38649e-05,3284.11,3.33861e-06,1.91626e-15,-3.33861e-06,-4.63466e-12
0,9.99649e-05,9.62128e-05,-4926.35,-5.0081e-06,1.91626e-15,5.0081e-06,6.95224e-12
0,0.000199947,9.43192e-05,3284.17,3.33867e-06,1.91626e-15,-3.33867e-06,-4.63473e-12
0,9.99703e-05,9.65157e-05,-4926.39,-5.00814e-06,1.91626e-15,5.00814e-06,6.95229e-12
0,0.000199955,9.47735e-05,3284.21,3.33871e-06,1.91626e-15,-3.33871e-06,-4.63479e-12
0,9.99752e-05,9.68186e-05,-4926.42,-5.00817e-06,1.91626e-15,5.00817e-06,6.95233e-12
0,0.000199963,9.52279e-05,3284.24,3.33875e-06,1.91626e-15,-3.33875e-06,-4.63484e-12
0,9.99797e-05,9.71215e-05,-4926.44,-5.00819e-06,1.91626e-15,5.00819e-06,6.95237e-12
0,0.00019997,9.56823e-05,3284.27,3.33877e-06,1.91626e-15,-3.33877e-06,-4.63488e-12
0,9.99838e-05,9.74245e-05,-4926.46,-5.00822e-06,1.91626e-15,5.00822e-06,6.9524e-12
0,0.000199976,9.61367e-05,3284.29,3.33879e-06,1.91626e-15,-3.33879e-06,-4.63491e-12
0,9.99874e-05,9.77274e-05,-4926.48,-5.00823e-06,1.91626e-15,5.00823e-06,6.95242e-12
0,0.000199981,9.65911e-05,3284.31,3.33881e-06,1.91626e-15,-3.33881e-06,-4.63493e-12
0,9.99905e-05,9.80304e-05,-4926.49,-5.00825e-06,1.91626e-15,5.00825e-06,6.95244e-12
0,0.000199986,9.70456e-05,3284.32,3.33882e-06,1.91626e-15,-3.33882e-06,-4.63495e-12
0,9.99932e-05,9.83334e-05,-4926.5,-5.00826e-06,1.91626e-15,5.00826e-06,6.95245e-12
0,0.00019999,9.75001e-05,3284.33,3.33883e-06,1.91626e-15,-3.33883e-06,-4.63496e-12
0,9.99954e-05,9.86364e-05,-4926.51,-5.00826e-06,1.91626e-15,5.00826e-06,6.95246e-12
0,0.000199993,9.79546e-05,3284.33,3.33883e-06,1.91626e-15,-3.33883e-06,-4.63496e-12
0,9.99972e-05,9.89394e-05,-4926.52,-5.00827e-06,1.91626e-15,5.00827e-06,6.95247e-12
0,0.000199996,9.84091e-05,3284.33,3.33884e-06,1.91626e-15,-3.33884e-06,-4.63497e-12
0,9.99986e-05,9.92424e-05,-4926.52,-5.00827e-06,1.91626e-15,5.00827e-06,6.95248e-12
0,0.000199998,9.88636e-05,3284.34,3.33884e-06,1.91626e-15,-3.33884e-06,-4.63497e-12
0,9.99995e-05,9.95455e-05,-4926.52,-5.00828e-06,1.91626e-15,5.00828e-06,6.95248e-12
0,0.000199999,9.93182e-05,3284.34,3.33884e-06,1.91626e-15,-3.33884e-06,-4.63497e-12
0,9.99999e-05,9.98485e-05,-4926.52,-5.00828e-06,1.91626e-15,5.00828e-06,6.95248e-12
0,0.0002,9.97727e-05,3284.34,3.33884e-06,1.91626e-15,-3.33884e-06,-4.63498e-12
0,9.99999e-05,0.000100152,-4926.52,-5.00828e-06,1.91626e-15,5.00828e-06,6.95248e-12
0,0.0002,0.000100227,3284.34,3.33884e-06,1.91626e-15,-3.33884e-06,-4.63498e-12
0,9.99995e-05,0.000100455,-4926.52,-5.00828e-06,1.91626e-15,5.00828e-06,6.95248e-12
0,0.000199999,0.000100682,3284.34,3.33884e-06,1.91626e-15,-3.33884e-06,-4.63497e-12
0,9.99986e-05,0.000100758,-4926.52,-5.00827e-06,1.91626e-15,5.00827e-06,6.95248e-12
0,0.000199998,0.000101136,3284.34,3.33884e-06,1.91626e-15,-3.33884e-06,-4.63497e-12
0,9.99972e-05,0.000101061,-4926.52,-5.00827e-06,1.91626e-15,5.00827e-06,6.95247e-12
0,0.000199996,0.000101591,3284.33,3.33884e-06,1.91626e-15,-3.33884e-06,-4.63497e-12
0,9.99954e-05,0.000101364,-4926.51,-5.00826e-06,1.91626e-15,5.00826e-06,6.95246e-12
0,0.000199993,0.000102045,3284.33,3.33883e-06,1.91626e-15,-3.33883e-06,-4.63496e-12
0,9.99932e-05,0.000101667,-4926.5,-5.00826e-06,1.91626e-15,5.00826e-06,6.95245e-12
0,0.00019999,0.0001025,3284.33,3.33883e-06,1.91626e-15,-3.33883e-06,-4.63496e-12
0,9.99905e-05,0.00010197,-4926.49,-5.00825e-06,1.91626e-15,5.00825e-06,6.95244e-12
0,0.000199986,0.000102954,3284.32,3.33882e-06,1.91626e-15,-3.33882e-06,-4.63495e-12
0,9.99874e-05,0.000102273,-4926.48,-5.00823e-06,1.91626e-15,5.00823e-06,6.95242e-12
0,0.000199981,0.000103409,3284.31,3.33881e-06,1.91626e-15,-3.33881e-06,-4.63493e-12
0,9.99838e-05,0.000102576,-4926.46,-5.00822e-06,1.91626e-15,5.00822e-06,6.9524e-12
0,0.000199976,0.000103863,3284.29,3.33879e-06,1.91626e-15,-3.33879e-06,-4.63491e-12
0,9.99797e-05,0.000102878,-4926.44,-5.00819e-06,1.91626e-15,5.00819e-06,6.95237e-12
0,0.00019997,0.000104318,3284.27,3.33877e-06,1.91626e-15,-3.33877e-06,-4.63488e-12
0,9.99752e-05,0.000103181,-4926.42,-5.00817e-06,1.91626e-15,5.00817e-06,6.95233e-12
0,0.000199963,0.000104772,3284.24,3.33875e-06,1.91626e-15,-3.33875e-06,-4.63484e-12
0,9.99703e-05,0.000103484,-4926.39,-5.00814e-06,1.91626e-15,5.00814e-06,6.95229e-12
0,0.000199955,0.000105226,3284.21,3.33871e-06,1.91626e-15,-3.33871e-06,-4.63479e-12
0,9.99649e-05,0.000103787,-4926.35,-5.0081e-06,1.91626e-15,5.0081e-06,6.95224e-12
0,0.000199947,0.000105681,3284.17,3.33867e-06,1.91626e-15,-3.33867e-06,-4.63473e-12
0,9.9959e-05,0.00010409,-4926.3,-5.00805e-06,1.91626e-15,5.00805e-06,6.95217e-12
0,0.000199938,0.000106135,3284.11,3.33861e-06,1.91626e-15,-3.33861e-06,-4.63466e-12
0,9.99527e-05,0.000104393,-4926.25,-5.008e-06,1.91626e-15,5.008e-06,6.9521e-12
0,0.000199929,0.000106589,3284.05,3.33855e-06,1.91626e-15,-3.33855e-06,-4.63457e-12
0,9.9946e-05,0.000104696,-4926.18,-5.00793e-06,1.91626e-15,5.00793e-06,6.952e-12
0,0.000199919,0.000107044,3283.97,3.33847e-06,1.91626e-15,-3.33847e-06,-4.63446e-12
0,9.99388e-05,0.000104998,-4926.11,-5.00786e-06,1.91626e-15,5.00786e-06,6.9519e-12
0,0.000199908,0.000107498,3283.88,3.33837e-06,1.91626e-15,-3.33837e-06,-4.63432e-12
0,9.99311e-05,0.000105301,-4926.02,-5.00777e-06,1.91626e-15,5.00777e-06,6.95178e-12
0,0.000199896,0.000107952,3283.77,3.33826e-06,1.91626e-15,-3.33826e-06,-4.63417e-12
0,9.9923e-05,0.000105604,-4925.92,-5.00766e-06,1.91626e-15,5.00766e-06,6.95163e-12
0,0.000199884,0.000108406,3283.64,3.33813e-06,1.91626e-15,-3.33813e-06,-4.63398e-12
0,9.99144e-05,0.000105907,-4925.8,-5.00754e-06,1.91626e-15,5.00754e-06,6.95147e-12
0,0.000199871,0.00010886,3283.48,3.33797e-06,1.91626e-15,-3.33797e-06,-4.63377e-12
0,9.99054e-05,0.000106209,-4925.67,-5.00741e-06,1.91626e-15,5.00741e-06,6.95128e-12
0,0.000199858,0.000109314,3283.31,3.33779e-06,1.91626e-15,-3.33779e-06,-4.63352e-12
0,9.98959e-05,0.000106512,-4925.52,-5.00726e-06,1.91626e-15,5.00726e-06,6.95107e-12
0,0.000199843,0.000109768,3283.1,3.33759e-06,1.91626e-15,-3.33759e-06,-4.63323e-12
0,9.98859e-05,0.000106814,-4925.35,-5.00708e-06,1.91626e-15,5.00708e-06,6.95082e-12
0,0.000199828,0.000110221,3282.87,3.33735e-06,1.91626e-15,-3.33735e-06,-4.6329e-12
0,9.98755e-05,0.000107117,-4925.15,-5.00688e-06,1.91626e-15,5.00688e-06,6.95055e-12
0,0.000199812,0.000110675,3282.61,3.33708e-06,1.91626e-15,-3.33708e-06,-4.63253e-12
0,9.98646e-05,0.000107419,-4924.93,-5.00666e-06,1.91626e-15,5.00666e-06,6.95024e-12
0,0.000199796,0.000111129,3282.31,3.33678e-06,1.91626e-15,-3.33678e-06,-4.63211e-12
0,9.98532e-05,0.000107722,-4924.69,-5.00641e-06,1.91626e-15,5.00641e-06,6.9499e-12
0,0.000199778,0.000111582,3281.97,3.33644e-06,1.91626e-15,-3.33644e-06,-4.63164e-12
0,9.98414e-05,0.000108024,-4924.42,-5.00614e-06,1.91626e-15,5.00614e-06,6.94952e-12
0,0.00019976,0.000112036,3281.6,3.33605e-06,1.91626e-15,-3.33605e-06,-4.63111e-12
0,9.9829e-05,0.000108326,-4924.12,-5.00583e-06,1.91626e-15,5.00583e-06,6.94909e-12
0,0.000199741,0.000112489,3281.18,3.33563e-06,1.91626e-15,-3.33563e-06,-4.63051e-12
0,9.98162e-05,0.000108628,-4923.79,-5.00549e-06,1.91626e-15,5.00549e-06,6.94862e-12
0,0.000199722,0.000112943,3280.71,3.33515e-06,1.91626e-15,-3.33515e-06,-4.62985e-12
0,9.98028e-05,0.000108931,-4923.42,-5.00512e-06,1.91626e-15,5.00512e-06,6.9481e-12
0,0.000199701,0.000113396,3280.19,3.33462e-06,1.91626e-15,-3.33462e-06,-4.62912e-12
0,9.9789e-05,0.000109233,-4923.02,-5.00471e-06,1.91626e-15,5.00471e-06,6.94753e-12
0,0.000199697,0.000113479,3280.09,3.33452e-06,1.91626e-15,-3.33452e-06,-4.62898e-12
0,0.00019968,0.000113849,3280.52,3.33496e-06,1.91626e-15,-3.33496e-06,-4.62959e-12
0,9.97746e-05,0.000109535,-4922.57,-5.00426e-06,1.91626e-15,5.00426e-06,6.94691e-12
0,0.000199658,0.000114302,3281.04,3.33549e-06,1.91626e-15,-3.33549e-06,-4.63032e-12
0,9.97598e-05,0.000109837,-4922.09,-5.00377e-06,1.91626e-15,5.00377e-06,6.94623e-12
0,0.000199635,0.000114755,3281.53,3.33598e-06,1.91626e-15,-3.33598e-06,-4.63101e-12
0,9.97443e-05,0.000110139,-4921.56,-5.00323e-06,1.91626e-15,5.00323e-06,6.94548e-12
0,0.000199612,0.000115208,3281.99,3.33645e-06,1.91626e-15,-3.33645e-06,-4.63165e-12
0,9.97284e-05,0.00011044,-4920.98,-5.00265e-06,1.91626e-15,5.00265e-06,6.94467e-12
0,0.000199589,0.00011566,3282.41,3.33688e-06,1.91626e-15,-3.33688e-06,-4.63225e-12
0,9.97119e-05,0.000110742,-4920.36,-5.00201e-06,1.91626e-15,5.00201e-06,6.94378e-12
0,0.000199565,0.000116113,3282.79,3.33726e-06,1.91626e-15,-3.33726e-06,-4.63278e-12
0,9.96948e-05,0.000111044,-4919.85,-5.0015e-06,1.91626e-15,5.0015e-06,6.94307e-12
0,9.9697e-05,0.000111005,-4919.77,-5.00141e-06,1.91626e-15,5.00141e-06,6.94296e-12
0,0.00019954,0.000116565,3283.12,3.3376e-06,1.91626e-15,-3.3376e-06,-4.63326e-12
0,9.96772e-05,0.000111345,-4920.5,-5.00215e-06,1.91626e-15,5.00215e-06,6.94398e-12
0,0.000199515,0.000117018,3283.41,3.3379e-06,1.91626e-15,-3.3379e-06,-4.63367e-12
0,9.96593e-05,0.000111647,-4921.12,-5.00278e-06,1.91626e-15,5.00278e-06,6.94486e-12
0,0.000199489,0.00011747,3283.65,3.33814e-06,1.91626e-15,-3.33814e-06,-4.634e-12
0,9.96411e-05,0.000111948,-4921.71,-5.00338e-06,1.91626e-15,5.00338e-06,6.94569e-12
0,0.000199463,0.000117922,3283.82,3.33832e-06,1.91626e-15,-3.33832e-06,-4.63425e-12
0,9.96225e-05,0.00011225,-4922.27,-5.00395e-06,1.91626e-15,5.00395e-06,6.94648e-12
0,0.000199436,0.000118374,3283.94,3.33844e-06,1.91626e-15,-3.33844e-06,-4.63441e-12
0,9.96036e-05,0.000112551,-4922.79,-5.00448e-06,1.91626e-15,5.00448e-06,6.94722e-12
0,0.000199408,0.000118826,3283.99,3.33849e-06,1.91626e-15,-3.33849e-06,-4.63448e-12
0,9.95843e-05,0.000112852,-4923.28,-5.00498e-06,1.91626e-15,5.00498e-06,6.9479e-12
0,0.00019938,0.000119278,3283.97,3.33847e-06,1.91626e-15,-3.33847e-06,-4.63445e-12
0,9.95646e-05,0.000113153,-4923.72,-5.00543e-06,1.91626e-15,5.00543e-06,6.94853e-12
0,0.000199351,0.00011973,3283.87,3.33837e-06,1.91626e-15,-3.33837e-06,-4.63432e-12
0,9.95446e-05,0.000113454,-4924.12,-5.00583e-06,1.91626e-15,5.00583e-06,6.94909e-12
0,0.000199322,0.000120182,3283.69,3.33818e-06,1.91626e-15,-3.33818e-06,-4.63406e-12
0,9.95242e-05,0.000113755,-4924.46,-5.00618e-06,1.91626e-15,5.00618e-06,6.94958e-12
0,0.000199292,0.000120633,3283.43,3.33791e-06,1.91626e-15,-3.33791e-06,-4.63369e-12
0,9.95035e-05,0.000114056,-4924.76,-5.00648e-06,1.91626e-15,5.00648e-06,6.95e-12
0,0.00019926,0.000121084,3283.07,3.33755e-06,1.91626e-15,-3.33755e-06,-4.63318e-12
0,9.94823e-05,0.000114357,-4925,-5.00673e-06,1.91626e-15,5.00673e-06,6.95033e-12
0,0.000199228,0.000121535,3282.61,3.33709e-06,1.91626e-15,-3.33709e-06,-4.63254e-12
0,9.94608e-05,0.000114657,-4925.18,-5.00691e-06,1.91626e-15,5.00691e-06,6.95059e-12
0,0.000199196,0.000121986,3282.05,3.33652e-06,1.91626e-15,-3.33652e-06,-4.63175e-12
0,9.94389e-05,0.000114958,-4925.3,-5.00703e-06,1.91626e-15,5.00703e-06,6.95075e-12
0,0.000199162,0.000122437,3281.38,3.33584e-06,1.91626e-15,-3.33584e-06,-4.63081e-12
0,9.94166e-05,0.000115258,-4925.35,-5.00708e-06,1.91626e-15,5.00708e-06,6.95082e-12
0,0.000199127,0.000122888,3280.6,3.33504e-06,1.91626e-15,-3.33504e-06,-4.6297e-12
0,9.93939e-05,0.000115559,-4925.33,-5.00706e-06,1.91626e-15,5.00706e-06,6.95079e-12
0,0.000199091,0.000123337,3279.69,3.33412e-06,1.91626e-15,-3.33412e-06,-4.62842e-12
0,0.000199091,0.000123338,3279.69,3.33412e-06,1.91626e-15,-3.33412e-06,-4.62842e-12
0,9.93707e-05,0.000115859,-4925.23,-5.00696e-06,1.91626e-15,5.00696e-06,6.95066e-12
0,0.000199054,0.000123788,3280.59,3.33503e-06,1.91626e-15,-3.33503e-06,-4.62968e-12
0,9.93471e-05,0.000116159,-4925.05,-5.00678e-06,1.91626e-15,5.00678e-06,6.95041e-12
0,0.000199017,0.000124239,3281.38,3.33583e-06,1.91626e-15,-3.33583e-06,-4.6308e-12
0,9.9323e-05,0.000116459,-4924.8,-5.00652e-06,1.91626e-15,5.00652e-06,6.95005e-12
0,0.00019898,0.000124689,3282.06,3.33653e-06,1.91626e-15,-3.33653e-06,-4.63177e-12
0,9.92984e-05,0.000116759,-4924.45,-5.00617e-06,1.91626e-15,5.00617e-06,6.94956e-12
0,0.000198943,0.000125138,3282.63,3.33711e-06,1.91626e-15,-3.33711e-06,-4.63257e-12
0,9.92733e-05,0.000117059,-4924.01,-5.00572e-06,1.91626e-15,5.00572e-06,6.94894e-12
0,0.000198905,0.000125588,3283.08,3.33756e-06,1.91626e-15,-3.33756e-06,-4.6332e-12
0,9.92476e-05,0.000117359,-4923.48,-5.00518e-06,1.91626e-15,5.00518e-06,6.94819e-12
0,0.000198866,0.000126038,3283.4,3.33788e-06,1.91626e-15,-3.33788e-06,-4.63365e-12
0,9.92214e-05,0.000117658,-4922.84,-5.00454e-06,1.91626e-15,5.00454e-06,6.94729e-12
0,0.000198828,0.000126487,3283.58,3.33807e-06,1.91626e-15,-3.33807e-06,-4.63391e-12
0,9.91945e-05,0.000117958,-4922.1,-5.00378e-06,1.91626e-15,5.00378e-06,6.94625e-12
0,0.000198788,0.000126936,3283.63,3.33812e-06,1.91626e-15,-3.33812e-06,-4.63397e-12
0,9.9167e-05,0.000118257,-4921.25,-5.00292e-06,1.91626e-15,5.00292e-06,6.94505e-12
0,0.000198748,0.000127385,3283.52,3.33801e-06,1.91626e-15,-3.33801e-06,-4.63383e-12
0,9.91388e-05,0.000118556,-4920.29,-5.00194e-06,1.91626e-15,5.00194e-06,6.94368e-12
0,0.000198708,0.000127834,3283.27,3.33775e-06,1.91626e-15,-3.33775e-06,-4.63346e-12
0,9.91099e-05,0.000118855,-4919.2,-5.00083e-06,1.91626e-15,5.00083e-06,6.94215e-12
0,0.000198666,0.000128283,3282.85,3.33733e-06,1.91626e-15,-3.33733e-06,-4.63287e-12
0,9.90803e-05,0.000119154,-4918.83,-5.00046e-06,1.91626e-15,5.00046e-06,6.94163e-12
0,9.90909e-05,0.000119047,-4918.44,-5.00006e-06,1.91626e-15,5.00006e-06,6.94108e-12
0,0.000198623,0.000128731,3282.26,3.33673e-06,1.91626e-15,-3.33673e-06,-4.63204e-12
0,9.90504e-05,0.000119453,-4919.9,-5.00154e-06,1.91626e-15,5.00154e-06,6.94313e-12
0,0.00019858,0.000129179,3281.49,3.33595e-06,1.91626e-15,-3.33595e-06,-4.63096e-12
0,9.90204e-05,0.000119751,-4920.85,-5.00251e-06,1.91626e-15,5.00251e-06,6.94448e-12
0,0.000198535,0.000129627,3280.54,3.33498e-06,1.91626e-15,-3.33498e-06,-4.62961e-12
0,9.89901e-05,0.00012005,-4921.69,-5.00337e-06,1.91626e-15,5.00337e-06,6.94567e-12
0,0.000198489,0.000130075,3279.39,3.33381e-06,1.91626e-15,-3.33381e-06,-4.62799e-12
0,9.89597e-05,0.000120348,-4922.42,-5.0041e-06,1.91626e-15,5.0041e-06,6.94669e-12
0,0.000198485,0.000130113,3279.29,3.33371e-06,1.91626e-15,-3.33371e-06,-4.62785e-12
0,0.000198442,0.000130522,3280.33,3.33476e-06,1.91626e-15,-3.33476e-06,-4.62931e-12
0,9.89291e-05,0.000120646,-4923.02,-5.00472e-06,1.91626e-15,5.00472e-06,6.94754e-12
0,0.000198395,0.00013097,3281.29,3.33575e-06,1.91626e-15,-3.33575e-06,-4.63068e-12
0,9.88983e-05,0.000120945,-4923.5,-5.0052e-06,1.91626e-15,5.0052e-06,6.94822e-12
0,0.000198348,0.000131417,3282.08,3.33654e-06,1.91626e-15,-3.33654e-06,-4.63179e-12
0,9.88671e-05,0.000121243,-4923.84,-5.00555e-06,1.91626e-15,5.00555e-06,6.9487e-12
0,0.000198301,0.000131864,3282.67,3.33714e-06,1.91626e-15,-3.33714e-06,-4.63262e-12
0,9.88356e-05,0.000121541,-4924.05,-5.00576e-06,1.91626e-15,5.00576e-06,6.949e-12
0,0.000198254,0.000132311,3283.06,3.33754e-06,1.91626e-15,-3.33754e-06,-4.63317e-12
0,9.88038e-05,0.000121838,-4924.12,-5.00583e-06,1.91626e-15,5.00583e-06,6.94909e-12
0,0.000198206,0.000132757,3283.24,3.33773e-06,1.91626e-15,-3.33773e-06,-4.63343e-12
0,9.87716e-05,0.000122136,-4924.04,-5.00575e-06,1.91626e-15,5.00575e-06,6.94898e-12
0,0.000198157,0.000133204,3283.21,3.33769e-06,1.91626e-15,-3.33769e-06,-4.63338e-12
0,9.87389e-05,0.000122433,-4923.8,-5.00551e-06,1.91626e-15,5.00551e-06,6.94865e-12
0,0.000198108,0.00013365,3282.95,3.33743e-06,1.91626e-15,-3.33743e-06,-4.63301e-12
0,9.87057e-05,0.000122731,-4923.41,-5.00512e-06,1.91626e-15,5.00512e-06,6.9481e-12
0,0.000198058,0.000134096,3282.45,3.33692e-06,1.91626e-15,-3.33692e-06,-4.63231e-12
0,9.8672e-05,0.000123028,-4922.86,-5.00455e-06,1.91626e-15,5.00455e-06,6.94731e-12
0,0.000198007,0.000134542,3281.71,3.33617e-06,1.91626e-15,-3.33617e-06,-4.63127e-12
0,9.86376e-05,0.000123325,-4922.13,-5.00381e-06,1.91626e-15,5.00381e-06,6.94629e-12
0,0.000197955,0.000134987,3280.72,3.33516e-06,1.91626e-15,-3.33516e-06,-4.62986e-12
0,9.86026e-05,0.000123622,-4921.23,-5.0029e-06,1.91626e-15,5.0029e-06,6.94501e-12
0,0.000197901,0.000135432,3279.45,3.33387e-06,1.91626e-15,-3.33387e-06,-4.62808e-12
0,9.85668e-05,0.000123918,-4920.14,-5.00179e-06,1.91626e-15,5.00179e-06,6.94348e-12
0,0.000197879,0.000135612,3278.88,3.3333e-06,1.91626e-15,-3.3333e-06,-4.62728e-12
0,0.000197846,0.000135877,3279.67,3.3341e-06,1.91626e-15,-3.3341e-06,-4.62839e-12
0,9.85302e-05,0.000124215,-4918.86,-5.00049e-06,1.91626e-15,5.00049e-06,6.94167e-12
0,0.000197791,0.000136321,3280.84,3.33529e-06,1.91626e-15,-3.33529e-06,-4.63004e-12
0,9.84927e-05,0.000124511,-4917.38,-4.99899e-06,1.91626e-15,4.99899e-06,6.93959e-12
0,0.000197736,0.000136766,3281.76,3.33622e-06,1.91626e-15,-3.33622e-06,-4.63133e-12
0,9.84545e-05,0.000124807,-4918.19,-4.9998e-06,1.91626e-15,4.9998e-06,6.94072e-12
0,9.84848e-05,0.000124571,-4917.07,-4.99867e-06,1.91626e-15,4.99867e-06,6.93914e-12
0,0.000197681,0.00013721,3282.4,3.33687e-06,1.91626e-15,-3.33687e-06,-4.63225e-12
0,9.84164e-05,0.000125103,-4919.45,-5.00109e-06,1.91626e-15,5.00109e-06,6.9425e-12
0,0.000197626,0.000137654,3282.78,3.33725e-06,1.91626e-15,-3.33725e-06,-4.63277e-12
0,9.83783e-05,0.000125398,-4920.52,-5.00218e-06,1.91626e-15,5.00218e-06,6.94402e-12
0,0.000197571,0.000138098,3282.86,3.33734e-06,1.91626e-15,-3.33734e-06,-4.63289e-12
0,9.83402e-05,0.000125694,-4921.4,-5.00307e-06,1.91626e-15,5.00307e-06,6.94525e-12
0,0.000197515,0.000138542,3282.65,3.33713e-06,1.91626e-15,-3.33713e-06,-4.63259e-12
0,9.8302e-05,0.00012599,-4922.08,-5.00376e-06,1.91626e-15,5.00376e-06,6.94621e-12
0,0.000197458,0.000138985,3282.14,3.3366e-06,1.91626e-15,-3.3366e-06,-4.63187e-12
0,9.82636e-05,0.000126285,-4922.55,-5.00424e-06,1.91626e-15,5.00424e-06,6.94687e-12
0,0.0001974,0.000139428,3281.3,3.33575e-06,1.91626e-15,-3.33575e-06,-4.63069e-12
0,9.8225e-05,0.00012658,-4922.81,-5.0045e-06,1.91626e-15,5.0045e-06,6.94724e-12
0,0.000197341,0.000139871,3280.13,3.33456e-06,1.91626e-15,-3.33456e-06,-4.62903e-12
0,9.8186e-05,0.000126875,-4922.85,-5.00454e-06,1.91626e-15,5.00454e-06,6.9473e-12
0,0.000197279,0.000140313,3278.61,3.33301e-06,1.91626e-15,-3.33301e-06,-4.62688e-12
0,9.81466e-05,0.00012717,-4922.66,-5.00435e-06,1.91626e-15,5.00435e-06,6.94704e-12
0,0.000197273,0.00014036,3278.43,3.33284e-06,1.91626e-15,-3.33284e-06,-4.62664e-12
0,0.000197217,0.000140755,3279.76,3.33418e-06,1.91626e-15,-3.33418e-06,-4.62851e-12
0,9.81068e-05,0.000127465,-4922.25,-5.00393e-06,1.91626e-15,5.00393e-06,6.94645e-12
0,0.000197155,0.000141197,3280.95,3.33539e-06,1.91626e-15,-3.33539e-06,-4.63019e-12
0,9.80663e-05,0.000127759,-4921.59,-5.00326e-06,1.91626e-15,5.00326e-06,6.94552e-12
0,0.000197094,0.000141638,3281.8,3.33626e-06,1.91626e-15,-3.33626e-06,-4.63139e-12
0,9.80252e-05,0.000128054,-4920.69,-5.00235e-06,1.91626e-15,5.00235e-06,6.94425e-12
0,0.000197033,0.00014208,3282.31,3.33678e-06,1.91626e-15,-3.33678e-06,-4.63212e-12
0,9.79832e-05,0.000128348,-4919.53,-5.00117e-06,1.91626e-15,5.00117e-06,6.94261e-12
0,0.000196971,0.000142521,3282.47,3.33694e-06,1.91626e-15,-3.33694e-06,-4.63233e-12
0,9.79404e-05,0.000128641,-4918.1,-4.99972e-06,1.91626e-15,4.99972e-06,6.9406e-12
0,0.000196909,0.000142962,3282.25,3.33672e-06,1.91626e-15,-3.33672e-06,-4.63203e-12
0,9.78965e-05,0.000128935,-4916.4,-4.99799e-06,1.91626e-15,4.99799e-06,6.9382e-12
0,0.000196846,0.000143402,3281.66,3.33612e-06,1.91626e-15,-3.33612e-06,-4.63119e-12
0,9.78518e-05,0.000129228,-4916.68,-4.99827e-06,1.91626e-15,4.99827e-06,6.93859e-12
0,9.78788e-05,0.000129051,-4915.67,-4.99725e-06,1.91626e-15,4.99725e-06,6.93717e-12
0,0.000196782,0.000143843,3280.67,3.33511e-06,1.91626e-15,-3.33511e-06,-4.62979e-12
0,9.78072e-05,0.000129521,-4918.18,-4.99979e-06,1.91626e-15,4.99979e-06,6.94071e-12
0,0.000196715,0.000144283,3279.25,3.33367e-06,1.91626e-15,-3.33367e-06,-4.6278e-12
0,9.77628e-05,0.000129814,-4919.41,-5.00105e-06,1.91626e-15,5.00105e-06,6.94245e-12
0,0.000196667,0.000144596,3278.01,3.3324e-06,1.91626e-15,-3.3324e-06,-4.62604e-12
0,0.000196647,0.000144722,3278.47,3.33287e-06,1.91626e-15,-3.33287e-06,-4.62669e-12
0,9.77185e-05,0.000130107,-4920.38,-5.00203e-06,1.91626e-15,5.00203e-06,6.94381e-12
0,0.000196579,0.000145161,3279.98,3.33441e-06,1.91626e-15,-3.33441e-06,-4.62882e-12
0,9.76742e-05,0.0001304,-4921.06,-5.00273e-06,1.91626e-15,5.00273e-06,6.94478e-12
0,0.000196512,0.0001456,3281.09,3.33553e-06,1.91626e-15,-3.33553e-06,-4.63038e-12
0,9.76298e-05,0.000130692,-4921.46,-5.00313e-06,1.91626e-15,5.00313e-06,6.94534e-12
0,0.000196445,0.000146039,3281.78,3.33624e-06,1.91626e-15,-3.33624e-06,-4.63137e-12
0,9.75851e-05,0.000130985,-4921.57,-5.00324e-06,1.91626e-15,5.00324e-06,6.94549e-12
0,0.000196378,0.000146477,3282.05,3.33652e-06,1.91626e-15,-3.33652e-06,-4.63175e-12
0,9.754e-05,0.000131277,-4921.37,-5.00304e-06,1.91626e-15,5.00304e-06,6.94521e-12
0,0.00019631,0.000146916,3281.89,3.33635e-06,1.91626e-15,-3.33635e-06,-4.63151e-12
0,9.74944e-05,0.000131569,-4920.86,-5.00252e-06,1.91626e-15,5.00252e-06,6.9445e-12
0,0.000196241,0.000147354,3281.26,3.33571e-06,1.91626e-15,-3.33571e-06,-4.63063e-12
0,9.74482e-05,0.000131861,-4920.04,-5.00169e-06,1.91626e-15,5.00169e-06,6.94334e-12
0,0.000196171,0.000147791,3280.16,3.3346e-06,1.91626e-15,-3.3346e-06,-4.62908e-12
0,9.74012e-05,0.000132152,-4918.89,-5.00052e-06,1.91626e-15,5.00052e-06,6.94171e-12
0,0.000196099,0.000148228,3278.56,3.33297e-06,1.91626e-15,-3.33297e-06,-4.62682e-12
0,9.73532e-05,0.000132444,-4917.39,-4.999e-06,1.91626e-15,4.999e-06,6.9396e-12
0,0.000196061,0.000148457,3277.56,3.33195e-06,1.91626e-15,-3.33195e-06,-4.62541e-12
0,0.000196025,0.000148665,3278.39,3.3328e-06,1.91626e-15,-3.3328e-06,-4.62658e-12
0,9.73041e-05,0.000132735,-4915.55,-4.99712e-06,1.91626e-15,4.99712e-06,6.93699e-12
0,0.000195952,0.000149101,3279.92,3.33435e-06,1.91626e-15,-3.33435e-06,-4.62873e-12
0,9.72538e-05,0.000133025,-4914.95,-4.99651e-06,1.91626e-15,4.99651e-06,6.93615e-12
0,9.72727e-05,0.000132916,-4914.24,-4.99579e-06,1.91626e-15,4.99579e-06,6.93514e-12
0,0.00019588,0.000149537,3280.97,3.33542e-06,1.91626e-15,-3.33542e-06,-4.63022e-12
0,9.72037e-05,0.000133315,-4916.7,-4.99829e-06,1.91626e-15,4.99829e-06,6.93862e-12
0,0.000195807,0.000149974,3281.54,3.33599e-06,1.91626e-15,-3.33599e-06,-4.63102e-12
0,9.71539e-05,0.000133606,-4918.11,-4.99972e-06,1.91626e-15,4.99972e-06,6.94061e-12
0,0.000195735,0.000150409,3281.6,3.33605e-06,1.91626e-15,-3.33605e-06,-4.6311e-12
0,9.71044e-05,0.000133896,-4919.17,-5.0008e-06,1.91626e-15,5.0008e-06,6.94211e-12
0,0.000195662,0.000150845,3281.13,3.33558e-06,1.91626e-15,-3.33558e-06,-4.63045e-12
0,9.70549e-05,0.000134186,-4919.88,-5.00152e-06,1.91626e-15,5.00152e-06,6.9431e-12
0,0.000195587,0.00015128,3280.13,3.33456e-06,1.91626e-15,-3.33456e-06,-4.62903e-12
0,9.70053e-05,0.000134476,-4920.22,-5.00186e-06,1.91626e-15,5.00186e-06,6.94358e-12
0,0.000195511,0.000151714,3278.54,3.33295e-06,1.91626e-15,-3.33295e-06,-4.62679e-12
0,9.69555e-05,0.000134766,-4920.18,-5.00183e-06,1.91626e-15,5.00183e-06,6.94353e-12
0,0.000195455,0.000152025,3277.08,3.33146e-06,1.91626e-15,-3.33146e-06,-4.62473e-12
0,0.000195432,0.000152148,3277.61,3.332e-06,1.91626e-15,-3.332e-06,-4.62548e-12
0,9.69053e-05,0.000135055,-4919.76,-5.00141e-06,1.91626e-15,5.00141e-06,6.94294e-12
0,0.000195354,0.000152582,3279.32,3.33374e-06,1.91626e-15,-3.33374e-06,-4.62789e-12
0,9.68544e-05,0.000135344,-4918.95,-5.00058e-06,1.91626e-15,5.00058e-06,6.9418e-12
0,0.000195276,0.000153015,3280.49,3.33493e-06,1.91626e-15,-3.33493e-06,-4.62955e-12
0,9.68026e-05,0.000135633,-4917.73,-4.99934e-06,1.91626e-15,4.99934e-06,6.94008e-12
0,0.000195199,0.000153449,3281.11,3.33555e-06,1.91626e-15,-3.33555e-06,-4.63041e-12
0,9.67499e-05,0.000135922,-4916.09,-4.99767e-06,1.91626e-15,4.99767e-06,6.93776e-12
0,0.000195122,0.000153882,3281.14,3.33559e-06,1.91626e-15,-3.33559e-06,-4.63046e-12
0,9.66959e-05,0.00013621,-4914.01,-4.99556e-06,1.91626e-15,4.99556e-06,6.93483e-12
0,0.000195044,0.000154315,3280.58,3.33502e-06,1.91626e-15,-3.33502e-06,-4.62966e-12
0,9.66406e-05,0.000136498,-4913.75,-4.99529e-06,1.91626e-15,4.99529e-06,6.93446e-12
0,9.66667e-05,0.000136362,-4912.77,-4.99429e-06,1.91626e-15,4.99429e-06,6.93307e-12
0,0.000194965,0.000154747,3279.38,3.3338e-06,1.91626e-15,-3.3338e-06,-4.62798e-12
0,9.65858e-05,0.000136785,-4915.64,-4.99721e-06,1.91626e-15,4.99721e-06,6.93712e-12
0,0.000194883,0.000155179,3277.52,3.3319e-06,1.91626e-15,-3.3319e-06,-4.62535e-12
0,9.65314e-05,0.000137073,-4917.1,-4.9987e-06,1.91626e-15,4.9987e-06,6.93919e-12
0,0.000194848,0.000155356,3276.6,3.33098e-06,1.91626e-15,-3.33098e-06,-4.62406e-12
0,0.000194799,0.00015561,3277.76,3.33216e-06,1.91626e-15,-3.33216e-06,-4.6257e-12
0,9.64773e-05,0.00013736,-4918.14,-4.99975e-06,1.91626e-15,4.99975e-06,6.94065e-12
0,0.000194717,0.000156041,3279.38,3.3338e-06,1.91626e-15,-3.3338e-06,-4.62798e-12
0,9.64234e-05,0.000137648,-4918.74,-5.00036e-06,1.91626e-15,5.00036e-06,6.9415e-12
0,0.000194635,0.000156472,3280.39,3.33482e-06,1.91626e-15,-3.33482e-06,-4.6294e-12
0,9.63693e-05,0.000137935,-4918.89,-5.00052e-06,1.91626e-15,5.00052e-06,6.94171e-12
0,0.000194554,0.000156902,3280.75,3.33519e-06,1.91626e-15,-3.33519e-06,-4.62991e-12
0,9.63148e-05,0.000138222,-4918.58,-5.0002e-06,1.91626e-15,5.0002e-06,6.94128e-12
0,0.000194472,0.000157333,3280.45,3.33489e-06,1.91626e-15,-3.33489e-06,-4.62948e-12
0,9.62598e-05,0.000138509,-4917.8,-4.99941e-06,1.91626e-15,4.99941e-06,6.94018e-12
0,0.000194389,0.000157763,3279.45,3.33387e-06,1.91626e-15,-3.33387e-06,-4.62808e-12
0,9.62039e-05,0.000138795,-4916.54,-4.99813e-06,1.91626e-15,4.99813e-06,6.93839e-12
0,0.000194304,0.000158192,3277.72,3.33211e-06,1.91626e-15,-3.33211e-06,-4.62564e-12
0,9.61469e-05,0.000139081,-4914.77,-4.99633e-06,1.91626e-15,4.99633e-06,6.9359e-12
0,0.000194242,0.000158492,3276.1,3.33046e-06,1.91626e-15,-3.33046e-06,-4.62334e-12
0,0.000194216,0.00015862,3276.72,3.33109e-06,1.91626e-15,-3.33109e-06,-4.62422e-12
0,9.60885e-05,0.000139366,-4912.47,-4.99399e-06,1.91626e-15,4.99399e-06,6.93266e-12
0,0.000194129,0.000159049,3278.59,3.333e-06,1.91626e-15,-3.333e-06,-4.62686e-12
0,9.60289e-05,0.000139651,-4912.47,-4.99399e-06,1.91626e-15,4.99399e-06,6.93265e-12
0,9.60606e-05,0.0001395,-4911.26,-4.99276e-06,1.91626e-15,4.99276e-06,6.93095e-12
0,0.000194043,0.000159477,3279.79,3.33421e-06,1.91626e-15,-3.33421e-06,-4.62855e-12
0,9.59698e-05,0.000139936,-4914.48,-4.99603e-06,1.91626e-15,4.99603e-06,6.93548e-12
0,0.000193958,0.000159905,3280.28,3.33471e-06,1.91626e-15,-3.33471e-06,-4.62925e-12
0,9.59113e-05,0.000140221,-4915.99,-4.99756e-06,1.91626e-15,4.99756e-06,6.93761e-12
0,0.000193872,0.000160333,3280.03,3.33446e-06,1.91626e-15,-3.33446e-06,-4.6289e-12
0,9.58533e-05,0.000140506,-4916.99,-4.99858e-06,1.91626e-15,4.99858e-06,6.93902e-12
0,0.000193785,0.00016076,3279.02,3.33343e-06,1.91626e-15,-3.33343e-06,-4.62746e-12
0,9.57953e-05,0.000140791,-4917.47,-4.99907e-06,1.91626e-15,4.99907e-06,6.9397e-12
0,0.000193696,0.000161187,3277.18,3.33156e-06,1.91626e-15,-3.33156e-06,-4.62487e-12
0,9.57371e-05,0.000141075,-4917.42,-4.99902e-06,1.91626e-15,4.99902e-06,6.93963e-12
0,0.000193636,0.000161463,3275.59,3.32995e-06,1.91626e-15,-3.32995e-06,-4.62263e-12
0,0.000193604,0.000161612,3276.36,3.33073e-06,1.91626e-15,-3.33073e-06,-4.62371e-12
0,9.56785e-05,0.000141359,-4916.82,-4.99841e-06,1.91626e-15,4.99841e-06,6.93879e-12
0,0.000193513,0.000162038,3278.27,3.33267e-06,1.91626e-15,-3.33267e-06,-4.62641e-12
0,9.56191e-05,0.000141643,-4915.66,-4.99724e-06,1.91626e-15,4.99724e-06,6.93716e-12
0,0.000193423,0.000162464,3279.43,3.33386e-06,1.91626e-15,-3.33386e-06,-4.62805e-12
0,9.55586e-05,0.000141927,-4913.92,-4.99547e-06,1.91626e-15,4.99547e-06,6.9347e-12
0,0.000193334,0.000162889,3279.82,3.33424e-06,1.91626e-15,-3.33424e-06,-4.62859e-12
0,9.54966e-05,0.00014221,-4911.57,-4.99308e-06,1.91626e-15,4.99308e-06,6.93139e-12
0,0.000193245,0.000163314,3279.38,3.3338e-06,1.91626e-15,-3.3338e-06,-4.62798e-12
0,9.54331e-05,0.000142492,-4910.54,-4.99203e-06,1.91626e-15,4.99203e-06,6.92993e-12
0,9.54545e-05,0.000142397,-4909.71,-4.99119e-06,1.91626e-15,4.99119e-06,6.92876e-12
0,0.000193153,0.000163739,3278.08,3.33248e-06,1.91626e-15,-3.33248e-06,-4.62614e-12
0,9.537e-05,0.000142774,-4912.79,-4.99432e-06,1.91626e-15,4.99432e-06,6.9331e-12
0,0.000193059,0.000164162,3275.85,3.33022e-06,1.91626e-15,-3.33022e-06,-4.623e-12
0,9.53078e-05,0.000143056,-4914.47,-4.99603e-06,1.91626e-15,4.99603e-06,6.93548e-12
0,0.00019303,0.00016429,3275.06,3.32941e-06,1.91626e-15,-3.32941e-06,-4.62188e-12
0,0.000192963,0.000164585,3276.64,3.33101e-06,1.91626e-15,-3.33101e-06,-4.62411e-12
0,9.5246e-05,0.000143339,-4915.57,-4.99714e-06,1.91626e-15,4.99714e-06,6.93702e-12
0,0.000192869,0.000165008,3278.35,3.33275e-06,1.91626e-15,-3.33275e-06,-4.62652e-12
0,9.51844e-05,0.000143621,-4916.07,-4.99765e-06,1.91626e-15,4.99765e-06,6.93773e-12
0,0.000192777,0.000165431,3279.22,3.33364e-06,1.91626e-15,-3.33364e-06,-4.62775e-12
0,9.51226e-05,0.000143903,-4915.95,-4.99753e-06,1.91626e-15,4.99753e-06,6.93756e-12
0,0.000192684,0.000165854,3279.22,3.33364e-06,1.91626e-15,-3.33364e-06,-4.62775e-12
0,9.50603e-05,0.000144184,-4915.2,-4.99677e-06,1.91626e-15,4.99677e-06,6.93651e-12
0,0.00019259,0.000166276,3278.3,3.33271e-06,1.91626e-15,-3.33271e-06,-4.62646e-12
0,9.49971e-05,0.000144465,-4913.81,-4.99535e-06,1.91626e-15,4.99535e-06,6.93454e-12
0,0.000192494,0.000166697,3276.41,3.33078e-06,1.91626e-15,-3.33078e-06,-4.62378e-12
0,9.49326e-05,0.000144746,-4911.73,-4.99324e-06,1.91626e-15,4.99324e-06,6.93161e-12
0,0.000192424,0.000166993,3274.52,3.32886e-06,1.91626e-15,-3.32886e-06,-4.62112e-12
0,0.000192394,0.000167118,3275.22,3.32957e-06,1.91626e-15,-3.32957e-06,-4.62211e-12
0,9.48665e-05,0.000145026,-4908.94,-4.99041e-06,1.91626e-15,4.99041e-06,6.92768e-12
0,0.000192296,0.000167538,3277.32,3.3317e-06,1.91626e-15,-3.3317e-06,-4.62507e-12
0,9.47992e-05,0.000145306,-4910.05,-4.99153e-06,1.91626e-15,4.99153e-06,6.92923e-12
0,9.48485e-05,0.0001451,-4908.13,-4.98958e-06,1.91626e-15,4.98958e-06,6.92652e-12
0,0.0001922,0.000167959,3278.53,3.33294e-06,1.91626e-15,-3.33294e-06,-4.62678e-12
0,9.47331e-05,0.000145585,-4912.19,-4.9937e-06,1.91626e-15,4.9937e-06,6.93225e-12
0,0.000192104,0.000168379,3278.81,3.33322e-06,1.91626e-15,-3.33322e-06,-4.62718e-12
0,9.46677e-05,0.000145865,-4913.67,-4.99521e-06,1.91626e-15,4.99521e-06,6.93435e-12
0,0.000192007,0.000168799,3278.11,3.33251e-06,1.91626e-15,-3.33251e-06,-4.62619e-12
0,9.46027e-05,0.000146144,-4914.49,-4.99604e-06,1.91626e-15,4.99604e-06,6.9355e-12
0,0.000191908,0.000169218,3276.36,3.33073e-06,1.91626e-15,-3.33073e-06,-4.62372e-12
0,9.45377e-05,0.000146424,-4914.61,-4.99617e-06,1.91626e-15,4.99617e-06,6.93568e-12
0,0.000191818,0.000169585,3273.92,3.32825e-06,1.91626e-15,-3.32825e-06,-4.62028e-12
0,0.000191806,0.000169635,3274.21,3.32855e-06,1.91626e-15,-3.32855e-06,-4.62069e-12
0,9.44723e-05,0.000146703,-4914.03,-4.99558e-06,1.91626e-15,4.99558e-06,6.93485e-12
0,0.000191704,0.000170053,3276.54,3.33091e-06,1.91626e-15,-3.33091e-06,-4.62397e-12
0,9.44061e-05,0.000146981,-4912.72,-4.99424e-06,1.91626e-15,4.99424e-06,6.933e-12
0,0.000191604,0.000170471,3277.93,3.33233e-06,1.91626e-15,-3.33233e-06,-4.62593e-12
0,9.43386e-05,0.00014726,-4910.65,-4.99214e-06,1.91626e-15,4.99214e-06,6.93008e-12
0,0.000191505,0.000170889,3278.32,3.33272e-06,1.91626e-15,-3.33272e-06,-4.62648e-12
0,9.42695e-05,0.000147537,-4907.77,-4.98922e-06,1.91626e-15,4.98922e-06,6.92602e-12
0,0.000191405,0.000171306,3277.65,3.33204e-06,1.91626e-15,-3.33204e-06,-4.62553e-12
0,9.41989e-05,0.000147814,-4908.24,-4.98969e-06,1.91626e-15,4.98969e-06,6.92669e-12
0,9.42424e-05,0.000147643,-4906.53,-4.98795e-06,1.91626e-15,4.98795e-06,6.92426e-12
0,0.000191303,0.000171722,3275.85,3.33021e-06,1.91626e-15,-3.33021e-06,-4.62299e-12
0,9.41294e-05,0.000148091,-4566.6,-4.64239e-06,1.91626e-15,4.64239e-06,6.44455e-12
0,0.000191212,0.00017208,3045.22,3.09575e-06,1.91626e-15,-3.09575e-06,-4.29752e-12
0,0.000191197,0.000172137,3010.23,3.06018e-06,1.91626e-15,-3.06018e-06,-4.24814e-12
0,9.40608e-05,0.000148368,-4582.07,-4.65811e-06,1.91626e-15,4.65811e-06,6.46638e-12
0,0.000191092,0.000172552,3032.69,3.08302e-06,1.91626e-15,-3.08302e-06,-4.27984e-12
0,9.40267e-05,0.000148507,-4589.76,-4.66592e-06,1.91626e-15,4.66592e-06,6.47723e-12
0,0.00019104,0.00017276,3043.72,3.09423e-06,1.91626e-15,-3.09423e-06,-4.29541e-12
973536,9.34937e-05,5.17732e-05,-4942.14,-5.02416e-06,-4.6615e-06,3.62658e-07,5.03442e-13
973536,9.34595e-05,5.16351e-05,-5031.68,-5.11518e-06,-4.66148e-06,4.53695e-07,6.29819e-13
973536,0.00019049,2.73775e-05,3446.35,3.50354e-06,2.97671e-06,-5.26829e-07,-7.31343e-13
973536,0.000190542,2.75845e-05,3309.93,3.36485e-06,2.97673e-06,-3.88124e-07,-5.38794e-13
973536,9.35628e-05,5.20492e-05,-4761.42,-4.84043e-06,-4.66156e-06,1.78871e-07,2.48309e-13
973536,0.000190606,2.78319e-05,3144.1,3.19628e-06,2.9767e-06,-2.19577e-07,-3.04817e-13
973536,0.000190649,2.79983e-05,3042.9,3.0934e-06,2.97668e-06,-1.16718e-07,-1.62028e-13
973536,9.36333e-05,5.23251e-05,-4907.8,-4.98924e-06,-4.66169e-06,3.27556e-07,4.54712e-13
973536,0.000190753,2.84131e-05,3278.65,3.33306e-06,2.97671e-06,-3.56346e-07,-4.94679e-13
973536,9.36364e-05,5.23371e-05,-4907.75,-4.98919e-06,-4.6617e-06,3.27496e-07,4.54629e-13
973536,9.37035e-05,5.26013e-05,-4914.42,-4.99597e-06,-4.66181e-06,3.34157e-07,4.63877e-13
973536,0.000190853,2.88291e-05,3281.5,3.33596e-06,2.97683e-06,-3.5913e-07,-4.98544e-13
973536,9.37717e-05,5.28782e-05,-4918.66,-5.00029e-06,-4.66187e-06,3.38413e-07,4.69784e-13
973536,0.000190952,2.92457e-05,3281.94,3.3364e-06,2.97697e-06,-3.59432e-07,-4.98963e-13
973536,9.38383e-05,5.31557e-05,-4921.22,-5.00288e-06,-4.66189e-06,3.4099e-07,4.73362e-13
973536,0.000191052,2.96625e-05,3281.02,3.33546e-06,2.97708e-06,-3.58383e-07,-4.97507e-13
973536,9.39039e-05,5.34337e-05,-4922.53,-5.00422e-06,-4.66188e-06,3.42334e-07,4.75227e-13
973536,0.000191153,3.00792e-05,3278.93,3.33334e-06,2.97711e-06,-3.56231e-07,-4.94519e-13
973536,9.39688e-05,5.3712e-05,-4922.84,-5.00453e-06,-4.66186e-06,3.42669e-07,4.75693e-13
973536,0.000191212,3.03178e-05,3277.44,3.33183e-06,2.97707e-06,-3.54765e-07,-4.92484e-13
973536,0.000191256,3.04956e-05,3279.02,3.33344e-06,2.97703e-06,-3.56403e-07,-4.94759e-13
973536,9.40337e-05,5.39905e-05,-4922.27,-5.00395e-06,-4.66185e-06,3.421e-07,4.74903e-13
973536,0.000191357,3.09131e-05,3281.8,3.33626e-06,2.97704e-06,-3.59224e-07,-4.98674e-13
973536,9.40988e-05,5.42691e-05,-4920.89,-5.00255e-06,-4.66186e-06,3.40693e-07,4.7295e-13
973536,0.000191454,3.13316e-05,3283.15,3.33763e-06,2.97713e-06,-3.60505e-07,-5.00453e-13
973536,9.41647e-05,5.45478e-05,-4918.78,-5.0004e-06,-4.66191e-06,3.38496e-07,4.699e-13
973536,0.00019155,3.17507e-05,3283.25,3.33773e-06,2.97724e-06,-3.60491e-07,-5.00433e-13
973536,9.42317e-05,5.48264e-05,-4915.98,-4.99756e-06,-4.66201e-06,3.35554e-07,4.65815e-13
973536,0.000191646,3.21701e-05,3282.24,3.33671e-06,2.97734e-06,-3.59375e-07,-4.98884e-13
973536,9.42424e-05,5.48705e-05,-4915.53,-4.9971e-06,-4.66203e-06,3.35067e-07,4.6514e-13
973536,9.42989e-05,5.51052e-05,-4918.63,-5.00025e-06,-4.66212e-06,3.38125e-07,4.69385e-13
973536,0.000191744,3.25895e-05,3280.27,3.3347e-06,2.97736e-06,-3.57344e-07,-4.96064e-13
973536,9.43641e-05,5.53846e-05,-4921.48,-5.00315e-06,-4.66218e-06,3.40964e-07,4.73326e-13
973536,0.000191818,3.29011e-05,3278.35,3.33275e-06,2.9773e-06,-3.5545e-07,-4.93436e-13
973536,0.000191844,3.30085e-05,3279.25,3.33367e-06,2.97727e-06,-3.56391e-07,-4.94742e-13
973536,9.44277e-05,5.56646e-05,-4923.45,-5.00515e-06,-4.6622e-06,3.42951e-07,4.76085e-13
973536,0.000191942,3.34284e-05,3282.14,3.33661e-06,2.97724e-06,-3.59367e-07,-4.98872e-13
973536,9.44903e-05,5.5945e-05,-4924.6,-5.00632e-06,-4.66218e-06,3.44134e-07,4.77726e-13
973536,0.000192037,3.38493e-05,3283.7,3.33819e-06,2.9773e-06,-3.60894e-07,-5.00993e-13
973536,9.45521e-05,5.62258e-05,-4924.98,-5.00671e-06,-4.66216e-06,3.44548e-07,4.78301e-13
973536,0.00019213,3.42709e-05,3284.08,3.33858e-06,2.97739e-06,-3.61189e-07,-5.01402e-13
973536,9.46137e-05,5.65068e-05,-4924.64,-5.00636e-06,-4.66214e-06,3.44222e-07,4.77848e-13
973536,0.000192222,3.46928e-05,3283.42,3.3379e-06,2.97748e-06,-3.60426e-07,-5.00343e-13
973536,9.46753e-05,5.6788e-05,-4923.6,-5.00531e-06,-4.66213e-06,3.4318e-07,4.76403e-13
973536,0.000192316,3.51148e-05,3281.81,3.33627e-06,2.97751e-06,-3.58762e-07,-4.98033e-13
973536,9.47373e-05,5.70693e-05,-4921.92,-5.0036e-06,-4.66215e-06,3.41447e-07,4.73996e-13
973536,0.000192411,3.55366e-05,3279.4,3.33382e-06,2.97745e-06,-3.56363e-07,-4.94703e-13
973536,9.48002e-05,5.73506e-05,-4919.62,-5.00126e-06,-4.66221e-06,3.39046e-07,4.70663e-13
973536,0.000192424,3.55938e-05,3279.06,3.33348e-06,2.97744e-06,-3.56042e-07,-4.94257e-13
973536,0.000192507,3.59587e-05,3281.79,3.33625e-06,2.97737e-06,-3.58882e-07,-4.982e-13
973536,9.48485e-05,5.75635e-05,-4917.54,-4.99915e-06,-4.66229e-06,3.36857e-07,4.67625e-13
973536,9.48641e-05,5.76318e-05,-4918.39,-5.00001e-06,-4.66232e-06,3.37689e-07,4.6878e-13
973536,0.000192599,3.63818e-05,3283.8,3.33829e-06,2.97738e-06,-3.60915e-07,-5.01022e-13
973536,9.49269e-05,5.79135e-05,-4921.55,-5.00322e-06,-4.6624e-06,3.40822e-07,4.73129e-13
973536,0.000192689,3.68057e-05,3284.67,3.33918e-06,2.97744e-06,-3.61743e-07,-5.02171e-13
973536,9.4988e-05,5.81958e-05,-4923.91,-5.00562e-06,-4.66244e-06,3.43189e-07,4.76415e-13
973536,0.000192779,3.72301e-05,3284.54,3.33904e-06,2.97752e-06,-3.61528e-07,-5.01873e-13
973536,9.50478e-05,5.84785e-05,-4925.53,-5.00727e-06,-4.66244e-06,3.44834e-07,4.78698e-13
973536,0.000192868,3.76547e-05,3283.49,3.33798e-06,2.97757e-06,-3.60411e-07,-5.00322e-13
973536,9.51066e-05,5.87616e-05,-4926.46,-5.00821e-06,-4.66242e-06,3.45791e-07,4.80027e-13
973536,0.000192958,3.80793e-05,3281.63,3.33608e-06,2.97756e-06,-3.58527e-07,-4.97706e-13
973536,9.51649e-05,5.90449e-05,-4926.72,-5.00848e-06,-4.66239e-06,3.46086e-07,4.80436e-13
973536,0.00019303,3.84102e-05,3279.74,3.33417e-06,2.97748e-06,-3.56687e-07,-4.95152e-13
973536,0.000193051,3.85037e-05,3280.43,3.33487e-06,2.97745e-06,-3.57419e-07,-4.96169e-13
973536,9.52228e-05,5.93286e-05,-4926.36,-5.00811e-06,-4.66237e-06,3.4574e-07,4.79956e-13
973536,0.000193142,3.89288e-05,3283.12,3.3376e-06,2.97739e-06,-3.60214e-07,-5.00049e-13
973536,9.52808e-05,5.96124e-05,-4925.39,-5.00713e-06,-4.66236e-06,3.44774e-07,4.78615e-13
973536,0.00019323,3.93548e-05,3284.7,3.33921e-06,2.97741e-06,-3.61799e-07,-5.02249e-13
973536,9.53391e-05,5.98963e-05,-4923.86,-5.00557e-06,-4.66237e-06,3.43205e-07,4.76436e-13
973536,0.000193316,3.97814e-05,3285.28,3.3398e-06,2.97746e-06,-3.62337e-07,-5.02996e-13
973536,9.53981e-05,6.01802e-05,-4921.79,-5.00347e-06,-4.66242e-06,3.41051e-07,4.73446e-13
973536,0.000193401,4.02085e-05,3284.97,3.33948e-06,2.97752e-06,-3.61959e-07,-5.02471e-13
973536,9.54545e-05,6.04484e-05,-4919.38,-5.00102e-06,-4.66251e-06,3.38512e-07,4.69921e-13
973536,9.54579e-05,6.04642e-05,-4919.56,-5.0012e-06,-4.66251e-06,3.38687e-07,4.70165e-13
973536,0.000193486,4.06357e-05,3283.84,3.33833e-06,2.97755e-06,-3.60783e-07,-5.00839e-13
973536,9.55171e-05,6.07485e-05,-4922.61,-5.0043e-06,-4.6626e-06,3.41705e-07,4.74355e-13
973536,0.000193573,4.1063e-05,3281.98,3.33644e-06,2.97752e-06,-3.58922e-07,-4.98255e-13
973536,9.55748e-05,6.10332e-05,-4924.97,-5.0067e-06,-4.66264e-06,3.44065e-07,4.77631e-13
973536,0.000193636,4.13681e-05,3280.32,3.33475e-06,2.97744e-06,-3.57313e-07,-4.96022e-13
973536,0.000193662,4.14901e-05,3281.16,3.33561e-06,2.9774e-06,-3.58204e-07,-4.97258e-13
973536,9.56311e-05,6.13184e-05,-4926.69,-5.00845e-06,-4.66264e-06,3.45802e-07,4.80041e-13
973536,0.000193748,4.19179e-05,3283.64,3.33813e-06,2.97733e-06,-3.60796e-07,-5.00856e-13
973536,9.56864e-05,6.16039e-05,-4927.8,-5.00957e-06,-4.66263e-06,3.46943e-07,4.81625e-13
973536,0.000193832,4.23465e-05,3285.13,3.33965e-06,2.97734e-06,-3.6231e-07,-5.02959e-13
973536,9.57411e-05,6.18898e-05,-4928.33,-5.01012e-06,-4.6626e-06,3.4751e-07,4.82413e-13
973536,0.000193915,4.27757e-05,3285.73,3.34026e-06,2.97737e-06,-3.62882e-07,-5.03752e-13
973536,9.57952e-05,6.21759e-05,-4928.32,-5.0101e-06,-4.66258e-06,3.47523e-07,4.82432e-13
973536,0.000193996,4.32053e-05,3285.52,3.34004e-06,2.97742e-06,-3.62623e-07,-5.03393e-13
973536,9.58492e-05,6.24622e-05,-4927.78,-5.00955e-06,-4.66256e-06,3.46998e-07,4.81703e-13
973536,0.000194077,4.36352e-05,3284.57,3.33908e-06,2.97744e-06,-3.61632e-07,-5.02018e-13
973536,9.59032e-05,6.27487e-05,-4926.74,-5.0085e-06,-4.66255e-06,3.45949e-07,4.80246e-13
973536,0.00019416,4.40651e-05,3282.94,3.33742e-06,2.97742e-06,-3.60003e-07,-4.99756e-13
973536,9.59575e-05,6.30353e-05,-4925.22,-5.00696e-06,-4.66257e-06,3.4439e-07,4.78081e-13
973536,0.000194242,4.44897e-05,3280.73,3.33517e-06,2.97731e-06,-3.57863e-07,-4.96785e-13
973536,0.000194243,4.4495e-05,3280.77,3.33521e-06,2.97731e-06,-3.57899e-07,-4.96836e-13
973536,9.60123e-05,6.33219e-05,-4923.25,-5.00495e-06,-4.66262e-06,3.42333e-07,4.75227e-13
973536,0.000194327,4.49252e-05,3283.37,3.33786e-06,2.97721e-06,-3.60651e-07,-5.00655e-13
973536,9.60606e-05,6.35713e-05,-4921.2,-5.00287e-06,-4.66269e-06,3.40176e-07,4.72233e-13
973536,9.60679e-05,6.36086e-05,-4921.58,-5.00325e-06,-4.6627e-06,3.40547e-07,4.72747e-13
973536,0.000194407,4.53562e-05,3285.07,3.33959e-06,2.97718e-06,-3.6241e-07,-5.03097e-13
973536,9.61227e-05,6.38956e-05,-4924.31,-5.00603e-06,-4.66278e-06,3.43248e-07,4.76496e-13
973536,0.000194486,4.57879e-05,3285.96,3.34049e-06,2.97719e-06,-3.63294e-07,-5.04324e-13
973536,9.6176e-05,6.4183e-05,-4926.47,-5.00822e-06,-4.66281e-06,3.45405e-07,4.79491e-13
973536,0.000194563,4.62199e-05,3286.09,3.34063e-06,2.97722e-06,-3.63402e-07,-5.04475e-13
973536,9.62282e-05,6.44708e-05,-4928.09,-5.00987e-06,-4.66282e-06,3.47045e-07,4.81767e-13
973536,0.00019464,4.66523e-05,3285.54,3.34007e-06,2.97725e-06,-3.6282e-07,-5.03666e-13
973536,9.62794e-05,6.47589e-05,-4929.2,-5.011e-06,-4.66281e-06,3.48187e-07,4.83353e-13
973536,0.000194717,4.70849e-05,3284.36,3.33886e-06,2.97724e-06,-3.61624e-07,-5.02006e-13
973536,9.63299e-05,6.50473e-05,-4929.83,-5.01164e-06,-4.66279e-06,3.48851e-07,4.84274e-13
973536,0.000194796,4.75175e-05,3282.59,3.33707e-06,2.97718e-06,-3.5989e-07,-4.99598e-13
973536,9.63799e-05,6.5336e-05,-4930,-5.01181e-06,-4.66276e-06,3.49049e-07,4.8455e-13
973536,0.000194848,4.78056e-05,3281.18,3.33563e-06,2.97709e-06,-3.58536e-07,-4.9772e-13
973536,0.000194875,4.79501e-05,3282.03,3.33649e-06,2.97705e-06,-3.59446e-07,-4.98982e-13
973536,9.64295e-05,6.56248e-05,-4929.73,-5.01153e-06,-4.66274e-06,3.48797e-07,4.842e-13
973536,0.000194953,4.83832e-05,3284.19,3.33869e-06,2.97696e-06,-3.61734e-07,-5.02159e-13
973536,9.6479e-05,6.59139e-05,-4929.03,-5.01083e-06,-4.66272e-06,3.48105e-07,4.83239e-13
973536,0.000195028,4.88171e-05,3285.6,3.34012e-06,2.97693e-06,-3.63188e-07,-5.04178e-13
973536,9.65286e-05,6.6203e-05,-4927.93,-5.00971e-06,-4.66272e-06,3.46985e-07,4.81684e-13
973536,0.000195102,4.92514e-05,3286.3,3.34084e-06,2.97694e-06,-3.63899e-07,-5.05164e-13
973536,9.65784e-05,6.64923e-05,-4926.44,-5.00819e-06,-4.66274e-06,3.45445e-07,4.79546e-13
973536,0.000195175,4.96861e-05,3286.36,3.3409e-06,2.97696e-06,-3.63942e-07,-5.05223e-13
973536,9.66286e-05,6.67817e-05,-4924.57,-5.00629e-06,-4.66279e-06,3.43496e-07,4.76841e-13
973536,0.000195247,5.01212e-05,3285.83,3.34035e-06,2.97697e-06,-3.63386e-07,-5.04451e-13
973536,9.66667e-05,6.69994e-05,-4922.96,-5.00465e-06,-4.66285e-06,3.418e-07,4.74486e-13
973536,9.66793e-05,6.70711e-05,-4923.6,-5.0053e-06,-4.66288e-06,3.42426e-07,4.75355e-13
973536,0.000195319,5.05564e-05,3284.73,3.33924e-06,2.97695e-06,-3.62292e-07,-5.02934e-13
973536,9.67291e-05,6.73609e-05,-4925.98,-5.00773e-06,-4.66294e-06,3.44791e-07,4.78638e-13
973536,0.000195393,5.09917e-05,3283.12,3.3376e-06,2.97688e-06,-3.6072e-07,-5.00752e-13
973536,9.67776e-05,6.7651e-05,-4927.92,-5.00969e-06,-4.66297e-06,3.46723e-07,4.8132e-13
973536,0.000195455,5.1354e-05,3281.45,3.3359e-06,2.97678e-06,-3.59123e-07,-4.98534e-13
973536,0.000195467,5.1427e-05,3281.84,3.3363e-06,2.97676e-06,-3.59549e-07,-4.99126e-13
973536,9.68251e-05,6.79414e-05,-4929.42,-5.01122e-06,-4.66298e-06,3.48239e-07,4.83426e-13
973536,0.00019554,5.18627e-05,3283.98,3.33848e-06,2.97665e-06,-3.61826e-07,-5.02287e-13
973536,9.68716e-05,6.82321e-05,-4930.51,-5.01233e-06,-4.66297e-06,3.49356e-07,4.84976e-13
973536,0.000195611,5.22991e-05,3285.45,3.33997e-06,2.9766e-06,-3.63372e-07,-5.04433e-13
973536,9.69175e-05,6.8523e-05,-4931.21,-5.01304e-06,-4.66295e-06,3.50086e-07,4.85989e-13
973536,0.00019568,5.27359e-05,3286.31,3.34085e-06,2.97659e-06,-3.6426e-07,-5.05665e-13
973536,9.69628e-05,6.88142e-05,-4931.53,-5.01337e-06,-4.66293e-06,3.50441e-07,4.86482e-13
973536,0.000195748,5.31732e-05,3286.6,3.34114e-06,2.97659e-06,-3.64554e-07,-5.06073e-13
973536,9.70076e-05,6.91056e-05,-4931.5,-5.01333e-06,-4.6629e-06,3.50432e-07,4.8647e-13
973536,0.000195816,5.36107e-05,3286.37,3.3409e-06,2.97659e-06,-3.6431e-07,-5.05734e-13
973536,9.70522e-05,6.93972e-05,-4931.12,-5.01295e-06,-4.66288e-06,3.50069e-07,4.85965e-13
973536,0.000195883,5.40485e-05,3285.64,3.34016e-06,2.97658e-06,-3.63578e-07,-5.04718e-13
973536,9.70966e-05,6.96889e-05,-4930.41,-5.01223e-06,-4.66287e-06,3.4936e-07,4.84981e-13
973536,0.00019595,5.44864e-05,3284.44,3.33894e-06,2.97654e-06,-3.62405e-07,-5.0309e-13
973536,9.7141e-05,6.99808e-05,-4929.38,-5.01119e-06,-4.66287e-06,3.48313e-07,4.83527e-13
973536,0.000196019,5.49244e-05,3282.81,3.33729e-06,2.97645e-06,-3.60835e-07,-5.0091e-13
973536,9.71856e-05,7.02728e-05,-4928.05,-5.00983e-06,-4.66289e-06,3.46935e-07,4.81615e-13
973536,0.000196061,5.51914e-05,3281.66,3.33612e-06,2.97637e-06,-3.59751e-07,-4.99406e-13
973536,0.000196088,5.53626e-05,3282.49,3.33696e-06,2.97632e-06,-3.60648e-07,-5.0065e-13
973536,9.72303e-05,7.05649e-05,-4926.42,-5.00817e-06,-4.66294e-06,3.45235e-07,4.79254e-13
973536,0.000196155,5.58011e-05,3284.32,3.33882e-06,2.97622e-06,-3.62608e-07,-5.03372e-13
973536,9.72727e-05,7.08399e-05,-4924.63,-5.00635e-06,-4.663e-06,3.43352e-07,4.76641e-13
973536,9.72754e-05,7.0857e-05,-4924.76,-5.00649e-06,-4.663e-06,3.43481e-07,4.7682e-13
973536,0.00019622,5.62402e-05,3285.61,3.34013e-06,2.97616e-06,-3.63969e-07,-5.05261e-13
973536,9.73199e-05,7.11494e-05,-4926.92,-5.00868e-06,-4.66307e-06,3.45617e-07,4.79785e-13
973536,0.000196284,5.66797e-05,3286.39,3.34092e-06,2.97614e-06,-3.64784e-07,-5.06392e-13
973536,9.73633e-05,7.14421e-05,-4928.73,-5.01052e-06,-4.6631e-06,3.47419e-07,4.82286e-13
973536,0.000196346,5.71196e-05,3286.69,3.34123e-06,2.97613e-06,-3.65102e-07,-5.06834e-13
973536,9.74057e-05,7.17351e-05,-4930.21,-5.01202e-06,-4.66312e-06,3.489e-07,4.84343e-13
973536,0.000196408,5.75597e-05,3286.55,3.34109e-06,2.97612e-06,-3.64966e-07,-5.06646e-13
973536,9.74472e-05,7.20283e-05,-4931.36,-5.01319e-06,-4.66312e-06,3.50072e-07,4.85969e-13
973536,0.00019647,5.80001e-05,3285.99,3.34052e-06,2.97611e-06,-3.64416e-07,-5.05882e-13
973536,9.7488e-05,7.23218e-05,-4932.21,-5.01405e-06,-4.66311e-06,3.50945e-07,4.87181e-13
973536,0.000196531,5.84407e-05,3285.04,3.33956e-06,2.97607e-06,-3.63487e-07,-5.04592e-13
973536,9.75281e-05,7.26154e-05,-4932.76,-5.01462e-06,-4.66309e-06,3.51528e-07,4.8799e-13
973536,0.000196593,5.88814e-05,3283.72,3.33821e-06,2.976e-06,-3.62212e-07,-5.02822e-13
973536,9.75677e-05,7.29093e-05,-4933.04,-5.0149e-06,-4.66307e-06,3.5183e-07,4.8841e-13
973536,0.000196656,5.93222e-05,3282.04,3.3365e-06,2.97588e-06,-3.60621e-07,-5.00614e-13
973536,9.76069e-05,7.32033e-05,-4933.04,-5.0149e-06,-4.66304e-06,3.51859e-07,4.8845e-13
973536,0.000196667,5.93986e-05,3281.74,3.3362e-06,2.97586e-06,-3.6034e-07,-5.00224e-13
973536,0.000196718,5.97632e-05,3283.28,3.33776e-06,2.97575e-06,-3.6201e-07,-5.02541e-13
973536,9.76457e-05,7.34975e-05,-4932.79,-5.01465e-06,-4.66302e-06,3.51623e-07,4.88123e-13
973536,0.000196779,6.02047e-05,3284.75,3.33925e-06,2.97567e-06,-3.63588e-07,-5.04733e-13
973536,9.76843e-05,7.37919e-05,-4932.29,-5.01414e-06,-4.66301e-06,3.51129e-07,4.87437e-13
973536,0.000196837,6.06466e-05,3285.79,3.34031e-06,2.97561e-06,-3.64697e-07,-5.06272e-13
973536,9.77227e-05,7.40863e-05,-4931.55,-5.01339e-06,-4.663e-06,3.50383e-07,4.86402e-13
973536,0.000196895,6.10888e-05,3286.42,3.34096e-06,2.97558e-06,-3.65375e-07,-5.07212e-13
973536,9.77611e-05,7.4381e-05,-4930.58,-5.0124e-06,-4.66301e-06,3.49392e-07,4.85025e-13
973536,0.000196951,6.15313e-05,3286.68,3.34122e-06,2.97557e-06,-3.65656e-07,-5.07603e-13
973536,9.77994e-05,7.46757e-05,-4929.39,-5.01119e-06,-4.66303e-06,3.48161e-07,4.83316e-13
973536,0.000197007,6.19741e-05,3286.58,3.34112e-06,2.97555e-06,-3.65573e-07,-5.07488e-13
973536,9.78378e-05,7.49705e-05,-4927.99,-5.00977e-06,-4.66307e-06,3.46695e-07,4.81282e-13
973536,0.000197062,6.24172e-05,3286.15,3.34068e-06,2.97553e-06,-3.65155e-07,-5.06908e-13
973536,9.78763e-05,7.52655e-05,-4926.38,-5.00813e-06,-4.66313e-06,3.45002e-07,4.78931e-13
973536,0.000197117,6.28604e-05,3285.4,3.33992e-06,2.97549e-06,-3.64428e-07,-5.05899e-13
973536,9.78788e-05,7.52849e-05,-4926.27,-5.00802e-06,-4.66313e-06,3.44889e-07,4.78774e-13
973536,9.79144e-05,7.55606e-05,-4927.98,-5.00976e-06,-4.66318e-06,3.46573e-07,4.81112e-13
973536,0.000197172,6.33037e-05,3284.34,3.33885e-06,2.97543e-06,-3.63416e-07,-5.04494e-13
973536,9.79515e-05,7.58559e-05,-4929.57,-5.01137e-06,-4.66322e-06,3.48152e-07,4.83304e-13
973536,0.000197228,6.37472e-05,3283,3.33748e-06,2.97534e-06,-3.62142e-07,-5.02725e-13
973536,9.79877e-05,7.61515e-05,-4930.92,-5.01274e-06,-4.66324e-06,3.49503e-07,4.85179e-13
973536,0.000197273,6.41063e-05,3281.73,3.33619e-06,2.97523e-06,-3.60954e-07,-5.01075e-13
973536,0.000197283,6.41909e-05,3282.05,3.33651e-06,2.97521e-06,-3.61304e-07,-5.01561e-13
973536,9.80232e-05,7.64472e-05,-4932.04,-5.01388e-06,-4.66325e-06,3.50633e-07,4.86749e-13
973536,0.000197338,6.46348e-05,3283.6,3.33809e-06,2.9751e-06,-3.62992e-07,-5.03905e-13
973536,9.80579e-05,7.67432e-05,-4932.94,-5.0148e-06,-4.66325e-06,3.51551e-07,4.88023e-13
973536,0.000197391,6.50791e-05,3284.8,3.33931e-06,2.97502e-06,-3.64295e-07,-5.05714e-13
973536,9.80919e-05,7.70393e-05,-4933.63,-5.0155e-06,-4.66324e-06,3.52264e-07,4.89013e-13
973536,0.000197443,6.55237e-05,3285.68,3.34021e-06,2.97496e-06,-3.65243e-07,-5.0703e-13
973536,9.81254e-05,7.73357e-05,-4934.12,-5.016e-06,-4.66322e-06,3.52779e-07,4.89727e-13
973536,0.000197493,6.59686e-05,3286.25,3.34079e-06,2.97493e-06,-3.65862e-07,-5.07889e-13
973536,9.81584e-05,7.76321e-05,-4934.42,-5.0163e-06,-4.6632e-06,3.53101e-07,4.90174e-13
973536,0.000197543,6.64137e-05,3286.54,3.34108e-06,2.9749e-06,-3.66178e-07,-5.08328e-13
973536,9.81909e-05,7.79287e-05,-4934.53,-5.01642e-06,-4.66318e-06,3.53238e-07,4.90365e-13
973536,0.000197592,6.68591e-05,3286.55,3.34109e-06,2.97488e-06,-3.66213e-07,-5.08376e-13
973536,9.82229e-05,7.82255e-05,-4934.47,-5.01636e-06,-4.66316e-06,3.53195e-07,4.90306e-13
973536,0.00019764,6.73047e-05,3286.3,3.34084e-06,2.97485e-06,-3.65987e-07,-5.08063e-13
973536,9.82547e-05,7.85224e-05,-4934.24,-5.01613e-06,-4.66315e-06,3.52979e-07,4.90005e-13
973536,0.000197688,6.77505e-05,3285.81,3.34034e-06,2.97482e-06,-3.65522e-07,-5.07417e-13
973536,9.82861e-05,7.88194e-05,-4933.85,-5.01573e-06,-4.66313e-06,3.52595e-07,4.89472e-13
973536,0.000197735,6.81965e-05,3285.09,3.3396e-06,2.97477e-06,-3.64833e-07,-5.06461e-13
973536,9.83173e-05,7.91166e-05,-4933.31,-5.01518e-06,-4.66313e-06,3.52048e-07,4.88713e-13
973536,0.000197783,6.86426e-05,3284.14,3.33864e-06,2.9747e-06,-3.63937e-07,-5.05217e-13
973536,9.83482e-05,7.94139e-05,-4932.62,-5.01447e-06,-4.66313e-06,3.51344e-07,4.87735e-13
973536,0.00019783,6.90888e-05,3282.99,3.33746e-06,2.97462e-06,-3.62849e-07,-5.03707e-13
973536,9.83789e-05,7.97112e-05,-4931.78,-5.01362e-06,-4.66314e-06,3.50487e-07,4.86546e-13
973536,0.000197878,6.95352e-05,3281.63,3.33608e-06,2.9745e-06,-3.61582e-07,-5.01948e-13
973536,9.84095e-05,8.00087e-05,-4930.81,-5.01264e-06,-4.66316e-06,3.49483e-07,4.85152e-13
973536,0.000197879,6.95449e-05,3281.6,3.33605e-06,2.9745e-06,-3.61555e-07,-5.01911e-13
973536,0.000197925,6.99818e-05,3282.93,3.33741e-06,2.97439e-06,-3.63021e-07,-5.03946e-13
973536,9.84399e-05,8.03063e-05,-4929.71,-5.01152e-06,-4.66318e-06,3.48336e-07,4.8356e-13
973536,0.00019797,7.04287e-05,3284.05,3.33854e-06,2.9743e-06,-3.64244e-07,-5.05643e-13
973536,9.84702e-05,8.0604e-05,-4928.49,-5.01028e-06,-4.66323e-06,3.47051e-07,4.81776e-13
973536,0.000198014,7.08759e-05,3284.93,3.33944e-06,2.97423e-06,-3.65206e-07,-5.06978e-13
973536,9.84848e-05,8.07486e-05,-4927.87,-5.00965e-06,-4.66325e-06,3.46396e-07,4.80867e-13
973536,9.85003e-05,8.09019e-05,-4928.6,-5.01039e-06,-4.66327e-06,3.47115e-07,4.81864e-13
973536,0.000198058,7.13233e-05,3285.59,3.34011e-06,2.97419e-06,-3.65925e-07,-5.07977e-13
973536,9.85297e-05,8.11998e-05,-4929.92,-5.01173e-06,-4.66331e-06,3.48421e-07,4.83678e-13
973536,0.0001981,7.17709e-05,3286.04,3.34057e-06,2.97415e-06,-3.6642e-07,-5.08664e-13
973536,9.85583e-05,8.1498e-05,-4931.09,-5.01292e-06,-4.66334e-06,3.49586e-07,4.85294e-13
973536,0.000198141,7.22187e-05,3286.29,3.34082e-06,2.97412e-06,-3.66707e-07,-5.09062e-13
973536,9.85863e-05,8.17963e-05,-4932.12,-5.01397e-06,-4.66335e-06,3.50614e-07,4.86722e-13
973536,0.000198181,7.26667e-05,3286.35,3.34089e-06,2.97409e-06,-3.66799e-07,-5.09191e-13
973536,9.86135e-05,8.20947e-05,-4933.01,-5.01487e-06,-4.66336e-06,3.51511e-07,4.87967e-13
973536,0.000198221,7.31149e-05,3286.24,3.34077e-06,2.97406e-06,-3.66713e-07,-5.0907e-13
973536,9.86401e-05,8.23933e-05,-4933.77,-5.01564e-06,-4.66336e-06,3.52282e-07,4.89038e-13
973536,0.00019826,7.35633e-05,3285.96,3.34049e-06,2.97403e-06,-3.6646e-07,-5.08719e-13
973536,9.86661e-05,8.2692e-05,-4934.41,-5.01629e-06,-4.66336e-06,3.52933e-07,4.89941e-13
973536,0.000198299,7.40118e-05,3285.52,3.34005e-06,2.97399e-06,-3.66053e-07,-5.08154e-13
973536,9.86916e-05,8.29908e-05,-4934.93,-5.01682e-06,-4.66335e-06,3.53467e-07,4.90683e-13
973536,0.000198338,7.44605e-05,3284.94,3.33945e-06,2.97395e-06,-3.65503e-07,-5.07391e-13
973536,9.87165e-05,8.32897e-05,-4935.33,-5.01723e-06,-4.66334e-06,3.53891e-07,4.91272e-13
973536,0.000198376,7.49093e-05,3284.21,3.33871e-06,2.97389e-06,-3.6482e-07,-5.06443e-13
973536,9.87409e-05,8.35888e-05,-4935.63,-5.01754e-06,-4.66333e-06,3.54209e-07,4.91713e-13
973536,0.000198413,7.53583e-05,3283.35,3.33783e-06,2.97382e-06,-3.64015e-07,-5.05325e-13
973536,9.87649e-05,8.3888e-05,-4935.83,-5.01774e-06,-4.66331e-06,3.54426e-07,4.92013e-13
973536,0.000198451,7.58074e-05,3282.36,3.33683e-06,2.97373e-06,-3.63095e-07,-5.04049e-13
973536,9.87884e-05,8.41873e-05,-4935.93,-5.01784e-06,-4.6633e-06,3.54546e-07,4.9218e-13
973536,0.000198485,7.62121e-05,3281.37,3.33582e-06,2.97364e-06,-3.62183e-07,-5.02781e-13
973536,0.000198489,7.62566e-05,3281.48,3.33593e-06,2.97363e-06,-3.62303e-07,-5.02948e-13
973536,9.88114e-05,8.44867e-05,-4935.95,-5.01786e-06,-4.66328e-06,3.54573e-07,4.92218e-13
973536,0.000198525,7.6706e-05,3282.52,3.33699e-06,2.97354e-06,-3.63455e-07,-5.04548e-13
973536,9.88341e-05,8.47862e-05,-4935.87,-5.01778e-06,-4.66327e-06,3.54513e-07,4.92134e-13
973536,0.000198561,7.71556e-05,3283.4,3.33789e-06,2.97346e-06,-3.64434e-07,-5.05907e-13
973536,9.88563e-05,8.50858e-05,-4935.72,-5.01763e-06,-4.66326e-06,3.54369e-07,4.91935e-13
973536,0.000198595,7.76054e-05,3284.15,3.33864e-06,2.97339e-06,-3.65253e-07,-5.07043e-13
973536,9.88782e-05,8.53855e-05,-4935.49,-5.0174e-06,-4.66325e-06,3.54146e-07,4.91625e-13
973536,0.000198629,7.80553e-05,3284.75,3.33926e-06,2.97334e-06,-3.65921e-07,-5.07971e-13
973536,9.88996e-05,8.56853e-05,-4935.19,-5.01709e-06,-4.66324e-06,3.53848e-07,4.91212e-13
973536,0.000198661,7.85055e-05,3285.23,3.33975e-06,2.9733e-06,-3.6645e-07,-5.08706e-13
973536,9.89208e-05,8.59851e-05,-4934.83,-5.01672e-06,-4.66324e-06,3.53479e-07,4.907e-13
973536,0.000198693,7.89557e-05,3285.59,3.34011e-06,2.97326e-06,-3.66851e-07,-5.09262e-13
973536,9.89415e-05,8.62851e-05,-4934.4,-5.01628e-06,-4.66324e-06,3.53044e-07,4.90095e-13
973536,0.000198723,7.94062e-05,3285.83,3.34036e-06,2.97323e-06,-3.67132e-07,-5.09652e-13
973536,9.8962e-05,8.65851e-05,-4933.91,-5.01579e-06,-4.66324e-06,3.52546e-07,4.89403e-13
973536,0.000198754,7.98568e-05,3285.97,3.3405e-06,2.9732e-06,-3.67303e-07,-5.0989e-13
973536,9.8982e-05,8.68853e-05,-4933.37,-5.01523e-06,-4.66325e-06,3.51988e-07,4.8863e-13
973536,0.000198783,8.03075e-05,3286.02,3.34055e-06,2.97317e-06,-3.67372e-07,-5.09986e-13
973536,9.90018e-05,8.71855e-05,-4932.77,-5.01463e-06,-4.66326e-06,3.51377e-07,4.8778e-13
973536,0.000198812,8.07583e-05,3285.97,3.3405e-06,2.97315e-06,-3.67348e-07,-5.09952e-13
973536,9.90212e-05,8.74858e-05,-4932.14,-5.01398e-06,-4.66327e-06,3.50714e-07,4.8686e-13
973536,0.00019884,8.12093e-05,3285.83,3.34036e-06,2.97312e-06,-3.67238e-07,-5.09799e-13
973536,9.90403e-05,8.77862e-05,-4931.45,-5.01329e-06,-4.66329e-06,3.50004e-07,4.85875e-13
973536,0.000198867,8.16604e-05,3285.62,3.34014e-06,2.97309e-06,-3.67049e-07,-5.09537e-13
973536,9.9059e-05,8.80866e-05,-4930.74,-5.01256e-06,-4.66331e-06,3.4925e-07,4.84829e-13
973536,0.000198894,8.21116e-05,3285.33,3.33985e-06,2.97306e-06,-3.66788e-07,-5.09175e-13
973536,9.90774e-05,8.83872e-05,-4929.98,-5.01179e-06,-4.66333e-06,3.48458e-07,4.83728e-13
973536,0.00019892,8.2563e-05,3284.98,3.33949e-06,2.97303e-06,-3.66462e-07,-5.08722e-13
973536,9.90909e-05,8.86121e-05,-4929.4,-5.0112e-06,-4.66336e-06,3.47847e-07,4.8288e-13
973536,9.90955e-05,8.86878e-05,-4929.61,-5.01142e-06,-4.66336e-06,3.48054e-07,4.83168e-13
973536,0.000198946,8.30144e-05,3284.56,3.33907e-06,2.97299e-06,-3.66077e-07,-5.08187e-13
973536,9.9113e-05,8.89884e-05,-4930.41,-5.01223e-06,-4.66339e-06,3.48844e-07,4.84264e-13
973536,0.000198971,8.3466e-05,3284.09,3.33858e-06,2.97295e-06,-3.65637e-07,-5.07577e-13
973536,9.91299e-05,8.92892e-05,-4931.15,-5.01298e-06,-4.66341e-06,3.49573e-07,4.85277e-13
973536,0.000198996,8.39176e-05,3283.56,3.33805e-06,2.9729e-06,-3.6515e-07,-5.06901e-13
973536,9.91463e-05,8.95901e-05,-4931.83,-5.01367e-06,-4.66343e-06,3.50245e-07,4.8621e-13
973536,0.000199021,8.43694e-05,3282.99,3.33747e-06,2.97285e-06,-3.6462e-07,-5.06165e-13
973536,9.91621e-05,8.9891e-05,-4932.45,-5.0143e-06,-4.66344e-06,3.50862e-07,4.87067e-13
973536,0.000199044,8.48212e-05,3282.37,3.33684e-06,2.97279e-06,-3.64052e-07,-5.05377e-13
973536,9.91774e-05,9.0192e-05,-4933.02,-5.01488e-06,-4.66345e-06,3.51428e-07,4.87852e-13
973536,0.000199068,8.52732e-05,3281.72,3.33618e-06,2.97273e-06,-3.63451e-07,-5.04543e-13
973536,9.91921e-05,9.04931e-05,-4933.53,-5.0154e-06,-4.66346e-06,3.51945e-07,4.8857e-13
973536,0.00019909,8.57252e-05,3281.03,3.33548e-06,2.97266e-06,-3.62822e-07,-5.03669e-13
973536,9.92064e-05,9.07943e-05,-4934,-5.01588e-06,-4.66346e-06,3.52416e-07,4.89224e-13
973536,0.000199091,8.57354e-05,3281.02,3.33547e-06,2.97266e-06,-3.62808e-07,-5.03649e-13
973536,0.000199112,8.61774e-05,3281.63,3.33609e-06,2.9726e-06,-3.63497e-07,-5.04606e-13
973536,9.92201e-05,9.10955e-05,-4934.42,-5.01631e-06,-4.66346e-06,3.52844e-07,4.89818e-13
973536,0.000199134,8.66296e-05,3282.2,3.33667e-06,2.97254e-06,-3.64128e-07,-5.05482e-13
973536,9.92333e-05,9.13967e-05,-4934.81,-5.0167e-06,-4.66347e-06,3.53232e-07,4.90356e-13
973536,0.000199154,8.7082e-05,3282.7,3.33718e-06,2.97249e-06,-3.64691e-07,-5.06263e-13
973536,9.9246e-05,9.16981e-05,-4935.15,-5.01705e-06,-4.66347e-06,3.53581e-07,4.90841e-13
973536,0.000199174,8.75344e-05,3283.15,3.33763e-06,2.97244e-06,-3.6519e-07,-5.06956e-13
973536,9.92583e-05,9.19995e-05,-4935.46,-5.01736e-06,-4.66346e-06,3.53895e-07,4.91276e-13
973536,0.000199192,8.7987e-05,3283.55,3.33804e-06,2.9724e-06,-3.65631e-07,-5.07568e-13
973536,9.927e-05,9.23009e-05,-4935.73,-5.01764e-06,-4.66346e-06,3.54176e-07,4.91666e-13
973536,0.00019921,8.84396e-05,3283.89,3.33839e-06,2.97237e-06,-3.66018e-07,-5.08106e-13
973536,9.92813e-05,9.26024e-05,-4935.97,-5.01788e-06,-4.66346e-06,3.54426e-07,4.92013e-13
973536,0.000199227,8.88923e-05,3284.2,3.3387e-06,2.97234e-06,-3.66356e-07,-5.08575e-13
973536,9.92921e-05,9.2904e-05,-4936.19,-5.0181e-06,-4.66346e-06,3.54647e-07,4.92321e-13
973536,0.000199244,8.93451e-05,3284.46,3.33896e-06,2.97231e-06,-3.6665e-07,-5.08983e-13
973536,9.93025e-05,9.32056e-05,-4936.38,-5.01829e-06,-4.66345e-06,3.54843e-07,4.92592e-13
973536,0.000199259,8.9798e-05,3284.68,3.33919e-06,2.97229e-06,-3.66902e-07,-5.09334e-13
973536,9.93123e-05,9.35072e-05,-4936.54,-5.01846e-06,-4.66345e-06,3.55014e-07,4.9283e-13
973536,0.000199274,9.02509e-05,3284.87,3.33938e-06,2.97227e-06,-3.67118e-07,-5.09633e-13
973536,9.93218e-05,9.38089e-05,-4936.68,-5.01861e-06,-4.66344e-06,3.55163e-07,4.93037e-13
973536,0.000199288,9.07039e-05,3285.03,3.33955e-06,2.97225e-06,-3.67301e-07,-5.09887e-13
973536,9.93307e-05,9.41107e-05,-4936.81,-5.01873e-06,-4.66344e-06,3.55292e-07,4.93216e-13
973536,0.000199302,9.1157e-05,3285.17,3.33968e-06,2.97223e-06,-3.67454e-07,-5.10099e-13
973536,9.93393e-05,9.44125e-05,-4936.91,-5.01884e-06,-4.66343e-06,3.55402e-07,4.93369e-13
973536,0.000199315,9.16101e-05,3285.27,3.33979e-06,2.97221e-06,-3.6758e-07,-5.10274e-13
973536,9.93473e-05,9.47143e-05,-4937,-5.01892e-06,-4.66343e-06,3.55497e-07,4.935e-13
973536,0.000199327,9.20633e-05,3285.36,3.33988e-06,2.9722e-06,-3.67682e-07,-5.10416e-13
973536,9.93549e-05,9.50161e-05,-4937.07,-5.019e-06,-4.66342e-06,3.55576e-07,4.9361e-13
973536,0.000199338,9.25165e-05,3285.43,3.33995e-06,2.97218e-06,-3.67764e-07,-5.1053e-13
973536,9.93621e-05,9.5318e-05,-4937.13,-5.01906e-06,-4.66342e-06,3.55642e-07,4.93702e-13
973536,0.000199349,9.29698e-05,3285.48,3.34e-06,2.97217e-06,-3.67828e-07,-5.10619e-13
973536,9.93688e-05,9.56199e-05,-4937.18,-5.01911e-06,-4.66342e-06,3.55696e-07,4.93777e-13
973536,0.000199359,9.34232e-05,3285.51,3.34004e-06,2.97216e-06,-3.67876e-07,-5.10685e-13
973536,9.93751e-05,9.59219e-05,-4937.22,-5.01915e-06,-4.66341e-06,3.55741e-07,4.93839e-13
973536,0.000199369,9.38766e-05,3285.54,3.34006e-06,2.97215e-06,-3.67911e-07,-5.10734e-13
973536,9.93809e-05,9.62238e-05,-4937.25,-5.01918e-06,-4.66341e-06,3.55776e-07,4.93888e-13
973536,0.000199377,9.433e-05,3285.55,3.34007e-06,2.97214e-06,-3.67935e-07,-5.10766e-13
973536,9.93863e-05,9.65258e-05,-4937.28,-5.01921e-06,-4.6634e-06,3.55804e-07,4.93926e-13
973536,0.000199385,9.47834e-05,3285.56,3.34008e-06,2.97213e-06,-3.67949e-07,-5.10786e-13
973536,9.93912e-05,9.68279e-05,-4937.29,-5.01923e-06,-4.6634e-06,3.55825e-07,4.93956e-13
973536,0.000199393,9.52369e-05,3285.55,3.34008e-06,2.97212e-06,-3.67956e-07,-5.10796e-13
973536,9.93956e-05,9.71299e-05,-4937.31,-5.01924e-06,-4.6634e-06,3.55841e-07,4.93978e-13
973536,0.000199399,9.56905e-05,3285.55,3.34007e-06,2.97211e-06,-3.67957e-07,-5.10798e-13
973536,9.93997e-05,9.7432e-05,-4937.32,-5.01925e-06,-4.6634e-06,3.55852e-07,4.93994e-13
973536,0.000199406,9.6144e-05,3285.54,3.34006e-06,2.97211e-06,-3.67954e-07,-5.10793e-13
973536,9.94033e-05,9.77341e-05,-4937.32,-5.01925e-06,-4.66339e-06,3.5586e-07,4.94005e-13
973536,0.000199411,9.65976e-05,3285.53,3.34005e-06,2.9721e-06,-3.67948e-07,-5.10785e-13
973536,9.94064e-05,9.80361e-05,-4937.32,-5.01926e-06,-4.66339e-06,3.55865e-07,4.94012e-13
973536,0.000199416,9.70512e-05,3285.51,3.34004e-06,2.9721e-06,-3.6794e-07,-5.10774e-13
973536,9.94091e-05,9.83383e-05,-4937.33,-5.01926e-06,-4.66339e-06,3.55869e-07,4.94016e-13
973536,0.00019942,9.75048e-05,3285.5,3.34002e-06,2.97209e-06,-3.67931e-07,-5.10762e-13
973536,9.94113e-05,9.86404e-05,-4937.33,-5.01926e-06,-4.66339e-06,3.5587e-07,4.94019e-13
973536,0.000199423,9.79585e-05,3285.49,3.34001e-06,2.97209e-06,-3.67923e-07,-5.1075e-13
973536,9.94131e-05,9.89425e-05,-4937.33,-5.01926e-06,-4.66339e-06,3.55871e-07,4.9402e-13
973536,0.000199426,9.84121e-05,3285.48,3.34e-06,2.97208e-06,-3.67915e-07,-5.10739e-13
973536,9.94144e-05,9.92446e-05,-4937.33,-5.01926e-06,-4.66339e-06,3.55871e-07,4.9402e-13
973536,0.000199428,9.88658e-05,3285.47,3.33999e-06,2.97208e-06,-3.67909e-07,-5.1073e-13
973536,9.94153e-05,9.95468e-05,-4937.32,-5.01926e-06,-4.66339e-06,3.55871e-07,4.9402e-13
973536,0.000199429,9.93195e-05,3285.46,3.33998e-06,2.97208e-06,-3.67904e-07,-5.10724e-13
973536,9.94158e-05,9.98489e-05,-4937.32,-5.01926e-06,-4.66339e-06,3.55871e-07,4.9402e-13
973536,0.00019943,9.97732e-05,3285.46,3.33998e-06,2.97208e-06,-3.67902e-07,-5.10721e-13
973536,9.94158e-05,0.000100151,-4937.32,-5.01926e-06,-4.66339e-06,3.55871e-07,4.9402e-13
973536,0.00019943,0.000100227,3285.46,3.33998e-06,2.97208e-06,-3.67902e-07,-5.10721e-13
973536,9.94153e-05,0.000100453,-4937.32,-5.01926e-06,-4.66339e-06,3.55871e-07,4.9402e-13
973536,0.000199429,0.000100681,3285.46,3.33998e-06,2.97208e-06,-3.67904e-07,-5.10724e-13
973536,9.94144e-05,0.000100755,-4937.33,-5.01926e-06,-4.66339e-06,3.55871e-07,4.9402e-13
973536,0.000199428,0.000101134,3285.47,3.33999e-06,2.97208e-06,-3.67909e-07,-5.1073e-13
973536,9.94131e-05,0.000101057,-4937.33,-5.01926e-06,-4.66339e-06,3.55871e-07,4.9402e-13
973536,0.000199426,0.000101588,3285.48,3.34e-06,2.97208e-06,-3.67915e-07,-5.10739e-13
973536,9.94113e-05,0.00010136,-4937.33,-5.01926e-06,-4.66339e-06,3.5587e-07,4.94019e-13
973536,0.000199423,0.000102042,3285.49,3.34001e-06,2.97209e-06,-3.67923e-07,-5.1075e-13
973536,9.94091e-05,0.000101662,-4937.33,-5.01926e-06,-4.66339e-06,3.55869e-07,4.94016e-13
973536,0.00019942,0.000102495,3285.5,3.34002e-06,2.97209e-06,-3.67931e-07,-5.10762e-13
973536,9.94064e-05,0.000101964,-4937.32,-5.01926e-06,-4.66339e-06,3.55865e-07,4.94012e-13
973536,0.000199416,0.000102949,3285.51,3.34004e-06,2.9721e-06,-3.6794e-07,-5.10774e-13
973536,9.94033e-05,0.000102266,-4937.32,-5.01925e-06,-4.66339e-06,3.5586e-07,4.94005e-13
973536,0.000199411,0.000103402,3285.53,3.34005e-06,2.9721e-06,-3.67948e-07,-5.10785e-13
973536,9.93997e-05,0.000102568,-4937.32,-5.01925e-06,-4.6634e-06,3.55852e-07,4.93994e-13
973536,0.000199406,0.000103856,3285.54,3.34006e-06,2.97211e-06,-3.67954e-07,-5.10793e-13
973536,9.93956e-05,0.00010287,-4937.31,-5.01924e-06,-4.6634e-06,3.55841e-07,4.93978e-13
973536,0.000199399,0.00010431,3285.55,3.34007e-06,2.97211e-06,-3.67957e-07,-5.10798e-13
973536,9.93912e-05,0.000103172,-4937.29,-5.01923e-06,-4.6634e-06,3.55825e-07,4.93956e-13
973536,0.000199393,0.000104763,3285.55,3.34008e-06,2.97212e-06,-3.67956e-07,-5.10796e-13
973536,9.93863e-05,0.000103474,-4937.28,-5.01921e-06,-4.6634e-06,3.55804e-07,4.93926e-13
973536,0.000199385,0.000105217,3285.56,3.34008e-06,2.97213e-06,-3.67949e-07,-5.10786e-13
973536,9.93809e-05,0.000103776,-4937.25,-5.01918e-06,-4.66341e-06,3.55776e-07,4.93888e-13
973536,0.000199377,0.00010567,3285.55,3.34007e-06,2.97214e-06,-3.67935e-07,-5.10766e-13
973536,9.93751e-05,0.000104078,-4937.22,-5.01915e-06,-4.66341e-06,3.55741e-07,4.93839e-13
973536,0.000199369,0.000106123,3285.54,3.34006e-06,2.97215e-06,-3.67911e-07,-5.10734e-13
973536,9.93688e-05,0.00010438,-4937.18,-5.01911e-06,-4.66342e-06,3.55696e-07,4.93777e-13
973536,0.000199359,0.000106577,3285.51,3.34004e-06,2.97216e-06,-3.67876e-07,-5.10685e-13
973536,9.93621e-05,0.000104682,-4937.13,-5.01906e-06,-4.66342e-06,3.55642e-07,4.93702e-13
973536,0.000199349,0.00010703,3285.48,3.34e-06,2.97217e-06,-3.67828e-07,-5.10619e-13
973536,9.93549e-05,0.000104984,-4937.07,-5.019e-06,-4.66342e-06,3.55576e-07,4.9361e-13
973536,0.000199338,0.000107483,3285.43,3.33995e-06,2.97218e-06,-3.67764e-07,-5.1053e-13
973536,9.93473e-05,0.000105286,-4937,-5.01892e-06,-4.66343e-06,3.55497e-07,4.935e-13
973536,0.000199327,0.000107937,3285.36,3.33988e-06,2.9722e-06,-3.67683e-07,-5.10416e-13
973536,9.93393e-05,0.000105588,-4936.91,-5.01884e-06,-4.66343e-06,3.55402e-07,4.93369e-13
973536,0.000199315,0.00010839,3285.27,3.33979e-06,2.97221e-06,-3.6758e-07,-5.10274e-13
973536,9.93307e-05,0.000105889,-4936.81,-5.01873e-06,-4.66344e-06,3.55292e-07,4.93216e-13
973536,0.000199302,0.000108843,3285.17,3.33968e-06,2.97223e-06,-3.67454e-07,-5.10099e-13
973536,9.93218e-05,0.000106191,-4936.68,-5.01861e-06,-4.66344e-06,3.55163e-07,4.93037e-13
973536,0.000199288,0.000109296,3285.03,3.33955e-06,2.97225e-06,-3.67301e-07,-5.09887e-13
973536,9.93123e-05,0.000106493,-4936.54,-5.01846e-06,-4.66345e-06,3.55014e-07,4.9283e-13
973536,0.000199274,0.000109749,3284.87,3.33938e-06,2.97227e-06,-3.67118e-07,-5.09633e-13
973536,9.93025e-05,0.000106794,-4936.38,-5.01829e-06,-4.66345e-06,3.54843e-07,4.92592e-13
973536,0.000199259,0.000110202,3284.68,3.33919e-06,2.97229e-06,-3.66902e-07,-5.09334e-13
973536,9.92921e-05,0.000107096,-4936.19,-5.0181e-06,-4.66346e-06,3.54647e-07,4.92321e-13
973536,0.000199244,0.000110655,3284.46,3.33896e-06,2.97231e-06,-3.6665e-07,-5.08983e-13
973536,9.92813e-05,0.000107398,-4935.97,-5.01788e-06,-4.66346e-06,3.54426e-07,4.92013e-13
973536,0.000199227,0.000111108,3284.2,3.3387e-06,2.97234e-06,-3.66356e-07,-5.08575e-13
973536,9.927e-05,0.000107699,-4935.73,-5.01764e-06,-4.66346e-06,3.54176e-07,4.91666e-13
973536,0.00019921,0.00011156,3283.89,3.33839e-06,2.97237e-06,-3.66018e-07,-5.08106e-13
973536,9.92583e-05,0.000108001,-4935.46,-5.01736e-06,-4.66346e-06,3.53895e-07,4.91276e-13
973536,0.000199192,0.000112013,3283.55,3.33804e-06,2.9724e-06,-3.65631e-07,-5.07568e-13
973536,9.9246e-05,0.000108302,-4935.15,-5.01705e-06,-4.66347e-06,3.53581e-07,4.90841e-13
973536,0.000199174,0.000112466,3283.15,3.33763e-06,2.97244e-06,-3.6519e-07,-5.06956e-13
973536,9.92333e-05,0.000108603,-4934.81,-5.0167e-06,-4.66347e-06,3.53232e-07,4.90356e-13
973536,0.000199154,0.000112918,3282.7,3.33718e-06,2.97249e-06,-3.64691e-07,-5.06263e-13
973536,9.92201e-05,0.000108905,-4934.42,-5.01631e-06,-4.66346e-06,3.52844e-07,4.89818e-13
973536,0.000199134,0.00011337,3282.2,3.33667e-06,2.97254e-06,-3.64128e-07,-5.05482e-13
973536,9.92064e-05,0.000109206,-4934,-5.01588e-06,-4.66346e-06,3.52416e-07,4.89224e-13
973536,0.000199112,0.000113823,3281.63,3.33609e-06,2.9726e-06,-3.63497e-07,-5.04606e-13
973536,9.91921e-05,0.000109507,-4933.53,-5.0154e-06,-4.66346e-06,3.51945e-07,4.8857e-13
973536,0.000199091,0.000114265,3281.02,3.33547e-06,2.97266e-06,-3.62808e-07,-5.0365e-13
973536,0.00019909,0.000114275,3281.03,3.33548e-06,2.97266e-06,-3.62822e-07,-5.03669e-13
973536,9.91774e-05,0.000109808,-4933.02,-5.01488e-06,-4.66345e-06,3.51428e-07,4.87852e-13
973536,0.000199068,0.000114727,3281.72,3.33618e-06,2.97273e-06,-3.63451e-07,-5.04543e-13
973536,9.91621e-05,0.000110109,-4932.45,-5.0143e-06,-4.66344e-06,3.50862e-07,4.87067e-13
973536,0.000199044,0.000115179,3282.37,3.33684e-06,2.97279e-06,-3.64052e-07,-5.05377e-13
973536,9.91463e-05,0.00011041,-4931.83,-5.01367e-06,-4.66343e-06,3.50245e-07,4.8621e-13
973536,0.000199021,0.000115631,3282.99,3.33747e-06,2.97285e-06,-3.6462e-07,-5.06165e-13
973536,9.91299e-05,0.000110711,-4931.15,-5.01298e-06,-4.66341e-06,3.49573e-07,4.85277e-13
973536,0.000198996,0.000116082,3283.56,3.33805e-06,2.9729e-06,-3.6515e-07,-5.06901e-13
973536,9.9113e-05,0.000111012,-4930.41,-5.01223e-06,-4.66339e-06,3.48844e-07,4.84264e-13
973536,0.000198971,0.000116534,3284.09,3.33858e-06,2.97295e-06,-3.65637e-07,-5.07578e-13
973536,9.90955e-05,0.000111312,-4929.61,-5.01142e-06,-4.66336e-06,3.48054e-07,4.83168e-13
973536,0.000198946,0.000116986,3284.56,3.33907e-06,2.97299e-06,-3.66077e-07,-5.08187e-13
973536,9.90774e-05,0.000111613,-4929.98,-5.01179e-06,-4.66333e-06,3.48458e-07,4.83728e-13
973536,9.90909e-05,0.000111388,-4929.4,-5.0112e-06,-4.66336e-06,3.47847e-07,4.8288e-13
973536,0.00019892,0.000117437,3284.98,3.33949e-06,2.97303e-06,-3.66462e-07,-5.08722e-13
973536,9.9059e-05,0.000111913,-4930.74,-5.01256e-06,-4.66331e-06,3.4925e-07,4.84829e-13
973536,0.000198894,0.000117888,3285.33,3.33985e-06,2.97306e-06,-3.66788e-07,-5.09175e-13
973536,9.90403e-05,0.000112214,-4931.45,-5.01329e-06,-4.66329e-06,3.50004e-07,4.85875e-13
973536,0.000198867,0.00011834,3285.62,3.34014e-06,2.97309e-06,-3.67049e-07,-5.09537e-13
973536,9.90212e-05,0.000112514,-4932.14,-5.01398e-06,-4.66327e-06,3.50714e-07,4.8686e-13
973536,0.00019884,0.000118791,3285.83,3.34036e-06,2.97312e-06,-3.67238e-07,-5.09799e-13
973536,9.90018e-05,0.000112815,-4932.77,-5.01463e-06,-4.66326e-06,3.51377e-07,4.8778e-13
973536,0.000198812,0.000119242,3285.97,3.3405e-06,2.97315e-06,-3.67348e-07,-5.09952e-13
973536,9.8982e-05,0.000113115,-4933.37,-5.01523e-06,-4.66325e-06,3.51988e-07,4.8863e-13
973536,0.000198783,0.000119693,3286.02,3.34055e-06,2.97317e-06,-3.67372e-07,-5.09986e-13
973536,9.8962e-05,0.000113415,-4933.91,-5.01579e-06,-4.66324e-06,3.52546e-07,4.89403e-13
973536,0.000198754,0.000120143,3285.97,3.3405e-06,2.9732e-06,-3.67303e-07,-5.0989e-13
973536,9.89415e-05,0.000113715,-4934.4,-5.01628e-06,-4.66324e-06,3.53044e-07,4.90095e-13
973536,0.000198723,0.000120594,3285.83,3.34036e-06,2.97323e-06,-3.67132e-07,-5.09652e-13
973536,9.89208e-05,0.000114015,-4934.83,-5.01672e-06,-4.66324e-06,3.53479e-07,4.907e-13
973536,0.000198693,0.000121044,3285.59,3.34011e-06,2.97326e-06,-3.66851e-07,-5.09262e-13
973536,9.88996e-05,0.000114315,-4935.19,-5.01709e-06,-4.66324e-06,3.53848e-07,4.91212e-13
973536,0.000198661,0.000121495,3285.23,3.33975e-06,2.9733e-06,-3.66451e-07,-5.08706e-13
973536,9.88782e-05,0.000114615,-4935.49,-5.0174e-06,-4.66325e-06,3.54146e-07,4.91625e-13
973536,0.000198629,0.000121945,3284.75,3.33926e-06,2.97334e-06,-3.65921e-07,-5.07971e-13
973536,9.88563e-05,0.000114914,-4935.72,-5.01763e-06,-4.66326e-06,3.54369e-07,4.91935e-13
973536,0.000198595,0.000122395,3284.15,3.33864e-06,2.97339e-06,-3.65253e-07,-5.07043e-13
973536,9.88341e-05,0.000115214,-4935.87,-5.01778e-06,-4.66327e-06,3.54513e-07,4.92134e-13
973536,0.000198561,0.000122844,3283.4,3.33789e-06,2.97346e-06,-3.64434e-07,-5.05907e-13
973536,9.88114e-05,0.000115513,-4935.95,-5.01786e-06,-4.66328e-06,3.54573e-07,4.92218e-13
973536,0.000198525,0.000123294,3282.52,3.33699e-06,2.97354e-06,-3.63455e-07,-5.04548e-13
973536,9.87884e-05,0.000115813,-4935.93,-5.01784e-06,-4.6633e-06,3.54546e-07,4.9218e-13
973536,0.000198489,0.000123743,3281.48,3.33593e-06,2.97363e-06,-3.62303e-07,-5.02948e-13
973536,9.87649e-05,0.000116112,-4935.83,-5.01774e-06,-4.66331e-06,3.54426e-07,4.92013e-13
973536,0.000198485,0.000123788,3281.37,3.33582e-06,2.97364e-06,-3.62183e-07,-5.02782e-13
973536,0.000198451,0.000124193,3282.36,3.33683e-06,2.97373e-06,-3.63095e-07,-5.04049e-13
973536,9.87409e-05,0.000116411,-4935.63,-5.01754e-06,-4.66333e-06,3.54209e-07,4.91713e-13
973536,0.000198413,0.000124642,3283.35,3.33783e-06,2.97382e-06,-3.64015e-07,-5.05325e-13
973536,9.87165e-05,0.00011671,-4935.33,-5.01723e-06,-4.66334e-06,3.53891e-07,4.91272e-13
973536,0.000198376,0.000125091,3284.21,3.33871e-06,2.97389e-06,-3.6482e-07,-5.06443e-13
973536,9.86916e-05,0.000117009,-4934.93,-5.01682e-06,-4.66335e-06,3.53467e-07,4.90683e-13
973536,0.000198338,0.00012554,3284.94,3.33945e-06,2.97395e-06,-3.65503e-07,-5.07391e-13
973536,9.86661e-05,0.000117308,-4934.41,-5.01629e-06,-4.66336e-06,3.52933e-07,4.89941e-13
973536,0.000198299,0.000125988,3285.52,3.34005e-06,2.97399e-06,-3.66053e-07,-5.08154e-13
973536,9.86401e-05,0.000117607,-4933.77,-5.01564e-06,-4.66336e-06,3.52282e-07,4.89038e-13
973536,0.00019826,0.000126437,3285.96,3.34049e-06,2.97403e-06,-3.6646e-07,-5.08719e-13
973536,9.86135e-05,0.000117905,-4933.01,-5.01487e-06,-4.66336e-06,3.51511e-07,4.87967e-13
973536,0.000198221,0.000126885,3286.24,3.34077e-06,2.97406e-06,-3.66713e-07,-5.0907e-13
973536,9.85863e-05,0.000118204,-4932.12,-5.01397e-06,-4.66335e-06,3.50614e-07,4.86722e-13
973536,0.000198181,0.000127333,3286.35,3.34089e-06,2.97409e-06,-3.668e-07,-5.09191e-13
973536,9.85583e-05,0.000118502,-4931.09,-5.01292e-06,-4.66334e-06,3.49586e-07,4.85294e-13
973536,0.000198141,0.000127781,3286.29,3.34082e-06,2.97412e-06,-3.66707e-07,-5.09062e-13
973536,9.85297e-05,0.0001188,-4929.92,-5.01173e-06,-4.66331e-06,3.48421e-07,4.83678e-13
973536,0.0001981,0.000128229,3286.04,3.34057e-06,2.97415e-06,-3.6642e-07,-5.08664e-13
973536,9.85003e-05,0.000119098,-4928.6,-5.01039e-06,-4.66327e-06,3.47115e-07,4.81864e-13
973536,0.000198058,0.000128677,3285.59,3.34011e-06,2.97418e-06,-3.65925e-07,-5.07977e-13
973536,9.84702e-05,0.000119396,-4928.49,-5.01028e-06,-4.66323e-06,3.47051e-07,4.81776e-13
973536,9.84848e-05,0.000119251,-4927.87,-5.00965e-06,-4.66325e-06,3.46396e-07,4.80867e-13
973536,0.000198014,0.000129124,3284.93,3.33944e-06,2.97423e-06,-3.65206e-07,-5.06978e-13
973536,9.84399e-05,0.000119694,-4929.71,-5.01152e-06,-4.66318e-06,3.48336e-07,4.8356e-13
973536,0.00019797,0.000129571,3284.05,3.33854e-06,2.9743e-06,-3.64244e-07,-5.05643e-13
973536,9.84095e-05,0.000119991,-4930.81,-5.01264e-06,-4.66316e-06,3.49483e-07,4.85152e-13
973536,0.000197925,0.000130018,3282.93,3.33741e-06,2.97439e-06,-3.63021e-07,-5.03946e-13
973536,9.83789e-05,0.000120289,-4931.78,-5.01362e-06,-4.66314e-06,3.50487e-07,4.86546e-13
973536,0.000197879,0.000130455,3281.6,3.33605e-06,2.9745e-06,-3.61555e-07,-5.01911e-13
973536,0.000197878,0.000130465,3281.63,3.33608e-06,2.9745e-06,-3.61583e-07,-5.01948e-13
973536,9.83482e-05,0.000120586,-4932.62,-5.01447e-06,-4.66313e-06,3.51344e-07,4.87735e-13
973536,0.00019783,0.000130911,3282.99,3.33746e-06,2.97462e-06,-3.62849e-07,-5.03707e-13
973536,9.83173e-05,0.000120883,-4933.31,-5.01518e-06,-4.66313e-06,3.52048e-07,4.88713e-13
973536,0.000197783,0.000131357,3284.14,3.33864e-06,2.9747e-06,-3.63937e-07,-5.05217e-13
973536,9.82861e-05,0.000121181,-4933.85,-5.01573e-06,-4.66313e-06,3.52595e-07,4.89472e-13
973536,0.000197735,0.000131804,3285.09,3.3396e-06,2.97477e-06,-3.64833e-07,-5.06461e-13
973536,9.82547e-05,0.000121478,-4934.24,-5.01613e-06,-4.66315e-06,3.52979e-07,4.90005e-13
973536,0.000197688,0.000132249,3285.81,3.34034e-06,2.97482e-06,-3.65522e-07,-5.07417e-13
973536,9.82229e-05,0.000121774,-4934.47,-5.01636e-06,-4.66316e-06,3.53195e-07,4.90305e-13
973536,0.00019764,0.000132695,3286.3,3.34084e-06,2.97485e-06,-3.65988e-07,-5.08063e-13
973536,9.81909e-05,0.000122071,-4934.53,-5.01642e-06,-4.66318e-06,3.53238e-07,4.90364e-13
973536,0.000197592,0.000133141,3286.55,3.34109e-06,2.97488e-06,-3.66213e-07,-5.08376e-13
973536,9.81584e-05,0.000122368,-4934.42,-5.0163e-06,-4.6632e-06,3.53101e-07,4.90174e-13
973536,0.000197543,0.000133586,3286.54,3.34108e-06,2.9749e-06,-3.66178e-07,-5.08328e-13
973536,9.81254e-05,0.000122664,-4934.12,-5.016e-06,-4.66322e-06,3.52778e-07,4.89727e-13
973536,0.000197493,0.000134031,3286.25,3.34079e-06,2.97493e-06,-3.65862e-07,-5.0789e-13
973536,9.80919e-05,0.000122961,-4933.63,-5.0155e-06,-4.66324e-06,3.52264e-07,4.89013e-13
973536,0.000197443,0.000134476,3285.68,3.34021e-06,2.97496e-06,-3.65243e-07,-5.0703e-13
973536,9.80579e-05,0.000123257,-4932.94,-5.0148e-06,-4.66325e-06,3.51551e-07,4.88023e-13
973536,0.000197391,0.000134921,3284.8,3.33931e-06,2.97502e-06,-3.64295e-07,-5.05714e-13
973536,9.80232e-05,0.000123553,-4932.04,-5.01388e-06,-4.66325e-06,3.50633e-07,4.86749e-13
973536,0.000197338,0.000135365,3283.6,3.33809e-06,2.9751e-06,-3.62992e-07,-5.03905e-13
973536,9.79877e-05,0.000123849,-4930.92,-5.01274e-06,-4.66324e-06,3.49503e-07,4.85179e-13
973536,0.000197283,0.000135809,3282.05,3.33651e-06,2.97521e-06,-3.61304e-07,-5.01561e-13
973536,9.79515e-05,0.000124144,-4929.57,-5.01137e-06,-4.66322e-06,3.48152e-07,4.83304e-13
973536,0.000197273,0.000135894,3281.73,3.33619e-06,2.97523e-06,-3.60954e-07,-5.01076e-13
973536,0.000197228,0.000136253,3283,3.33748e-06,2.97534e-06,-3.62142e-07,-5.02725e-13
973536,9.79144e-05,0.000124439,-4927.98,-5.00976e-06,-4.66318e-06,3.46573e-07,4.81112e-13
973536,0.000197172,0.000136696,3284.34,3.33885e-06,2.97543e-06,-3.63417e-07,-5.04494e-13
973536,9.78763e-05,0.000124735,-4926.38,-5.00813e-06,-4.66313e-06,3.45002e-07,4.78931e-13
973536,9.78788e-05,0.000124715,-4926.27,-5.00802e-06,-4.66313e-06,3.44889e-07,4.78774e-13
973536,0.000197117,0.00013714,3285.4,3.33992e-06,2.97549e-06,-3.64428e-07,-5.05899e-13
973536,9.78378e-05,0.000125029,-4927.99,-5.00977e-06,-4.66307e-06,3.46695e-07,4.81282e-13
973536,0.000197062,0.000137583,3286.15,3.34068e-06,2.97553e-06,-3.65155e-07,-5.06908e-13
973536,9.77994e-05,0.000125324,-4929.39,-5.01119e-06,-4.66303e-06,3.48161e-07,4.83316e-13
973536,0.000197007,0.000138026,3286.58,3.34112e-06,2.97555e-06,-3.65573e-07,-5.07488e-13
973536,9.77611e-05,0.000125619,-4930.58,-5.0124e-06,-4.66301e-06,3.49392e-07,4.85025e-13
973536,0.000196951,0.000138469,3286.68,3.34122e-06,2.97557e-06,-3.65656e-07,-5.07603e-13
973536,9.77227e-05,0.000125914,-4931.55,-5.01339e-06,-4.663e-06,3.50383e-07,4.86402e-13
973536,0.000196895,0.000138911,3286.42,3.34096e-06,2.97558e-06,-3.65375e-07,-5.07213e-13
973536,9.76843e-05,0.000126208,-4932.29,-5.01414e-06,-4.66301e-06,3.51129e-07,4.87437e-13
973536,0.000196837,0.000139353,3285.79,3.34031e-06,2.97561e-06,-3.64697e-07,-5.06272e-13
973536,9.76457e-05,0.000126502,-4932.79,-5.01465e-06,-4.66302e-06,3.51623e-07,4.88123e-13
973536,0.000196779,0.000139795,3284.75,3.33925e-06,2.97567e-06,-3.63588e-07,-5.04733e-13
973536,9.76069e-05,0.000126797,-4933.04,-5.0149e-06,-4.66304e-06,3.51859e-07,4.8845e-13
973536,0.000196718,0.000140237,3283.28,3.33776e-06,2.97575e-06,-3.6201e-07,-5.02541e-13
973536,9.75677e-05,0.000127091,-4933.04,-5.0149e-06,-4.66307e-06,3.5183e-07,4.8841e-13
973536,0.000196667,0.000140601,3281.74,3.3362e-06,2.97586e-06,-3.60341e-07,-5.00224e-13
973536,0.000196656,0.000140678,3282.04,3.3365e-06,2.97588e-06,-3.60621e-07,-5.00614e-13
973536,9.75281e-05,0.000127385,-4932.76,-5.01462e-06,-4.66309e-06,3.51528e-07,4.8799e-13
973536,0.000196593,0.000141119,3283.72,3.33821e-06,2.976e-06,-3.62212e-07,-5.02822e-13
973536,9.7488e-05,0.000127678,-4932.21,-5.01405e-06,-4.66311e-06,3.50945e-07,4.87181e-13
973536,0.000196531,0.000141559,3285.04,3.33956e-06,2.97607e-06,-3.63487e-07,-5.04593e-13
973536,9.74472e-05,0.000127972,-4931.36,-5.01319e-06,-4.66312e-06,3.50072e-07,4.85969e-13
973536,0.00019647,0.000142,3285.99,3.34052e-06,2.97611e-06,-3.64416e-07,-5.05882e-13
973536,9.74057e-05,0.000128265,-4930.21,-5.01202e-06,-4.66312e-06,3.489e-07,4.84343e-13
973536,0.000196408,0.00014244,3286.55,3.34109e-06,2.97612e-06,-3.64966e-07,-5.06646e-13
973536,9.73633e-05,0.000128558,-4928.73,-5.01052e-06,-4.6631e-06,3.47419e-07,4.82286e-13
973536,0.000196346,0.00014288,3286.69,3.34123e-06,2.97613e-06,-3.65102e-07,-5.06834e-13
973536,9.73199e-05,0.000128851,-4926.92,-5.00868e-06,-4.66307e-06,3.45617e-07,4.79785e-13
973536,0.000196284,0.00014332,3286.39,3.34092e-06,2.97614e-06,-3.64784e-07,-5.06392e-13
973536,9.72754e-05,0.000129143,-4924.76,-5.00649e-06,-4.663e-06,3.43481e-07,4.7682e-13
973536,0.00019622,0.00014376,3285.61,3.34013e-06,2.97616e-06,-3.63969e-07,-5.05261e-13
973536,9.72303e-05,0.000129435,-4926.42,-5.00817e-06,-4.66294e-06,3.45235e-07,4.79254e-13
973536,9.72727e-05,0.00012916,-4924.63,-5.00635e-06,-4.663e-06,3.43352e-07,4.76641e-13
973536,0.000196155,0.000144199,3284.32,3.33882e-06,2.97622e-06,-3.62608e-07,-5.03372e-13
973536,9.71856e-05,0.000129727,-4928.05,-5.00983e-06,-4.66289e-06,3.46935e-07,4.81615e-13
973536,0.000196088,0.000144637,3282.49,3.33696e-06,2.97632e-06,-3.60648e-07,-5.00651e-13
973536,9.7141e-05,0.000130019,-4929.38,-5.01119e-06,-4.66287e-06,3.48313e-07,4.83527e-13
973536,0.000196061,0.000144809,3281.66,3.33612e-06,2.97637e-06,-3.59751e-07,-4.99406e-13
973536,0.000196019,0.000145076,3282.81,3.33729e-06,2.97645e-06,-3.60835e-07,-5.0091e-13
973536,9.70966e-05,0.000130311,-4930.41,-5.01223e-06,-4.66287e-06,3.4936e-07,4.84981e-13
973536,0.00019595,0.000145514,3284.44,3.33894e-06,2.97654e-06,-3.62405e-07,-5.0309e-13
973536,9.70522e-05,0.000130603,-4931.12,-5.01295e-06,-4.66288e-06,3.50069e-07,4.85965e-13
973536,0.000195883,0.000145952,3285.64,3.34016e-06,2.97658e-06,-3.63578e-07,-5.04718e-13
973536,9.70076e-05,0.000130894,-4931.5,-5.01333e-06,-4.6629e-06,3.50432e-07,4.8647e-13
973536,0.000195816,0.000146389,3286.37,3.3409e-06,2.97659e-06,-3.6431e-07,-5.05734e-13
973536,9.69628e-05,0.000131186,-4931.53,-5.01337e-06,-4.66293e-06,3.50441e-07,4.86482e-13
973536,0.000195748,0.000146827,3286.6,3.34114e-06,2.97659e-06,-3.64554e-07,-5.06073e-13
973536,9.69175e-05,0.000131477,-4931.21,-5.01304e-06,-4.66295e-06,3.50086e-07,4.85989e-13
973536,0.00019568,0.000147264,3286.31,3.34085e-06,2.97659e-06,-3.6426e-07,-5.05666e-13
973536,9.68716e-05,0.000131768,-4930.51,-5.01233e-06,-4.66297e-06,3.49356e-07,4.84976e-13
973536,0.000195611,0.000147701,3285.45,3.33997e-06,2.9766e-06,-3.63372e-07,-5.04433e-13
973536,9.68251e-05,0.000132059,-4929.42,-5.01122e-06,-4.66298e-06,3.48239e-07,4.83426e-13
973536,0.00019554,0.000148137,3283.98,3.33848e-06,2.97665e-06,-3.61826e-07,-5.02287e-13
973536,9.67776e-05,0.000132349,-4927.92,-5.00969e-06,-4.66297e-06,3.46723e-07,4.8132e-13
973536,0.000195467,0.000148573,3281.84,3.3363e-06,2.97676e-06,-3.5955e-07,-4.99126e-13
973536,9.67291e-05,0.000132639,-4925.98,-5.00773e-06,-4.66294e-06,3.44791e-07,4.78638e-13
973536,0.000195455,0.000148646,3281.45,3.3359e-06,2.97678e-06,-3.59123e-07,-4.98534e-13
973536,0.000195393,0.000149008,3283.12,3.3376e-06,2.97688e-06,-3.6072e-07,-5.00752e-13
973536,9.66793e-05,0.000132929,-4923.6,-5.0053e-06,-4.66288e-06,3.42426e-07,4.75355e-13
973536,0.000195319,0.000149444,3284.73,3.33924e-06,2.97695e-06,-3.62292e-07,-5.02934e-13
973536,9.66286e-05,0.000133218,-4924.57,-5.00629e-06,-4.66279e-06,3.43496e-07,4.76841e-13
973536,9.66667e-05,0.000133001,-4922.96,-5.00465e-06,-4.66285e-06,3.418e-07,4.74486e-13
973536,0.000195247,0.000149879,3285.83,3.34035e-06,2.97697e-06,-3.63386e-07,-5.04451e-13
973536,9.65784e-05,0.000133508,-4926.44,-5.00819e-06,-4.66274e-06,3.45445e-07,4.79546e-13
973536,0.000195175,0.000150314,3286.36,3.3409e-06,2.97696e-06,-3.63942e-07,-5.05223e-13
973536,9.65286e-05,0.000133797,-4927.93,-5.00971e-06,-4.66272e-06,3.46985e-07,4.81684e-13
973536,0.000195102,0.000150749,3286.3,3.34084e-06,2.97694e-06,-3.63899e-07,-5.05164e-13
973536,9.6479e-05,0.000134086,-4929.03,-5.01083e-06,-4.66272e-06,3.48105e-07,4.83239e-13
973536,0.000195028,0.000151183,3285.6,3.34012e-06,2.97693e-06,-3.63189e-07,-5.04178e-13
973536,9.64295e-05,0.000134375,-4929.73,-5.01153e-06,-4.66274e-06,3.48797e-07,4.842e-13
973536,0.000194953,0.000151617,3284.19,3.33869e-06,2.97696e-06,-3.61734e-07,-5.02159e-13
973536,9.63799e-05,0.000134664,-4930,-5.01181e-06,-4.66276e-06,3.49049e-07,4.8455e-13
973536,0.000194875,0.00015205,3282.03,3.33649e-06,2.97705e-06,-3.59446e-07,-4.98982e-13
973536,9.63299e-05,0.000134953,-4929.83,-5.01164e-06,-4.66279e-06,3.48851e-07,4.84274e-13
973536,0.000194848,0.000152194,3281.18,3.33563e-06,2.97709e-06,-3.58537e-07,-4.9772e-13
973536,0.000194796,0.000152483,3282.59,3.33707e-06,2.97718e-06,-3.5989e-07,-4.99599e-13
973536,9.62794e-05,0.000135241,-4929.2,-5.011e-06,-4.66281e-06,3.48187e-07,4.83353e-13
973536,0.000194717,0.000152915,3284.36,3.33886e-06,2.97724e-06,-3.61624e-07,-5.02006e-13
973536,9.62282e-05,0.000135529,-4928.09,-5.00987e-06,-4.66282e-06,3.47045e-07,4.81767e-13
973536,0.00019464,0.000153348,3285.54,3.34007e-06,2.97725e-06,-3.6282e-07,-5.03666e-13
973536,9.6176e-05,0.000135817,-4926.47,-5.00822e-06,-4.66281e-06,3.45405e-07,4.79491e-13
973536,0.000194563,0.00015378,3286.09,3.34063e-06,2.97722e-06,-3.63402e-07,-5.04475e-13
973536,9.61227e-05,0.000136104,-4924.31,-5.00603e-06,-4.66278e-06,3.43248e-07,4.76496e-13
973536,0.000194486,0.000154212,3285.96,3.34049e-06,2.97719e-06,-3.63294e-07,-5.04325e-13
973536,9.60679e-05,0.000136391,-4921.58,-5.00325e-06,-4.6627e-06,3.40547e-07,4.72747e-13
973536,0.000194407,0.000154644,3285.07,3.33959e-06,2.97718e-06,-3.6241e-07,-5.03097e-13
973536,9.60123e-05,0.000136678,-4923.25,-5.00495e-06,-4.66262e-06,3.42333e-07,4.75227e-13
973536,9.60606e-05,0.000136429,-4921.2,-5.00287e-06,-4.66269e-06,3.40176e-07,4.72233e-13
973536,0.000194327,0.000155075,3283.37,3.33786e-06,2.97721e-06,-3.60651e-07,-5.00655e-13
973536,9.59575e-05,0.000136965,-4925.22,-5.00696e-06,-4.66257e-06,3.4439e-07,4.78081e-13
973536,0.000194243,0.000155505,3280.77,3.33521e-06,2.97731e-06,-3.579e-07,-4.96836e-13
973536,9.59032e-05,0.000137251,-4926.74,-5.0085e-06,-4.66255e-06,3.45949e-07,4.80246e-13
973536,0.000194242,0.00015551,3280.73,3.33517e-06,2.97731e-06,-3.57863e-07,-4.96785e-13
973536,0.00019416,0.000155935,3282.94,3.33742e-06,2.97741e-06,-3.60003e-07,-4.99756e-13
973536,9.58492e-05,0.000137538,-4927.78,-5.00955e-06,-4.66256e-06,3.46998e-07,4.81703e-13
973536,0.000194077,0.000156365,3284.57,3.33908e-06,2.97744e-06,-3.61632e-07,-5.02018e-13
973536,9.57952e-05,0.000137824,-4928.32,-5.0101e-06,-4.66258e-06,3.47523e-07,4.82432e-13
973536,0.000193996,0.000156795,3285.52,3.34004e-06,2.97742e-06,-3.62623e-07,-5.03393e-13
973536,9.57411e-05,0.00013811,-4928.33,-5.01012e-06,-4.6626e-06,3.4751e-07,4.82413e-13
973536,0.000193915,0.000157224,3285.73,3.34026e-06,2.97737e-06,-3.62882e-07,-5.03752e-13
973536,9.56864e-05,0.000138396,-4927.8,-5.00957e-06,-4.66263e-06,3.46943e-07,4.81625e-13
973536,0.000193832,0.000157653,3285.13,3.33965e-06,2.97734e-06,-3.6231e-07,-5.02959e-13
973536,9.56311e-05,0.000138682,-4926.69,-5.00845e-06,-4.66264e-06,3.45802e-07,4.80041e-13
973536,0.000193748,0.000158082,3283.64,3.33813e-06,2.97733e-06,-3.60796e-07,-5.00856e-13
973536,9.55748e-05,0.000138967,-4924.97,-5.0067e-06,-4.66264e-06,3.44065e-07,4.77631e-13
973536,0.000193662,0.00015851,3281.16,3.33561e-06,2.9774e-06,-3.58204e-07,-4.97258e-13
973536,9.55171e-05,0.000139252,-4922.61,-5.0043e-06,-4.6626e-06,3.41705e-07,4.74355e-13
973536,0.000193636,0.000158632,3280.32,3.33475e-06,2.97744e-06,-3.57313e-07,-4.96022e-13
973536,0.000193573,0.000158937,3281.98,3.33644e-06,2.97752e-06,-3.58922e-07,-4.98256e-13
973536,9.54579e-05,0.000139536,-4919.56,-5.0012e-06,-4.66251e-06,3.38687e-07,4.70165e-13
973536,0.000193486,0.000159364,3283.84,3.33833e-06,2.97755e-06,-3.60783e-07,-5.00839e-13
973536,9.53981e-05,0.00013982,-4921.79,-5.00347e-06,-4.66242e-06,3.41051e-07,4.73446e-13
973536,9.54545e-05,0.000139552,-4919.38,-5.00102e-06,-4.66251e-06,3.38512e-07,4.69921e-13
973536,0.000193401,0.000159792,3284.97,3.33948e-06,2.97752e-06,-3.61959e-07,-5.02471e-13
973536,9.53391e-05,0.000140104,-4923.86,-5.00557e-06,-4.66237e-06,3.43205e-07,4.76436e-13
973536,0.000193316,0.000160219,3285.28,3.3398e-06,2.97746e-06,-3.62337e-07,-5.02996e-13
973536,9.52808e-05,0.000140388,-4925.39,-5.00713e-06,-4.66236e-06,3.44774e-07,4.78615e-13
973536,0.00019323,0.000160645,3284.7,3.3392e-06,2.97741e-06,-3.61799e-07,-5.0225e-13
973536,9.52228e-05,0.000140671,-4926.36,-5.00811e-06,-4.66237e-06,3.4574e-07,4.79956e-13
973536,0.000193142,0.000161071,3283.12,3.3376e-06,2.97739e-06,-3.60214e-07,-5.00049e-13
973536,9.51649e-05,0.000140955,-4926.72,-5.00848e-06,-4.66239e-06,3.46086e-07,4.80436e-13
973536,0.000193051,0.000161496,3280.43,3.33487e-06,2.97745e-06,-3.57419e-07,-4.96169e-13
973536,9.51066e-05,0.000141238,-4926.46,-5.00821e-06,-4.66242e-06,3.45791e-07,4.80027e-13
973536,0.00019303,0.00016159,3279.74,3.33417e-06,2.97748e-06,-3.56687e-07,-4.95152e-13
973536,0.000192958,0.000161921,3281.63,3.33608e-06,2.97756e-06,-3.58527e-07,-4.97707e-13
973536,9.50478e-05,0.000141522,-4925.53,-5.00727e-06,-4.66244e-06,3.44834e-07,4.78698e-13
973536,0.000192868,0.000162345,3283.49,3.33798e-06,2.97757e-06,-3.60411e-07,-5.00322e-13
973536,9.4988e-05,0.000141804,-4923.91,-5.00562e-06,-4.66244e-06,3.43189e-07,4.76415e-13
973536,0.000192779,0.00016277,3284.54,3.33904e-06,2.97752e-06,-3.61528e-07,-5.01873e-13
973536,9.49269e-05,0.000142086,-4921.55,-5.00322e-06,-4.6624e-06,3.40822e-07,4.73129e-13
973536,0.000192689,0.000163194,3284.67,3.33918e-06,2.97744e-06,-3.61743e-07,-5.02171e-13
973536,9.48641e-05,0.000142368,-4918.39,-5.00001e-06,-4.66232e-06,3.37689e-07,4.6878e-13
973536,0.000192599,0.000163618,3283.8,3.33829e-06,2.97737e-06,-3.60916e-07,-5.01023e-13
973536,9.48002e-05,0.000142649,-4919.62,-5.00126e-06,-4.66221e-06,3.39046e-07,4.70663e-13
973536,9.48485e-05,0.000142437,-4917.54,-4.99915e-06,-4.66229e-06,3.36857e-07,4.67625e-13
973536,0.000192507,0.000164041,3281.79,3.33625e-06,2.97737e-06,-3.58882e-07,-4.982e-13
973536,9.47373e-05,0.000142931,-4921.92,-5.0036e-06,-4.66215e-06,3.41447e-07,4.73996e-13
973536,0.000192424,0.000164406,3279.06,3.33348e-06,2.97744e-06,-3.56042e-07,-4.94257e-13
973536,0.000192411,0.000164463,3279.4,3.33382e-06,2.97745e-06,-3.56364e-07,-4.94703e-13
973536,9.46753e-05,0.000143212,-4923.6,-5.00531e-06,-4.66213e-06,3.4318e-07,4.76403e-13
973536,0.000192316,0.000164885,3281.81,3.33627e-06,2.97751e-06,-3.58762e-07,-4.98034e-13
973536,9.46137e-05,0.000143493,-4924.64,-5.00636e-06,-4.66214e-06,3.44222e-07,4.77848e-13
973536,0.000192222,0.000165307,3283.42,3.3379e-06,2.97748e-06,-3.60426e-07,-5.00343e-13
973536,9.45521e-05,0.000143774,-4924.98,-5.00671e-06,-4.66216e-06,3.44548e-07,4.78301e-13
973536,0.00019213,0.000165729,3284.08,3.33858e-06,2.97739e-06,-3.61189e-07,-5.01402e-13
973536,9.44903e-05,0.000144055,-4924.6,-5.00632e-06,-4.66218e-06,3.44134e-07,4.77726e-13
973536,0.000192037,0.000166151,3283.7,3.33819e-06,2.9773e-06,-3.60894e-07,-5.00993e-13
973536,9.44277e-05,0.000144335,-4923.45,-5.00515e-06,-4.6622e-06,3.42951e-07,4.76085e-13
973536,0.000191942,0.000166572,3282.14,3.33661e-06,2.97724e-06,-3.59367e-07,-4.98872e-13
973536,9.43641e-05,0.000144615,-4921.48,-5.00315e-06,-4.66218e-06,3.40964e-07,4.73326e-13
973536,0.000191844,0.000166991,3279.25,3.33367e-06,2.97727e-06,-3.56391e-07,-4.94742e-13
973536,9.42989e-05,0.000144895,-4918.63,-5.00025e-06,-4.66212e-06,3.38125e-07,4.69385e-13
973536,0.000191818,0.000167099,3278.35,3.33275e-06,2.9773e-06,-3.5545e-07,-4.93436e-13
973536,0.000191744,0.000167411,3280.27,3.3347e-06,2.97736e-06,-3.57344e-07,-4.96064e-13
973536,9.42317e-05,0.000145174,-4915.98,-4.99756e-06,-4.66201e-06,3.35554e-07,4.65815e-13
973536,9.42424e-05,0.000145129,-4915.53,-4.9971e-06,-4.66203e-06,3.35067e-07,4.65139e-13
973536,0.000191646,0.00016783,3282.24,3.33671e-06,2.97734e-06,-3.59375e-07,-4.98885e-13
973536,9.41647e-05,0.000145452,-4918.78,-5.0004e-06,-4.66191e-06,3.38496e-07,4.699e-13
973536,0.00019155,0.000168249,3283.25,3.33773e-06,2.97724e-06,-3.60491e-07,-5.00433e-13
973536,9.40988e-05,0.000145731,-4920.89,-5.00255e-06,-4.66186e-06,3.40693e-07,4.7295e-13
973536,0.000191454,0.000168668,3283.15,3.33763e-06,2.97713e-06,-3.60505e-07,-5.00453e-13
973536,9.40337e-05,0.000146009,-4922.27,-5.00395e-06,-4.66185e-06,3.421e-07,4.74903e-13
973536,0.000191357,0.000169087,3281.8,3.33626e-06,2.97704e-06,-3.59224e-07,-4.98674e-13
973536,9.39688e-05,0.000146288,-4922.84,-5.00453e-06,-4.66186e-06,3.42669e-07,4.75693e-13
973536,0.000191256,0.000169504,3279.02,3.33344e-06,2.97703e-06,-3.56403e-07,-4.94759e-13
973536,9.39039e-05,0.000146566,-4922.53,-5.00422e-06,-4.66188e-06,3.42334e-07,4.75227e-13
973536,0.000191212,0.000169682,3277.44,3.33183e-06,2.97707e-06,-3.54765e-07,-4.92484e-13
973536,0.000191153,0.000169921,3278.93,3.33334e-06,2.97711e-06,-3.56231e-07,-4.94519e-13
973536,9.38383e-05,0.000146844,-4921.22,-5.00288e-06,-4.66189e-06,3.4099e-07,4.73362e-13
973536,0.000191052,0.000170338,3281.02,3.33546e-06,2.97708e-06,-3.58383e-07,-4.97507e-13
973536,9.37717e-05,0.000147122,-4918.66,-5.00029e-06,-4.66187e-06,3.38413e-07,4.69784e-13
973536,0.000190952,0.000170754,3281.94,3.3364e-06,2.97697e-06,-3.59432e-07,-4.98963e-13
973536,9.37035e-05,0.000147399,-4914.42,-4.99597e-06,-4.66181e-06,3.34157e-07,4.63877e-13
973536,0.000190853,0.000171171,3281.5,3.33596e-06,2.97683e-06,-3.5913e-07,-4.98544e-13
973536,9.36333e-05,0.000147675,-4907.8,-4.98924e-06,-4.66169e-06,3.27556e-07,4.54712e-13
973536,9.36364e-05,0.000147663,-4907.75,-4.98919e-06,-4.6617e-06,3.27496e-07,4.54629e-13
973536,0.000190753,0.000171587,3278.65,3.33306e-06,2.97671e-06,-3.56346e-07,-4.94679e-13
973536,9.35628e-05,0.000147951,-4761.42,-4.84043e-06,-4.66156e-06,1.78871e-07,2.48309e-13
973536,0.000190649,0.000172002,3042.9,3.0934e-06,2.97668e-06,-1.16718e-07,-1.62028e-13
973536,9.34937e-05,0.000148227,-4942.14,-5.02416e-06,-4.6615e-06,3.62658e-07,5.03442e-13
973536,0.000190606,0.000172168,3144.1,3.19628e-06,2.9767e-06,-2.19577e-07,-3.04816e-13
973536,0.000190542,0.000172415,3309.93,3.36485e-06,2.97673e-06,-3.88125e-07,-5.38794e-13
973536,9.34595e-05,0.000148365,-5031.68,-5.11518e-06,-4.66148e-06,4.53695e-07,6.29819e-13
973536,0.00019049,0.000172622,3446.35,3.50354e-06,2.97671e-06,-5.26829e-07,-7.31343e-13
1.94596e+06,9.29211e-05,5.19159e-05,-4954.08,-5.03629e-06,-4.67235e-06,3.63932e-07,5.05211e-13
1.94596e+06,9.28866e-05,5.17783e-05,-5044.28,-5.12799e-06,-4.67233e-06,4.55662e-07,6.3255e-13
1.94596e+06,0.000189941,2.75147e-05,3448.69,3.50592e-06,2.98447e-06,-5.21454e-07,-7.23882e-13
1.94596e+06,0.000189995,2.7721e-05,3309.65,3.36457e-06,2.98445e-06,-3.80121e-07,-5.27683e-13
1.94596e+06,9.29907e-05,5.21909e-05,-4771.54,-4.85072e-06,-4.67245e-06,1.78271e-07,2.47475e-13
1.94596e+06,0.00019,2.77411e-05,3296.01,3.35071e-06,2.98445e-06,-3.66259e-07,-5.08441e-13
1.94596e+06,0.0001901,2.81342e-05,3055.68,3.10638e-06,2.98443e-06,-1.21954e-07,-1.69296e-13
1.94596e+06,9.30303e-05,5.23446e-05,-4812.15,-4.892e-06,-4.67253e-06,2.19471e-07,3.0467e-13
1.94596e+06,9.30616e-05,5.24659e-05,-4924.22,-5.00594e-06,-4.67259e-06,3.33342e-07,4.62745e-13
1.94596e+06,0.000190202,2.85487e-05,3286.69,3.34123e-06,2.98452e-06,-3.56712e-07,-4.95187e-13
1.94596e+06,9.31307e-05,5.27415e-05,-4930.49,-5.01231e-06,-4.67269e-06,3.39622e-07,4.71463e-13
1.94596e+06,0.000190302,2.8964e-05,3288.64,3.34322e-06,2.98466e-06,-3.58558e-07,-4.9775e-13
1.94596e+06,9.3198e-05,5.30178e-05,-4934.17,-5.01605e-06,-4.67273e-06,3.4332e-07,4.76597e-13
1.94596e+06,0.000190401,2.93797e-05,3288.38,3.34295e-06,2.98479e-06,-3.58163e-07,-4.97202e-13
1.94596e+06,9.3264e-05,5.32945e-05,-4936.24,-5.01816e-06,-4.67273e-06,3.45427e-07,4.79521e-13
1.94596e+06,0.000190501,2.97955e-05,3286.87,3.34142e-06,2.98486e-06,-3.56553e-07,-4.94967e-13
1.94596e+06,9.33292e-05,5.35717e-05,-4937.13,-5.01906e-06,-4.67271e-06,3.46342e-07,4.80792e-13
1.94596e+06,0.000190604,3.0211e-05,3284.29,3.33879e-06,2.98482e-06,-3.53965e-07,-4.91374e-13
1.94596e+06,9.3394e-05,5.38492e-05,-4937.04,-5.01897e-06,-4.6727e-06,3.46272e-07,4.80694e-13
1.94596e+06,0.000190606,3.02185e-05,3284.24,3.33874e-06,2.98482e-06,-3.5392e-07,-4.91311e-13
1.94596e+06,0.000190707,3.06268e-05,3287.7,3.34226e-06,2.98478e-06,-3.5748e-07,-4.96253e-13
1.94596e+06,9.34589e-05,5.41268e-05,-4936.09,-5.018e-06,-4.67269e-06,3.45311e-07,4.79361e-13
1.94596e+06,0.000190805,3.10439e-05,3289.67,3.34427e-06,2.98484e-06,-3.59427e-07,-4.98956e-13
1.94596e+06,9.35243e-05,5.44045e-05,-4934.36,-5.01625e-06,-4.67272e-06,3.43525e-07,4.76881e-13
1.94596e+06,0.000190902,3.14617e-05,3290.31,3.34491e-06,2.98495e-06,-3.59967e-07,-4.99705e-13
1.94596e+06,9.35907e-05,5.46822e-05,-4931.91,-5.01376e-06,-4.67279e-06,3.40962e-07,4.73323e-13
1.94596e+06,0.000190998,3.188e-05,3289.78,3.34437e-06,2.98506e-06,-3.59313e-07,-4.98798e-13
1.94596e+06,9.36364e-05,5.48703e-05,-4929.95,-5.01176e-06,-4.67288e-06,3.38882e-07,4.70436e-13
1.94596e+06,9.36582e-05,5.49598e-05,-4931.18,-5.01301e-06,-4.67292e-06,3.40089e-07,4.72111e-13
1.94596e+06,0.000191095,3.22984e-05,3288.2,3.34277e-06,2.98511e-06,-3.57654e-07,-4.96495e-13
1.94596e+06,9.37243e-05,5.52379e-05,-4934.53,-5.01642e-06,-4.67301e-06,3.43414e-07,4.76726e-13
1.94596e+06,0.000191194,3.27166e-05,3285.74,3.34026e-06,2.98508e-06,-3.55185e-07,-4.93067e-13
1.94596e+06,9.37887e-05,5.55167e-05,-4936.96,-5.01889e-06,-4.67304e-06,3.45849e-07,4.80107e-13
1.94596e+06,0.000191212,3.27929e-05,3285.27,3.33979e-06,2.98506e-06,-3.54733e-07,-4.9244e-13
1.94596e+06,0.000191293,3.31349e-05,3288,3.34257e-06,2.985e-06,-3.57571e-07,-4.9638e-13
1.94596e+06,9.38518e-05,5.57959e-05,-4938.54,-5.0205e-06,-4.67304e-06,3.47453e-07,4.82334e-13
1.94596e+06,0.000191389,3.35544e-05,3290.13,3.34473e-06,2.98502e-06,-3.5971e-07,-4.99349e-13
1.94596e+06,9.3914e-05,5.60756e-05,-4939.32,-5.02129e-06,-4.67302e-06,3.48268e-07,4.83465e-13
1.94596e+06,0.000191483,3.39747e-05,3291.01,3.34562e-06,2.9851e-06,-3.60522e-07,-5.00476e-13
1.94596e+06,9.39756e-05,5.63555e-05,-4939.36,-5.02132e-06,-4.673e-06,3.48326e-07,4.83545e-13
1.94596e+06,0.000191576,3.43954e-05,3290.78,3.34539e-06,2.98519e-06,-3.60195e-07,-5.00023e-13
1.94596e+06,9.40371e-05,5.66356e-05,-4938.68,-5.02063e-06,-4.67298e-06,3.47652e-07,4.8261e-13
1.94596e+06,0.000191669,3.48164e-05,3289.56,3.34415e-06,2.98525e-06,-3.58895e-07,-4.98217e-13
1.94596e+06,9.40989e-05,5.69159e-05,-4937.32,-5.01926e-06,-4.67298e-06,3.46271e-07,4.80694e-13
1.94596e+06,0.000191763,3.52373e-05,3287.46,3.34202e-06,2.98524e-06,-3.5678e-07,-4.95281e-13
1.94596e+06,9.41613e-05,5.71963e-05,-4935.33,-5.01723e-06,-4.67302e-06,3.44207e-07,4.77828e-13
1.94596e+06,0.000191818,3.54756e-05,3286.05,3.34058e-06,2.98518e-06,-3.55396e-07,-4.93361e-13
1.94596e+06,0.00019186,3.56581e-05,3287.47,3.34202e-06,2.98513e-06,-3.56891e-07,-4.95435e-13
1.94596e+06,9.42246e-05,5.74766e-05,-4932.74,-5.0146e-06,-4.67311e-06,3.41486e-07,4.74051e-13
1.94596e+06,0.000191954,3.60798e-05,3290.02,3.34461e-06,2.9851e-06,-3.59512e-07,-4.99075e-13
1.94596e+06,9.42424e-05,5.75545e-05,-4931.98,-5.01382e-06,-4.67314e-06,3.40677e-07,4.72927e-13
1.94596e+06,9.42883e-05,5.7757e-05,-4934.45,-5.01633e-06,-4.67322e-06,3.43115e-07,4.76311e-13
1.94596e+06,0.000192045,3.65023e-05,3291.36,3.34598e-06,2.98515e-06,-3.60838e-07,-5.00914e-13
1.94596e+06,9.43503e-05,5.8038e-05,-4937.23,-5.01916e-06,-4.67328e-06,3.45886e-07,4.80159e-13
1.94596e+06,0.000192135,3.69255e-05,3291.64,3.34627e-06,2.98522e-06,-3.61047e-07,-5.01205e-13
1.94596e+06,9.44107e-05,5.83195e-05,-4939.24,-5.02121e-06,-4.6733e-06,3.47912e-07,4.82971e-13
1.94596e+06,0.000192224,3.7349e-05,3290.96,3.34557e-06,2.98528e-06,-3.6029e-07,-5.00154e-13
1.94596e+06,9.447e-05,5.86015e-05,-4940.53,-5.02252e-06,-4.67329e-06,3.4923e-07,4.84801e-13
1.94596e+06,0.000192314,3.77726e-05,3289.42,3.344e-06,2.9853e-06,-3.58703e-07,-4.97951e-13
1.94596e+06,9.45285e-05,5.88837e-05,-4941.14,-5.02313e-06,-4.67326e-06,3.49871e-07,4.8569e-13
1.94596e+06,0.000192406,3.81961e-05,3287.11,3.34166e-06,2.98523e-06,-3.56426e-07,-4.9479e-13
1.94596e+06,9.45866e-05,5.91663e-05,-4941.1,-5.02309e-06,-4.67323e-06,3.49857e-07,4.85672e-13
1.94596e+06,0.000192424,3.82806e-05,3286.63,3.34117e-06,2.98521e-06,-3.55965e-07,-4.9415e-13
1.94596e+06,0.000192498,3.86197e-05,3289.04,3.34362e-06,2.98513e-06,-3.58493e-07,-4.9766e-13
1.94596e+06,9.46445e-05,5.94491e-05,-4940.44,-5.02243e-06,-4.67322e-06,3.49211e-07,4.84774e-13
1.94596e+06,0.000192587,3.90443e-05,3291.07,3.34568e-06,2.98511e-06,-3.6057e-07,-5.00543e-13
1.94596e+06,9.47027e-05,5.9732e-05,-4939.2,-5.02116e-06,-4.67322e-06,3.47949e-07,4.83022e-13
1.94596e+06,0.000192674,3.94697e-05,3292.05,3.34668e-06,2.98515e-06,-3.61528e-07,-5.01872e-13
1.94596e+06,9.47612e-05,6.00149e-05,-4937.4,-5.01934e-06,-4.67325e-06,3.46089e-07,4.80441e-13
1.94596e+06,0.00019276,3.98956e-05,3292.09,3.34672e-06,2.98521e-06,-3.61511e-07,-5.01848e-13
1.94596e+06,9.48206e-05,6.02979e-05,-4935.07,-5.01697e-06,-4.67332e-06,3.43653e-07,4.77058e-13
1.94596e+06,0.000192845,4.03217e-05,3291.28,3.34589e-06,2.98525e-06,-3.60642e-07,-5.00643e-13
1.94596e+06,9.48485e-05,6.04297e-05,-4933.88,-5.01576e-06,-4.67337e-06,3.42391e-07,4.75307e-13
1.94596e+06,9.48805e-05,6.0581e-05,-4935.57,-5.01748e-06,-4.67342e-06,3.44058e-07,4.77621e-13
1.94596e+06,0.000192931,4.0748e-05,3289.69,3.34428e-06,2.98524e-06,-3.59037e-07,-4.98414e-13
1.94596e+06,9.49389e-05,6.08645e-05,-4938.3,-5.02025e-06,-4.67348e-06,3.46768e-07,4.81383e-13
1.94596e+06,0.00019302,4.11741e-05,3287.41,3.34197e-06,2.98516e-06,-3.56811e-07,-4.95325e-13
1.94596e+06,9.49959e-05,6.11485e-05,-4940.36,-5.02234e-06,-4.67351e-06,3.48835e-07,4.84252e-13
1.94596e+06,0.00019303,4.12257e-05,3287.13,3.34168e-06,2.98514e-06,-3.56543e-07,-4.94953e-13
1.94596e+06,0.000193108,4.16005e-05,3289.61,3.3442e-06,2.98505e-06,-3.59156e-07,-4.98579e-13
1.94596e+06,9.50517e-05,6.1433e-05,-4941.79,-5.02379e-06,-4.6735e-06,3.50289e-07,4.86271e-13
1.94596e+06,0.000193193,4.20278e-05,3291.49,3.34611e-06,2.98502e-06,-3.61095e-07,-5.01271e-13
1.94596e+06,9.51067e-05,6.17177e-05,-4942.62,-5.02464e-06,-4.67348e-06,3.51157e-07,4.87475e-13
1.94596e+06,0.000193276,4.24558e-05,3292.44,3.34707e-06,2.98504e-06,-3.62032e-07,-5.02573e-13
1.94596e+06,9.51611e-05,6.20027e-05,-4942.89,-5.02491e-06,-4.67346e-06,3.51458e-07,4.87893e-13
1.94596e+06,0.000193357,4.28842e-05,3292.53,3.34717e-06,2.98508e-06,-3.62089e-07,-5.02652e-13
1.94596e+06,9.52152e-05,6.2288e-05,-4942.62,-5.02464e-06,-4.67343e-06,3.5121e-07,4.87549e-13
1.94596e+06,0.000193439,4.33129e-05,3291.86,3.34648e-06,2.98511e-06,-3.6137e-07,-5.01654e-13
1.94596e+06,9.52691e-05,6.25734e-05,-4941.84,-5.02384e-06,-4.67342e-06,3.50428e-07,4.86464e-13
1.94596e+06,0.000193521,4.37418e-05,3290.47,3.34507e-06,2.9851e-06,-3.59971e-07,-4.99711e-13
1.94596e+06,9.53233e-05,6.2859e-05,-4940.56,-5.02255e-06,-4.67342e-06,3.49126e-07,4.84656e-13
1.94596e+06,0.000193604,4.41707e-05,3288.44,3.34301e-06,2.98503e-06,-3.57985e-07,-4.96954e-13
1.94596e+06,9.53779e-05,6.31446e-05,-4938.81,-5.02077e-06,-4.67345e-06,3.47318e-07,4.82146e-13
1.94596e+06,0.000193636,4.43335e-05,3287.59,3.34215e-06,2.98497e-06,-3.57173e-07,-4.95828e-13
1.94596e+06,0.000193689,4.45996e-05,3289.26,3.34384e-06,2.9849e-06,-3.58949e-07,-4.98293e-13
1.94596e+06,9.5433e-05,6.34303e-05,-4936.62,-5.01854e-06,-4.67352e-06,3.45017e-07,4.78952e-13
1.94596e+06,0.00019377,4.50294e-05,3291.3,3.34592e-06,2.98484e-06,-3.61086e-07,-5.01259e-13
1.94596e+06,9.54545e-05,6.35408e-05,-4935.7,-5.01761e-06,-4.67356e-06,3.4405e-07,4.7761e-13
1.94596e+06,9.54885e-05,6.37161e-05,-4937.46,-5.01939e-06,-4.67361e-06,3.4578e-07,4.80011e-13
1.94596e+06,0.00019385,4.54597e-05,3292.49,3.34713e-06,2.98483e-06,-3.62298e-07,-5.02941e-13
1.94596e+06,9.55427e-05,6.40024e-05,-4939.92,-5.0219e-06,-4.67367e-06,3.48226e-07,4.83407e-13
1.94596e+06,0.000193928,4.58906e-05,3292.9,3.34754e-06,2.98485e-06,-3.6269e-07,-5.03486e-13
1.94596e+06,9.55954e-05,6.4289e-05,-4941.82,-5.02383e-06,-4.67369e-06,3.50139e-07,4.86062e-13
1.94596e+06,0.000194005,4.63219e-05,3292.59,3.34723e-06,2.98488e-06,-3.62354e-07,-5.0302e-13
1.94596e+06,9.56472e-05,6.4576e-05,-4943.2,-5.02523e-06,-4.67369e-06,3.51542e-07,4.8801e-13
1.94596e+06,0.000194082,4.67533e-05,3291.62,3.34625e-06,2.98488e-06,-3.61371e-07,-5.01654e-13
1.94596e+06,9.5698e-05,6.48633e-05,-4944.08,-5.02613e-06,-4.67367e-06,3.52455e-07,4.89277e-13
1.94596e+06,0.00019416,4.71849e-05,3290.05,3.34465e-06,2.98483e-06,-3.59816e-07,-4.99496e-13
1.94596e+06,9.57483e-05,6.51509e-05,-4944.49,-5.02654e-06,-4.67365e-06,3.52893e-07,4.89885e-13
1.94596e+06,0.00019424,4.76164e-05,3287.92,3.34248e-06,2.98471e-06,-3.57765e-07,-4.96649e-13
1.94596e+06,9.57981e-05,6.54387e-05,-4944.44,-5.02649e-06,-4.67362e-06,3.52871e-07,4.89855e-13
1.94596e+06,0.000194242,4.7632e-05,3287.84,3.3424e-06,2.98471e-06,-3.57693e-07,-4.96549e-13
1.94596e+06,0.000194319,4.80483e-05,3290.2,3.3448e-06,2.98459e-06,-3.60207e-07,-5.00039e-13
1.94596e+06,9.58477e-05,6.57267e-05,-4943.96,-5.026e-06,-4.6736e-06,3.52401e-07,4.89202e-13
1.94596e+06,0.000194395,4.84809e-05,3291.87,3.3465e-06,2.98454e-06,-3.61962e-07,-5.02475e-13
1.94596e+06,9.58972e-05,6.60148e-05,-4943.06,-5.02509e-06,-4.67359e-06,3.51494e-07,4.87944e-13
1.94596e+06,0.000194469,4.8914e-05,3292.82,3.34746e-06,2.98453e-06,-3.62934e-07,-5.03824e-13
1.94596e+06,9.59469e-05,6.63031e-05,-4941.76,-5.02377e-06,-4.6736e-06,3.50161e-07,4.86093e-13
1.94596e+06,0.000194543,4.93476e-05,3293.1,3.34774e-06,2.98454e-06,-3.63205e-07,-5.04201e-13
1.94596e+06,9.5997e-05,6.65914e-05,-4940.07,-5.02205e-06,-4.67364e-06,3.48411e-07,4.83664e-13
1.94596e+06,0.000194615,4.97815e-05,3292.75,3.3474e-06,2.98455e-06,-3.62848e-07,-5.03705e-13
1.94596e+06,9.60475e-05,6.68799e-05,-4938.02,-5.01996e-06,-4.67371e-06,3.46254e-07,4.8067e-13
1.94596e+06,0.000194688,5.02156e-05,3291.83,3.34646e-06,2.98453e-06,-3.61926e-07,-5.02426e-13
1.94596e+06,9.60606e-05,6.69545e-05,-4937.46,-5.0194e-06,-4.67373e-06,3.45666e-07,4.79853e-13
1.94596e+06,9.6098e-05,6.71684e-05,-4939.35,-5.02131e-06,-4.67379e-06,3.47524e-07,4.82432e-13
1.94596e+06,0.000194761,5.06499e-05,3290.38,3.34498e-06,2.98448e-06,-3.60501e-07,-5.00447e-13
1.94596e+06,9.61472e-05,6.74574e-05,-4941.52,-5.02352e-06,-4.67384e-06,3.49684e-07,4.85431e-13
1.94596e+06,0.000194835,5.10842e-05,3288.43,3.343e-06,2.98437e-06,-3.5863e-07,-4.9785e-13
1.94596e+06,9.61953e-05,6.77467e-05,-4943.25,-5.02528e-06,-4.67386e-06,3.51418e-07,4.87837e-13
1.94596e+06,0.000194848,5.1161e-05,3288.07,3.34263e-06,2.98434e-06,-3.58293e-07,-4.97382e-13
1.94596e+06,0.00019491,5.15187e-05,3289.94,3.34454e-06,2.98423e-06,-3.60307e-07,-5.00177e-13
1.94596e+06,9.62423e-05,6.80363e-05,-4944.55,-5.0266e-06,-4.67386e-06,3.52741e-07,4.89675e-13
1.94596e+06,0.000194981,5.19538e-05,3291.63,3.34626e-06,2.98416e-06,-3.62099e-07,-5.02665e-13
1.94596e+06,9.62886e-05,6.83262e-05,-4945.45,-5.02752e-06,-4.67385e-06,3.53669e-07,4.90963e-13
1.94596e+06,0.000195051,5.23894e-05,3292.69,3.34733e-06,2.98413e-06,-3.63202e-07,-5.04197e-13
1.94596e+06,9.63342e-05,6.86163e-05,-4945.96,-5.02804e-06,-4.67382e-06,3.54214e-07,4.91719e-13
1.94596e+06,0.00019512,5.28255e-05,3293.15,3.3478e-06,2.98412e-06,-3.63684e-07,-5.04866e-13
1.94596e+06,9.63793e-05,6.89066e-05,-4946.11,-5.02819e-06,-4.6738e-06,3.54387e-07,4.91959e-13
1.94596e+06,0.000195188,5.32619e-05,3293.07,3.34772e-06,2.98411e-06,-3.63604e-07,-5.04755e-13
1.94596e+06,9.6424e-05,6.91971e-05,-4945.9,-5.02797e-06,-4.67378e-06,3.54198e-07,4.91698e-13
1.94596e+06,0.000195255,5.36986e-05,3292.48,3.34712e-06,2.9841e-06,-3.63015e-07,-5.03937e-13
1.94596e+06,9.64686e-05,6.94878e-05,-4945.35,-5.02742e-06,-4.67376e-06,3.53657e-07,4.90947e-13
1.94596e+06,0.000195323,5.41355e-05,3291.41,3.34603e-06,2.98406e-06,-3.61965e-07,-5.0248e-13
1.94596e+06,9.65131e-05,6.97787e-05,-4944.48,-5.02653e-06,-4.67375e-06,3.52772e-07,4.89718e-13
1.94596e+06,0.000195391,5.45724e-05,3289.89,3.34448e-06,2.98398e-06,-3.60499e-07,-5.00445e-13
1.94596e+06,9.65576e-05,7.00696e-05,-4943.29,-5.02532e-06,-4.67377e-06,3.5155e-07,4.88022e-13
1.94596e+06,0.000195455,5.49738e-05,3288.13,3.3427e-06,2.98386e-06,-3.5884e-07,-4.98142e-13
1.94596e+06,0.00019546,5.50095e-05,3288.31,3.34288e-06,2.98385e-06,-3.59032e-07,-4.98408e-13
1.94596e+06,9.66023e-05,7.03607e-05,-4941.79,-5.0238e-06,-4.6738e-06,3.49999e-07,4.85869e-13
1.94596e+06,0.000195529,5.54468e-05,3290.32,3.34492e-06,2.98372e-06,-3.612e-07,-5.01417e-13
1.94596e+06,9.66473e-05,7.06519e-05,-4940,-5.02198e-06,-4.67386e-06,3.48126e-07,4.83268e-13
1.94596e+06,0.000195595,5.58847e-05,3291.76,3.34639e-06,2.98365e-06,-3.62742e-07,-5.03558e-13
1.94596e+06,9.66667e-05,7.07768e-05,-4939.19,-5.02115e-06,-4.67389e-06,3.47261e-07,4.82067e-13
1.94596e+06,9.66924e-05,7.09432e-05,-4940.46,-5.02244e-06,-4.67393e-06,3.48512e-07,4.83804e-13
1.94596e+06,0.000195659,5.63231e-05,3292.68,3.34732e-06,2.98361e-06,-3.63715e-07,-5.04909e-13
1.94596e+06,9.67364e-05,7.12348e-05,-4942.45,-5.02447e-06,-4.67398e-06,3.50487e-07,4.86545e-13
1.94596e+06,0.000195722,5.67618e-05,3293.11,3.34776e-06,2.98359e-06,-3.64172e-07,-5.05543e-13
1.94596e+06,9.67794e-05,7.15266e-05,-4944.09,-5.02614e-06,-4.67401e-06,3.52131e-07,4.88828e-13
1.94596e+06,0.000195785,5.72009e-05,3293.08,3.34773e-06,2.98357e-06,-3.64156e-07,-5.05521e-13
1.94596e+06,9.68214e-05,7.18188e-05,-4945.41,-5.02747e-06,-4.67401e-06,3.53459e-07,4.90672e-13
1.94596e+06,0.000195846,5.76402e-05,3292.62,3.34726e-06,2.98355e-06,-3.6371e-07,-5.04901e-13
1.94596e+06,9.68626e-05,7.21111e-05,-4946.41,-5.02849e-06,-4.67401e-06,3.54481e-07,4.9209e-13
1.94596e+06,0.000195908,5.80797e-05,3291.76,3.34638e-06,2.98351e-06,-3.62869e-07,-5.03735e-13
1.94596e+06,9.69031e-05,7.24037e-05,-4947.1,-5.0292e-06,-4.67399e-06,3.55206e-07,4.93096e-13
1.94596e+06,0.00019597,5.85193e-05,3290.51,3.34511e-06,2.98344e-06,-3.6167e-07,-5.02069e-13
1.94596e+06,9.6943e-05,7.26965e-05,-4947.51,-5.02962e-06,-4.67397e-06,3.55643e-07,4.93703e-13
1.94596e+06,0.000196033,5.8959e-05,3288.89,3.34347e-06,2.98333e-06,-3.60142e-07,-4.99948e-13
1.94596e+06,9.69825e-05,7.29895e-05,-4947.65,-5.02975e-06,-4.67395e-06,3.55802e-07,4.93924e-13
1.94596e+06,0.000196061,5.91508e-05,3288.12,3.34269e-06,2.98326e-06,-3.59424e-07,-4.98952e-13
1.94596e+06,0.000196096,5.93989e-05,3289.19,3.34377e-06,2.98318e-06,-3.60586e-07,-5.00565e-13
1.94596e+06,9.70216e-05,7.32827e-05,-4947.52,-5.02962e-06,-4.67393e-06,3.55689e-07,4.93767e-13
1.94596e+06,0.000196157,5.98393e-05,3290.77,3.34538e-06,2.98308e-06,-3.623e-07,-5.02945e-13
1.94596e+06,9.70604e-05,7.3576e-05,-4947.13,-5.02922e-06,-4.67391e-06,3.55313e-07,4.93245e-13
1.94596e+06,0.000196217,6.028e-05,3291.91,3.34654e-06,2.98301e-06,-3.63527e-07,-5.04648e-13
1.94596e+06,9.7099e-05,7.38695e-05,-4946.5,-5.02858e-06,-4.6739e-06,3.54679e-07,4.92365e-13
1.94596e+06,0.000196275,6.07211e-05,3292.63,3.34727e-06,2.98297e-06,-3.64307e-07,-5.05731e-13
1.94596e+06,9.71375e-05,7.4163e-05,-4945.63,-5.0277e-06,-4.6739e-06,3.53795e-07,4.91138e-13
1.94596e+06,0.000196332,6.11626e-05,3292.97,3.34761e-06,2.98294e-06,-3.64676e-07,-5.06243e-13
1.94596e+06,9.71759e-05,7.44568e-05,-4944.53,-5.02658e-06,-4.67392e-06,3.52666e-07,4.8957e-13
1.94596e+06,0.000196388,6.16043e-05,3292.94,3.34758e-06,2.98291e-06,-3.64668e-07,-5.06232e-13
1.94596e+06,9.72144e-05,7.47506e-05,-4943.22,-5.02525e-06,-4.67395e-06,3.51297e-07,4.8767e-13
1.94596e+06,0.000196444,6.20462e-05,3292.56,3.3472e-06,2.98288e-06,-3.64313e-07,-5.05739e-13
1.94596e+06,9.72529e-05,7.50445e-05,-4941.69,-5.02369e-06,-4.674e-06,3.49695e-07,4.85446e-13
1.94596e+06,0.000196499,6.24884e-05,3291.85,3.34648e-06,2.98284e-06,-3.63638e-07,-5.04802e-13
1.94596e+06,9.72727e-05,7.51955e-05,-4940.85,-5.02284e-06,-4.67403e-06,3.4881e-07,4.84217e-13
1.94596e+06,9.72915e-05,7.53386e-05,-4941.76,-5.02376e-06,-4.67406e-06,3.49702e-07,4.85455e-13
1.94596e+06,0.000196555,6.29307e-05,3290.83,3.34544e-06,2.98277e-06,-3.62669e-07,-5.03457e-13
1.94596e+06,9.73292e-05,7.56328e-05,-4943.47,-5.02551e-06,-4.67411e-06,3.51398e-07,4.8781e-13
1.94596e+06,0.00019661,6.33731e-05,3289.52,3.34411e-06,2.98268e-06,-3.61428e-07,-5.01733e-13
1.94596e+06,9.73659e-05,7.59273e-05,-4944.94,-5.027e-06,-4.67414e-06,3.52859e-07,4.89839e-13
1.94596e+06,0.000196667,6.38157e-05,3287.92,3.34248e-06,2.98255e-06,-3.59936e-07,-4.99663e-13
1.94596e+06,9.74018e-05,7.62221e-05,-4946.17,-5.02825e-06,-4.67415e-06,3.54095e-07,4.91555e-13
1.94596e+06,0.000196667,6.38161e-05,3287.92,3.34248e-06,2.98255e-06,-3.59935e-07,-4.99661e-13
1.94596e+06,0.000196722,6.42585e-05,3289.54,3.34413e-06,2.98242e-06,-3.6171e-07,-5.02125e-13
1.94596e+06,9.7437e-05,7.6517e-05,-4947.17,-5.02927e-06,-4.67415e-06,3.55113e-07,4.92967e-13
1.94596e+06,0.000196776,6.47017e-05,3290.8,3.34541e-06,2.98232e-06,-3.63089e-07,-5.04039e-13
1.94596e+06,9.74714e-05,7.68121e-05,-4947.96,-5.03007e-06,-4.67415e-06,3.5592e-07,4.94087e-13
1.94596e+06,0.000196828,6.51452e-05,3291.73,3.34636e-06,2.98226e-06,-3.64101e-07,-5.05444e-13
1.94596e+06,9.75053e-05,7.71073e-05,-4948.54,-5.03066e-06,-4.67413e-06,3.56523e-07,4.94925e-13
1.94596e+06,0.000196879,6.5589e-05,3292.35,3.34698e-06,2.98221e-06,-3.64773e-07,-5.06378e-13
1.94596e+06,9.75386e-05,7.74028e-05,-4948.92,-5.03105e-06,-4.67412e-06,3.56929e-07,4.95489e-13
1.94596e+06,0.000196929,6.60331e-05,3292.66,3.3473e-06,2.98217e-06,-3.65132e-07,-5.06876e-13
1.94596e+06,9.75714e-05,7.76984e-05,-4949.11,-5.03124e-06,-4.6741e-06,3.57145e-07,4.95788e-13
1.94596e+06,0.000196979,6.64774e-05,3292.7,3.34734e-06,2.98214e-06,-3.65201e-07,-5.06971e-13
1.94596e+06,9.76038e-05,7.79941e-05,-4949.13,-5.03125e-06,-4.67408e-06,3.57176e-07,4.95832e-13
1.94596e+06,0.000197027,6.69219e-05,3292.47,3.3471e-06,2.9821e-06,-3.65001e-07,-5.06694e-13
1.94596e+06,9.76359e-05,7.829e-05,-4948.96,-5.03109e-06,-4.67406e-06,3.57029e-07,4.95628e-13
1.94596e+06,0.000197076,6.73667e-05,3291.99,3.34661e-06,2.98206e-06,-3.64553e-07,-5.06072e-13
1.94596e+06,9.76676e-05,7.8586e-05,-4948.64,-5.03076e-06,-4.67405e-06,3.5671e-07,4.95184e-13
1.94596e+06,0.000197124,6.78116e-05,3291.26,3.34588e-06,2.98201e-06,-3.63875e-07,-5.05131e-13
1.94596e+06,9.7699e-05,7.88822e-05,-4948.15,-5.03026e-06,-4.67404e-06,3.56223e-07,4.94508e-13
1.94596e+06,0.000197172,6.82567e-05,3290.32,3.34492e-06,2.98193e-06,-3.62984e-07,-5.03893e-13
1.94596e+06,9.77302e-05,7.91784e-05,-4947.51,-5.02961e-06,-4.67404e-06,3.55574e-07,4.93608e-13
1.94596e+06,0.00019722,6.87019e-05,3289.15,3.34373e-06,2.98184e-06,-3.61894e-07,-5.0238e-13
1.94596e+06,9.77612e-05,7.94748e-05,-4946.72,-5.02881e-06,-4.67404e-06,3.54769e-07,4.92489e-13
1.94596e+06,0.000197268,6.91472e-05,3287.78,3.34233e-06,2.98172e-06,-3.60619e-07,-5.00612e-13
1.94596e+06,9.7792e-05,7.97713e-05,-4945.8,-5.02787e-06,-4.67406e-06,3.53811e-07,4.9116e-13
1.94596e+06,0.000197273,6.91932e-05,3287.63,3.34219e-06,2.9817e-06,-3.60487e-07,-5.00428e-13
1.94596e+06,0.000197315,6.95927e-05,3288.86,3.34344e-06,2.98159e-06,-3.61848e-07,-5.02317e-13
1.94596e+06,9.78226e-05,8.00679e-05,-4944.74,-5.02679e-06,-4.67409e-06,3.52707e-07,4.89627e-13
1.94596e+06,0.000197362,7.00386e-05,3289.99,3.34459e-06,2.98149e-06,-3.631e-07,-5.04055e-13
1.94596e+06,9.78532e-05,8.03646e-05,-4943.55,-5.02558e-06,-4.67412e-06,3.5146e-07,4.87897e-13
1.94596e+06,0.000197406,7.04847e-05,3290.89,3.3455e-06,2.98141e-06,-3.64084e-07,-5.05421e-13
1.94596e+06,9.78788e-05,8.06143e-05,-4942.46,-5.02448e-06,-4.67416e-06,3.50314e-07,4.86305e-13
1.94596e+06,9.78836e-05,8.06614e-05,-4942.69,-5.02471e-06,-4.67417e-06,3.50539e-07,4.86618e-13
1.94596e+06,0.00019745,7.0931e-05,3291.55,3.34617e-06,2.98135e-06,-3.64818e-07,-5.0644e-13
1.94596e+06,9.79135e-05,8.09583e-05,-4944.08,-5.02613e-06,-4.67422e-06,3.51913e-07,4.88525e-13
1.94596e+06,0.000197493,7.13776e-05,3292,3.34663e-06,2.98131e-06,-3.6532e-07,-5.07137e-13
1.94596e+06,9.79426e-05,8.12554e-05,-4945.32,-5.02739e-06,-4.67425e-06,3.5314e-07,4.90228e-13
1.94596e+06,0.000197534,7.18244e-05,3292.24,3.34687e-06,2.98127e-06,-3.65608e-07,-5.07536e-13
1.94596e+06,9.7971e-05,8.15527e-05,-4946.41,-5.02849e-06,-4.67427e-06,3.54226e-07,4.91736e-13
1.94596e+06,0.000197575,7.22714e-05,3292.29,3.34693e-06,2.98123e-06,-3.65696e-07,-5.07659e-13
1.94596e+06,9.79986e-05,8.18501e-05,-4947.36,-5.02946e-06,-4.67428e-06,3.55177e-07,4.93057e-13
1.94596e+06,0.000197616,7.27186e-05,3292.16,3.34679e-06,2.98119e-06,-3.656e-07,-5.07525e-13
1.94596e+06,9.80257e-05,8.21477e-05,-4948.17,-5.03028e-06,-4.67428e-06,3.55999e-07,4.94197e-13
1.94596e+06,0.000197656,7.31659e-05,3291.86,3.34648e-06,2.98115e-06,-3.65332e-07,-5.07153e-13
1.94596e+06,9.80521e-05,8.24454e-05,-4948.85,-5.03098e-06,-4.67428e-06,3.56696e-07,4.95165e-13
1.94596e+06,0.000197695,7.36134e-05,3291.39,3.34601e-06,2.98111e-06,-3.64905e-07,-5.0656e-13
1.94596e+06,9.80779e-05,8.27432e-05,-4949.41,-5.03155e-06,-4.67427e-06,3.57273e-07,4.95966e-13
1.94596e+06,0.000197734,7.40611e-05,3290.77,3.34538e-06,2.98105e-06,-3.6433e-07,-5.05763e-13
1.94596e+06,9.81032e-05,8.30412e-05,-4949.86,-5.032e-06,-4.67427e-06,3.57736e-07,4.96609e-13
1.94596e+06,0.000197773,7.45089e-05,3290.01,3.3446e-06,2.98098e-06,-3.63619e-07,-5.04776e-13
1.94596e+06,9.8128e-05,8.33392e-05,-4950.2,-5.03234e-06,-4.67425e-06,3.58089e-07,4.97099e-13
1.94596e+06,0.000197811,7.49568e-05,3289.1,3.34368e-06,2.9809e-06,-3.62781e-07,-5.03612e-13
1.94596e+06,9.81523e-05,8.36374e-05,-4950.43,-5.03258e-06,-4.67424e-06,3.58337e-07,4.97443e-13
1.94596e+06,0.000197849,7.54049e-05,3288.07,3.34263e-06,2.9808e-06,-3.61825e-07,-5.02286e-13
1.94596e+06,9.81762e-05,8.39357e-05,-4950.56,-5.03271e-06,-4.67423e-06,3.58485e-07,4.97648e-13
1.94596e+06,0.000197879,7.57498e-05,3287.2,3.34175e-06,2.98072e-06,-3.61027e-07,-5.01178e-13
1.94596e+06,0.000197888,7.58531e-05,3287.45,3.342e-06,2.98069e-06,-3.6131e-07,-5.0157e-13
1.94596e+06,9.81996e-05,8.42341e-05,-4950.6,-5.03275e-06,-4.67421e-06,3.58537e-07,4.97721e-13
1.94596e+06,0.000197925,7.63014e-05,3288.47,3.34304e-06,2.98059e-06,-3.62456e-07,-5.03161e-13
1.94596e+06,9.82226e-05,8.45326e-05,-4950.54,-5.0327e-06,-4.6742e-06,3.58498e-07,4.97666e-13
1.94596e+06,0.000197961,7.675e-05,3289.34,3.34393e-06,2.9805e-06,-3.63424e-07,-5.04505e-13
1.94596e+06,9.82452e-05,8.48312e-05,-4950.41,-5.03256e-06,-4.67419e-06,3.58372e-07,4.97491e-13
1.94596e+06,0.000197996,7.71988e-05,3290.06,3.34466e-06,2.98043e-06,-3.64227e-07,-5.0562e-13
1.94596e+06,9.82675e-05,8.51299e-05,-4950.19,-5.03234e-06,-4.67418e-06,3.58163e-07,4.97202e-13
1.94596e+06,0.00019803,7.76478e-05,3290.64,3.34525e-06,2.98037e-06,-3.64876e-07,-5.0652e-13
1.94596e+06,9.82893e-05,8.54287e-05,-4949.9,-5.03205e-06,-4.67417e-06,3.57876e-07,4.96804e-13
1.94596e+06,0.000198063,7.80969e-05,3291.09,3.3457e-06,2.98032e-06,-3.65382e-07,-5.07223e-13
1.94596e+06,9.83108e-05,8.57276e-05,-4949.54,-5.03168e-06,-4.67416e-06,3.57516e-07,4.96303e-13
1.94596e+06,0.000198095,7.85462e-05,3291.41,3.34603e-06,2.98028e-06,-3.65756e-07,-5.07742e-13
1.94596e+06,9.83319e-05,8.60266e-05,-4949.12,-5.03125e-06,-4.67416e-06,3.57085e-07,4.95704e-13
1.94596e+06,0.000198126,7.89956e-05,3291.62,3.34625e-06,2.98024e-06,-3.66007e-07,-5.0809e-13
1.94596e+06,9.83527e-05,8.63257e-05,-4948.63,-5.03075e-06,-4.67417e-06,3.56588e-07,4.95015e-13
1.94596e+06,0.000198157,7.94452e-05,3291.72,3.34635e-06,2.9802e-06,-3.66144e-07,-5.08281e-13
1.94596e+06,9.83732e-05,8.66248e-05,-4948.09,-5.0302e-06,-4.67417e-06,3.56029e-07,4.94239e-13
1.94596e+06,0.000198187,7.9895e-05,3291.72,3.34635e-06,2.98017e-06,-3.66177e-07,-5.08327e-13
1.94596e+06,9.83933e-05,8.69241e-05,-4947.49,-5.02959e-06,-4.67418e-06,3.55412e-07,4.93383e-13
1.94596e+06,0.000198216,8.03448e-05,3291.63,3.34625e-06,2.98014e-06,-3.66114e-07,-5.08239e-13
1.94596e+06,9.84131e-05,8.72234e-05,-4946.85,-5.02894e-06,-4.6742e-06,3.54742e-07,4.92452e-13
1.94596e+06,0.000198245,8.07948e-05,3291.44,3.34606e-06,2.9801e-06,-3.65962e-07,-5.08029e-13
1.94596e+06,9.84325e-05,8.75228e-05,-4946.16,-5.02824e-06,-4.67421e-06,3.54021e-07,4.91451e-13
1.94596e+06,0.000198273,8.1245e-05,3291.18,3.34579e-06,2.98006e-06,-3.6573e-07,-5.07705e-13
1.94596e+06,9.84517e-05,8.78223e-05,-4945.42,-5.02749e-06,-4.67424e-06,3.53254e-07,4.90387e-13
1.94596e+06,0.000198301,8.16952e-05,3290.84,3.34545e-06,2.98002e-06,-3.65423e-07,-5.07279e-13
1.94596e+06,9.84705e-05,8.81218e-05,-4944.65,-5.02671e-06,-4.67426e-06,3.52445e-07,4.89263e-13
1.94596e+06,0.000198328,8.21455e-05,3290.42,3.34503e-06,2.97998e-06,-3.65048e-07,-5.06759e-13
1.94596e+06,9.84848e-05,8.83552e-05,-4944.04,-5.02608e-06,-4.67429e-06,3.51793e-07,4.88358e-13
1.94596e+06,9.84889e-05,8.84215e-05,-4944.23,-5.02627e-06,-4.67429e-06,3.5198e-07,4.88618e-13
1.94596e+06,0.000198354,8.2596e-05,3289.95,3.34454e-06,2.97993e-06,-3.64612e-07,-5.06154e-13
1.94596e+06,9.85069e-05,8.87212e-05,-4945.05,-5.02711e-06,-4.67432e-06,3.52793e-07,4.89746e-13
1.94596e+06,0.00019838,8.30466e-05,3289.41,3.344e-06,2.97988e-06,-3.64121e-07,-5.05472e-13
1.94596e+06,9.85242e-05,8.9021e-05,-4945.81,-5.02789e-06,-4.67434e-06,3.53543e-07,4.90788e-13
1.94596e+06,0.000198406,8.34973e-05,3288.82,3.3434e-06,2.97982e-06,-3.63579e-07,-5.0472e-13
1.94596e+06,9.8541e-05,8.93209e-05,-4946.51,-5.02859e-06,-4.67436e-06,3.54233e-07,4.91746e-13
1.94596e+06,0.000198431,8.3948e-05,3288.18,3.34275e-06,2.97975e-06,-3.62993e-07,-5.03906e-13
1.94596e+06,9.85572e-05,8.96209e-05,-4947.15,-5.02924e-06,-4.67437e-06,3.54867e-07,4.92626e-13
1.94596e+06,0.000198455,8.43989e-05,3287.5,3.34205e-06,2.97968e-06,-3.62367e-07,-5.03038e-13
1.94596e+06,9.85729e-05,8.99209e-05,-4947.73,-5.02983e-06,-4.67439e-06,3.55448e-07,4.93432e-13
1.94596e+06,0.000198479,8.48499e-05,3286.77,3.34132e-06,2.97961e-06,-3.61707e-07,-5.02121e-13
1.94596e+06,9.85881e-05,9.0221e-05,-4948.26,-5.03037e-06,-4.67439e-06,3.55978e-07,4.94168e-13
1.94596e+06,0.000198485,8.49558e-05,3286.6,3.34114e-06,2.97959e-06,-3.61553e-07,-5.01908e-13
1.94596e+06,0.000198503,8.5301e-05,3287.11,3.34166e-06,2.97953e-06,-3.62125e-07,-5.02701e-13
1.94596e+06,9.86027e-05,9.05212e-05,-4948.74,-5.03086e-06,-4.6744e-06,3.5646e-07,4.94837e-13
1.94596e+06,0.000198525,8.57522e-05,3287.71,3.34227e-06,2.97947e-06,-3.62802e-07,-5.03641e-13
1.94596e+06,9.86168e-05,9.08215e-05,-4949.17,-5.0313e-06,-4.6744e-06,3.56897e-07,4.95444e-13
1.94596e+06,0.000198547,8.62035e-05,3288.24,3.34281e-06,2.97941e-06,-3.63404e-07,-5.04477e-13
1.94596e+06,9.86304e-05,9.11218e-05,-4949.56,-5.0317e-06,-4.6744e-06,3.57292e-07,4.95993e-13
1.94596e+06,0.000198568,8.66549e-05,3288.71,3.34329e-06,2.97935e-06,-3.63936e-07,-5.05215e-13
1.94596e+06,9.86436e-05,9.14222e-05,-4949.91,-5.03205e-06,-4.6744e-06,3.57648e-07,4.96487e-13
1.94596e+06,0.000198588,8.71064e-05,3289.13,3.34371e-06,2.97931e-06,-3.64403e-07,-5.05864e-13
1.94596e+06,9.86562e-05,9.17227e-05,-4950.22,-5.03237e-06,-4.6744e-06,3.57967e-07,4.96929e-13
1.94596e+06,0.000198607,8.7558e-05,3289.49,3.34408e-06,2.97927e-06,-3.64811e-07,-5.06431e-13
1.94596e+06,9.86684e-05,9.20232e-05,-4950.5,-5.03265e-06,-4.6744e-06,3.58251e-07,4.97323e-13
1.94596e+06,0.000198626,8.80097e-05,3289.8,3.34439e-06,2.97923e-06,-3.65165e-07,-5.06922e-13
1.94596e+06,9.86801e-05,9.23237e-05,-4950.74,-5.0329e-06,-4.6744e-06,3.58503e-07,4.97673e-13
1.94596e+06,0.000198643,8.84615e-05,3290.07,3.34466e-06,2.9792e-06,-3.6547e-07,-5.07345e-13
1.94596e+06,9.86913e-05,9.26243e-05,-4950.96,-5.03312e-06,-4.67439e-06,3.58725e-07,4.97982e-13
1.94596e+06,0.00019866,8.89134e-05,3290.29,3.34489e-06,2.97916e-06,-3.65729e-07,-5.07705e-13
1.94596e+06,9.8702e-05,9.2925e-05,-4951.15,-5.03331e-06,-4.67439e-06,3.5892e-07,4.98253e-13
1.94596e+06,0.000198677,8.93653e-05,3290.48,3.34508e-06,2.97914e-06,-3.65947e-07,-5.08008e-13
1.94596e+06,9.87123e-05,9.32257e-05,-4951.31,-5.03347e-06,-4.67438e-06,3.5909e-07,4.98489e-13
1.94596e+06,0.000198692,8.98173e-05,3290.63,3.34524e-06,2.97911e-06,-3.66129e-07,-5.0826e-13
1.94596e+06,9.87222e-05,9.35265e-05,-4951.45,-5.03362e-06,-4.67438e-06,3.59237e-07,4.98692e-13
1.94596e+06,0.000198707,9.02694e-05,3290.76,3.34537e-06,2.97909e-06,-3.66277e-07,-5.08465e-13
1.94596e+06,9.87316e-05,9.38273e-05,-4951.57,-5.03374e-06,-4.67437e-06,3.59363e-07,4.98867e-13
1.94596e+06,0.000198721,9.07215e-05,3290.85,3.34546e-06,2.97907e-06,-3.66395e-07,-5.0863e-13
1.94596e+06,9.87405e-05,9.41281e-05,-4951.67,-5.03384e-06,-4.67437e-06,3.59469e-07,4.99015e-13
1.94596e+06,0.000198734,9.11738e-05,3290.92,3.34554e-06,2.97905e-06,-3.66488e-07,-5.08758e-13
1.94596e+06,9.8749e-05,9.4429e-05,-4951.75,-5.03392e-06,-4.67436e-06,3.59559e-07,4.99139e-13
1.94596e+06,0.000198747,9.1626e-05,3290.97,3.34559e-06,2.97903e-06,-3.66556e-07,-5.08853e-13
1.94596e+06,9.8757e-05,9.47299e-05,-4951.82,-5.03399e-06,-4.67436e-06,3.59633e-07,4.99242e-13
1.94596e+06,0.000198759,9.20784e-05,3291.01,3.34562e-06,2.97901e-06,-3.66605e-07,-5.08921e-13
1.94596e+06,9.87646e-05,9.50309e-05,-4951.87,-5.03405e-06,-4.67435e-06,3.59693e-07,4.99325e-13
1.94596e+06,0.000198771,9.25307e-05,3291.02,3.34563e-06,2.979e-06,-3.66636e-07,-5.08964e-13
1.94596e+06,9.87717e-05,9.53319e-05,-4951.92,-5.03409e-06,-4.67435e-06,3.59741e-07,4.99392e-13
1.94596e+06,0.000198781,9.29832e-05,3291.02,3.34564e-06,2.97898e-06,-3.66653e-07,-5.08987e-13
1.94596e+06,9.87784e-05,9.56329e-05,-4951.95,-5.03412e-06,-4.67435e-06,3.59778e-07,4.99444e-13
1.94596e+06,0.000198791,9.34356e-05,3291.01,3.34563e-06,2.97897e-06,-3.66657e-07,-5.08992e-13
1.94596e+06,9.87846e-05,9.5934e-05,-4951.97,-5.03415e-06,-4.67434e-06,3.59807e-07,4.99483e-13
1.94596e+06,0.000198801,9.38882e-05,3290.99,3.34561e-06,2.97896e-06,-3.6665e-07,-5.08984e-13
1.94596e+06,9.87904e-05,9.6235e-05,-4951.99,-5.03417e-06,-4.67434e-06,3.59827e-07,4.99512e-13
1.94596e+06,0.000198809,9.43407e-05,3290.97,3.34558e-06,2.97894e-06,-3.66636e-07,-5.08964e-13
1.94596e+06,9.87958e-05,9.65361e-05,-4952,-5.03418e-06,-4.67434e-06,3.59842e-07,4.99532e-13
1.94596e+06,0.000198817,9.47933e-05,3290.94,3.34555e-06,2.97893e-06,-3.66616e-07,-5.08935e-13
1.94596e+06,9.88007e-05,9.68373e-05,-4952.01,-5.03418e-06,-4.67433e-06,3.5985e-07,4.99544e-13
1.94596e+06,0.000198825,9.5246e-05,3290.9,3.34551e-06,2.97892e-06,-3.66591e-07,-5.08901e-13
1.94596e+06,9.88052e-05,9.71384e-05,-4952.01,-5.03419e-06,-4.67433e-06,3.59855e-07,4.9955e-13
1.94596e+06,0.000198831,9.56986e-05,3290.86,3.34547e-06,2.97891e-06,-3.66563e-07,-5.08862e-13
1.94596e+06,9.88092e-05,9.74396e-05,-4952.01,-5.03418e-06,-4.67433e-06,3.59856e-07,4.99552e-13
1.94596e+06,0.000198838,9.61513e-05,3290.83,3.34544e-06,2.9789e-06,-3.66534e-07,-5.08822e-13
1.94596e+06,9.88128e-05,9.77408e-05,-4952,-5.03418e-06,-4.67433e-06,3.59855e-07,4.9955e-13
1.94596e+06,0.000198843,9.66041e-05,3290.79,3.3454e-06,2.97889e-06,-3.66505e-07,-5.08781e-13
1.94596e+06,9.88159e-05,9.8042e-05,-4952,-5.03418e-06,-4.67432e-06,3.59852e-07,4.99546e-13
1.94596e+06,0.000198848,9.70568e-05,3290.75,3.34536e-06,2.97889e-06,-3.66477e-07,-5.08742e-13
1.94596e+06,9.88186e-05,9.83432e-05,-4951.99,-5.03417e-06,-4.67432e-06,3.59849e-07,4.99541e-13
1.94596e+06,0.000198852,9.75096e-05,3290.72,3.34533e-06,2.97888e-06,-3.66451e-07,-5.08706e-13
1.94596e+06,9.88208e-05,9.86444e-05,-4951.99,-5.03417e-06,-4.67432e-06,3.59845e-07,4.99536e-13
1.94596e+06,0.000198855,9.79624e-05,3290.7,3.3453e-06,2.97888e-06,-3.66428e-07,-5.08675e-13
1.94596e+06,9.88226e-05,9.89456e-05,-4951.98,-5.03416e-06,-4.67432e-06,3.59841e-07,4.99531e-13
1.94596e+06,0.000198858,9.84151e-05,3290.67,3.34528e-06,2.97887e-06,-3.66409e-07,-5.08648e-13
1.94596e+06,9.88239e-05,9.92469e-05,-4951.98,-5.03416e-06,-4.67432e-06,3.59838e-07,4.99526e-13
1.94596e+06,0.00019886,9.8868e-05,3290.66,3.34526e-06,2.97887e-06,-3.66394e-07,-5.08627e-13
1.94596e+06,9.88248e-05,9.95481e-05,-4951.98,-5.03415e-06,-4.67432e-06,3.59835e-07,4.99523e-13
1.94596e+06,0.000198861,9.93208e-05,3290.64,3.34525e-06,2.97887e-06,-3.66384e-07,-5.08613e-13
1.94596e+06,9.88253e-05,9.98494e-05,-4951.98,-5.03415e-06,-4.67432e-06,3.59834e-07,4.99521e-13
1.94596e+06,0.000198862,9.97736e-05,3290.64,3.34524e-06,2.97887e-06,-3.66378e-07,-5.08606e-13
1.94596e+06,9.88253e-05,0.000100151,-4951.98,-5.03415e-06,-4.67432e-06,3.59834e-07,4.99521e-13
1.94596e+06,0.000198862,0.000100226,3290.64,3.34524e-06,2.97887e-06,-3.66378e-07,-5.08606e-13
1.94596e+06,9.88248e-05,0.000100452,-4951.98,-5.03415e-06,-4.67432e-06,3.59835e-07,4.99523e-13
1.94596e+06,0.000198861,0.000100679,3290.64,3.34525e-06,2.97887e-06,-3.66384e-07,-5.08613e-13
1.94596e+06,9.88239e-05,0.000100753,-4951.98,-5.03416e-06,-4.67432e-06,3.59838e-07,4.99526e-13
1.94596e+06,0.00019886,0.000101132,3290.66,3.34526e-06,2.97887e-06,-3.66394e-07,-5.08627e-13
1.94596e+06,9.88226e-05,0.000101054,-4951.98,-5.03416e-06,-4.67432e-06,3.59841e-07,4.99531e-13
1.94596e+06,0.000198858,0.000101585,3290.67,3.34528e-06,2.97887e-06,-3.66409e-07,-5.08648e-13
1.94596e+06,9.88208e-05,0.000101356,-4951.99,-5.03417e-06,-4.67432e-06,3.59845e-07,4.99536e-13
1.94596e+06,0.000198855,0.000102038,3290.7,3.3453e-06,2.97888e-06,-3.66428e-07,-5.08675e-13
1.94596e+06,9.88186e-05,0.000101657,-4951.99,-5.03417e-06,-4.67432e-06,3.59849e-07,4.99541e-13
1.94596e+06,0.000198852,0.00010249,3290.72,3.34533e-06,2.97888e-06,-3.66451e-07,-5.08706e-13
1.94596e+06,9.88159e-05,0.000101958,-4952,-5.03418e-06,-4.67432e-06,3.59852e-07,4.99546e-13
1.94596e+06,0.000198848,0.000102943,3290.75,3.34536e-06,2.97889e-06,-3.66477e-07,-5.08742e-13
1.94596e+06,9.88128e-05,0.000102259,-4952,-5.03418e-06,-4.67433e-06,3.59855e-07,4.9955e-13
1.94596e+06,0.000198843,0.000103396,3290.79,3.3454e-06,2.97889e-06,-3.66505e-07,-5.08781e-13
1.94596e+06,9.88092e-05,0.00010256,-4952.01,-5.03418e-06,-4.67433e-06,3.59856e-07,4.99552e-13
1.94596e+06,0.000198838,0.000103849,3290.83,3.34544e-06,2.9789e-06,-3.66534e-07,-5.08822e-13
1.94596e+06,9.88052e-05,0.000102862,-4952.01,-5.03419e-06,-4.67433e-06,3.59855e-07,4.9955e-13
1.94596e+06,0.000198831,0.000104301,3290.86,3.34547e-06,2.97891e-06,-3.66563e-07,-5.08862e-13
1.94596e+06,9.88007e-05,0.000103163,-4952.01,-5.03418e-06,-4.67433e-06,3.5985e-07,4.99544e-13
1.94596e+06,0.000198825,0.000104754,3290.9,3.34551e-06,2.97892e-06,-3.66591e-07,-5.08901e-13
1.94596e+06,9.87958e-05,0.000103464,-4952,-5.03418e-06,-4.67434e-06,3.59842e-07,4.99532e-13
1.94596e+06,0.000198817,0.000105207,3290.94,3.34555e-06,2.97893e-06,-3.66616e-07,-5.08935e-13
1.94596e+06,9.87904e-05,0.000103765,-4951.99,-5.03417e-06,-4.67434e-06,3.59827e-07,4.99512e-13
1.94596e+06,0.000198809,0.000105659,3290.97,3.34558e-06,2.97894e-06,-3.66636e-07,-5.08964e-13
1.94596e+06,9.87846e-05,0.000104066,-4951.97,-5.03415e-06,-4.67434e-06,3.59807e-07,4.99483e-13
1.94596e+06,0.000198801,0.000106112,3290.99,3.34561e-06,2.97896e-06,-3.6665e-07,-5.08984e-13
1.94596e+06,9.87784e-05,0.000104367,-4951.95,-5.03412e-06,-4.67435e-06,3.59778e-07,4.99444e-13
1.94596e+06,0.000198791,0.000106564,3291.01,3.34563e-06,2.97897e-06,-3.66657e-07,-5.08992e-13
1.94596e+06,9.87717e-05,0.000104668,-4951.92,-5.03409e-06,-4.67435e-06,3.59741e-07,4.99392e-13
1.94596e+06,0.000198781,0.000107017,3291.02,3.34564e-06,2.97898e-06,-3.66653e-07,-5.08987e-13
1.94596e+06,9.87646e-05,0.000104969,-4951.87,-5.03405e-06,-4.67435e-06,3.59693e-07,4.99325e-13
1.94596e+06,0.000198771,0.000107469,3291.02,3.34563e-06,2.979e-06,-3.66636e-07,-5.08964e-13
1.94596e+06,9.8757e-05,0.00010527,-4951.82,-5.03399e-06,-4.67436e-06,3.59633e-07,4.99242e-13
1.94596e+06,0.000198759,0.000107922,3291.01,3.34562e-06,2.97901e-06,-3.66605e-07,-5.08921e-13
1.94596e+06,9.8749e-05,0.000105571,-4951.75,-5.03392e-06,-4.67436e-06,3.59559e-07,4.99139e-13
1.94596e+06,0.000198747,0.000108374,3290.97,3.34559e-06,2.97903e-06,-3.66556e-07,-5.08853e-13
1.94596e+06,9.87405e-05,0.000105872,-4951.67,-5.03384e-06,-4.67437e-06,3.59469e-07,4.99015e-13
1.94596e+06,0.000198734,0.000108826,3290.92,3.34554e-06,2.97905e-06,-3.66488e-07,-5.08758e-13
1.94596e+06,9.87316e-05,0.000106173,-4951.57,-5.03374e-06,-4.67437e-06,3.59363e-07,4.98867e-13
1.94596e+06,0.000198721,0.000109278,3290.85,3.34546e-06,2.97907e-06,-3.66395e-07,-5.0863e-13
1.94596e+06,9.87222e-05,0.000106474,-4951.45,-5.03362e-06,-4.67438e-06,3.59237e-07,4.98692e-13
1.94596e+06,0.000198707,0.000109731,3290.76,3.34537e-06,2.97909e-06,-3.66277e-07,-5.08465e-13
1.94596e+06,9.87123e-05,0.000106774,-4951.31,-5.03347e-06,-4.67438e-06,3.5909e-07,4.98489e-13
1.94596e+06,0.000198692,0.000110183,3290.63,3.34524e-06,2.97911e-06,-3.66129e-07,-5.0826e-13
1.94596e+06,9.8702e-05,0.000107075,-4951.15,-5.03331e-06,-4.67439e-06,3.5892e-07,4.98253e-13
1.94596e+06,0.000198677,0.000110635,3290.48,3.34508e-06,2.97914e-06,-3.65947e-07,-5.08008e-13
1.94596e+06,9.86913e-05,0.000107376,-4950.96,-5.03312e-06,-4.67439e-06,3.58725e-07,4.97982e-13
1.94596e+06,0.00019866,0.000111087,3290.29,3.34489e-06,2.97916e-06,-3.65729e-07,-5.07705e-13
1.94596e+06,9.86801e-05,0.000107676,-4950.74,-5.0329e-06,-4.6744e-06,3.58503e-07,4.97673e-13
1.94596e+06,0.000198643,0.000111538,3290.07,3.34466e-06,2.9792e-06,-3.6547e-07,-5.07345e-13
1.94596e+06,9.86684e-05,0.000107977,-4950.5,-5.03265e-06,-4.6744e-06,3.58251e-07,4.97323e-13
1.94596e+06,0.000198626,0.00011199,3289.8,3.34439e-06,2.97923e-06,-3.65165e-07,-5.06922e-13
1.94596e+06,9.86562e-05,0.000108277,-4950.22,-5.03237e-06,-4.6744e-06,3.57967e-07,4.96929e-13
1.94596e+06,0.000198607,0.000112442,3289.49,3.34408e-06,2.97927e-06,-3.64811e-07,-5.06431e-13
1.94596e+06,9.86436e-05,0.000108578,-4949.91,-5.03205e-06,-4.6744e-06,3.57648e-07,4.96487e-13
1.94596e+06,0.000198588,0.000112894,3289.13,3.34371e-06,2.97931e-06,-3.64403e-07,-5.05864e-13
1.94596e+06,9.86304e-05,0.000108878,-4949.56,-5.0317e-06,-4.6744e-06,3.57292e-07,4.95993e-13
1.94596e+06,0.000198568,0.000113345,3288.71,3.34329e-06,2.97935e-06,-3.63936e-07,-5.05215e-13
1.94596e+06,9.86168e-05,0.000109179,-4949.17,-5.0313e-06,-4.6744e-06,3.56897e-07,4.95444e-13
1.94596e+06,0.000198547,0.000113796,3288.24,3.34281e-06,2.97941e-06,-3.63404e-07,-5.04477e-13
1.94596e+06,9.86027e-05,0.000109479,-4948.74,-5.03086e-06,-4.6744e-06,3.5646e-07,4.94837e-13
1.94596e+06,0.000198525,0.000114248,3287.71,3.34227e-06,2.97947e-06,-3.62802e-07,-5.03641e-13
1.94596e+06,9.85881e-05,0.000109779,-4948.26,-5.03037e-06,-4.67439e-06,3.55978e-07,4.94168e-13
1.94596e+06,0.000198503,0.000114699,3287.11,3.34166e-06,2.97953e-06,-3.62125e-07,-5.02701e-13
1.94596e+06,9.85729e-05,0.000110079,-4947.73,-5.02983e-06,-4.67439e-06,3.55448e-07,4.93432e-13
1.94596e+06,0.000198485,0.000115044,3286.6,3.34114e-06,2.97959e-06,-3.61553e-07,-5.01908e-13
1.94596e+06,0.000198479,0.00011515,3286.77,3.34132e-06,2.97961e-06,-3.61707e-07,-5.02121e-13
1.94596e+06,9.85572e-05,0.000110379,-4947.15,-5.02924e-06,-4.67437e-06,3.54867e-07,4.92626e-13
1.94596e+06,0.000198455,0.000115601,3287.5,3.34205e-06,2.97968e-06,-3.62367e-07,-5.03038e-13
1.94596e+06,9.8541e-05,0.000110679,-4946.51,-5.02859e-06,-4.67436e-06,3.54233e-07,4.91746e-13
1.94596e+06,0.000198431,0.000116052,3288.18,3.34275e-06,2.97975e-06,-3.62993e-07,-5.03906e-13
1.94596e+06,9.85242e-05,0.000110979,-4945.81,-5.02789e-06,-4.67434e-06,3.53543e-07,4.90788e-13
1.94596e+06,0.000198406,0.000116503,3288.82,3.3434e-06,2.97982e-06,-3.63579e-07,-5.0472e-13
1.94596e+06,9.85069e-05,0.000111279,-4945.05,-5.02711e-06,-4.67432e-06,3.52793e-07,4.89746e-13
1.94596e+06,0.00019838,0.000116953,3289.41,3.344e-06,2.97988e-06,-3.64121e-07,-5.05472e-13
1.94596e+06,9.84889e-05,0.000111579,-4944.23,-5.02627e-06,-4.67429e-06,3.5198e-07,4.88618e-13
1.94596e+06,0.000198354,0.000117404,3289.95,3.34454e-06,2.97993e-06,-3.64612e-07,-5.06154e-13
1.94596e+06,9.84705e-05,0.000111878,-4944.65,-5.02671e-06,-4.67426e-06,3.52445e-07,4.89263e-13
1.94596e+06,9.84848e-05,0.000111645,-4944.04,-5.02608e-06,-4.67429e-06,3.51793e-07,4.88358e-13
1.94596e+06,0.000198328,0.000117854,3290.42,3.34503e-06,2.97998e-06,-3.65048e-07,-5.06759e-13
1.94596e+06,9.84517e-05,0.000112178,-4945.42,-5.02749e-06,-4.67424e-06,3.53254e-07,4.90387e-13
1.94596e+06,0.000198301,0.000118305,3290.84,3.34545e-06,2.98002e-06,-3.65423e-07,-5.07279e-13
1.94596e+06,9.84325e-05,0.000112477,-4946.16,-5.02824e-06,-4.67421e-06,3.54021e-07,4.91451e-13
1.94596e+06,0.000198273,0.000118755,3291.18,3.34579e-06,2.98006e-06,-3.6573e-07,-5.07705e-13
1.94596e+06,9.84131e-05,0.000112777,-4946.85,-5.02894e-06,-4.6742e-06,3.54742e-07,4.92452e-13
1.94596e+06,0.000198245,0.000119205,3291.44,3.34606e-06,2.9801e-06,-3.65962e-07,-5.08029e-13
1.94596e+06,9.83933e-05,0.000113076,-4947.49,-5.02959e-06,-4.67418e-06,3.55412e-07,4.93383e-13
1.94596e+06,0.000198216,0.000119655,3291.63,3.34625e-06,2.98014e-06,-3.66114e-07,-5.08239e-13
1.94596e+06,9.83732e-05,0.000113375,-4948.09,-5.0302e-06,-4.67417e-06,3.56029e-07,4.94239e-13
1.94596e+06,0.000198187,0.000120105,3291.72,3.34635e-06,2.98017e-06,-3.66177e-07,-5.08327e-13
1.94596e+06,9.83527e-05,0.000113674,-4948.63,-5.03075e-06,-4.67417e-06,3.56588e-07,4.95015e-13
1.94596e+06,0.000198157,0.000120555,3291.72,3.34635e-06,2.9802e-06,-3.66144e-07,-5.08281e-13
1.94596e+06,9.83319e-05,0.000113973,-4949.12,-5.03125e-06,-4.67416e-06,3.57085e-07,4.95704e-13
1.94596e+06,0.000198126,0.000121004,3291.62,3.34625e-06,2.98024e-06,-3.66007e-07,-5.0809e-13
1.94596e+06,9.83108e-05,0.000114272,-4949.54,-5.03168e-06,-4.67416e-06,3.57516e-07,4.96303e-13
1.94596e+06,0.000198095,0.000121454,3291.41,3.34603e-06,2.98028e-06,-3.65756e-07,-5.07742e-13
1.94596e+06,9.82893e-05,0.000114571,-4949.9,-5.03205e-06,-4.67417e-06,3.57876e-07,4.96804e-13
1.94596e+06,0.000198063,0.000121903,3291.09,3.3457e-06,2.98032e-06,-3.65382e-07,-5.07223e-13
1.94596e+06,9.82675e-05,0.00011487,-4950.19,-5.03234e-06,-4.67418e-06,3.58163e-07,4.97202e-13
1.94596e+06,0.00019803,0.000122352,3290.64,3.34525e-06,2.98037e-06,-3.64876e-07,-5.0652e-13
1.94596e+06,9.82452e-05,0.000115169,-4950.41,-5.03256e-06,-4.67419e-06,3.58372e-07,4.97491e-13
1.94596e+06,0.000197996,0.000122801,3290.06,3.34466e-06,2.98043e-06,-3.64227e-07,-5.0562e-13
1.94596e+06,9.82226e-05,0.000115467,-4950.54,-5.0327e-06,-4.6742e-06,3.58498e-07,4.97666e-13
1.94596e+06,0.000197961,0.00012325,3289.34,3.34393e-06,2.9805e-06,-3.63424e-07,-5.04505e-13
1.94596e+06,9.81996e-05,0.000115766,-4950.6,-5.03275e-06,-4.67421e-06,3.58537e-07,4.97721e-13
1.94596e+06,0.000197925,0.000123699,3288.47,3.34304e-06,2.98059e-06,-3.62456e-07,-5.03161e-13
1.94596e+06,9.81762e-05,0.000116064,-4950.56,-5.03271e-06,-4.67423e-06,3.58485e-07,4.97648e-13
1.94596e+06,0.000197888,0.000124147,3287.45,3.342e-06,2.98069e-06,-3.6131e-07,-5.0157e-13
1.94596e+06,9.81523e-05,0.000116363,-4950.43,-5.03258e-06,-4.67424e-06,3.58337e-07,4.97443e-13
1.94596e+06,0.000197879,0.00012425,3287.2,3.34175e-06,2.98072e-06,-3.61027e-07,-5.01178e-13
1.94596e+06,0.000197849,0.000124595,3288.07,3.34263e-06,2.9808e-06,-3.61825e-07,-5.02286e-13
1.94596e+06,9.8128e-05,0.000116661,-4950.2,-5.03234e-06,-4.67425e-06,3.58089e-07,4.97099e-13
1.94596e+06,0.000197811,0.000125043,3289.1,3.34368e-06,2.9809e-06,-3.62781e-07,-5.03612e-13
1.94596e+06,9.81032e-05,0.000116959,-4949.86,-5.032e-06,-4.67427e-06,3.57736e-07,4.96609e-13
1.94596e+06,0.000197773,0.000125491,3290.01,3.3446e-06,2.98098e-06,-3.63619e-07,-5.04776e-13
1.94596e+06,9.80779e-05,0.000117257,-4949.41,-5.03155e-06,-4.67427e-06,3.57273e-07,4.95966e-13
1.94596e+06,0.000197734,0.000125939,3290.77,3.34538e-06,2.98105e-06,-3.6433e-07,-5.05763e-13
1.94596e+06,9.80521e-05,0.000117555,-4948.85,-5.03098e-06,-4.67428e-06,3.56696e-07,4.95165e-13
1.94596e+06,0.000197695,0.000126387,3291.39,3.34601e-06,2.98111e-06,-3.64905e-07,-5.0656e-13
1.94596e+06,9.80257e-05,0.000117852,-4948.17,-5.03028e-06,-4.67428e-06,3.55999e-07,4.94197e-13
1.94596e+06,0.000197656,0.000126834,3291.86,3.34648e-06,2.98115e-06,-3.65332e-07,-5.07153e-13
1.94596e+06,9.79986e-05,0.00011815,-4947.36,-5.02946e-06,-4.67428e-06,3.55177e-07,4.93057e-13
1.94596e+06,0.000197616,0.000127281,3292.16,3.34679e-06,2.98119e-06,-3.656e-07,-5.07525e-13
1.94596e+06,9.7971e-05,0.000118447,-4946.41,-5.02849e-06,-4.67427e-06,3.54226e-07,4.91736e-13
1.94596e+06,0.000197575,0.000127729,3292.29,3.34693e-06,2.98123e-06,-3.65696e-07,-5.07659e-13
1.94596e+06,9.79426e-05,0.000118745,-4945.32,-5.02739e-06,-4.67425e-06,3.5314e-07,4.90228e-13
1.94596e+06,0.000197534,0.000128176,3292.24,3.34687e-06,2.98127e-06,-3.65608e-07,-5.07537e-13
1.94596e+06,9.79135e-05,0.000119042,-4944.08,-5.02613e-06,-4.67422e-06,3.51913e-07,4.88525e-13
1.94596e+06,0.000197493,0.000128622,3292,3.34663e-06,2.98131e-06,-3.6532e-07,-5.07137e-13
1.94596e+06,9.78836e-05,0.000119339,-4942.69,-5.02471e-06,-4.67417e-06,3.50539e-07,4.86618e-13
1.94596e+06,0.00019745,0.000129069,3291.55,3.34617e-06,2.98135e-06,-3.64818e-07,-5.0644e-13
1.94596e+06,9.78532e-05,0.000119635,-4943.55,-5.02558e-06,-4.67412e-06,3.5146e-07,4.87897e-13
1.94596e+06,9.78788e-05,0.000119386,-4942.46,-5.02448e-06,-4.67416e-06,3.50314e-07,4.86305e-13
1.94596e+06,0.000197406,0.000129515,3290.89,3.3455e-06,2.98141e-06,-3.64084e-07,-5.05421e-13
1.94596e+06,9.78226e-05,0.000119932,-4944.74,-5.02679e-06,-4.67409e-06,3.52707e-07,4.89627e-13
1.94596e+06,0.000197362,0.000129961,3289.99,3.34459e-06,2.98149e-06,-3.631e-07,-5.04055e-13
1.94596e+06,9.7792e-05,0.000120229,-4945.8,-5.02787e-06,-4.67406e-06,3.53811e-07,4.9116e-13
1.94596e+06,0.000197315,0.000130407,3288.86,3.34344e-06,2.98159e-06,-3.61848e-07,-5.02317e-13
1.94596e+06,9.77612e-05,0.000120525,-4946.72,-5.02881e-06,-4.67404e-06,3.54769e-07,4.92489e-13
1.94596e+06,0.000197273,0.000130807,3287.63,3.34219e-06,2.9817e-06,-3.60487e-07,-5.00428e-13
1.94596e+06,0.000197268,0.000130853,3287.78,3.34233e-06,2.98172e-06,-3.6062e-07,-5.00612e-13
1.94596e+06,9.77302e-05,0.000120822,-4947.51,-5.02961e-06,-4.67404e-06,3.55574e-07,4.93608e-13
1.94596e+06,0.00019722,0.000131298,3289.15,3.34373e-06,2.98184e-06,-3.61894e-07,-5.0238e-13
1.94596e+06,9.7699e-05,0.000121118,-4948.15,-5.03026e-06,-4.67404e-06,3.56223e-07,4.94508e-13
1.94596e+06,0.000197172,0.000131743,3290.32,3.34492e-06,2.98193e-06,-3.62984e-07,-5.03893e-13
1.94596e+06,9.76676e-05,0.000121414,-4948.64,-5.03076e-06,-4.67405e-06,3.5671e-07,4.95184e-13
1.94596e+06,0.000197124,0.000132188,3291.26,3.34588e-06,2.98201e-06,-3.63875e-07,-5.05131e-13
1.94596e+06,9.76359e-05,0.00012171,-4948.96,-5.03109e-06,-4.67406e-06,3.57029e-07,4.95628e-13
1.94596e+06,0.000197076,0.000132633,3291.99,3.34661e-06,2.98206e-06,-3.64553e-07,-5.06073e-13
1.94596e+06,9.76038e-05,0.000122006,-4949.13,-5.03125e-06,-4.67408e-06,3.57176e-07,4.95832e-13
1.94596e+06,0.000197027,0.000133078,3292.47,3.3471e-06,2.9821e-06,-3.65001e-07,-5.06694e-13
1.94596e+06,9.75714e-05,0.000122302,-4949.11,-5.03124e-06,-4.6741e-06,3.57145e-07,4.95788e-13
1.94596e+06,0.000196979,0.000133523,3292.7,3.34734e-06,2.98214e-06,-3.65201e-07,-5.06971e-13
1.94596e+06,9.75386e-05,0.000122597,-4948.92,-5.03105e-06,-4.67412e-06,3.56929e-07,4.95489e-13
1.94596e+06,0.000196929,0.000133967,3292.66,3.3473e-06,2.98217e-06,-3.65132e-07,-5.06876e-13
1.94596e+06,9.75053e-05,0.000122893,-4948.54,-5.03066e-06,-4.67413e-06,3.56523e-07,4.94925e-13
1.94596e+06,0.000196879,0.000134411,3292.34,3.34698e-06,2.98221e-06,-3.64773e-07,-5.06378e-13
1.94596e+06,9.74714e-05,0.000123188,-4947.96,-5.03007e-06,-4.67415e-06,3.5592e-07,4.94087e-13
1.94596e+06,0.000196828,0.000134855,3291.73,3.34636e-06,2.98226e-06,-3.64101e-07,-5.05444e-13
1.94596e+06,9.7437e-05,0.000123483,-4947.17,-5.02927e-06,-4.67415e-06,3.55113e-07,4.92967e-13
1.94596e+06,0.000196776,0.000135298,3290.8,3.34541e-06,2.98232e-06,-3.63089e-07,-5.0404e-13
1.94596e+06,9.74018e-05,0.000123778,-4946.17,-5.02825e-06,-4.67415e-06,3.54095e-07,4.91555e-13
1.94596e+06,0.000196722,0.000135742,3289.54,3.34413e-06,2.98242e-06,-3.6171e-07,-5.02125e-13
1.94596e+06,9.73659e-05,0.000124073,-4944.94,-5.027e-06,-4.67414e-06,3.52859e-07,4.89839e-13
1.94596e+06,0.000196667,0.000136184,3287.92,3.34248e-06,2.98255e-06,-3.59935e-07,-4.99661e-13
1.94596e+06,0.000196667,0.000136184,3287.92,3.34248e-06,2.98255e-06,-3.59936e-07,-4.99663e-13
1.94596e+06,9.73292e-05,0.000124367,-4943.47,-5.02551e-06,-4.67411e-06,3.51398e-07,4.8781e-13
1.94596e+06,0.00019661,0.000136627,3289.52,3.34411e-06,2.98268e-06,-3.61428e-07,-5.01734e-13
1.94596e+06,9.72915e-05,0.000124661,-4941.76,-5.02376e-06,-4.67406e-06,3.49702e-07,4.85455e-13
1.94596e+06,0.000196555,0.000137069,3290.83,3.34544e-06,2.98277e-06,-3.62669e-07,-5.03457e-13
1.94596e+06,9.72529e-05,0.000124955,-4941.69,-5.02369e-06,-4.674e-06,3.49695e-07,4.85446e-13
1.94596e+06,9.72727e-05,0.000124804,-4940.85,-5.02284e-06,-4.67403e-06,3.4881e-07,4.84217e-13
1.94596e+06,0.000196499,0.000137512,3291.85,3.34648e-06,2.98284e-06,-3.63638e-07,-5.04802e-13
1.94596e+06,9.72144e-05,0.000125249,-4943.22,-5.02525e-06,-4.67395e-06,3.51297e-07,4.8767e-13
1.94596e+06,0.000196444,0.000137954,3292.56,3.3472e-06,2.98288e-06,-3.64313e-07,-5.05739e-13
1.94596e+06,9.71759e-05,0.000125543,-4944.53,-5.02658e-06,-4.67392e-06,3.52666e-07,4.8957e-13
1.94596e+06,0.000196388,0.000138396,3292.94,3.34758e-06,2.98291e-06,-3.64668e-07,-5.06232e-13
1.94596e+06,9.71375e-05,0.000125837,-4945.63,-5.0277e-06,-4.6739e-06,3.53795e-07,4.91138e-13
1.94596e+06,0.000196332,0.000138837,3292.97,3.34761e-06,2.98294e-06,-3.64676e-07,-5.06243e-13
1.94596e+06,9.7099e-05,0.000126131,-4946.5,-5.02858e-06,-4.6739e-06,3.54679e-07,4.92365e-13
1.94596e+06,0.000196275,0.000139279,3292.63,3.34727e-06,2.98297e-06,-3.64307e-07,-5.05731e-13
1.94596e+06,9.70604e-05,0.000126424,-4947.13,-5.02922e-06,-4.67391e-06,3.55313e-07,4.93245e-13
1.94596e+06,0.000196217,0.00013972,3291.91,3.34654e-06,2.98301e-06,-3.63527e-07,-5.04648e-13
1.94596e+06,9.70216e-05,0.000126717,-4947.52,-5.02962e-06,-4.67393e-06,3.55689e-07,4.93767e-13
1.94596e+06,0.000196157,0.000140161,3290.77,3.34538e-06,2.98308e-06,-3.623e-07,-5.02945e-13
1.94596e+06,9.69825e-05,0.00012701,-4947.65,-5.02975e-06,-4.67395e-06,3.55802e-07,4.93924e-13
1.94596e+06,0.000196096,0.000140601,3289.19,3.34377e-06,2.98318e-06,-3.60586e-07,-5.00565e-13
1.94596e+06,9.6943e-05,0.000127303,-4947.51,-5.02962e-06,-4.67397e-06,3.55643e-07,4.93703e-13
1.94596e+06,0.000196061,0.000140849,3288.12,3.34269e-06,2.98326e-06,-3.59424e-07,-4.98952e-13
1.94596e+06,0.000196033,0.000141041,3288.89,3.34347e-06,2.98333e-06,-3.60142e-07,-4.99949e-13
1.94596e+06,9.69031e-05,0.000127596,-4947.1,-5.0292e-06,-4.67399e-06,3.55206e-07,4.93096e-13
1.94596e+06,0.00019597,0.000141481,3290.51,3.34511e-06,2.98344e-06,-3.6167e-07,-5.02069e-13
1.94596e+06,9.68626e-05,0.000127889,-4946.41,-5.02849e-06,-4.67401e-06,3.54481e-07,4.9209e-13
1.94596e+06,0.000195908,0.00014192,3291.76,3.34638e-06,2.98351e-06,-3.6287e-07,-5.03735e-13
1.94596e+06,9.68214e-05,0.000128181,-4945.41,-5.02747e-06,-4.67401e-06,3.53459e-07,4.90672e-13
1.94596e+06,0.000195846,0.00014236,3292.62,3.34726e-06,2.98355e-06,-3.6371e-07,-5.04901e-13
1.94596e+06,9.67794e-05,0.000128473,-4944.09,-5.02614e-06,-4.67401e-06,3.52131e-07,4.88828e-13
1.94596e+06,0.000195785,0.000142799,3293.08,3.34773e-06,2.98357e-06,-3.64156e-07,-5.05521e-13
1.94596e+06,9.67364e-05,0.000128765,-4942.45,-5.02447e-06,-4.67398e-06,3.50487e-07,4.86545e-13
1.94596e+06,0.000195722,0.000143238,3293.11,3.34776e-06,2.98359e-06,-3.64172e-07,-5.05543e-13
1.94596e+06,9.66924e-05,0.000129057,-4940.46,-5.02244e-06,-4.67393e-06,3.48512e-07,4.83804e-13
1.94596e+06,0.000195659,0.000143677,3292.68,3.34732e-06,2.98361e-06,-3.63715e-07,-5.04909e-13
1.94596e+06,9.66473e-05,0.000129348,-4940,-5.02198e-06,-4.67386e-06,3.48126e-07,4.83268e-13
1.94596e+06,9.66667e-05,0.000129223,-4939.19,-5.02115e-06,-4.67389e-06,3.47261e-07,4.82067e-13
1.94596e+06,0.000195595,0.000144115,3291.76,3.34639e-06,2.98365e-06,-3.62742e-07,-5.03558e-13
1.94596e+06,9.66023e-05,0.000129639,-4941.79,-5.0238e-06,-4.6738e-06,3.49999e-07,4.85869e-13
1.94596e+06,0.000195529,0.000144553,3290.32,3.34492e-06,2.98372e-06,-3.612e-07,-5.01417e-13
1.94596e+06,9.65576e-05,0.00012993,-4943.29,-5.02532e-06,-4.67377e-06,3.5155e-07,4.88022e-13
1.94596e+06,0.00019546,0.000144991,3288.31,3.34288e-06,2.98385e-06,-3.59032e-07,-4.98408e-13
1.94596e+06,9.65131e-05,0.000130221,-4944.48,-5.02653e-06,-4.67375e-06,3.52772e-07,4.89718e-13
1.94596e+06,0.000195455,0.000145026,3288.13,3.3427e-06,2.98386e-06,-3.5884e-07,-4.98142e-13
1.94596e+06,0.000195391,0.000145428,3289.89,3.34448e-06,2.98398e-06,-3.605e-07,-5.00445e-13
1.94596e+06,9.64686e-05,0.000130512,-4945.35,-5.02742e-06,-4.67376e-06,3.53657e-07,4.90947e-13
1.94596e+06,0.000195323,0.000145865,3291.41,3.34603e-06,2.98406e-06,-3.61965e-07,-5.0248e-13
1.94596e+06,9.6424e-05,0.000130803,-4945.9,-5.02797e-06,-4.67378e-06,3.54198e-07,4.91698e-13
1.94596e+06,0.000195255,0.000146301,3292.48,3.34712e-06,2.9841e-06,-3.63015e-07,-5.03937e-13
1.94596e+06,9.63793e-05,0.000131093,-4946.11,-5.02819e-06,-4.6738e-06,3.54387e-07,4.91959e-13
1.94596e+06,0.000195188,0.000146738,3293.07,3.34772e-06,2.98411e-06,-3.63604e-07,-5.04755e-13
1.94596e+06,9.63342e-05,0.000131384,-4945.96,-5.02804e-06,-4.67382e-06,3.54214e-07,4.91719e-13
1.94596e+06,0.00019512,0.000147174,3293.15,3.3478e-06,2.98412e-06,-3.63684e-07,-5.04866e-13
1.94596e+06,9.62886e-05,0.000131674,-4945.45,-5.02752e-06,-4.67385e-06,3.53669e-07,4.90963e-13
1.94596e+06,0.000195051,0.000147611,3292.69,3.34733e-06,2.98412e-06,-3.63202e-07,-5.04197e-13
1.94596e+06,9.62423e-05,0.000131964,-4944.55,-5.0266e-06,-4.67386e-06,3.52741e-07,4.89675e-13
1.94596e+06,0.000194981,0.000148046,3291.63,3.34626e-06,2.98416e-06,-3.62099e-07,-5.02665e-13
1.94596e+06,9.61953e-05,0.000132253,-4943.25,-5.02528e-06,-4.67386e-06,3.51418e-07,4.87837e-13
1.94596e+06,0.00019491,0.000148481,3289.94,3.34454e-06,2.98423e-06,-3.60307e-07,-5.00177e-13
1.94596e+06,9.61472e-05,0.000132543,-4941.52,-5.02352e-06,-4.67384e-06,3.49684e-07,4.85431e-13
1.94596e+06,0.000194848,0.000148839,3288.07,3.34263e-06,2.98434e-06,-3.58293e-07,-4.97382e-13
1.94596e+06,0.000194835,0.000148916,3288.43,3.343e-06,2.98437e-06,-3.5863e-07,-4.9785e-13
1.94596e+06,9.6098e-05,0.000132832,-4939.35,-5.02131e-06,-4.67379e-06,3.47524e-07,4.82432e-13
1.94596e+06,0.000194761,0.00014935,3290.38,3.34498e-06,2.98448e-06,-3.60501e-07,-5.00447e-13
1.94596e+06,9.60475e-05,0.00013312,-4938.02,-5.01996e-06,-4.67371e-06,3.46254e-07,4.8067e-13
1.94596e+06,9.60606e-05,0.000133046,-4937.46,-5.0194e-06,-4.67373e-06,3.45666e-07,4.79853e-13
1.94596e+06,0.000194688,0.000149784,3291.83,3.34646e-06,2.98453e-06,-3.61926e-07,-5.02426e-13
1.94596e+06,9.5997e-05,0.000133409,-4940.07,-5.02205e-06,-4.67364e-06,3.48411e-07,4.83664e-13
1.94596e+06,0.000194615,0.000150218,3292.75,3.3474e-06,2.98455e-06,-3.62848e-07,-5.03705e-13
1.94596e+06,9.59469e-05,0.000133697,-4941.76,-5.02377e-06,-4.6736e-06,3.50161e-07,4.86093e-13
1.94596e+06,0.000194543,0.000150652,3293.1,3.34774e-06,2.98454e-06,-3.63205e-07,-5.04201e-13
1.94596e+06,9.58972e-05,0.000133985,-4943.06,-5.02509e-06,-4.67359e-06,3.51494e-07,4.87944e-13
1.94596e+06,0.000194469,0.000151086,3292.82,3.34746e-06,2.98453e-06,-3.62934e-07,-5.03824e-13
1.94596e+06,9.58477e-05,0.000134273,-4943.96,-5.026e-06,-4.6736e-06,3.52401e-07,4.89202e-13
1.94596e+06,0.000194395,0.000151519,3291.87,3.3465e-06,2.98454e-06,-3.61962e-07,-5.02475e-13
1.94596e+06,9.57981e-05,0.000134561,-4944.44,-5.02649e-06,-4.67362e-06,3.52871e-07,4.89855e-13
1.94596e+06,0.000194319,0.000151952,3290.2,3.3448e-06,2.98459e-06,-3.60207e-07,-5.00039e-13
1.94596e+06,9.57483e-05,0.000134849,-4944.49,-5.02654e-06,-4.67365e-06,3.52893e-07,4.89885e-13
1.94596e+06,0.000194242,0.000152368,3287.84,3.3424e-06,2.98471e-06,-3.57693e-07,-4.96549e-13
1.94596e+06,0.00019424,0.000152384,3287.92,3.34248e-06,2.98471e-06,-3.57765e-07,-4.96649e-13
1.94596e+06,9.5698e-05,0.000135137,-4944.08,-5.02613e-06,-4.67367e-06,3.52455e-07,4.89277e-13
1.94596e+06,0.00019416,0.000152815,3290.05,3.34465e-06,2.98483e-06,-3.59816e-07,-4.99496e-13
1.94596e+06,9.56472e-05,0.000135424,-4943.2,-5.02523e-06,-4.67369e-06,3.51542e-07,4.8801e-13
1.94596e+06,0.000194082,0.000153247,3291.62,3.34625e-06,2.98488e-06,-3.61371e-07,-5.01655e-13
1.94596e+06,9.55954e-05,0.000135711,-4941.82,-5.02383e-06,-4.67369e-06,3.50139e-07,4.86062e-13
1.94596e+06,0.000194005,0.000153678,3292.59,3.34723e-06,2.98488e-06,-3.62354e-07,-5.0302e-13
1.94596e+06,9.55427e-05,0.000135998,-4939.92,-5.0219e-06,-4.67367e-06,3.48226e-07,4.83407e-13
1.94596e+06,0.000193928,0.000154109,3292.9,3.34754e-06,2.98485e-06,-3.6269e-07,-5.03486e-13
1.94596e+06,9.54885e-05,0.000136284,-4937.46,-5.01939e-06,-4.67361e-06,3.4578e-07,4.80011e-13
1.94596e+06,0.00019385,0.00015454,3292.49,3.34713e-06,2.98483e-06,-3.62298e-07,-5.02941e-13
1.94596e+06,9.5433e-05,0.00013657,-4936.62,-5.01854e-06,-4.67352e-06,3.45017e-07,4.78952e-13
1.94596e+06,9.54545e-05,0.000136459,-4935.7,-5.01761e-06,-4.67356e-06,3.4405e-07,4.7761e-13
1.94596e+06,0.00019377,0.000154971,3291.3,3.34592e-06,2.98483e-06,-3.61086e-07,-5.01259e-13
1.94596e+06,9.53779e-05,0.000136855,-4938.81,-5.02077e-06,-4.67345e-06,3.47318e-07,4.82146e-13
1.94596e+06,0.000193689,0.0001554,3289.26,3.34384e-06,2.9849e-06,-3.58949e-07,-4.98293e-13
1.94596e+06,9.53233e-05,0.000137141,-4940.56,-5.02255e-06,-4.67342e-06,3.49126e-07,4.84656e-13
1.94596e+06,0.000193636,0.000155666,3287.59,3.34215e-06,2.98497e-06,-3.57173e-07,-4.95828e-13
1.94596e+06,0.000193604,0.000155829,3288.44,3.34301e-06,2.98503e-06,-3.57985e-07,-4.96954e-13
1.94596e+06,9.52691e-05,0.000137427,-4941.84,-5.02384e-06,-4.67342e-06,3.50428e-07,4.86464e-13
1.94596e+06,0.000193521,0.000156258,3290.47,3.34507e-06,2.9851e-06,-3.59971e-07,-4.99711e-13
1.94596e+06,9.52152e-05,0.000137712,-4942.62,-5.02464e-06,-4.67343e-06,3.5121e-07,4.87549e-13
1.94596e+06,0.000193439,0.000156687,3291.86,3.34648e-06,2.98511e-06,-3.6137e-07,-5.01654e-13
1.94596e+06,9.51611e-05,0.000137997,-4942.89,-5.02491e-06,-4.67346e-06,3.51458e-07,4.87893e-13
1.94596e+06,0.000193357,0.000157116,3292.53,3.34717e-06,2.98508e-06,-3.62089e-07,-5.02652e-13
1.94596e+06,9.51067e-05,0.000138282,-4942.62,-5.02464e-06,-4.67348e-06,3.51157e-07,4.87475e-13
1.94596e+06,0.000193276,0.000157544,3292.44,3.34707e-06,2.98504e-06,-3.62032e-07,-5.02573e-13
1.94596e+06,9.50517e-05,0.000138567,-4941.79,-5.02379e-06,-4.6735e-06,3.50289e-07,4.86271e-13
1.94596e+06,0.000193193,0.000157972,3291.49,3.34611e-06,2.98502e-06,-3.61095e-07,-5.01271e-13
1.94596e+06,9.49959e-05,0.000138851,-4940.36,-5.02234e-06,-4.67351e-06,3.48835e-07,4.84252e-13
1.94596e+06,0.000193108,0.000158399,3289.61,3.3442e-06,2.98505e-06,-3.59156e-07,-4.9858e-13
1.94596e+06,9.49389e-05,0.000139135,-4938.3,-5.02025e-06,-4.67348e-06,3.46768e-07,4.81383e-13
1.94596e+06,0.00019303,0.000158774,3287.13,3.34168e-06,2.98514e-06,-3.56543e-07,-4.94953e-13
1.94596e+06,0.00019302,0.000158826,3287.41,3.34197e-06,2.98516e-06,-3.56811e-07,-4.95325e-13
1.94596e+06,9.48805e-05,0.000139419,-4935.57,-5.01748e-06,-4.67342e-06,3.44058e-07,4.77621e-13
1.94596e+06,0.000192931,0.000159252,3289.69,3.34428e-06,2.98524e-06,-3.59037e-07,-4.98414e-13
1.94596e+06,9.48206e-05,0.000139702,-4935.07,-5.01697e-06,-4.67332e-06,3.43653e-07,4.77058e-13
1.94596e+06,9.48485e-05,0.00013957,-4933.88,-5.01576e-06,-4.67337e-06,3.42391e-07,4.75307e-13
1.94596e+06,0.000192845,0.000159678,3291.28,3.34589e-06,2.98525e-06,-3.60642e-07,-5.00643e-13
1.94596e+06,9.47612e-05,0.000139985,-4937.4,-5.01934e-06,-4.67325e-06,3.46089e-07,4.80441e-13
1.94596e+06,0.00019276,0.000160104,3292.09,3.34672e-06,2.98521e-06,-3.61511e-07,-5.01849e-13
1.94596e+06,9.47027e-05,0.000140268,-4939.2,-5.02116e-06,-4.67322e-06,3.47949e-07,4.83022e-13
1.94596e+06,0.000192674,0.00016053,3292.05,3.34668e-06,2.98515e-06,-3.61528e-07,-5.01872e-13
1.94596e+06,9.46445e-05,0.000140551,-4940.44,-5.02243e-06,-4.67322e-06,3.4921e-07,4.84774e-13
1.94596e+06,0.000192587,0.000160956,3291.07,3.34568e-06,2.98511e-06,-3.6057e-07,-5.00543e-13
1.94596e+06,9.45866e-05,0.000140834,-4941.1,-5.02309e-06,-4.67323e-06,3.49857e-07,4.85672e-13
1.94596e+06,0.000192498,0.00016138,3289.04,3.34362e-06,2.98513e-06,-3.58494e-07,-4.9766e-13
1.94596e+06,9.45285e-05,0.000141116,-4941.14,-5.02313e-06,-4.67326e-06,3.49871e-07,4.8569e-13
1.94596e+06,0.000192424,0.000161719,3286.63,3.34117e-06,2.98521e-06,-3.55965e-07,-4.9415e-13
1.94596e+06,0.000192406,0.000161804,3287.11,3.34166e-06,2.98523e-06,-3.56426e-07,-4.9479e-13
1.94596e+06,9.447e-05,0.000141399,-4940.53,-5.02252e-06,-4.67329e-06,3.4923e-07,4.84801e-13
1.94596e+06,0.000192314,0.000162227,3289.42,3.344e-06,2.9853e-06,-3.58703e-07,-4.97951e-13
1.94596e+06,9.44107e-05,0.00014168,-4939.24,-5.02121e-06,-4.6733e-06,3.47912e-07,4.82971e-13
1.94596e+06,0.000192224,0.000162651,3290.96,3.34557e-06,2.98528e-06,-3.6029e-07,-5.00155e-13
1.94596e+06,9.43503e-05,0.000141962,-4937.23,-5.01916e-06,-4.67328e-06,3.45886e-07,4.80159e-13
1.94596e+06,0.000192135,0.000163075,3291.64,3.34627e-06,2.98522e-06,-3.61047e-07,-5.01205e-13
1.94596e+06,9.42883e-05,0.000142243,-4934.45,-5.01633e-06,-4.67322e-06,3.43115e-07,4.76311e-13
1.94596e+06,0.000192045,0.000163498,3291.36,3.34598e-06,2.98515e-06,-3.60838e-07,-5.00914e-13
1.94596e+06,9.42246e-05,0.000142523,-4932.74,-5.0146e-06,-4.67311e-06,3.41486e-07,4.74051e-13
1.94596e+06,9.42424e-05,0.000142445,-4931.98,-5.01382e-06,-4.67314e-06,3.40677e-07,4.72927e-13
1.94596e+06,0.000191954,0.00016392,3290.02,3.34461e-06,2.9851e-06,-3.59512e-07,-4.99075e-13
1.94596e+06,9.41613e-05,0.000142804,-4935.33,-5.01723e-06,-4.67302e-06,3.44207e-07,4.77828e-13
1.94596e+06,0.00019186,0.000164342,3287.47,3.34202e-06,2.98513e-06,-3.56891e-07,-4.95435e-13
1.94596e+06,9.40989e-05,0.000143084,-4937.32,-5.01926e-06,-4.67298e-06,3.46271e-07,4.80694e-13
1.94596e+06,0.000191818,0.000164524,3286.04,3.34058e-06,2.98518e-06,-3.55396e-07,-4.93361e-13
1.94596e+06,0.000191763,0.000164763,3287.46,3.34202e-06,2.98524e-06,-3.5678e-07,-4.95282e-13
1.94596e+06,9.40371e-05,0.000143364,-4938.68,-5.02063e-06,-4.67298e-06,3.47652e-07,4.8261e-13
1.94596e+06,0.000191669,0.000165184,3289.56,3.34415e-06,2.98525e-06,-3.58895e-07,-4.98217e-13
1.94596e+06,9.39756e-05,0.000143645,-4939.36,-5.02132e-06,-4.673e-06,3.48326e-07,4.83545e-13
1.94596e+06,0.000191576,0.000165605,3290.78,3.34539e-06,2.98519e-06,-3.60196e-07,-5.00023e-13
1.94596e+06,9.3914e-05,0.000143924,-4939.32,-5.02129e-06,-4.67302e-06,3.48268e-07,4.83465e-13
1.94596e+06,0.000191483,0.000166025,3291.01,3.34562e-06,2.9851e-06,-3.60522e-07,-5.00476e-13
1.94596e+06,9.38518e-05,0.000144204,-4938.54,-5.0205e-06,-4.67304e-06,3.47453e-07,4.82334e-13
1.94596e+06,0.000191389,0.000166446,3290.13,3.34473e-06,2.98502e-06,-3.5971e-07,-4.99349e-13
1.94596e+06,9.37887e-05,0.000144483,-4936.96,-5.01889e-06,-4.67304e-06,3.45849e-07,4.80107e-13
1.94596e+06,0.000191293,0.000166865,3288,3.34257e-06,2.985e-06,-3.57571e-07,-4.9638e-13
1.94596e+06,9.37243e-05,0.000144762,-4934.53,-5.01642e-06,-4.67301e-06,3.43414e-07,4.76726e-13
1.94596e+06,0.000191212,0.000167207,3285.27,3.33979e-06,2.98505e-06,-3.54733e-07,-4.9244e-13
1.94596e+06,0.000191194,0.000167283,3285.74,3.34026e-06,2.98508e-06,-3.55185e-07,-4.93067e-13
1.94596e+06,9.36582e-05,0.00014504,-4931.18,-5.01301e-06,-4.67292e-06,3.40089e-07,4.72111e-13
1.94596e+06,0.000191095,0.000167702,3288.2,3.34277e-06,2.98511e-06,-3.57654e-07,-4.96495e-13
1.94596e+06,9.35907e-05,0.000145318,-4931.91,-5.01376e-06,-4.67279e-06,3.40962e-07,4.73323e-13
1.94596e+06,9.36364e-05,0.00014513,-4929.95,-5.01176e-06,-4.67288e-06,3.38882e-07,4.70436e-13
1.94596e+06,0.000190998,0.00016812,3289.78,3.34437e-06,2.98506e-06,-3.59313e-07,-4.98798e-13
1.94596e+06,9.35243e-05,0.000145596,-4934.36,-5.01625e-06,-4.67272e-06,3.43525e-07,4.76881e-13
1.94596e+06,0.000190902,0.000168538,3290.31,3.34491e-06,2.98495e-06,-3.59967e-07,-4.99705e-13
1.94596e+06,9.34589e-05,0.000145873,-4936.09,-5.018e-06,-4.67269e-06,3.45311e-07,4.79361e-13
1.94596e+06,0.000190805,0.000168956,3289.67,3.34426e-06,2.98484e-06,-3.59427e-07,-4.98956e-13
1.94596e+06,9.3394e-05,0.000146151,-4937.04,-5.01897e-06,-4.6727e-06,3.46272e-07,4.80694e-13
1.94596e+06,0.000190707,0.000169373,3287.7,3.34226e-06,2.98478e-06,-3.5748e-07,-4.96253e-13
1.94596e+06,9.33292e-05,0.000146428,-4937.13,-5.01906e-06,-4.67271e-06,3.46342e-07,4.80792e-13
1.94596e+06,0.000190606,0.000169781,3284.24,3.33874e-06,2.98482e-06,-3.5392e-07,-4.91311e-13
1.94596e+06,0.000190604,0.000169789,3284.29,3.33879e-06,2.98482e-06,-3.53965e-07,-4.91374e-13
1.94596e+06,9.3264e-05,0.000146705,-4936.24,-5.01816e-06,-4.67273e-06,3.45427e-07,4.79521e-13
1.94596e+06,0.000190501,0.000170204,3286.87,3.34142e-06,2.98486e-06,-3.56553e-07,-4.94967e-13
1.94596e+06,9.3198e-05,0.000146982,-4934.17,-5.01605e-06,-4.67273e-06,3.4332e-07,4.76597e-13
1.94596e+06,0.000190401,0.00017062,3288.38,3.34295e-06,2.98479e-06,-3.58163e-07,-4.97202e-13
1.94596e+06,9.31307e-05,0.000147258,-4930.49,-5.01231e-06,-4.67269e-06,3.39622e-07,4.71463e-13
1.94596e+06,0.000190302,0.000171036,3288.64,3.34321e-06,2.98466e-06,-3.58558e-07,-4.9775e-13
1.94596e+06,9.30616e-05,0.000147534,-4924.22,-5.00594e-06,-4.67259e-06,3.33342e-07,4.62745e-13
1.94596e+06,0.000190202,0.000171451,3286.69,3.34123e-06,2.98452e-06,-3.56712e-07,-4.95187e-13
1.94596e+06,9.29907e-05,0.000147809,-4771.54,-4.85072e-06,-4.67245e-06,1.78271e-07,2.47475e-13
1.94596e+06,9.30303e-05,0.000147655,-4812.15,-4.892e-06,-4.67253e-06,2.19471e-07,3.04669e-13
1.94596e+06,0.0001901,0.000171866,3055.68,3.10638e-06,2.98443e-06,-1.21954e-07,-1.69296e-13
1.94596e+06,9.29211e-05,0.000148084,-4954.08,-5.03629e-06,-4.67235e-06,3.63932e-07,5.05211e-13
1.94596e+06,0.00019,0.000172259,3296.01,3.3507e-06,2.98445e-06,-3.66259e-07,-5.0844e-13
1.94596e+06,0.000189995,0.000172279,3309.65,3.36457e-06,2.98445e-06,-3.80121e-07,-5.27684e-13
1.94596e+06,9.28866e-05,0.000148222,-5044.28,-5.12799e-06,-4.67233e-06,4.55662e-07,6.3255e-13
1.94596e+06,0.000189941,0.000172485,3448.69,3.50592e-06,2.98447e-06,-5.21454e-07,-7.23882e-13
2.91895e+06,9.23427e-05,5.206e-05,-4966.18,-5.04859e-06,-4.68339e-06,3.652e-07,5.06971e-13
2.91895e+06,9.23081e-05,5.1923e-05,-5056.97,-5.14088e-06,-4.68336e-06,4.57528e-07,6.3514e-13
2.91895e+06,0.000189394,2.76514e-05,3448.6,3.50583e-06,2.99181e-06,-5.14018e-07,-7.13559e-13
2.91895e+06,0.000189448,2.78573e-05,3318.76,3.37383e-06,2.99179e-06,-3.82044e-07,-5.30353e-13
2.91895e+06,9.24129e-05,5.23341e-05,-4782.11,-4.86146e-06,-4.68352e-06,1.77947e-07,2.47026e-13
2.91895e+06,0.000189551,2.82702e-05,3067.45,3.11836e-06,2.99184e-06,-1.26514e-07,-1.75627e-13
2.91895e+06,9.24242e-05,5.23778e-05,-4783.05,-4.86242e-06,-4.68354e-06,1.78881e-07,2.48323e-13
2.91895e+06,9.24833e-05,5.26083e-05,-4940.72,-5.0227e-06,-4.68365e-06,3.39052e-07,4.70672e-13
2.91895e+06,0.000189652,2.86842e-05,3293.68,3.34834e-06,2.99197e-06,-3.56373e-07,-4.94716e-13
2.91895e+06,9.25516e-05,5.28832e-05,-4946.39,-5.02847e-06,-4.68372e-06,3.44746e-07,4.78577e-13
2.91895e+06,0.000189751,2.90988e-05,3294.82,3.3495e-06,2.99211e-06,-3.57385e-07,-4.96121e-13
2.91895e+06,9.26182e-05,5.31587e-05,-4949.61,-5.03175e-06,-4.68375e-06,3.48004e-07,4.83099e-13
2.91895e+06,0.000189851,2.95136e-05,3293.92,3.34858e-06,2.99222e-06,-3.56359e-07,-4.94697e-13
2.91895e+06,9.26838e-05,5.34347e-05,-4951.31,-5.03348e-06,-4.68374e-06,3.49735e-07,4.85502e-13
2.91895e+06,0.000189952,2.99282e-05,3291.86,3.34649e-06,2.99224e-06,-3.54252e-07,-4.91773e-13
2.91895e+06,9.27487e-05,5.37111e-05,-4951.86,-5.03403e-06,-4.68372e-06,3.50307e-07,4.86295e-13
2.91895e+06,0.00019,3.01186e-05,3290.69,3.3453e-06,2.9922e-06,-3.53094e-07,-4.90165e-13
2.91895e+06,0.000190056,3.03426e-05,3292.72,3.34736e-06,2.99217e-06,-3.55194e-07,-4.9308e-13
2.91895e+06,9.28135e-05,5.39877e-05,-4951.45,-5.03362e-06,-4.68371e-06,3.49909e-07,4.85744e-13
2.91895e+06,0.000190156,3.07582e-05,3295.38,3.35007e-06,2.99219e-06,-3.57883e-07,-4.96813e-13
2.91895e+06,9.28785e-05,5.42644e-05,-4950.2,-5.03235e-06,-4.68372e-06,3.48634e-07,4.83973e-13
2.91895e+06,0.000190254,3.11747e-05,3296.6,3.35131e-06,2.99228e-06,-3.59023e-07,-4.98395e-13
2.91895e+06,9.29441e-05,5.45412e-05,-4948.19,-5.0303e-06,-4.68376e-06,3.46542e-07,4.8107e-13
2.91895e+06,0.00019035,3.15918e-05,3296.56,3.35127e-06,2.9924e-06,-3.58871e-07,-4.98184e-13
2.91895e+06,9.30109e-05,5.48179e-05,-4945.48,-5.02754e-06,-4.68386e-06,3.43687e-07,4.77106e-13
2.91895e+06,0.000190446,3.20092e-05,3295.42,3.35011e-06,2.99249e-06,-3.57624e-07,-4.96453e-13
2.91895e+06,9.30303e-05,5.48972e-05,-4944.64,-5.0267e-06,-4.6839e-06,3.42802e-07,4.75877e-13
2.91895e+06,9.30782e-05,5.50947e-05,-4947.32,-5.02942e-06,-4.68398e-06,3.45437e-07,4.79535e-13
2.91895e+06,0.000190544,3.24264e-05,3293.32,3.34797e-06,2.9925e-06,-3.55472e-07,-4.93466e-13
2.91895e+06,9.31435e-05,5.53721e-05,-4950.32,-5.03247e-06,-4.68405e-06,3.4842e-07,4.83677e-13
2.91895e+06,0.000190606,3.26835e-05,3291.72,3.34634e-06,2.99244e-06,-3.539e-07,-4.91284e-13
2.91895e+06,0.000190645,3.28435e-05,3293.06,3.34771e-06,2.99241e-06,-3.55302e-07,-4.9323e-13
2.91895e+06,9.32073e-05,5.56501e-05,-4952.42,-5.0346e-06,-4.68407e-06,3.50536e-07,4.86614e-13
2.91895e+06,0.000190742,3.32614e-05,3295.8,3.35049e-06,2.99239e-06,-3.581e-07,-4.97114e-13
2.91895e+06,9.32699e-05,5.59286e-05,-4953.69,-5.0359e-06,-4.68406e-06,3.51836e-07,4.88418e-13
2.91895e+06,0.000190837,3.36804e-05,3297.2,3.35192e-06,2.99245e-06,-3.59464e-07,-4.99008e-13
2.91895e+06,9.33318e-05,5.62074e-05,-4954.18,-5.03639e-06,-4.68404e-06,3.52357e-07,4.89142e-13
2.91895e+06,0.00019093,3.40999e-05,3297.43,3.35215e-06,2.99255e-06,-3.59607e-07,-4.99205e-13
2.91895e+06,9.33933e-05,5.64865e-05,-4953.93,-5.03614e-06,-4.68401e-06,3.5213e-07,4.88827e-13
2.91895e+06,0.000191023,3.45199e-05,3296.62,3.35133e-06,2.99263e-06,-3.587e-07,-4.97946e-13
2.91895e+06,9.34548e-05,5.67658e-05,-4952.99,-5.03518e-06,-4.684e-06,3.5118e-07,4.87507e-13
2.91895e+06,0.000191117,3.49398e-05,3294.88,3.34955e-06,2.99265e-06,-3.56903e-07,-4.95452e-13
2.91895e+06,9.35167e-05,5.70451e-05,-4951.38,-5.03355e-06,-4.68402e-06,3.49528e-07,4.85215e-13
2.91895e+06,0.000191212,3.53556e-05,3292.36,3.34699e-06,2.99257e-06,-3.54419e-07,-4.92004e-13
2.91895e+06,0.000191213,3.53595e-05,3292.39,3.34703e-06,2.99257e-06,-3.54453e-07,-4.92051e-13
2.91895e+06,9.35794e-05,5.73245e-05,-4949.15,-5.03128e-06,-4.68408e-06,3.47201e-07,4.81984e-13
2.91895e+06,0.000191309,3.57797e-05,3295.52,3.35021e-06,2.9925e-06,-3.57707e-07,-4.96569e-13
2.91895e+06,9.36364e-05,5.75744e-05,-4946.68,-5.02877e-06,-4.68417e-06,3.44599e-07,4.78372e-13
2.91895e+06,9.36431e-05,5.76039e-05,-4947.05,-5.02915e-06,-4.68418e-06,3.44965e-07,4.7888e-13
2.91895e+06,0.000191401,3.62009e-05,3297.36,3.35208e-06,2.99252e-06,-3.59564e-07,-4.99146e-13
2.91895e+06,9.37062e-05,5.78836e-05,-4950.36,-5.03251e-06,-4.68428e-06,3.48233e-07,4.83416e-13
2.91895e+06,0.000191491,3.66228e-05,3298.08,3.35281e-06,2.99258e-06,-3.60226e-07,-5.00066e-13
2.91895e+06,9.37674e-05,5.81638e-05,-4952.85,-5.03504e-06,-4.68432e-06,3.50723e-07,4.86873e-13
2.91895e+06,0.00019158,3.70451e-05,3297.79,3.35251e-06,2.99266e-06,-3.59855e-07,-4.99551e-13
2.91895e+06,9.38274e-05,5.84446e-05,-4954.59,-5.0368e-06,-4.68432e-06,3.52481e-07,4.89314e-13
2.91895e+06,0.00019167,3.74677e-05,3296.58,3.35129e-06,2.9927e-06,-3.58592e-07,-4.97796e-13
2.91895e+06,9.38863e-05,5.87257e-05,-4955.61,-5.03785e-06,-4.68431e-06,3.53543e-07,4.90787e-13
2.91895e+06,0.000191761,3.78902e-05,3294.57,3.34924e-06,2.99267e-06,-3.56573e-07,-4.94994e-13
2.91895e+06,9.39446e-05,5.90072e-05,-4955.97,-5.03821e-06,-4.68428e-06,3.53934e-07,4.91331e-13
2.91895e+06,0.000191818,3.81496e-05,3293.07,3.34772e-06,2.9926e-06,-3.55119e-07,-4.92976e-13
2.91895e+06,0.000191854,3.83126e-05,3294.28,3.34895e-06,2.99255e-06,-3.56393e-07,-4.94744e-13
2.91895e+06,9.40025e-05,5.92889e-05,-4955.7,-5.03793e-06,-4.68425e-06,3.53678e-07,4.90976e-13
2.91895e+06,0.000191945,3.87358e-05,3296.79,3.3515e-06,2.9925e-06,-3.58993e-07,-4.98354e-13
2.91895e+06,9.40604e-05,5.95707e-05,-4954.81,-5.03704e-06,-4.68424e-06,3.52794e-07,4.89748e-13
2.91895e+06,0.000192033,3.91599e-05,3298.19,3.35292e-06,2.99253e-06,-3.60397e-07,-5.00303e-13
2.91895e+06,9.41187e-05,5.98527e-05,-4953.35,-5.03555e-06,-4.68425e-06,3.513e-07,4.87674e-13
2.91895e+06,0.000192119,3.95845e-05,3298.6,3.35334e-06,2.99258e-06,-3.60764e-07,-5.00812e-13
2.91895e+06,9.41775e-05,6.01348e-05,-4951.35,-5.03351e-06,-4.6843e-06,3.49214e-07,4.84778e-13
2.91895e+06,0.000192204,4.00096e-05,3298.13,3.35286e-06,2.99263e-06,-3.60224e-07,-5.00063e-13
2.91895e+06,9.42371e-05,6.04168e-05,-4948.82,-5.03094e-06,-4.68439e-06,3.46556e-07,4.81088e-13
2.91895e+06,0.00019229,4.04348e-05,3296.84,3.35155e-06,2.99265e-06,-3.58896e-07,-4.98219e-13
2.91895e+06,9.42424e-05,6.04417e-05,-4948.59,-5.03071e-06,-4.6844e-06,3.46315e-07,4.80755e-13
2.91895e+06,9.42966e-05,6.06991e-05,-4951.45,-5.03361e-06,-4.68448e-06,3.49133e-07,4.84666e-13
2.91895e+06,0.000192378,4.086e-05,3294.82,3.34949e-06,2.9926e-06,-3.56894e-07,-4.9544e-13
2.91895e+06,9.43544e-05,6.09819e-05,-4953.93,-5.03613e-06,-4.68453e-06,3.51606e-07,4.88098e-13
2.91895e+06,0.000192424,4.10822e-05,3293.59,3.34824e-06,2.99253e-06,-3.55712e-07,-4.93799e-13
2.91895e+06,0.000192467,4.12851e-05,3294.98,3.34966e-06,2.99247e-06,-3.57189e-07,-4.95849e-13
2.91895e+06,9.44109e-05,6.12651e-05,-4955.75,-5.03799e-06,-4.68454e-06,3.53446e-07,4.90653e-13
2.91895e+06,0.000192553,4.1711e-05,3297.28,3.35199e-06,2.99242e-06,-3.59579e-07,-4.99167e-13
2.91895e+06,9.44664e-05,6.15487e-05,-4956.95,-5.03921e-06,-4.68453e-06,3.54682e-07,4.9237e-13
2.91895e+06,0.000192637,4.21377e-05,3298.59,3.35332e-06,2.99242e-06,-3.60903e-07,-5.01006e-13
2.91895e+06,9.45211e-05,6.18326e-05,-4957.58,-5.03985e-06,-4.68451e-06,3.55339e-07,4.93281e-13
2.91895e+06,0.000192719,4.25649e-05,3299.01,3.35375e-06,2.99246e-06,-3.61295e-07,-5.0155e-13
2.91895e+06,9.45753e-05,6.21168e-05,-4957.64,-5.03991e-06,-4.68448e-06,3.55434e-07,4.93413e-13
2.91895e+06,0.000192801,4.29926e-05,3298.62,3.35336e-06,2.9925e-06,-3.60865e-07,-5.00953e-13
2.91895e+06,9.46293e-05,6.24012e-05,-4957.18,-5.03944e-06,-4.68446e-06,3.54984e-07,4.92788e-13
2.91895e+06,0.000192883,4.34204e-05,3297.5,3.35222e-06,2.99251e-06,-3.59712e-07,-4.99352e-13
2.91895e+06,9.46833e-05,6.26857e-05,-4956.2,-5.03845e-06,-4.68445e-06,3.54003e-07,4.91427e-13
2.91895e+06,0.000192966,4.38482e-05,3295.7,3.35039e-06,2.99246e-06,-3.57931e-07,-4.96879e-13
2.91895e+06,9.47375e-05,6.29704e-05,-4954.75,-5.03697e-06,-4.68446e-06,3.52506e-07,4.89349e-13
2.91895e+06,0.00019303,4.4175e-05,3293.97,3.34863e-06,2.99236e-06,-3.56267e-07,-4.9457e-13
2.91895e+06,0.00019305,4.4276e-05,3294.62,3.3493e-06,2.99233e-06,-3.56968e-07,-4.95542e-13
2.91895e+06,9.47923e-05,6.32551e-05,-4952.82,-5.03501e-06,-4.68451e-06,3.50506e-07,4.86572e-13
2.91895e+06,0.000193133,4.47044e-05,3297.03,3.35174e-06,2.99224e-06,-3.59505e-07,-4.99064e-13
2.91895e+06,9.48477e-05,6.35399e-05,-4950.46,-5.03261e-06,-4.68459e-06,3.48017e-07,4.83116e-13
2.91895e+06,0.000193214,4.51335e-05,3298.54,3.35328e-06,2.99222e-06,-3.61062e-07,-5.01225e-13
2.91895e+06,9.48485e-05,6.35437e-05,-4950.43,-5.03258e-06,-4.6846e-06,3.47983e-07,4.83069e-13
2.91895e+06,9.49028e-05,6.38249e-05,-4953.22,-5.03542e-06,-4.68468e-06,3.50744e-07,4.86902e-13
2.91895e+06,0.000193292,4.55632e-05,3299.23,3.35398e-06,2.99223e-06,-3.61754e-07,-5.02187e-13
2.91895e+06,9.49564e-05,6.41103e-05,-4955.48,-5.03772e-06,-4.68472e-06,3.52997e-07,4.9003e-13
2.91895e+06,0.00019337,4.59933e-05,3299.19,3.35393e-06,2.99226e-06,-3.61679e-07,-5.02083e-13
2.91895e+06,9.50087e-05,6.43961e-05,-4957.19,-5.03946e-06,-4.68473e-06,3.54725e-07,4.92429e-13
2.91895e+06,0.000193447,4.64236e-05,3298.45,3.35319e-06,2.99227e-06,-3.60921e-07,-5.0103e-13
2.91895e+06,9.50601e-05,6.46823e-05,-4958.39,-5.04067e-06,-4.68472e-06,3.55949e-07,4.94128e-13
2.91895e+06,0.000193525,4.68542e-05,3297.08,3.3518e-06,2.99224e-06,-3.59559e-07,-4.99139e-13
2.91895e+06,9.51107e-05,6.49688e-05,-4959.1,-5.04139e-06,-4.6847e-06,3.56687e-07,4.95152e-13
2.91895e+06,0.000193604,4.72847e-05,3295.14,3.34982e-06,2.99215e-06,-3.57668e-07,-4.96515e-13
2.91895e+06,9.51607e-05,6.52555e-05,-4959.33,-5.04163e-06,-4.68468e-06,3.56955e-07,4.95524e-13
2.91895e+06,0.000193636,4.74572e-05,3294.27,3.34894e-06,2.99209e-06,-3.56849e-07,-4.95378e-13
2.91895e+06,0.000193684,4.77153e-05,3295.78,3.35048e-06,2.99201e-06,-3.58464e-07,-4.9762e-13
2.91895e+06,9.52104e-05,6.55424e-05,-4959.12,-5.04142e-06,-4.68465e-06,3.56765e-07,4.95261e-13
2.91895e+06,0.000193762,4.81466e-05,3297.75,3.35247e-06,2.99194e-06,-3.60535e-07,-5.00494e-13
2.91895e+06,9.526e-05,6.58295e-05,-4958.48,-5.04076e-06,-4.68463e-06,3.5613e-07,4.9438e-13
2.91895e+06,0.000193837,4.85785e-05,3298.95,3.35369e-06,2.99191e-06,-3.61782e-07,-5.02226e-13
2.91895e+06,9.53096e-05,6.61167e-05,-4957.43,-5.03969e-06,-4.68463e-06,3.55061e-07,4.92895e-13
2.91895e+06,0.000193911,4.90109e-05,3299.46,3.35421e-06,2.99192e-06,-3.62294e-07,-5.02936e-13
2.91895e+06,9.53594e-05,6.64041e-05,-4955.98,-5.03822e-06,-4.68465e-06,3.53567e-07,4.90822e-13
2.91895e+06,0.000193984,4.94437e-05,3299.32,3.35407e-06,2.99193e-06,-3.62146e-07,-5.02731e-13
2.91895e+06,9.54096e-05,6.66915e-05,-4954.15,-5.03636e-06,-4.6847e-06,3.51659e-07,4.88172e-13
2.91895e+06,0.000194057,4.98767e-05,3298.59,3.35333e-06,2.99192e-06,-3.61407e-07,-5.01705e-13
2.91895e+06,9.54545e-05,6.69467e-05,-4952.23,-5.03441e-06,-4.68477e-06,3.49643e-07,4.85374e-13
2.91895e+06,9.54603e-05,6.69791e-05,-4952.53,-5.03471e-06,-4.68478e-06,3.49931e-07,4.85774e-13
2.91895e+06,0.00019413,5.03099e-05,3297.3,3.35202e-06,2.99188e-06,-3.60138e-07,-4.99944e-13
2.91895e+06,9.55103e-05,6.72668e-05,-4955,-5.03723e-06,-4.68485e-06,3.52379e-07,4.89172e-13
2.91895e+06,0.000194204,5.07431e-05,3295.5,3.35019e-06,2.99179e-06,-3.584e-07,-4.9753e-13
2.91895e+06,9.55591e-05,6.7555e-05,-4957.02,-5.03928e-06,-4.68489e-06,3.54387e-07,4.9196e-13
2.91895e+06,0.000194242,5.0966e-05,3294.45,3.34912e-06,2.99171e-06,-3.57405e-07,-4.96149e-13
2.91895e+06,0.000194279,5.11765e-05,3295.58,3.35027e-06,2.99164e-06,-3.58628e-07,-4.97846e-13
2.91895e+06,9.56068e-05,6.78434e-05,-4958.59,-5.04088e-06,-4.6849e-06,3.55973e-07,4.94162e-13
2.91895e+06,0.000194352,5.16103e-05,3297.51,3.35223e-06,2.99155e-06,-3.60678e-07,-5.00693e-13
2.91895e+06,9.56535e-05,6.81322e-05,-4959.75,-5.04205e-06,-4.6849e-06,3.57154e-07,4.958e-13
2.91895e+06,0.000194423,5.20448e-05,3298.77,3.35351e-06,2.9915e-06,-3.62007e-07,-5.02538e-13
2.91895e+06,9.56995e-05,6.84212e-05,-4960.5,-5.04282e-06,-4.68488e-06,3.57942e-07,4.96894e-13
2.91895e+06,0.000194492,5.24797e-05,3299.42,3.35418e-06,2.99149e-06,-3.62687e-07,-5.03481e-13
2.91895e+06,9.57449e-05,6.87105e-05,-4960.88,-5.0432e-06,-4.68486e-06,3.58349e-07,4.9746e-13
2.91895e+06,0.00019456,5.2915e-05,3299.51,3.35426e-06,2.99148e-06,-3.6278e-07,-5.0361e-13
2.91895e+06,9.57899e-05,6.89999e-05,-4960.89,-5.04322e-06,-4.68483e-06,3.58388e-07,4.97513e-13
2.91895e+06,0.000194628,5.33506e-05,3299.07,3.35382e-06,2.99148e-06,-3.62341e-07,-5.03002e-13
2.91895e+06,9.58346e-05,6.92896e-05,-4960.56,-5.04288e-06,-4.68481e-06,3.58066e-07,4.97067e-13
2.91895e+06,0.000194696,5.37864e-05,3298.14,3.35287e-06,2.99144e-06,-3.61422e-07,-5.01726e-13
2.91895e+06,9.58791e-05,6.95794e-05,-4959.88,-5.04219e-06,-4.6848e-06,3.57394e-07,4.96134e-13
2.91895e+06,0.000194764,5.42223e-05,3296.74,3.35145e-06,2.99138e-06,-3.60068e-07,-4.99846e-13
2.91895e+06,9.59236e-05,6.98693e-05,-4958.89,-5.04118e-06,-4.6848e-06,3.56379e-07,4.94724e-13
2.91895e+06,0.000194833,5.46582e-05,3294.9,3.34958e-06,2.99126e-06,-3.58325e-07,-4.97426e-13
2.91895e+06,9.59682e-05,7.01594e-05,-4957.58,-5.03985e-06,-4.68482e-06,3.55028e-07,4.9285e-13
2.91895e+06,0.000194848,5.47544e-05,3294.48,3.34915e-06,2.99122e-06,-3.57929e-07,-4.96876e-13
2.91895e+06,0.000194902,5.50944e-05,3296.11,3.35081e-06,2.99112e-06,-3.59695e-07,-4.99328e-13
2.91895e+06,9.60131e-05,7.04495e-05,-4955.97,-5.03821e-06,-4.68486e-06,3.53349e-07,4.90519e-13
2.91895e+06,0.000194969,5.55311e-05,3297.73,3.35245e-06,2.99103e-06,-3.61427e-07,-5.01732e-13
2.91895e+06,9.60582e-05,7.07398e-05,-4954.07,-5.03628e-06,-4.68493e-06,3.51349e-07,4.87742e-13
2.91895e+06,0.000195035,5.59683e-05,3298.8,3.35354e-06,2.99098e-06,-3.62566e-07,-5.03314e-13
2.91895e+06,9.60606e-05,7.07552e-05,-4953.96,-5.03617e-06,-4.68493e-06,3.51241e-07,4.87592e-13
2.91895e+06,9.6103e-05,7.10302e-05,-4956.06,-5.0383e-06,-4.685e-06,3.53306e-07,4.90459e-13
2.91895e+06,0.000195098,5.64059e-05,3299.37,3.35412e-06,2.99095e-06,-3.63168e-07,-5.04149e-13
2.91895e+06,9.61466e-05,7.1321e-05,-4957.92,-5.0402e-06,-4.68504e-06,3.55163e-07,4.93037e-13
2.91895e+06,0.000195161,5.68439e-05,3299.46,3.35421e-06,2.99093e-06,-3.63279e-07,-5.04303e-13
2.91895e+06,9.61892e-05,7.1612e-05,-4959.45,-5.04175e-06,-4.68506e-06,3.56695e-07,4.95163e-13
2.91895e+06,0.000195223,5.72821e-05,3299.11,3.35386e-06,2.99091e-06,-3.62942e-07,-5.03836e-13
2.91895e+06,9.62309e-05,7.19033e-05,-4960.65,-5.04297e-06,-4.68506e-06,3.57911e-07,4.96852e-13
2.91895e+06,0.000195286,5.77205e-05,3298.34,3.35307e-06,2.99088e-06,-3.62196e-07,-5.028e-13
2.91895e+06,9.62719e-05,7.21948e-05,-4961.54,-5.04387e-06,-4.68505e-06,3.58824e-07,4.9812e-13
2.91895e+06,0.000195348,5.8159e-05,3297.18,3.35189e-06,2.99081e-06,-3.61077e-07,-5.01247e-13
2.91895e+06,9.63122e-05,7.24865e-05,-4962.13,-5.04447e-06,-4.68503e-06,3.59443e-07,4.98978e-13
2.91895e+06,0.000195411,5.85977e-05,3295.64,3.35033e-06,2.99071e-06,-3.59617e-07,-4.9922e-13
2.91895e+06,9.6352e-05,7.27785e-05,-4962.43,-5.04478e-06,-4.68501e-06,3.59776e-07,4.9944e-13
2.91895e+06,0.000195455,5.88999e-05,3294.41,3.34908e-06,2.99061e-06,-3.58468e-07,-4.97625e-13
2.91895e+06,0.000195474,5.90365e-05,3295.01,3.34969e-06,2.99057e-06,-3.59123e-07,-4.98534e-13
2.91895e+06,9.63913e-05,7.30706e-05,-4962.47,-5.04482e-06,-4.68499e-06,3.59831e-07,4.99517e-13
2.91895e+06,0.000195536,5.94757e-05,3296.72,3.35143e-06,2.99045e-06,-3.6098e-07,-5.01112e-13
2.91895e+06,9.64303e-05,7.33629e-05,-4962.24,-5.04458e-06,-4.68497e-06,3.59617e-07,4.9922e-13
2.91895e+06,0.000195597,5.99153e-05,3297.97,3.3527e-06,2.99037e-06,-3.62331e-07,-5.02987e-13
2.91895e+06,9.64691e-05,7.36553e-05,-4961.75,-5.04409e-06,-4.68495e-06,3.5914e-07,4.98557e-13
2.91895e+06,0.000195655,6.03553e-05,3298.79,3.35354e-06,2.99032e-06,-3.63218e-07,-5.04219e-13
2.91895e+06,9.65077e-05,7.39478e-05,-4961.03,-5.04335e-06,-4.68495e-06,3.58406e-07,4.97539e-13
2.91895e+06,0.000195713,6.07956e-05,3299.22,3.35396e-06,2.99028e-06,-3.6368e-07,-5.0486e-13
2.91895e+06,9.65462e-05,7.42405e-05,-4960.07,-5.04238e-06,-4.68495e-06,3.57423e-07,4.96174e-13
2.91895e+06,0.00019577,6.12362e-05,3299.26,3.35401e-06,2.99026e-06,-3.63751e-07,-5.04959e-13
2.91895e+06,9.65847e-05,7.45333e-05,-4958.88,-5.04117e-06,-4.68497e-06,3.56195e-07,4.9447e-13
2.91895e+06,0.000195826,6.16771e-05,3298.95,3.35369e-06,2.99023e-06,-3.63463e-07,-5.04559e-13
2.91895e+06,9.66232e-05,7.48263e-05,-4957.47,-5.03974e-06,-4.68501e-06,3.54729e-07,4.92434e-13
2.91895e+06,0.000195882,6.21182e-05,3298.3,3.35303e-06,2.99019e-06,-3.62845e-07,-5.03701e-13
2.91895e+06,9.66619e-05,7.51193e-05,-4955.86,-5.0381e-06,-4.68507e-06,3.53029e-07,4.90075e-13
2.91895e+06,0.000195938,6.25594e-05,3297.33,3.35204e-06,2.99012e-06,-3.61921e-07,-5.02419e-13
2.91895e+06,9.66667e-05,7.51555e-05,-4955.66,-5.03789e-06,-4.68508e-06,3.52815e-07,4.89777e-13
2.91895e+06,9.67003e-05,7.54125e-05,-4957.28,-5.03955e-06,-4.68513e-06,3.54417e-07,4.92001e-13
2.91895e+06,0.000195994,6.30008e-05,3296.05,3.35075e-06,2.99003e-06,-3.60717e-07,-5.00747e-13
2.91895e+06,9.67376e-05,7.57059e-05,-4958.91,-5.0412e-06,-4.68517e-06,3.56029e-07,4.94239e-13
2.91895e+06,0.00019605,6.34423e-05,3294.49,3.34916e-06,2.9899e-06,-3.59254e-07,-4.98716e-13
2.91895e+06,9.67741e-05,7.59995e-05,-4960.29,-5.0426e-06,-4.68519e-06,3.57409e-07,4.96154e-13
2.91895e+06,0.000196061,6.35238e-05,3294.19,3.34885e-06,2.98988e-06,-3.58979e-07,-4.98334e-13
2.91895e+06,0.000196106,6.3884e-05,3295.53,3.35022e-06,2.98976e-06,-3.60453e-07,-5.00381e-13
2.91895e+06,9.68097e-05,7.62934e-05,-4961.43,-5.04377e-06,-4.6852e-06,3.58564e-07,4.97758e-13
2.91895e+06,0.000196161,6.43261e-05,3296.86,3.35157e-06,2.98966e-06,-3.61912e-07,-5.02406e-13
2.91895e+06,9.68447e-05,7.65874e-05,-4962.35,-5.0447e-06,-4.6852e-06,3.59502e-07,4.99061e-13
2.91895e+06,0.000196214,6.47685e-05,3297.85,3.35258e-06,2.98959e-06,-3.62992e-07,-5.03905e-13
2.91895e+06,9.6879e-05,7.68816e-05,-4963.06,-5.04542e-06,-4.68519e-06,3.60232e-07,5.00073e-13
2.91895e+06,0.000196266,6.52112e-05,3298.52,3.35326e-06,2.98954e-06,-3.63721e-07,-5.04917e-13
2.91895e+06,9.69127e-05,7.7176e-05,-4963.57,-5.04593e-06,-4.68518e-06,3.60759e-07,5.00805e-13
2.91895e+06,0.000196316,6.56543e-05,3298.88,3.35362e-06,2.98949e-06,-3.64126e-07,-5.05479e-13
2.91895e+06,9.69459e-05,7.74706e-05,-4963.87,-5.04625e-06,-4.68516e-06,3.6109e-07,5.01265e-13
2.91895e+06,0.000196366,6.60975e-05,3298.95,3.35369e-06,2.98946e-06,-3.64232e-07,-5.05626e-13
2.91895e+06,9.69786e-05,7.77653e-05,-4963.99,-5.04637e-06,-4.68514e-06,3.61232e-07,5.01461e-13
2.91895e+06,0.000196415,6.6541e-05,3298.74,3.35348e-06,2.98942e-06,-3.64061e-07,-5.05389e-13
2.91895e+06,9.70109e-05,7.80602e-05,-4963.93,-5.04631e-06,-4.68512e-06,3.6119e-07,5.01404e-13
2.91895e+06,0.000196464,6.69847e-05,3298.28,3.35301e-06,2.98938e-06,-3.63634e-07,-5.04796e-13
2.91895e+06,9.70429e-05,7.83551e-05,-4963.7,-5.04607e-06,-4.6851e-06,3.60971e-07,5.01099e-13
2.91895e+06,0.000196513,6.74285e-05,3297.57,3.35229e-06,2.98932e-06,-3.62969e-07,-5.03873e-13
2.91895e+06,9.70745e-05,7.86503e-05,-4963.31,-5.04567e-06,-4.68509e-06,3.6058e-07,5.00557e-13
2.91895e+06,0.000196561,6.78725e-05,3296.63,3.35133e-06,2.98925e-06,-3.62084e-07,-5.02644e-13
2.91895e+06,9.71059e-05,7.89455e-05,-4962.75,-5.04511e-06,-4.68509e-06,3.60022e-07,4.99783e-13
2.91895e+06,0.00019661,6.83167e-05,3295.46,3.35015e-06,2.98915e-06,-3.60994e-07,-5.01132e-13
2.91895e+06,9.71371e-05,7.92409e-05,-4962.05,-5.04439e-06,-4.68509e-06,3.59304e-07,4.98785e-13
2.91895e+06,0.000196658,6.8761e-05,3294.08,3.34875e-06,2.98903e-06,-3.59715e-07,-4.99356e-13
2.91895e+06,9.71681e-05,7.95363e-05,-4961.2,-5.04353e-06,-4.6851e-06,3.58428e-07,4.9757e-13
2.91895e+06,0.000196667,6.88386e-05,3293.84,3.3485e-06,2.98901e-06,-3.59489e-07,-4.99042e-13
2.91895e+06,0.000196706,6.92055e-05,3294.98,3.34966e-06,2.9889e-06,-3.6076e-07,-5.00806e-13
2.91895e+06,9.71989e-05,7.98319e-05,-4960.21,-5.04252e-06,-4.68512e-06,3.57402e-07,4.96145e-13
2.91895e+06,0.000196753,6.96502e-05,3296.14,3.35084e-06,2.9888e-06,-3.62044e-07,-5.02589e-13
2.91895e+06,9.72296e-05,8.01276e-05,-4959.09,-5.04138e-06,-4.68515e-06,3.56229e-07,4.94516e-13
2.91895e+06,0.000196799,7.00953e-05,3297.06,3.35177e-06,2.98872e-06,-3.63051e-07,-5.03987e-13
2.91895e+06,9.72603e-05,8.04234e-05,-4957.83,-5.04011e-06,-4.68519e-06,3.54914e-07,4.92691e-13
2.91895e+06,0.000196843,7.05406e-05,3297.73,3.35246e-06,2.98865e-06,-3.63801e-07,-5.05029e-13
2.91895e+06,9.72727e-05,8.05448e-05,-4957.3,-5.03957e-06,-4.68522e-06,3.54352e-07,4.9191e-13
2.91895e+06,9.72906e-05,8.07193e-05,-4958.15,-5.04043e-06,-4.68524e-06,3.55188e-07,4.93072e-13
2.91895e+06,0.000196886,7.09861e-05,3298.19,3.35292e-06,2.9886e-06,-3.64313e-07,-5.05739e-13
2.91895e+06,9.73203e-05,8.10154e-05,-4959.49,-5.04179e-06,-4.68528e-06,3.56507e-07,4.94902e-13
2.91895e+06,0.000196928,7.14319e-05,3298.43,3.35317e-06,2.98856e-06,-3.64604e-07,-5.06143e-13
2.91895e+06,9.73491e-05,8.13116e-05,-4960.67,-5.04299e-06,-4.68531e-06,3.5768e-07,4.96531e-13
2.91895e+06,0.00019697,7.18778e-05,3298.48,3.35321e-06,2.98852e-06,-3.6469e-07,-5.06262e-13
2.91895e+06,9.73773e-05,8.1608e-05,-4961.7,-5.04404e-06,-4.68533e-06,3.58714e-07,4.97966e-13
2.91895e+06,0.000197011,7.2324e-05,3298.33,3.35307e-06,2.98848e-06,-3.64585e-07,-5.06116e-13
2.91895e+06,9.74048e-05,8.19046e-05,-4962.59,-5.04495e-06,-4.68533e-06,3.59614e-07,4.99215e-13
2.91895e+06,0.000197051,7.27703e-05,3298.01,3.35274e-06,2.98844e-06,-3.64303e-07,-5.05725e-13
2.91895e+06,9.74317e-05,8.22012e-05,-4963.35,-5.04572e-06,-4.68534e-06,3.60384e-07,5.00285e-13
2.91895e+06,0.000197091,7.32168e-05,3297.53,3.35225e-06,2.98839e-06,-3.63858e-07,-5.05107e-13
2.91895e+06,9.74579e-05,8.2498e-05,-4963.99,-5.04636e-06,-4.68533e-06,3.61032e-07,5.01184e-13
2.91895e+06,0.000197131,7.36634e-05,3296.88,3.35159e-06,2.98833e-06,-3.63261e-07,-5.04278e-13
2.91895e+06,9.74837e-05,8.2795e-05,-4964.5,-5.04688e-06,-4.68532e-06,3.6156e-07,5.01918e-13
2.91895e+06,0.00019717,7.41102e-05,3296.08,3.35078e-06,2.98826e-06,-3.62522e-07,-5.03253e-13
2.91895e+06,9.75089e-05,8.3092e-05,-4964.9,-5.04729e-06,-4.68531e-06,3.61975e-07,5.02494e-13
2.91895e+06,0.000197209,7.45571e-05,3295.14,3.34983e-06,2.98817e-06,-3.61653e-07,-5.02046e-13
2.91895e+06,9.75336e-05,8.33892e-05,-4965.19,-5.04758e-06,-4.6853e-06,3.62281e-07,5.02918e-13
2.91895e+06,0.000197248,7.50041e-05,3294.07,3.34873e-06,2.98807e-06,-3.60662e-07,-5.00671e-13
2.91895e+06,9.75578e-05,8.36865e-05,-4965.37,-5.04777e-06,-4.68529e-06,3.62483e-07,5.03199e-13
2.91895e+06,0.000197273,7.52864e-05,3293.34,3.34799e-06,2.988e-06,-3.59994e-07,-4.99744e-13
2.91895e+06,0.000197287,7.54513e-05,3293.75,3.34841e-06,2.98795e-06,-3.60452e-07,-5.0038e-13
2.91895e+06,9.75816e-05,8.39839e-05,-4965.46,-5.04786e-06,-4.68527e-06,3.62586e-07,5.03341e-13
2.91895e+06,0.000197325,7.58987e-05,3294.77,3.34944e-06,2.98785e-06,-3.61593e-07,-5.01963e-13
2.91895e+06,9.76049e-05,8.42814e-05,-4965.45,-5.04785e-06,-4.68526e-06,3.62593e-07,5.03351e-13
2.91895e+06,0.000197361,7.63463e-05,3295.63,3.35031e-06,2.98776e-06,-3.62551e-07,-5.03293e-13
2.91895e+06,9.76279e-05,8.4579e-05,-4965.36,-5.04775e-06,-4.68524e-06,3.6251e-07,5.03236e-13
2.91895e+06,0.000197397,7.6794e-05,3296.33,3.35103e-06,2.98769e-06,-3.63339e-07,-5.04387e-13
2.91895e+06,9.76504e-05,8.48767e-05,-4965.18,-5.04757e-06,-4.68523e-06,3.6234e-07,5.03e-13
2.91895e+06,0.000197431,7.7242e-05,3296.89,3.3516e-06,2.98763e-06,-3.63969e-07,-5.05262e-13
2.91895e+06,9.76726e-05,8.51746e-05,-4964.92,-5.04731e-06,-4.68523e-06,3.62089e-07,5.02652e-13
2.91895e+06,0.000197465,7.76901e-05,3297.31,3.35203e-06,2.98758e-06,-3.64453e-07,-5.05933e-13
2.91895e+06,9.76944e-05,8.54725e-05,-4964.59,-5.04698e-06,-4.68522e-06,3.6176e-07,5.02195e-13
2.91895e+06,0.000197498,7.81384e-05,3297.61,3.35233e-06,2.98754e-06,-3.648e-07,-5.06415e-13
2.91895e+06,9.77159e-05,8.57704e-05,-4964.2,-5.04657e-06,-4.68522e-06,3.61358e-07,5.01637e-13
2.91895e+06,0.00019753,7.85869e-05,3297.79,3.35252e-06,2.98749e-06,-3.65021e-07,-5.06721e-13
2.91895e+06,9.7737e-05,8.60685e-05,-4963.73,-5.0461e-06,-4.68522e-06,3.60886e-07,5.00982e-13
2.91895e+06,0.000197561,7.90355e-05,3297.86,3.35258e-06,2.98746e-06,-3.65125e-07,-5.06867e-13
2.91895e+06,9.77578e-05,8.63667e-05,-4963.21,-5.04557e-06,-4.68522e-06,3.6035e-07,5.00237e-13
2.91895e+06,0.000197591,7.94842e-05,3297.82,3.35254e-06,2.98742e-06,-3.65122e-07,-5.06862e-13
2.91895e+06,9.77783e-05,8.6665e-05,-4962.63,-5.04498e-06,-4.68523e-06,3.59751e-07,4.99406e-13
2.91895e+06,0.000197621,7.99331e-05,3297.68,3.3524e-06,2.98738e-06,-3.6502e-07,-5.06721e-13
2.91895e+06,9.77984e-05,8.69633e-05,-4962,-5.04434e-06,-4.68524e-06,3.59096e-07,4.98496e-13
2.91895e+06,0.000197651,8.03821e-05,3297.45,3.35217e-06,2.98735e-06,-3.64827e-07,-5.06452e-13
2.91895e+06,9.78182e-05,8.72617e-05,-4961.32,-5.04365e-06,-4.68526e-06,3.58387e-07,4.97512e-13
2.91895e+06,0.000197679,8.08313e-05,3297.14,3.35185e-06,2.9873e-06,-3.6455e-07,-5.06068e-13
2.91895e+06,9.78377e-05,8.75602e-05,-4960.59,-5.04291e-06,-4.68528e-06,3.57629e-07,4.96459e-13
2.91895e+06,0.000197707,8.12805e-05,3296.75,3.35146e-06,2.98726e-06,-3.64197e-07,-5.05578e-13
2.91895e+06,9.78568e-05,8.78588e-05,-4959.83,-5.04213e-06,-4.68531e-06,3.56825e-07,4.95343e-13
2.91895e+06,0.000197735,8.17299e-05,3296.28,3.35098e-06,2.98721e-06,-3.63774e-07,-5.0499e-13
2.91895e+06,9.78757e-05,8.81574e-05,-4959.02,-5.04132e-06,-4.68534e-06,3.55979e-07,4.9417e-13
2.91895e+06,0.000197762,8.21794e-05,3295.75,3.35044e-06,2.98716e-06,-3.63287e-07,-5.04314e-13
2.91895e+06,9.78788e-05,8.82081e-05,-4958.89,-5.04118e-06,-4.68534e-06,3.55836e-07,4.93971e-13
2.91895e+06,9.78941e-05,8.84562e-05,-4959.6,-5.0419e-06,-4.68537e-06,3.56538e-07,4.94945e-13
2.91895e+06,0.000197789,8.2629e-05,3295.16,3.34984e-06,2.9871e-06,-3.62742e-07,-5.03558e-13
2.91895e+06,9.79119e-05,8.8755e-05,-4960.4,-5.04272e-06,-4.68539e-06,3.57324e-07,4.96037e-13
2.91895e+06,0.000197815,8.30787e-05,3294.5,3.34918e-06,2.98703e-06,-3.62146e-07,-5.02731e-13
2.91895e+06,9.79291e-05,8.90539e-05,-4961.13,-5.04346e-06,-4.68541e-06,3.58048e-07,4.97042e-13
2.91895e+06,0.000197841,8.35285e-05,3293.8,3.34846e-06,2.98696e-06,-3.61503e-07,-5.01838e-13
2.91895e+06,9.79458e-05,8.93529e-05,-4961.8,-5.04414e-06,-4.68543e-06,3.58714e-07,4.97966e-13
2.91895e+06,0.000197867,8.39784e-05,3293.05,3.3477e-06,2.98688e-06,-3.60819e-07,-5.00889e-13
2.91895e+06,9.79619e-05,8.9652e-05,-4962.41,-5.04476e-06,-4.68544e-06,3.59324e-07,4.98813e-13
2.91895e+06,0.000197879,8.41972e-05,3292.68,3.34732e-06,2.98684e-06,-3.60482e-07,-5.0042e-13
2.91895e+06,0.000197892,8.44284e-05,3293.04,3.34769e-06,2.9868e-06,-3.60888e-07,-5.00985e-13
2.91895e+06,9.79775e-05,8.99511e-05,-4962.97,-5.04533e-06,-4.68545e-06,3.59881e-07,4.99586e-13
2.91895e+06,0.000197916,8.48785e-05,3293.68,3.34834e-06,2.98672e-06,-3.61619e-07,-5.01999e-13
2.91895e+06,9.79925e-05,9.02504e-05,-4963.47,-5.04584e-06,-4.68545e-06,3.60388e-07,5.0029e-13
2.91895e+06,0.000197939,8.53288e-05,3294.26,3.34892e-06,2.98666e-06,-3.62267e-07,-5.02898e-13
2.91895e+06,9.80071e-05,9.05497e-05,-4963.93,-5.04631e-06,-4.68546e-06,3.60848e-07,5.00929e-13
2.91895e+06,0.000197961,8.57791e-05,3294.76,3.34944e-06,2.9866e-06,-3.62837e-07,-5.0369e-13
2.91895e+06,9.80211e-05,9.0849e-05,-4964.34,-5.04672e-06,-4.68546e-06,3.61264e-07,5.01506e-13
2.91895e+06,0.000197982,8.62296e-05,3295.2,3.34989e-06,2.98655e-06,-3.63337e-07,-5.04383e-13
2.91895e+06,9.80347e-05,9.11485e-05,-4964.71,-5.0471e-06,-4.68546e-06,3.61638e-07,5.02026e-13
2.91895e+06,0.000198003,8.66802e-05,3295.59,3.35027e-06,2.9865e-06,-3.63771e-07,-5.04986e-13
2.91895e+06,9.80477e-05,9.14479e-05,-4965.04,-5.04743e-06,-4.68546e-06,3.61974e-07,5.02492e-13
2.91895e+06,0.000198022,8.71308e-05,3295.91,3.35061e-06,2.98646e-06,-3.64144e-07,-5.05505e-13
2.91895e+06,9.80603e-05,9.17475e-05,-4965.33,-5.04773e-06,-4.68546e-06,3.62273e-07,5.02907e-13
2.91895e+06,0.000198041,8.75816e-05,3296.19,3.35089e-06,2.98643e-06,-3.64463e-07,-5.05947e-13
2.91895e+06,9.80724e-05,9.20471e-05,-4965.59,-5.04799e-06,-4.68545e-06,3.62538e-07,5.03275e-13
2.91895e+06,0.00019806,8.80325e-05,3296.42,3.35113e-06,2.98639e-06,-3.64732e-07,-5.0632e-13
2.91895e+06,9.8084e-05,9.23468e-05,-4965.82,-5.04822e-06,-4.68545e-06,3.62773e-07,5.036e-13
2.91895e+06,0.000198077,8.84834e-05,3296.61,3.35132e-06,2.98636e-06,-3.64955e-07,-5.0663e-13
2.91895e+06,9.80952e-05,9.26465e-05,-4966.01,-5.04842e-06,-4.68545e-06,3.62978e-07,5.03885e-13
2.91895e+06,0.000198094,8.89344e-05,3296.76,3.35147e-06,2.98634e-06,-3.65137e-07,-5.06882e-13
2.91895e+06,9.81059e-05,9.29462e-05,-4966.18,-5.0486e-06,-4.68544e-06,3.63156e-07,5.04133e-13
2.91895e+06,0.00019811,8.93855e-05,3296.88,3.35159e-06,2.98631e-06,-3.65281e-07,-5.07083e-13
2.91895e+06,9.81162e-05,9.3246e-05,-4966.33,-5.04875e-06,-4.68544e-06,3.6331e-07,5.04346e-13
2.91895e+06,0.000198126,8.98366e-05,3296.97,3.35168e-06,2.98629e-06,-3.65392e-07,-5.07237e-13
2.91895e+06,9.8126e-05,9.35459e-05,-4966.46,-5.04887e-06,-4.68543e-06,3.63441e-07,5.04529e-13
2.91895e+06,0.00019814,9.02879e-05,3297.03,3.35174e-06,2.98626e-06,-3.65474e-07,-5.0735e-13
2.91895e+06,9.81353e-05,9.38458e-05,-4966.56,-5.04898e-06,-4.68543e-06,3.63552e-07,5.04683e-13
2.91895e+06,0.000198154,9.07391e-05,3297.06,3.35177e-06,2.98624e-06,-3.65529e-07,-5.07427e-13
2.91895e+06,9.81442e-05,9.41457e-05,-4966.65,-5.04907e-06,-4.68542e-06,3.63645e-07,5.04811e-13
2.91895e+06,0.000198168,9.11905e-05,3297.07,3.35179e-06,2.98622e-06,-3.65562e-07,-5.07472e-13
2.91895e+06,9.81527e-05,9.44457e-05,-4966.72,-5.04914e-06,-4.68542e-06,3.63721e-07,5.04917e-13
2.91895e+06,0.00019818,9.16419e-05,3297.07,3.35178e-06,2.98621e-06,-3.65574e-07,-5.0749e-13
2.91895e+06,9.81607e-05,9.47457e-05,-4966.77,-5.04919e-06,-4.68541e-06,3.63782e-07,5.05002e-13
2.91895e+06,0.000198192,9.20934e-05,3297.05,3.35176e-06,2.98619e-06,-3.6557e-07,-5.07484e-13
2.91895e+06,9.81682e-05,9.50458e-05,-4966.81,-5.04924e-06,-4.68541e-06,3.63831e-07,5.05069e-13
2.91895e+06,0.000198204,9.25449e-05,3297.01,3.35172e-06,2.98617e-06,-3.65551e-07,-5.07458e-13
2.91895e+06,9.81753e-05,9.53459e-05,-4966.85,-5.04927e-06,-4.6854e-06,3.63868e-07,5.0512e-13
2.91895e+06,0.000198214,9.29965e-05,3296.96,3.35168e-06,2.98616e-06,-3.65521e-07,-5.07416e-13
2.91895e+06,9.8182e-05,9.5646e-05,-4966.87,-5.04929e-06,-4.6854e-06,3.63895e-07,5.05158e-13
2.91895e+06,0.000198224,9.34481e-05,3296.91,3.35162e-06,2.98614e-06,-3.65481e-07,-5.07361e-13
2.91895e+06,9.81882e-05,9.59461e-05,-4966.88,-5.04931e-06,-4.68539e-06,3.63913e-07,5.05184e-13
2.91895e+06,0.000198234,9.38998e-05,3296.85,3.35156e-06,2.98613e-06,-3.65435e-07,-5.07296e-13
2.91895e+06,9.8194e-05,9.62463e-05,-4966.89,-5.04932e-06,-4.68539e-06,3.63925e-07,5.052e-13
2.91895e+06,0.000198243,9.43515e-05,3296.79,3.35149e-06,2.98611e-06,-3.65383e-07,-5.07224e-13
2.91895e+06,9.81993e-05,9.65465e-05,-4966.89,-5.04932e-06,-4.68539e-06,3.6393e-07,5.05208e-13
2.91895e+06,0.000198251,9.48032e-05,3296.72,3.35143e-06,2.9861e-06,-3.65328e-07,-5.07148e-13
2.91895e+06,9.82042e-05,9.68468e-05,-4966.89,-5.04932e-06,-4.68538e-06,3.63931e-07,5.05209e-13
2.91895e+06,0.000198258,9.5255e-05,3296.65,3.35136e-06,2.98609e-06,-3.65272e-07,-5.07069e-13
2.91895e+06,9.82087e-05,9.7147e-05,-4966.89,-5.04931e-06,-4.68538e-06,3.63929e-07,5.05205e-13
2.91895e+06,0.000198265,9.57068e-05,3296.59,3.35129e-06,2.98608e-06,-3.65215e-07,-5.06991e-13
2.91895e+06,9.82127e-05,9.74473e-05,-4966.88,-5.0493e-06,-4.68538e-06,3.63924e-07,5.05198e-13
2.91895e+06,0.000198271,9.61586e-05,3296.52,3.35123e-06,2.98607e-06,-3.65161e-07,-5.06915e-13
2.91895e+06,9.82163e-05,9.77475e-05,-4966.87,-5.04929e-06,-4.68538e-06,3.63917e-07,5.05189e-13
2.91895e+06,0.000198276,9.66105e-05,3296.46,3.35117e-06,2.98606e-06,-3.65109e-07,-5.06843e-13
2.91895e+06,9.82194e-05,9.80478e-05,-4966.86,-5.04928e-06,-4.68538e-06,3.63909e-07,5.05178e-13
2.91895e+06,0.000198281,9.70624e-05,3296.41,3.35111e-06,2.98605e-06,-3.65061e-07,-5.06777e-13
2.91895e+06,9.8222e-05,9.83481e-05,-4966.85,-5.04928e-06,-4.68537e-06,3.63901e-07,5.05167e-13
2.91895e+06,0.000198285,9.75143e-05,3296.36,3.35106e-06,2.98604e-06,-3.65018e-07,-5.06717e-13
2.91895e+06,9.82243e-05,9.86485e-05,-4966.84,-5.04927e-06,-4.68537e-06,3.63894e-07,5.05157e-13
2.91895e+06,0.000198288,9.79662e-05,3296.32,3.35102e-06,2.98604e-06,-3.64981e-07,-5.06666e-13
2.91895e+06,9.82261e-05,9.89488e-05,-4966.84,-5.04926e-06,-4.68537e-06,3.63887e-07,5.05148e-13
2.91895e+06,0.000198291,9.84182e-05,3296.28,3.35098e-06,2.98603e-06,-3.6495e-07,-5.06624e-13
2.91895e+06,9.82274e-05,9.92491e-05,-4966.83,-5.04925e-06,-4.68537e-06,3.63882e-07,5.0514e-13
2.91895e+06,0.000198293,9.88701e-05,3296.25,3.35095e-06,2.98603e-06,-3.64927e-07,-5.06591e-13
2.91895e+06,9.82283e-05,9.95495e-05,-4966.83,-5.04925e-06,-4.68537e-06,3.63878e-07,5.05135e-13
2.91895e+06,0.000198294,9.93221e-05,3296.24,3.35094e-06,2.98602e-06,-3.64911e-07,-5.06569e-13
2.91895e+06,9.82287e-05,9.98498e-05,-4966.82,-5.04925e-06,-4.68537e-06,3.63876e-07,5.05133e-13
2.91895e+06,0.000198295,9.9774e-05,3296.23,3.35093e-06,2.98602e-06,-3.64903e-07,-5.06558e-13
2.91895e+06,9.82287e-05,0.00010015,-4966.82,-5.04925e-06,-4.68537e-06,3.63876e-07,5.05133e-13
2.91895e+06,0.000198295,0.000100226,3296.23,3.35093e-06,2.98602e-06,-3.64903e-07,-5.06558e-13
2.91895e+06,9.82283e-05,0.000100451,-4966.83,-5.04925e-06,-4.68537e-06,3.63878e-07,5.05135e-13
2.91895e+06,0.000198294,0.000100678,3296.24,3.35094e-06,2.98602e-06,-3.64911e-07,-5.06569e-13
2.91895e+06,9.82274e-05,0.000100751,-4966.83,-5.04925e-06,-4.68537e-06,3.63882e-07,5.0514e-13
2.91895e+06,0.000198293,0.00010113,3296.25,3.35095e-06,2.98603e-06,-3.64927e-07,-5.06591e-13
2.91895e+06,9.82261e-05,0.000101051,-4966.84,-5.04926e-06,-4.68537e-06,3.63887e-07,5.05148e-13
2.91895e+06,0.000198291,0.000101582,3296.28,3.35098e-06,2.98603e-06,-3.6495e-07,-5.06624e-13
2.91895e+06,9.82243e-05,0.000101352,-4966.84,-5.04927e-06,-4.68537e-06,3.63894e-07,5.05157e-13
2.91895e+06,0.000198288,0.000102034,3296.32,3.35102e-06,2.98604e-06,-3.64981e-07,-5.06666e-13
2.91895e+06,9.8222e-05,0.000101652,-4966.85,-5.04928e-06,-4.68537e-06,3.63901e-07,5.05167e-13
2.91895e+06,0.000198285,0.000102486,3296.36,3.35106e-06,2.98604e-06,-3.65018e-07,-5.06717e-13
2.91895e+06,9.82194e-05,0.000101952,-4966.86,-5.04928e-06,-4.68538e-06,3.63909e-07,5.05178e-13
2.91895e+06,0.000198281,0.000102938,3296.41,3.35111e-06,2.98605e-06,-3.65061e-07,-5.06777e-13
2.91895e+06,9.82163e-05,0.000102252,-4966.87,-5.04929e-06,-4.68538e-06,3.63917e-07,5.05189e-13
2.91895e+06,0.000198276,0.00010339,3296.46,3.35117e-06,2.98606e-06,-3.65109e-07,-5.06843e-13
2.91895e+06,9.82127e-05,0.000102553,-4966.88,-5.0493e-06,-4.68538e-06,3.63924e-07,5.05198e-13
2.91895e+06,0.000198271,0.000103841,3296.52,3.35123e-06,2.98607e-06,-3.65161e-07,-5.06915e-13
2.91895e+06,9.82087e-05,0.000102853,-4966.89,-5.04931e-06,-4.68538e-06,3.63929e-07,5.05205e-13
2.91895e+06,0.000198265,0.000104293,3296.59,3.35129e-06,2.98608e-06,-3.65215e-07,-5.06991e-13
2.91895e+06,9.82042e-05,0.000103153,-4966.89,-5.04932e-06,-4.68538e-06,3.63931e-07,5.05209e-13
2.91895e+06,0.000198258,0.000104745,3296.65,3.35136e-06,2.98609e-06,-3.65272e-07,-5.07069e-13
2.91895e+06,9.81993e-05,0.000103453,-4966.89,-5.04932e-06,-4.68539e-06,3.6393e-07,5.05208e-13
2.91895e+06,0.000198251,0.000105197,3296.72,3.35143e-06,2.9861e-06,-3.65328e-07,-5.07148e-13
2.91895e+06,9.8194e-05,0.000103754,-4966.89,-5.04932e-06,-4.68539e-06,3.63925e-07,5.052e-13
2.91895e+06,0.000198243,0.000105649,3296.79,3.35149e-06,2.98611e-06,-3.65383e-07,-5.07224e-13
2.91895e+06,9.81882e-05,0.000104054,-4966.88,-5.04931e-06,-4.68539e-06,3.63913e-07,5.05184e-13
2.91895e+06,0.000198234,0.0001061,3296.85,3.35156e-06,2.98613e-06,-3.65435e-07,-5.07296e-13
2.91895e+06,9.8182e-05,0.000104354,-4966.87,-5.04929e-06,-4.6854e-06,3.63895e-07,5.05158e-13
2.91895e+06,0.000198224,0.000106552,3296.91,3.35162e-06,2.98614e-06,-3.65481e-07,-5.07361e-13
2.91895e+06,9.81753e-05,0.000104654,-4966.85,-5.04927e-06,-4.6854e-06,3.63868e-07,5.0512e-13
2.91895e+06,0.000198214,0.000107004,3296.96,3.35168e-06,2.98616e-06,-3.65521e-07,-5.07416e-13
2.91895e+06,9.81682e-05,0.000104954,-4966.81,-5.04924e-06,-4.68541e-06,3.63831e-07,5.05069e-13
2.91895e+06,0.000198204,0.000107455,3297.01,3.35172e-06,2.98617e-06,-3.65551e-07,-5.07458e-13
2.91895e+06,9.81607e-05,0.000105254,-4966.77,-5.04919e-06,-4.68541e-06,3.63782e-07,5.05002e-13
2.91895e+06,0.000198192,0.000107907,3297.05,3.35176e-06,2.98619e-06,-3.6557e-07,-5.07484e-13
2.91895e+06,9.81527e-05,0.000105554,-4966.72,-5.04914e-06,-4.68542e-06,3.63721e-07,5.04917e-13
2.91895e+06,0.00019818,0.000108358,3297.07,3.35178e-06,2.98621e-06,-3.65574e-07,-5.0749e-13
2.91895e+06,9.81442e-05,0.000105854,-4966.65,-5.04907e-06,-4.68542e-06,3.63645e-07,5.04811e-13
2.91895e+06,0.000198168,0.000108809,3297.07,3.35179e-06,2.98622e-06,-3.65562e-07,-5.07472e-13
2.91895e+06,9.81353e-05,0.000106154,-4966.56,-5.04898e-06,-4.68543e-06,3.63552e-07,5.04683e-13
2.91895e+06,0.000198154,0.000109261,3297.06,3.35177e-06,2.98624e-06,-3.65529e-07,-5.07427e-13
2.91895e+06,9.8126e-05,0.000106454,-4966.46,-5.04887e-06,-4.68543e-06,3.63441e-07,5.04529e-13
2.91895e+06,0.00019814,0.000109712,3297.03,3.35174e-06,2.98626e-06,-3.65474e-07,-5.0735e-13
2.91895e+06,9.81162e-05,0.000106754,-4966.33,-5.04875e-06,-4.68544e-06,3.6331e-07,5.04346e-13
2.91895e+06,0.000198126,0.000110163,3296.97,3.35168e-06,2.98629e-06,-3.65392e-07,-5.07237e-13
2.91895e+06,9.81059e-05,0.000107054,-4966.18,-5.0486e-06,-4.68544e-06,3.63156e-07,5.04133e-13
2.91895e+06,0.00019811,0.000110615,3296.88,3.35159e-06,2.98631e-06,-3.65281e-07,-5.07083e-13
2.91895e+06,9.80952e-05,0.000107354,-4966.01,-5.04842e-06,-4.68545e-06,3.62978e-07,5.03885e-13
2.91895e+06,0.000198094,0.000111066,3296.76,3.35147e-06,2.98634e-06,-3.65137e-07,-5.06882e-13
2.91895e+06,9.8084e-05,0.000107653,-4965.82,-5.04822e-06,-4.68545e-06,3.62773e-07,5.036e-13
2.91895e+06,0.000198077,0.000111517,3296.61,3.35132e-06,2.98636e-06,-3.64955e-07,-5.0663e-13
2.91895e+06,9.80724e-05,0.000107953,-4965.59,-5.04799e-06,-4.68545e-06,3.62538e-07,5.03275e-13
2.91895e+06,0.00019806,0.000111968,3296.42,3.35113e-06,2.98639e-06,-3.64732e-07,-5.0632e-13
2.91895e+06,9.80603e-05,0.000108253,-4965.33,-5.04773e-06,-4.68546e-06,3.62273e-07,5.02907e-13
2.91895e+06,0.000198041,0.000112418,3296.19,3.35089e-06,2.98643e-06,-3.64463e-07,-5.05948e-13
2.91895e+06,9.80477e-05,0.000108552,-4965.04,-5.04743e-06,-4.68546e-06,3.61974e-07,5.02492e-13
2.91895e+06,0.000198022,0.000112869,3295.91,3.35061e-06,2.98646e-06,-3.64144e-07,-5.05505e-13
2.91895e+06,9.80347e-05,0.000108852,-4964.71,-5.0471e-06,-4.68546e-06,3.61638e-07,5.02026e-13
2.91895e+06,0.000198003,0.00011332,3295.59,3.35027e-06,2.9865e-06,-3.63771e-07,-5.04986e-13
2.91895e+06,9.80211e-05,0.000109151,-4964.34,-5.04672e-06,-4.68546e-06,3.61264e-07,5.01506e-13
2.91895e+06,0.000197982,0.00011377,3295.2,3.34989e-06,2.98655e-06,-3.63337e-07,-5.04383e-13
2.91895e+06,9.80071e-05,0.00010945,-4963.93,-5.04631e-06,-4.68546e-06,3.60848e-07,5.00929e-13
2.91895e+06,0.000197961,0.000114221,3294.76,3.34944e-06,2.9866e-06,-3.62837e-07,-5.0369e-13
2.91895e+06,9.79925e-05,0.00010975,-4963.47,-5.04584e-06,-4.68545e-06,3.60388e-07,5.0029e-13
2.91895e+06,0.000197939,0.000114671,3294.26,3.34892e-06,2.98666e-06,-3.62267e-07,-5.02898e-13
2.91895e+06,9.79775e-05,0.000110049,-4962.97,-5.04533e-06,-4.68545e-06,3.59881e-07,4.99586e-13
2.91895e+06,0.000197916,0.000115121,3293.68,3.34834e-06,2.98672e-06,-3.61619e-07,-5.01999e-13
2.91895e+06,9.79619e-05,0.000110348,-4962.41,-5.04476e-06,-4.68544e-06,3.59324e-07,4.98813e-13
2.91895e+06,0.000197892,0.000115572,3293.04,3.34769e-06,2.9868e-06,-3.60888e-07,-5.00985e-13
2.91895e+06,9.79458e-05,0.000110647,-4961.8,-5.04414e-06,-4.68543e-06,3.58714e-07,4.97966e-13
2.91895e+06,0.000197879,0.000115803,3292.68,3.34732e-06,2.98684e-06,-3.60482e-07,-5.0042e-13
2.91895e+06,0.000197867,0.000116022,3293.05,3.3477e-06,2.98688e-06,-3.60819e-07,-5.00889e-13
2.91895e+06,9.79291e-05,0.000110946,-4961.13,-5.04346e-06,-4.68541e-06,3.58048e-07,4.97042e-13
2.91895e+06,0.000197841,0.000116472,3293.8,3.34846e-06,2.98696e-06,-3.61503e-07,-5.01838e-13
2.91895e+06,9.79119e-05,0.000111245,-4960.4,-5.04272e-06,-4.68539e-06,3.57324e-07,4.96037e-13
2.91895e+06,0.000197815,0.000116921,3294.5,3.34918e-06,2.98703e-06,-3.62146e-07,-5.02731e-13
2.91895e+06,9.78941e-05,0.000111544,-4959.6,-5.0419e-06,-4.68537e-06,3.56538e-07,4.94945e-13
2.91895e+06,0.000197789,0.000117371,3295.16,3.34984e-06,2.9871e-06,-3.62742e-07,-5.03558e-13
2.91895e+06,9.78757e-05,0.000111843,-4959.02,-5.04132e-06,-4.68534e-06,3.55979e-07,4.9417e-13
2.91895e+06,9.78788e-05,0.000111792,-4958.89,-5.04118e-06,-4.68534e-06,3.55836e-07,4.93971e-13
2.91895e+06,0.000197762,0.000117821,3295.75,3.35044e-06,2.98716e-06,-3.63287e-07,-5.04314e-13
2.91895e+06,9.78568e-05,0.000112141,-4959.83,-5.04213e-06,-4.68531e-06,3.56825e-07,4.95343e-13
2.91895e+06,0.000197735,0.00011827,3296.28,3.35098e-06,2.98721e-06,-3.63774e-07,-5.0499e-13
2.91895e+06,9.78377e-05,0.00011244,-4960.59,-5.04291e-06,-4.68528e-06,3.57629e-07,4.96459e-13
2.91895e+06,0.000197707,0.000118719,3296.75,3.35146e-06,2.98726e-06,-3.64197e-07,-5.05578e-13
2.91895e+06,9.78182e-05,0.000112738,-4961.32,-5.04365e-06,-4.68526e-06,3.58387e-07,4.97512e-13
2.91895e+06,0.000197679,0.000119169,3297.14,3.35185e-06,2.9873e-06,-3.6455e-07,-5.06068e-13
2.91895e+06,9.77984e-05,0.000113037,-4962,-5.04434e-06,-4.68524e-06,3.59096e-07,4.98496e-13
2.91895e+06,0.000197651,0.000119618,3297.45,3.35217e-06,2.98735e-06,-3.64827e-07,-5.06452e-13
2.91895e+06,9.77783e-05,0.000113335,-4962.63,-5.04498e-06,-4.68523e-06,3.59751e-07,4.99406e-13
2.91895e+06,0.000197621,0.000120067,3297.68,3.3524e-06,2.98738e-06,-3.6502e-07,-5.06721e-13
2.91895e+06,9.77578e-05,0.000113633,-4963.21,-5.04557e-06,-4.68522e-06,3.6035e-07,5.00237e-13
2.91895e+06,0.000197591,0.000120516,3297.82,3.35254e-06,2.98742e-06,-3.65122e-07,-5.06862e-13
2.91895e+06,9.7737e-05,0.000113931,-4963.73,-5.0461e-06,-4.68522e-06,3.60886e-07,5.00982e-13
2.91895e+06,0.000197561,0.000120965,3297.86,3.35258e-06,2.98746e-06,-3.65125e-07,-5.06867e-13
2.91895e+06,9.77159e-05,0.00011423,-4964.2,-5.04657e-06,-4.68522e-06,3.61358e-07,5.01637e-13
2.91895e+06,0.00019753,0.000121413,3297.79,3.35252e-06,2.98749e-06,-3.65021e-07,-5.06722e-13
2.91895e+06,9.76944e-05,0.000114528,-4964.59,-5.04698e-06,-4.68522e-06,3.6176e-07,5.02195e-13
2.91895e+06,0.000197498,0.000121862,3297.61,3.35233e-06,2.98753e-06,-3.648e-07,-5.06415e-13
2.91895e+06,9.76726e-05,0.000114825,-4964.92,-5.04731e-06,-4.68523e-06,3.62089e-07,5.02652e-13
2.91895e+06,0.000197465,0.00012231,3297.31,3.35203e-06,2.98758e-06,-3.64453e-07,-5.05933e-13
2.91895e+06,9.76504e-05,0.000115123,-4965.18,-5.04757e-06,-4.68523e-06,3.6234e-07,5.03e-13
2.91895e+06,0.000197431,0.000122758,3296.89,3.3516e-06,2.98763e-06,-3.63969e-07,-5.05262e-13
2.91895e+06,9.76279e-05,0.000115421,-4965.36,-5.04775e-06,-4.68524e-06,3.6251e-07,5.03236e-13
2.91895e+06,0.000197397,0.000123206,3296.33,3.35103e-06,2.98769e-06,-3.63339e-07,-5.04387e-13
2.91895e+06,9.76049e-05,0.000115719,-4965.45,-5.04785e-06,-4.68526e-06,3.62593e-07,5.03351e-13
2.91895e+06,0.000197361,0.000123654,3295.63,3.35031e-06,2.98776e-06,-3.62551e-07,-5.03293e-13
2.91895e+06,9.75816e-05,0.000116016,-4965.46,-5.04786e-06,-4.68527e-06,3.62586e-07,5.03341e-13
2.91895e+06,0.000197325,0.000124101,3294.77,3.34944e-06,2.98785e-06,-3.61593e-07,-5.01963e-13
2.91895e+06,9.75578e-05,0.000116313,-4965.37,-5.04777e-06,-4.68529e-06,3.62483e-07,5.03199e-13
2.91895e+06,0.000197287,0.000124549,3293.75,3.34841e-06,2.98795e-06,-3.60453e-07,-5.0038e-13
2.91895e+06,9.75336e-05,0.000116611,-4965.19,-5.04758e-06,-4.6853e-06,3.62281e-07,5.02918e-13
2.91895e+06,0.000197273,0.000124714,3293.34,3.34799e-06,2.988e-06,-3.59995e-07,-4.99744e-13
2.91895e+06,0.000197248,0.000124996,3294.07,3.34873e-06,2.98807e-06,-3.60662e-07,-5.00671e-13
2.91895e+06,9.75089e-05,0.000116908,-4964.9,-5.04729e-06,-4.68531e-06,3.61975e-07,5.02494e-13
2.91895e+06,0.000197209,0.000125443,3295.14,3.34983e-06,2.98817e-06,-3.61653e-07,-5.02046e-13
2.91895e+06,9.74837e-05,0.000117205,-4964.5,-5.04688e-06,-4.68532e-06,3.6156e-07,5.01918e-13
2.91895e+06,0.00019717,0.00012589,3296.08,3.35078e-06,2.98826e-06,-3.62522e-07,-5.03253e-13
2.91895e+06,9.74579e-05,0.000117502,-4963.99,-5.04636e-06,-4.68533e-06,3.61032e-07,5.01184e-13
2.91895e+06,0.000197131,0.000126337,3296.88,3.35159e-06,2.98833e-06,-3.63261e-07,-5.04278e-13
2.91895e+06,9.74317e-05,0.000117799,-4963.35,-5.04572e-06,-4.68534e-06,3.60384e-07,5.00285e-13
2.91895e+06,0.000197091,0.000126783,3297.53,3.35225e-06,2.98839e-06,-3.63858e-07,-5.05107e-13
2.91895e+06,9.74048e-05,0.000118095,-4962.59,-5.04495e-06,-4.68533e-06,3.59614e-07,4.99215e-13
2.91895e+06,0.000197051,0.00012723,3298.01,3.35274e-06,2.98844e-06,-3.64303e-07,-5.05725e-13
2.91895e+06,9.73773e-05,0.000118392,-4961.7,-5.04404e-06,-4.68533e-06,3.58714e-07,4.97966e-13
2.91895e+06,0.000197011,0.000127676,3298.33,3.35307e-06,2.98848e-06,-3.64585e-07,-5.06116e-13
2.91895e+06,9.73491e-05,0.000118688,-4960.67,-5.04299e-06,-4.68531e-06,3.5768e-07,4.96531e-13
2.91895e+06,0.00019697,0.000128122,3298.47,3.35321e-06,2.98852e-06,-3.6469e-07,-5.06262e-13
2.91895e+06,9.73203e-05,0.000118985,-4959.49,-5.04179e-06,-4.68528e-06,3.56507e-07,4.94902e-13
2.91895e+06,0.000196928,0.000128568,3298.43,3.35317e-06,2.98856e-06,-3.64604e-07,-5.06143e-13
2.91895e+06,9.72906e-05,0.000119281,-4958.15,-5.04043e-06,-4.68524e-06,3.55188e-07,4.93072e-13
2.91895e+06,0.000196886,0.000129014,3298.19,3.35292e-06,2.9886e-06,-3.64313e-07,-5.05739e-13
2.91895e+06,9.72603e-05,0.000119577,-4957.83,-5.04011e-06,-4.68519e-06,3.54914e-07,4.92691e-13
2.91895e+06,9.72727e-05,0.000119455,-4957.3,-5.03957e-06,-4.68522e-06,3.54352e-07,4.9191e-13
2.91895e+06,0.000196843,0.000129459,3297.73,3.35246e-06,2.98865e-06,-3.63801e-07,-5.05029e-13
2.91895e+06,9.72296e-05,0.000119872,-4959.09,-5.04138e-06,-4.68515e-06,3.56229e-07,4.94516e-13
2.91895e+06,0.000196799,0.000129905,3297.06,3.35177e-06,2.98872e-06,-3.63051e-07,-5.03987e-13
2.91895e+06,9.71989e-05,0.000120168,-4960.21,-5.04252e-06,-4.68512e-06,3.57402e-07,4.96145e-13
2.91895e+06,0.000196753,0.00013035,3296.14,3.35084e-06,2.9888e-06,-3.62044e-07,-5.02589e-13
2.91895e+06,9.71681e-05,0.000120464,-4961.2,-5.04353e-06,-4.6851e-06,3.58428e-07,4.9757e-13
2.91895e+06,0.000196706,0.000130795,3294.98,3.34966e-06,2.9889e-06,-3.6076e-07,-5.00806e-13
2.91895e+06,9.71371e-05,0.000120759,-4962.05,-5.04439e-06,-4.68509e-06,3.59304e-07,4.98785e-13
2.91895e+06,0.000196667,0.000131161,3293.84,3.3485e-06,2.98901e-06,-3.59489e-07,-4.99042e-13
2.91895e+06,0.000196658,0.000131239,3294.08,3.34875e-06,2.98903e-06,-3.59715e-07,-4.99356e-13
2.91895e+06,9.71059e-05,0.000121054,-4962.75,-5.04511e-06,-4.68509e-06,3.60022e-07,4.99783e-13
2.91895e+06,0.00019661,0.000131683,3295.46,3.35015e-06,2.98915e-06,-3.60995e-07,-5.01132e-13
2.91895e+06,9.70745e-05,0.00012135,-4963.31,-5.04567e-06,-4.68509e-06,3.6058e-07,5.00557e-13
2.91895e+06,0.000196561,0.000132127,3296.63,3.35133e-06,2.98925e-06,-3.62084e-07,-5.02645e-13
2.91895e+06,9.70429e-05,0.000121645,-4963.7,-5.04607e-06,-4.6851e-06,3.60971e-07,5.01099e-13
2.91895e+06,0.000196513,0.000132571,3297.57,3.35229e-06,2.98932e-06,-3.62969e-07,-5.03873e-13
2.91895e+06,9.70109e-05,0.00012194,-4963.93,-5.04631e-06,-4.68512e-06,3.6119e-07,5.01404e-13
2.91895e+06,0.000196464,0.000133015,3298.28,3.35301e-06,2.98938e-06,-3.63634e-07,-5.04796e-13
2.91895e+06,9.69786e-05,0.000122235,-4963.99,-5.04637e-06,-4.68514e-06,3.61232e-07,5.01461e-13
2.91895e+06,0.000196415,0.000133459,3298.74,3.35348e-06,2.98942e-06,-3.64061e-07,-5.05389e-13
2.91895e+06,9.69459e-05,0.000122529,-4963.87,-5.04625e-06,-4.68516e-06,3.6109e-07,5.01265e-13
2.91895e+06,0.000196366,0.000133902,3298.95,3.35369e-06,2.98946e-06,-3.64232e-07,-5.05626e-13
2.91895e+06,9.69127e-05,0.000122824,-4963.57,-5.04593e-06,-4.68518e-06,3.60759e-07,5.00805e-13
2.91895e+06,0.000196316,0.000134346,3298.88,3.35362e-06,2.98949e-06,-3.64126e-07,-5.05479e-13
2.91895e+06,9.6879e-05,0.000123118,-4963.06,-5.04542e-06,-4.68519e-06,3.60232e-07,5.00073e-13
2.91895e+06,0.000196266,0.000134789,3298.52,3.35326e-06,2.98953e-06,-3.63721e-07,-5.04917e-13
2.91895e+06,9.68447e-05,0.000123413,-4962.35,-5.0447e-06,-4.6852e-06,3.59502e-07,4.99061e-13
2.91895e+06,0.000196214,0.000135231,3297.85,3.35258e-06,2.98959e-06,-3.62992e-07,-5.03905e-13
2.91895e+06,9.68097e-05,0.000123707,-4961.43,-5.04377e-06,-4.6852e-06,3.58564e-07,4.97758e-13
2.91895e+06,0.000196161,0.000135674,3296.86,3.35157e-06,2.98966e-06,-3.61912e-07,-5.02406e-13
2.91895e+06,9.67741e-05,0.000124,-4960.29,-5.0426e-06,-4.68519e-06,3.57409e-07,4.96154e-13
2.91895e+06,0.000196106,0.000136116,3295.53,3.35022e-06,2.98976e-06,-3.60453e-07,-5.00381e-13
2.91895e+06,9.67376e-05,0.000124294,-4958.91,-5.0412e-06,-4.68517e-06,3.56029e-07,4.94239e-13
2.91895e+06,0.000196061,0.000136476,3294.19,3.34885e-06,2.98988e-06,-3.58979e-07,-4.98334e-13
2.91895e+06,0.00019605,0.000136558,3294.49,3.34916e-06,2.9899e-06,-3.59254e-07,-4.98716e-13
2.91895e+06,9.67003e-05,0.000124588,-4957.28,-5.03955e-06,-4.68513e-06,3.54417e-07,4.92001e-13
2.91895e+06,0.000195994,0.000136999,3296.05,3.35075e-06,2.99003e-06,-3.60717e-07,-5.00747e-13
2.91895e+06,9.66619e-05,0.000124881,-4955.86,-5.0381e-06,-4.68507e-06,3.53029e-07,4.90075e-13
2.91895e+06,9.66667e-05,0.000124845,-4955.66,-5.03789e-06,-4.68508e-06,3.52815e-07,4.89777e-13
2.91895e+06,0.000195938,0.000137441,3297.33,3.35204e-06,2.99012e-06,-3.61921e-07,-5.02419e-13
2.91895e+06,9.66232e-05,0.000125174,-4957.47,-5.03974e-06,-4.68501e-06,3.54729e-07,4.92434e-13
2.91895e+06,0.000195882,0.000137882,3298.3,3.35303e-06,2.99019e-06,-3.62845e-07,-5.03701e-13
2.91895e+06,9.65847e-05,0.000125467,-4958.88,-5.04117e-06,-4.68497e-06,3.56195e-07,4.9447e-13
2.91895e+06,0.000195826,0.000138323,3298.95,3.35369e-06,2.99023e-06,-3.63463e-07,-5.0456e-13
2.91895e+06,9.65462e-05,0.000125759,-4960.07,-5.04238e-06,-4.68495e-06,3.57423e-07,4.96174e-13
2.91895e+06,0.00019577,0.000138764,3299.26,3.35401e-06,2.99026e-06,-3.63751e-07,-5.04959e-13
2.91895e+06,9.65077e-05,0.000126052,-4961.03,-5.04335e-06,-4.68495e-06,3.58406e-07,4.97539e-13
2.91895e+06,0.000195713,0.000139204,3299.21,3.35396e-06,2.99028e-06,-3.6368e-07,-5.0486e-13
2.91895e+06,9.64691e-05,0.000126345,-4961.75,-5.04409e-06,-4.68495e-06,3.5914e-07,4.98557e-13
2.91895e+06,0.000195655,0.000139645,3298.79,3.35354e-06,2.99032e-06,-3.63218e-07,-5.04219e-13
2.91895e+06,9.64303e-05,0.000126637,-4962.24,-5.04458e-06,-4.68497e-06,3.59617e-07,4.9922e-13
2.91895e+06,0.000195597,0.000140085,3297.97,3.3527e-06,2.99037e-06,-3.62331e-07,-5.02987e-13
2.91895e+06,9.63913e-05,0.000126929,-4962.47,-5.04482e-06,-4.68499e-06,3.59831e-07,4.99517e-13
2.91895e+06,0.000195536,0.000140524,3296.72,3.35143e-06,2.99045e-06,-3.6098e-07,-5.01112e-13
2.91895e+06,9.6352e-05,0.000127222,-4962.43,-5.04478e-06,-4.68501e-06,3.59776e-07,4.9944e-13
2.91895e+06,0.000195474,0.000140963,3295.01,3.34969e-06,2.99056e-06,-3.59123e-07,-4.98534e-13
2.91895e+06,9.63122e-05,0.000127513,-4962.13,-5.04447e-06,-4.68503e-06,3.59443e-07,4.98978e-13
2.91895e+06,0.000195455,0.0001411,3294.41,3.34908e-06,2.99061e-06,-3.58469e-07,-4.97626e-13
2.91895e+06,0.000195411,0.000141402,3295.64,3.35033e-06,2.99071e-06,-3.59617e-07,-4.9922e-13
2.91895e+06,9.62719e-05,0.000127805,-4961.54,-5.04387e-06,-4.68505e-06,3.58824e-07,4.9812e-13
2.91895e+06,0.000195348,0.000141841,3297.18,3.35189e-06,2.99081e-06,-3.61077e-07,-5.01247e-13
2.91895e+06,9.62309e-05,0.000128097,-4960.65,-5.04297e-06,-4.68506e-06,3.57911e-07,4.96852e-13
2.91895e+06,0.000195286,0.00014228,3298.34,3.35307e-06,2.99088e-06,-3.62196e-07,-5.028e-13
2.91895e+06,9.61892e-05,0.000128388,-4959.45,-5.04175e-06,-4.68506e-06,3.56695e-07,4.95163e-13
2.91895e+06,0.000195223,0.000142718,3299.11,3.35385e-06,2.99091e-06,-3.62942e-07,-5.03836e-13
2.91895e+06,9.61466e-05,0.000128679,-4957.92,-5.0402e-06,-4.68504e-06,3.55163e-07,4.93037e-13
2.91895e+06,0.000195161,0.000143156,3299.46,3.35421e-06,2.99093e-06,-3.63279e-07,-5.04303e-13
2.91895e+06,9.6103e-05,0.00012897,-4956.06,-5.0383e-06,-4.685e-06,3.53306e-07,4.90459e-13
2.91895e+06,0.000195098,0.000143594,3299.37,3.35412e-06,2.99095e-06,-3.63168e-07,-5.04149e-13
2.91895e+06,9.60582e-05,0.00012926,-4954.07,-5.03628e-06,-4.68493e-06,3.51349e-07,4.87742e-13
2.91895e+06,9.60606e-05,0.000129245,-4953.96,-5.03617e-06,-4.68493e-06,3.51241e-07,4.87592e-13
2.91895e+06,0.000195035,0.000144032,3298.8,3.35354e-06,2.99098e-06,-3.62566e-07,-5.03314e-13
2.91895e+06,9.60131e-05,0.00012955,-4955.97,-5.03821e-06,-4.68486e-06,3.53349e-07,4.90519e-13
2.91895e+06,0.000194969,0.000144469,3297.73,3.35245e-06,2.99103e-06,-3.61427e-07,-5.01732e-13
2.91895e+06,9.59682e-05,0.000129841,-4957.58,-5.03985e-06,-4.68482e-06,3.55028e-07,4.9285e-13
2.91895e+06,0.000194902,0.000144906,3296.11,3.35081e-06,2.99112e-06,-3.59695e-07,-4.99328e-13
2.91895e+06,9.59236e-05,0.000130131,-4958.89,-5.04118e-06,-4.6848e-06,3.56379e-07,4.94724e-13
2.91895e+06,0.000194848,0.000145246,3294.48,3.34915e-06,2.99122e-06,-3.57929e-07,-4.96876e-13
2.91895e+06,0.000194833,0.000145342,3294.9,3.34958e-06,2.99126e-06,-3.58325e-07,-4.97426e-13
2.91895e+06,9.58791e-05,0.000130421,-4959.88,-5.04219e-06,-4.6848e-06,3.57394e-07,4.96134e-13
2.91895e+06,0.000194764,0.000145778,3296.74,3.35145e-06,2.99138e-06,-3.60068e-07,-4.99846e-13
2.91895e+06,9.58346e-05,0.00013071,-4960.56,-5.04288e-06,-4.68481e-06,3.58066e-07,4.97067e-13
2.91895e+06,0.000194696,0.000146214,3298.14,3.35287e-06,2.99144e-06,-3.61422e-07,-5.01726e-13
2.91895e+06,9.57899e-05,0.000131,-4960.89,-5.04322e-06,-4.68483e-06,3.58388e-07,4.97513e-13
2.91895e+06,0.000194628,0.000146649,3299.07,3.35382e-06,2.99148e-06,-3.62341e-07,-5.03002e-13
2.91895e+06,9.57449e-05,0.00013129,-4960.88,-5.0432e-06,-4.68486e-06,3.58349e-07,4.9746e-13
2.91895e+06,0.00019456,0.000147085,3299.51,3.35426e-06,2.99148e-06,-3.6278e-07,-5.0361e-13
2.91895e+06,9.56995e-05,0.000131579,-4960.5,-5.04282e-06,-4.68488e-06,3.57942e-07,4.96894e-13
2.91895e+06,0.000194492,0.00014752,3299.42,3.35418e-06,2.99149e-06,-3.62687e-07,-5.03482e-13
2.91895e+06,9.56535e-05,0.000131868,-4959.75,-5.04205e-06,-4.6849e-06,3.57154e-07,4.958e-13
2.91895e+06,0.000194423,0.000147955,3298.77,3.35351e-06,2.9915e-06,-3.62007e-07,-5.02538e-13
2.91895e+06,9.56068e-05,0.000132157,-4958.59,-5.04088e-06,-4.6849e-06,3.55973e-07,4.94162e-13
2.91895e+06,0.000194352,0.00014839,3297.51,3.35223e-06,2.99155e-06,-3.60678e-07,-5.00693e-13
2.91895e+06,9.55591e-05,0.000132445,-4957.02,-5.03928e-06,-4.68489e-06,3.54387e-07,4.9196e-13
2.91895e+06,0.000194279,0.000148824,3295.58,3.35027e-06,2.99164e-06,-3.58628e-07,-4.97846e-13
2.91895e+06,9.55103e-05,0.000132733,-4955,-5.03723e-06,-4.68485e-06,3.52379e-07,4.89172e-13
2.91895e+06,0.000194242,0.000149034,3294.45,3.34912e-06,2.99171e-06,-3.57405e-07,-4.96149e-13
2.91895e+06,0.000194204,0.000149257,3295.5,3.35019e-06,2.99179e-06,-3.584e-07,-4.9753e-13
2.91895e+06,9.54603e-05,0.000133021,-4952.53,-5.03471e-06,-4.68478e-06,3.49931e-07,4.85774e-13
2.91895e+06,0.00019413,0.00014969,3297.3,3.35202e-06,2.99188e-06,-3.60139e-07,-4.99944e-13
2.91895e+06,9.54096e-05,0.000133308,-4954.15,-5.03636e-06,-4.6847e-06,3.51659e-07,4.88172e-13
2.91895e+06,9.54545e-05,0.000133053,-4952.23,-5.03441e-06,-4.68477e-06,3.49643e-07,4.85374e-13
2.91895e+06,0.000194057,0.000150123,3298.59,3.35333e-06,2.99192e-06,-3.61407e-07,-5.01705e-13
2.91895e+06,9.53594e-05,0.000133596,-4955.98,-5.03822e-06,-4.68465e-06,3.53567e-07,4.90821e-13
2.91895e+06,0.000193984,0.000150556,3299.32,3.35407e-06,2.99192e-06,-3.62146e-07,-5.02731e-13
2.91895e+06,9.53096e-05,0.000133883,-4957.43,-5.03969e-06,-4.68463e-06,3.55061e-07,4.92895e-13
2.91895e+06,0.000193911,0.000150989,3299.46,3.35421e-06,2.99191e-06,-3.62294e-07,-5.02936e-13
2.91895e+06,9.526e-05,0.00013417,-4958.48,-5.04076e-06,-4.68463e-06,3.5613e-07,4.9438e-13
2.91895e+06,0.000193837,0.000151421,3298.95,3.35369e-06,2.99191e-06,-3.61782e-07,-5.02226e-13
2.91895e+06,9.52104e-05,0.000134458,-4959.12,-5.04142e-06,-4.68465e-06,3.56765e-07,4.95261e-13
2.91895e+06,0.000193762,0.000151853,3297.75,3.35247e-06,2.99194e-06,-3.60535e-07,-5.00494e-13
2.91895e+06,9.51607e-05,0.000134745,-4959.33,-5.04163e-06,-4.68468e-06,3.56955e-07,4.95524e-13
2.91895e+06,0.000193684,0.000152285,3295.78,3.35048e-06,2.99201e-06,-3.58465e-07,-4.9762e-13
2.91895e+06,9.51107e-05,0.000135031,-4959.1,-5.04139e-06,-4.6847e-06,3.56687e-07,4.95152e-13
2.91895e+06,0.000193636,0.000152543,3294.27,3.34894e-06,2.99209e-06,-3.5685e-07,-4.95378e-13
2.91895e+06,0.000193604,0.000152715,3295.14,3.34982e-06,2.99215e-06,-3.57668e-07,-4.96515e-13
2.91895e+06,9.50601e-05,0.000135318,-4958.39,-5.04067e-06,-4.68472e-06,3.55949e-07,4.94128e-13
2.91895e+06,0.000193525,0.000153146,3297.08,3.3518e-06,2.99224e-06,-3.59559e-07,-4.9914e-13
2.91895e+06,9.50087e-05,0.000135604,-4957.19,-5.03946e-06,-4.68473e-06,3.54725e-07,4.92429e-13
2.91895e+06,0.000193447,0.000153576,3298.45,3.35319e-06,2.99227e-06,-3.60921e-07,-5.01031e-13
2.91895e+06,9.49564e-05,0.00013589,-4955.48,-5.03772e-06,-4.68472e-06,3.52997e-07,4.9003e-13
2.91895e+06,0.00019337,0.000154007,3299.19,3.35393e-06,2.99226e-06,-3.61679e-07,-5.02083e-13
2.91895e+06,9.49028e-05,0.000136175,-4953.22,-5.03542e-06,-4.68468e-06,3.50744e-07,4.86902e-13
2.91895e+06,0.000193292,0.000154437,3299.23,3.35398e-06,2.99223e-06,-3.61754e-07,-5.02187e-13
2.91895e+06,9.48477e-05,0.00013646,-4950.46,-5.03261e-06,-4.68459e-06,3.48017e-07,4.83116e-13
2.91895e+06,9.48485e-05,0.000136456,-4950.43,-5.03258e-06,-4.6846e-06,3.47983e-07,4.83069e-13
2.91895e+06,0.000193214,0.000154867,3298.54,3.35328e-06,2.99222e-06,-3.61062e-07,-5.01226e-13
2.91895e+06,9.47923e-05,0.000136745,-4952.82,-5.03501e-06,-4.68451e-06,3.50506e-07,4.86572e-13
2.91895e+06,0.000193133,0.000155296,3297.03,3.35174e-06,2.99224e-06,-3.59505e-07,-4.99064e-13
2.91895e+06,9.47375e-05,0.00013703,-4954.75,-5.03697e-06,-4.68446e-06,3.52506e-07,4.89349e-13
2.91895e+06,0.00019305,0.000155724,3294.62,3.3493e-06,2.99233e-06,-3.56968e-07,-4.95542e-13
2.91895e+06,9.46833e-05,0.000137314,-4956.2,-5.03845e-06,-4.68445e-06,3.54003e-07,4.91427e-13
2.91895e+06,0.00019303,0.000155825,3293.97,3.34863e-06,2.99236e-06,-3.56267e-07,-4.9457e-13
2.91895e+06,0.000192966,0.000156152,3295.7,3.35039e-06,2.99246e-06,-3.57931e-07,-4.9688e-13
2.91895e+06,9.46293e-05,0.000137599,-4957.18,-5.03944e-06,-4.68446e-06,3.54984e-07,4.92788e-13
2.91895e+06,0.000192883,0.00015658,3297.5,3.35222e-06,2.9925e-06,-3.59712e-07,-4.99352e-13
2.91895e+06,9.45753e-05,0.000137883,-4957.64,-5.03991e-06,-4.68448e-06,3.55434e-07,4.93413e-13
2.91895e+06,0.000192801,0.000157007,3298.62,3.35336e-06,2.9925e-06,-3.60865e-07,-5.00953e-13
2.91895e+06,9.45211e-05,0.000138167,-4957.58,-5.03985e-06,-4.68451e-06,3.55339e-07,4.93281e-13
2.91895e+06,0.000192719,0.000157435,3299.01,3.35375e-06,2.99246e-06,-3.61296e-07,-5.0155e-13
2.91895e+06,9.44664e-05,0.000138451,-4956.96,-5.03921e-06,-4.68453e-06,3.54682e-07,4.9237e-13
2.91895e+06,0.000192637,0.000157862,3298.59,3.35332e-06,2.99242e-06,-3.60904e-07,-5.01006e-13
2.91895e+06,9.44109e-05,0.000138735,-4955.75,-5.03799e-06,-4.68454e-06,3.53446e-07,4.90653e-13
2.91895e+06,0.000192553,0.000158289,3297.28,3.35199e-06,2.99241e-06,-3.59579e-07,-4.99167e-13
2.91895e+06,9.43544e-05,0.000139018,-4953.93,-5.03613e-06,-4.68453e-06,3.51605e-07,4.88098e-13
2.91895e+06,0.000192467,0.000158715,3294.98,3.34966e-06,2.99247e-06,-3.57189e-07,-4.95849e-13
2.91895e+06,9.42966e-05,0.000139301,-4951.45,-5.03361e-06,-4.68448e-06,3.49133e-07,4.84666e-13
2.91895e+06,0.000192424,0.000158918,3293.59,3.34824e-06,2.99253e-06,-3.55712e-07,-4.93799e-13
2.91895e+06,0.000192378,0.00015914,3294.82,3.34949e-06,2.9926e-06,-3.56894e-07,-4.9544e-13
2.91895e+06,9.42371e-05,0.000139583,-4948.82,-5.03094e-06,-4.68439e-06,3.46556e-07,4.81088e-13
2.91895e+06,9.42424e-05,0.000139558,-4948.59,-5.03071e-06,-4.6844e-06,3.46315e-07,4.80755e-13
2.91895e+06,0.00019229,0.000159565,3296.84,3.35154e-06,2.99265e-06,-3.58896e-07,-4.98219e-13
2.91895e+06,9.41775e-05,0.000139865,-4951.35,-5.03351e-06,-4.6843e-06,3.49214e-07,4.84778e-13
2.91895e+06,0.000192204,0.00015999,3298.13,3.35286e-06,2.99263e-06,-3.60224e-07,-5.00063e-13
2.91895e+06,9.41187e-05,0.000140147,-4953.35,-5.03555e-06,-4.68425e-06,3.513e-07,4.87674e-13
2.91895e+06,0.000192119,0.000160415,3298.6,3.35334e-06,2.99258e-06,-3.60764e-07,-5.00812e-13
2.91895e+06,9.40604e-05,0.000140429,-4954.81,-5.03704e-06,-4.68424e-06,3.52794e-07,4.89748e-13
2.91895e+06,0.000192033,0.00016084,3298.19,3.35292e-06,2.99253e-06,-3.60398e-07,-5.00303e-13
2.91895e+06,9.40025e-05,0.000140711,-4955.7,-5.03793e-06,-4.68425e-06,3.53678e-07,4.90976e-13
2.91895e+06,0.000191945,0.000161264,3296.79,3.3515e-06,2.9925e-06,-3.58993e-07,-4.98354e-13
2.91895e+06,9.39446e-05,0.000140993,-4955.97,-5.03821e-06,-4.68428e-06,3.53934e-07,4.91331e-13
2.91895e+06,0.000191854,0.000161687,3294.28,3.34895e-06,2.99255e-06,-3.56393e-07,-4.94744e-13
2.91895e+06,9.38863e-05,0.000141274,-4955.61,-5.03785e-06,-4.68431e-06,3.53543e-07,4.90787e-13
2.91895e+06,0.000191818,0.00016185,3293.07,3.34772e-06,2.9926e-06,-3.55119e-07,-4.92976e-13
2.91895e+06,0.000191761,0.00016211,3294.57,3.34924e-06,2.99267e-06,-3.56573e-07,-4.94995e-13
2.91895e+06,9.38274e-05,0.000141555,-4954.59,-5.0368e-06,-4.68432e-06,3.52481e-07,4.89314e-13
2.91895e+06,0.00019167,0.000162532,3296.58,3.35129e-06,2.9927e-06,-3.58592e-07,-4.97797e-13
2.91895e+06,9.37674e-05,0.000141836,-4952.85,-5.03504e-06,-4.68432e-06,3.50723e-07,4.86873e-13
2.91895e+06,0.00019158,0.000162955,3297.78,3.35251e-06,2.99265e-06,-3.59855e-07,-4.99551e-13
2.91895e+06,9.37062e-05,0.000142116,-4950.36,-5.03251e-06,-4.68428e-06,3.48233e-07,4.83416e-13
2.91895e+06,0.000191491,0.000163377,3298.08,3.35281e-06,2.99258e-06,-3.60226e-07,-5.00066e-13
2.91895e+06,9.36431e-05,0.000142396,-4947.05,-5.02915e-06,-4.68418e-06,3.44965e-07,4.7888e-13
2.91895e+06,0.000191401,0.000163799,3297.36,3.35208e-06,2.99252e-06,-3.59564e-07,-4.99146e-13
2.91895e+06,9.35794e-05,0.000142675,-4949.15,-5.03128e-06,-4.68408e-06,3.47201e-07,4.81984e-13
2.91895e+06,9.36364e-05,0.000142426,-4946.68,-5.02877e-06,-4.68417e-06,3.44599e-07,4.78372e-13
2.91895e+06,0.000191309,0.00016422,3295.52,3.3502e-06,2.9925e-06,-3.57707e-07,-4.96569e-13
2.91895e+06,9.35167e-05,0.000142955,-4951.38,-5.03355e-06,-4.68402e-06,3.49528e-07,4.85215e-13
2.91895e+06,0.000191213,0.00016464,3292.39,3.34702e-06,2.99257e-06,-3.54453e-07,-4.92051e-13
2.91895e+06,9.34548e-05,0.000143234,-4952.99,-5.03518e-06,-4.684e-06,3.5118e-07,4.87507e-13
2.91895e+06,0.000191212,0.000164644,3292.36,3.34699e-06,2.99257e-06,-3.54419e-07,-4.92004e-13
2.91895e+06,0.000191117,0.00016506,3294.87,3.34955e-06,2.99265e-06,-3.56903e-07,-4.95453e-13
2.91895e+06,9.33933e-05,0.000143513,-4953.93,-5.03614e-06,-4.68401e-06,3.5213e-07,4.88827e-13
2.91895e+06,0.000191023,0.00016548,3296.62,3.35133e-06,2.99263e-06,-3.587e-07,-4.97946e-13
2.91895e+06,9.33318e-05,0.000143793,-4954.18,-5.03639e-06,-4.68404e-06,3.52357e-07,4.89142e-13
2.91895e+06,0.00019093,0.0001659,3297.43,3.35215e-06,2.99255e-06,-3.59607e-07,-4.99206e-13
2.91895e+06,9.32699e-05,0.000144071,-4953.69,-5.0359e-06,-4.68406e-06,3.51836e-07,4.88418e-13
2.91895e+06,0.000190837,0.00016632,3297.2,3.35192e-06,2.99245e-06,-3.59464e-07,-4.99008e-13
2.91895e+06,9.32073e-05,0.00014435,-4952.42,-5.0346e-06,-4.68407e-06,3.50536e-07,4.86614e-13
2.91895e+06,0.000190742,0.000166739,3295.8,3.35049e-06,2.99239e-06,-3.581e-07,-4.97114e-13
2.91895e+06,9.31435e-05,0.000144628,-4950.32,-5.03247e-06,-4.68405e-06,3.4842e-07,4.83677e-13
2.91895e+06,0.000190645,0.000167157,3293.06,3.34771e-06,2.99241e-06,-3.55302e-07,-4.9323e-13
2.91895e+06,9.30782e-05,0.000144905,-4947.32,-5.02942e-06,-4.68398e-06,3.45437e-07,4.79535e-13
2.91895e+06,0.000190606,0.000167317,3291.72,3.34634e-06,2.99244e-06,-3.539e-07,-4.91284e-13
2.91895e+06,0.000190544,0.000167574,3293.32,3.34797e-06,2.9925e-06,-3.55472e-07,-4.93466e-13
2.91895e+06,9.30109e-05,0.000145182,-4945.48,-5.02754e-06,-4.68386e-06,3.43687e-07,4.77106e-13
2.91895e+06,9.30303e-05,0.000145103,-4944.64,-5.0267e-06,-4.6839e-06,3.42802e-07,4.75877e-13
2.91895e+06,0.000190446,0.000167991,3295.42,3.35011e-06,2.99249e-06,-3.57624e-07,-4.96453e-13
2.91895e+06,9.29441e-05,0.000145459,-4948.19,-5.0303e-06,-4.68376e-06,3.46542e-07,4.8107e-13
2.91895e+06,0.00019035,0.000168408,3296.56,3.35127e-06,2.9924e-06,-3.58871e-07,-4.98184e-13
2.91895e+06,9.28785e-05,0.000145736,-4950.2,-5.03235e-06,-4.68372e-06,3.48634e-07,4.83973e-13
2.91895e+06,0.000190254,0.000168825,3296.6,3.35131e-06,2.99228e-06,-3.59023e-07,-4.98396e-13
2.91895e+06,9.28135e-05,0.000146012,-4951.45,-5.03362e-06,-4.68371e-06,3.49909e-07,4.85744e-13
2.91895e+06,0.000190156,0.000169242,3295.38,3.35007e-06,2.99219e-06,-3.57883e-07,-4.96813e-13
2.91895e+06,9.27487e-05,0.000146289,-4951.86,-5.03403e-06,-4.68372e-06,3.50307e-07,4.86295e-13
2.91895e+06,0.000190056,0.000169657,3292.72,3.34736e-06,2.99217e-06,-3.55194e-07,-4.9308e-13
2.91895e+06,9.26838e-05,0.000146565,-4951.31,-5.03348e-06,-4.68374e-06,3.49735e-07,4.85502e-13
2.91895e+06,0.00019,0.000169881,3290.69,3.3453e-06,2.9922e-06,-3.53094e-07,-4.90165e-13
2.91895e+06,0.000189952,0.000170072,3291.86,3.34649e-06,2.99224e-06,-3.54252e-07,-4.91773e-13
2.91895e+06,9.26182e-05,0.000146841,-4949.61,-5.03175e-06,-4.68375e-06,3.48004e-07,4.83099e-13
2.91895e+06,0.000189851,0.000170486,3293.92,3.34858e-06,2.99222e-06,-3.56359e-07,-4.94697e-13
2.91895e+06,9.25516e-05,0.000147117,-4946.39,-5.02847e-06,-4.68372e-06,3.44746e-07,4.78577e-13
2.91895e+06,0.000189751,0.000170901,3294.82,3.3495e-06,2.99211e-06,-3.57385e-07,-4.96121e-13
2.91895e+06,9.24833e-05,0.000147392,-4940.72,-5.0227e-06,-4.68365e-06,3.39052e-07,4.70672e-13
2.91895e+06,0.000189652,0.000171316,3293.68,3.34834e-06,2.99197e-06,-3.56373e-07,-4.94717e-13
2.91895e+06,9.24129e-05,0.000147666,-4782.11,-4.86146e-06,-4.68352e-06,1.77947e-07,2.47026e-13
2.91895e+06,9.24242e-05,0.000147622,-4783.05,-4.86242e-06,-4.68354e-06,1.78881e-07,2.48323e-13
2.91895e+06,0.000189551,0.00017173,3067.45,3.11836e-06,2.99184e-06,-1.26514e-07,-1.75627e-13
2.91895e+06,9.23427e-05,0.00014794,-4966.18,-5.04859e-06,-4.68339e-06,3.652e-07,5.06971e-13
2.91895e+06,0.000189448,0.000172143,3318.76,3.37383e-06,2.99179e-06,-3.82044e-07,-5.30354e-13
2.91895e+06,9.23081e-05,0.000148077,-5056.97,-5.14088e-06,-4.68336e-06,4.57528e-07,6.3514e-13
2.91895e+06,0.000189394,0.000172349,3448.6,3.50583e-06,2.99181e-06,-5.14018e-07,-7.13559e-13
3.89194e+06,9.17588e-05,5.22056e-05,-4978.7,-5.06132e-06,-4.69458e-06,3.66742e-07,5.09111e-13
3.89194e+06,9.1724e-05,5.2069e-05,-5069.93,-5.15407e-06,-4.69453e-06,4.59532e-07,6.37922e-13
3.89194e+06,0.000188848,2.77879e-05,3457.46,3.51483e-06,2.999e-06,-5.15833e-07,-7.16079e-13
3.89194e+06,0.000188901,2.79937e-05,3328.85,3.38409e-06,2.99902e-06,-3.85068e-07,-5.34551e-13
3.89194e+06,9.18182e-05,5.24358e-05,-4822.85,-4.90288e-06,-4.6947e-06,2.08183e-07,2.88999e-13
3.89194e+06,9.18293e-05,5.24786e-05,-4796.58,-4.87618e-06,-4.69472e-06,1.81456e-07,2.51897e-13
3.89194e+06,0.000189002,2.84063e-05,3078.28,3.12937e-06,2.99912e-06,-1.30243e-07,-1.80803e-13
3.89194e+06,9.18989e-05,5.27522e-05,-4956.96,-5.03922e-06,-4.69484e-06,3.44376e-07,4.78063e-13
3.89194e+06,0.000189102,2.88196e-05,3299.97,3.35473e-06,2.99927e-06,-3.55464e-07,-4.93455e-13
3.89194e+06,9.19665e-05,5.30264e-05,-4962.18,-5.04452e-06,-4.6949e-06,3.49625e-07,4.85349e-13
3.89194e+06,0.000189201,2.92333e-05,3300.37,3.35514e-06,2.9994e-06,-3.55739e-07,-4.93836e-13
3.89194e+06,9.20327e-05,5.33011e-05,-4965.06,-5.04746e-06,-4.69491e-06,3.52547e-07,4.89405e-13
3.89194e+06,0.000189302,2.9647e-05,3298.87,3.35362e-06,2.99947e-06,-3.54148e-07,-4.91628e-13
3.89194e+06,9.20979e-05,5.35763e-05,-4966.47,-5.04889e-06,-4.6949e-06,3.5399e-07,4.91408e-13
3.89194e+06,0.000189394,3.00149e-05,3296.7,3.35141e-06,2.99943e-06,-3.51978e-07,-4.88615e-13
3.89194e+06,0.000189405,3.00603e-05,3297.16,3.35187e-06,2.99942e-06,-3.52453e-07,-4.89274e-13
3.89194e+06,9.21627e-05,5.38518e-05,-4966.75,-5.04918e-06,-4.69488e-06,3.54297e-07,4.91835e-13
3.89194e+06,0.000189508,3.04743e-05,3300.59,3.35536e-06,2.99939e-06,-3.55964e-07,-4.94148e-13
3.89194e+06,9.22273e-05,5.41276e-05,-4966.11,-5.04852e-06,-4.69487e-06,3.53647e-07,4.90933e-13
3.89194e+06,0.000189606,3.08894e-05,3302.43,3.35723e-06,2.99947e-06,-3.57763e-07,-4.96646e-13
3.89194e+06,9.22924e-05,5.44034e-05,-4964.63,-5.04702e-06,-4.69489e-06,3.52128e-07,4.88824e-13
3.89194e+06,0.000189703,3.13053e-05,3302.92,3.35773e-06,2.99958e-06,-3.58147e-07,-4.97179e-13
3.89194e+06,9.23583e-05,5.46792e-05,-4962.4,-5.04475e-06,-4.69495e-06,3.49802e-07,4.85595e-13
3.89194e+06,0.000189799,3.17216e-05,3302.23,3.35703e-06,2.99969e-06,-3.57344e-07,-4.96065e-13
3.89194e+06,9.24242e-05,5.49503e-05,-4959.55,-5.04185e-06,-4.69506e-06,3.46786e-07,4.81409e-13
3.89194e+06,9.24254e-05,5.4955e-05,-4959.61,-5.04192e-06,-4.69507e-06,3.46852e-07,4.81499e-13
3.89194e+06,0.000189896,3.21379e-05,3300.52,3.35529e-06,2.99974e-06,-3.55547e-07,-4.93571e-13
3.89194e+06,9.2492e-05,5.5231e-05,-4963.31,-5.04567e-06,-4.69517e-06,3.50497e-07,4.86559e-13
3.89194e+06,0.000189996,3.2554e-05,3297.92,3.35265e-06,2.99969e-06,-3.52959e-07,-4.89977e-13
3.89194e+06,9.25568e-05,5.55077e-05,-4966.04,-5.04845e-06,-4.69523e-06,3.53223e-07,4.90343e-13
3.89194e+06,0.00019,3.25704e-05,3297.82,3.35254e-06,2.99968e-06,-3.52862e-07,-4.89842e-13
3.89194e+06,0.000190095,3.29704e-05,3301.02,3.3558e-06,2.99962e-06,-3.56175e-07,-4.94442e-13
3.89194e+06,9.26201e-05,5.57849e-05,-4967.89,-5.05033e-06,-4.69524e-06,3.55096e-07,4.92944e-13
3.89194e+06,0.000190191,3.33879e-05,3302.97,3.35778e-06,2.99966e-06,-3.58124e-07,-4.97148e-13
3.89194e+06,9.26823e-05,5.60626e-05,-4968.93,-5.05139e-06,-4.69522e-06,3.56165e-07,4.94428e-13
3.89194e+06,0.000190285,3.38062e-05,3303.69,3.35851e-06,2.99975e-06,-3.58761e-07,-4.98031e-13
3.89194e+06,9.2744e-05,5.63406e-05,-4969.2,-5.05166e-06,-4.6952e-06,3.56464e-07,4.94843e-13
3.89194e+06,0.000190378,3.4225e-05,3303.29,3.35811e-06,2.99984e-06,-3.58271e-07,-4.97352e-13
3.89194e+06,9.28054e-05,5.66188e-05,-4968.74,-5.0512e-06,-4.69518e-06,3.56021e-07,4.94228e-13
3.89194e+06,0.000190471,3.46439e-05,3301.92,3.35671e-06,2.99989e-06,-3.5682e-07,-4.95337e-13
3.89194e+06,9.28669e-05,5.68972e-05,-4967.6,-5.05003e-06,-4.69517e-06,3.5486e-07,4.92616e-13
3.89194e+06,0.000190567,3.50628e-05,3299.68,3.35444e-06,2.99986e-06,-3.54571e-07,-4.92215e-13
3.89194e+06,9.29289e-05,5.71756e-05,-4965.8,-5.0482e-06,-4.6952e-06,3.53004e-07,4.90039e-13
3.89194e+06,0.000190606,3.52327e-05,3298.66,3.3534e-06,2.99982e-06,-3.53579e-07,-4.90837e-13
3.89194e+06,0.000190664,3.54815e-05,3300.6,3.35537e-06,2.99976e-06,-3.55611e-07,-4.93659e-13
3.89194e+06,9.29918e-05,5.74541e-05,-4963.38,-5.04575e-06,-4.69527e-06,3.50479e-07,4.86534e-13
3.89194e+06,0.000190757,3.59013e-05,3302.97,3.35778e-06,2.99975e-06,-3.58029e-07,-4.97015e-13
3.89194e+06,9.30303e-05,5.76225e-05,-4961.71,-5.04405e-06,-4.69534e-06,3.48711e-07,4.8408e-13
3.89194e+06,9.30555e-05,5.77325e-05,-4963.1,-5.04546e-06,-4.69539e-06,3.50071e-07,4.85968e-13
3.89194e+06,0.000190848,3.63219e-05,3304.14,3.35897e-06,2.9998e-06,-3.59166e-07,-4.98594e-13
3.89194e+06,9.31179e-05,5.80115e-05,-4966.17,-5.04858e-06,-4.69546e-06,3.53116e-07,4.90195e-13
3.89194e+06,0.000190938,3.67431e-05,3304.25,3.35908e-06,2.99988e-06,-3.59201e-07,-4.98642e-13
3.89194e+06,9.31787e-05,5.8291e-05,-4968.44,-5.05089e-06,-4.6955e-06,3.55398e-07,4.93363e-13
3.89194e+06,0.000191027,3.71645e-05,3303.4,3.35822e-06,2.99994e-06,-3.5828e-07,-4.97364e-13
3.89194e+06,9.32382e-05,5.85709e-05,-4969.98,-5.05245e-06,-4.69549e-06,3.56958e-07,4.95529e-13
3.89194e+06,0.000191118,3.75861e-05,3301.7,3.35649e-06,2.99995e-06,-3.56543e-07,-4.94952e-13
3.89194e+06,9.32969e-05,5.88512e-05,-4970.81,-5.0533e-06,-4.69547e-06,3.57829e-07,4.96738e-13
3.89194e+06,0.000191211,3.80075e-05,3299.24,3.35399e-06,2.99986e-06,-3.54133e-07,-4.91607e-13
3.89194e+06,9.33549e-05,5.91318e-05,-4970.99,-5.05348e-06,-4.69545e-06,3.58037e-07,4.97026e-13
3.89194e+06,0.000191212,3.80146e-05,3299.2,3.35395e-06,2.99986e-06,-3.54094e-07,-4.91552e-13
3.89194e+06,0.000191303,3.84292e-05,3302.15,3.35695e-06,2.99977e-06,-3.57174e-07,-4.95829e-13
3.89194e+06,9.34128e-05,5.94126e-05,-4970.54,-5.05302e-06,-4.69542e-06,3.57602e-07,4.96422e-13
3.89194e+06,0.000191392,3.88519e-05,3303.99,3.35882e-06,2.99977e-06,-3.59046e-07,-4.98427e-13
3.89194e+06,9.34707e-05,5.96936e-05,-4969.49,-5.05196e-06,-4.69542e-06,3.56542e-07,4.94951e-13
3.89194e+06,0.000191478,3.92753e-05,3304.79,3.35963e-06,2.99982e-06,-3.59813e-07,-4.99492e-13
3.89194e+06,9.3529e-05,5.99747e-05,-4967.87,-5.05031e-06,-4.69544e-06,3.54877e-07,4.92639e-13
3.89194e+06,0.000191564,3.96992e-05,3304.65,3.35949e-06,2.99987e-06,-3.59617e-07,-4.9922e-13
3.89194e+06,9.35879e-05,6.02558e-05,-4965.71,-5.04812e-06,-4.69549e-06,3.52623e-07,4.89511e-13
3.89194e+06,0.00019165,4.01233e-05,3303.67,3.35849e-06,2.99991e-06,-3.58581e-07,-4.97781e-13
3.89194e+06,9.36364e-05,6.04838e-05,-4963.62,-5.04599e-06,-4.69557e-06,3.50418e-07,4.8645e-13
3.89194e+06,9.36477e-05,6.05369e-05,-4964.23,-5.04661e-06,-4.69559e-06,3.51018e-07,4.87282e-13
3.89194e+06,0.000191737,4.05475e-05,3301.92,3.35671e-06,2.99989e-06,-3.5682e-07,-4.95337e-13
3.89194e+06,9.37066e-05,6.08184e-05,-4967.22,-5.04965e-06,-4.69568e-06,3.53978e-07,4.91391e-13
3.89194e+06,0.000191818,4.09342e-05,3299.75,3.35451e-06,2.9998e-06,-3.54715e-07,-4.92416e-13
3.89194e+06,0.000191826,4.09715e-05,3300.02,3.35478e-06,2.99978e-06,-3.54999e-07,-4.92809e-13
3.89194e+06,9.3764e-05,6.11004e-05,-4969.52,-5.05199e-06,-4.69571e-06,3.56279e-07,4.94586e-13
3.89194e+06,0.000191914,4.13961e-05,3302.75,3.35755e-06,2.99969e-06,-3.5786e-07,-4.9678e-13
3.89194e+06,9.38201e-05,6.13828e-05,-4971.18,-5.05367e-06,-4.69572e-06,3.57956e-07,4.96915e-13
3.89194e+06,0.000191999,4.18214e-05,3304.43,3.35927e-06,2.99968e-06,-3.59588e-07,-4.99179e-13
3.89194e+06,9.38753e-05,6.16656e-05,-4972.23,-5.05474e-06,-4.6957e-06,3.59036e-07,4.98414e-13
3.89194e+06,0.000192082,4.22475e-05,3305.19,3.36004e-06,2.99971e-06,-3.60328e-07,-5.00206e-13
3.89194e+06,9.39297e-05,6.19486e-05,-4972.7,-5.05522e-06,-4.69568e-06,3.59541e-07,4.99114e-13
3.89194e+06,0.000192164,4.26739e-05,3305.1,3.35995e-06,2.99975e-06,-3.60198e-07,-5.00026e-13
3.89194e+06,9.39838e-05,6.22319e-05,-4972.62,-5.05514e-06,-4.69565e-06,3.59488e-07,4.9904e-13
3.89194e+06,0.000192246,4.31007e-05,3304.25,3.35908e-06,2.99978e-06,-3.59303e-07,-4.98783e-13
3.89194e+06,9.40377e-05,6.25154e-05,-4972.01,-5.05452e-06,-4.69563e-06,3.58893e-07,4.98215e-13
3.89194e+06,0.000192328,4.35275e-05,3302.69,3.35749e-06,2.99976e-06,-3.57738e-07,-4.96611e-13
3.89194e+06,9.40917e-05,6.27991e-05,-4970.91,-5.0534e-06,-4.69563e-06,3.57771e-07,4.96657e-13
3.89194e+06,0.000192413,4.39543e-05,3300.49,3.35526e-06,2.99966e-06,-3.55601e-07,-4.93645e-13
3.89194e+06,9.4146e-05,6.30828e-05,-4969.32,-5.05178e-06,-4.69565e-06,3.56134e-07,4.94385e-13
3.89194e+06,0.000192424,4.40127e-05,3300.18,3.35495e-06,2.99964e-06,-3.55308e-07,-4.93239e-13
3.89194e+06,0.000192497,4.43813e-05,3302.49,3.35729e-06,2.99954e-06,-3.57755e-07,-4.96636e-13
3.89194e+06,9.42008e-05,6.33667e-05,-4967.27,-5.0497e-06,-4.69571e-06,3.53997e-07,4.91419e-13
3.89194e+06,0.000192578,4.48091e-05,3304.33,3.35917e-06,2.99949e-06,-3.5967e-07,-4.99294e-13
3.89194e+06,9.42424e-05,6.35795e-05,-4965.49,-5.04789e-06,-4.69577e-06,3.52117e-07,4.88808e-13
3.89194e+06,9.42564e-05,6.36505e-05,-4966.22,-5.04863e-06,-4.6958e-06,3.52835e-07,4.89805e-13
3.89194e+06,0.000192658,4.52375e-05,3305.32,3.36017e-06,2.9995e-06,-3.60673e-07,-5.00686e-13
3.89194e+06,9.43109e-05,6.39347e-05,-4968.91,-5.05137e-06,-4.69587e-06,3.55499e-07,4.93503e-13
3.89194e+06,0.000192736,4.56665e-05,3305.54,3.36039e-06,2.99953e-06,-3.60867e-07,-5.00956e-13
3.89194e+06,9.43641e-05,6.42193e-05,-4971.03,-5.05352e-06,-4.69591e-06,3.57618e-07,4.96444e-13
3.89194e+06,0.000192813,4.60957e-05,3305.04,3.35989e-06,2.99955e-06,-3.60343e-07,-5.00228e-13
3.89194e+06,9.44161e-05,6.45043e-05,-4972.61,-5.05513e-06,-4.69591e-06,3.59216e-07,4.98664e-13
3.89194e+06,0.000192891,4.65252e-05,3303.89,3.35872e-06,2.99954e-06,-3.59181e-07,-4.98615e-13
3.89194e+06,9.44672e-05,6.47896e-05,-4973.68,-5.05622e-06,-4.6959e-06,3.60316e-07,5.0019e-13
3.89194e+06,0.00019297,4.69547e-05,3302.13,3.35693e-06,2.99947e-06,-3.57459e-07,-4.96224e-13
3.89194e+06,9.45176e-05,6.50752e-05,-4974.26,-5.05681e-06,-4.69588e-06,3.60933e-07,5.01047e-13
3.89194e+06,0.00019303,4.72776e-05,3300.5,3.35527e-06,2.99938e-06,-3.55897e-07,-4.94056e-13
3.89194e+06,0.00019305,4.73841e-05,3301.15,3.35593e-06,2.99934e-06,-3.56587e-07,-4.95014e-13
3.89194e+06,9.45675e-05,6.53611e-05,-4974.38,-5.05693e-06,-4.69585e-06,3.61083e-07,5.01255e-13
3.89194e+06,0.000193129,4.78142e-05,3303.41,3.35822e-06,2.99924e-06,-3.58984e-07,-4.98341e-13
3.89194e+06,9.46171e-05,6.56471e-05,-4974.06,-5.0566e-06,-4.69583e-06,3.60778e-07,5.00831e-13
3.89194e+06,0.000193205,4.82448e-05,3304.87,3.35972e-06,2.9992e-06,-3.60514e-07,-5.00465e-13
3.89194e+06,9.46666e-05,6.59333e-05,-4973.31,-5.05584e-06,-4.69581e-06,3.6003e-07,4.99793e-13
3.89194e+06,0.00019328,4.86761e-05,3305.62,3.36047e-06,2.9992e-06,-3.61273e-07,-5.01518e-13
3.89194e+06,9.47162e-05,6.62197e-05,-4972.15,-5.05466e-06,-4.69582e-06,3.58849e-07,4.98153e-13
3.89194e+06,0.000193353,4.91077e-05,3305.7,3.36055e-06,2.99921e-06,-3.6134e-07,-5.01612e-13
3.89194e+06,9.4766e-05,6.65061e-05,-4970.6,-5.05309e-06,-4.69584e-06,3.57245e-07,4.95927e-13
3.89194e+06,0.000193426,4.95396e-05,3305.16,3.36e-06,2.99922e-06,-3.60788e-07,-5.00846e-13
3.89194e+06,9.48163e-05,6.67927e-05,-4968.67,-5.05113e-06,-4.6959e-06,3.55228e-07,4.93127e-13
3.89194e+06,0.000193499,4.99717e-05,3304.04,3.35887e-06,2.99919e-06,-3.59681e-07,-4.99309e-13
3.89194e+06,9.48485e-05,6.6975e-05,-4967.3,-5.04973e-06,-4.69595e-06,3.53776e-07,4.91111e-13
3.89194e+06,9.48669e-05,6.70793e-05,-4968.24,-5.05069e-06,-4.69599e-06,3.54703e-07,4.92398e-13
3.89194e+06,0.000193573,5.04039e-05,3302.4,3.3572e-06,2.99912e-06,-3.5808e-07,-4.97086e-13
3.89194e+06,9.49166e-05,6.73662e-05,-4970.61,-5.05309e-06,-4.69605e-06,3.57045e-07,4.95649e-13
3.89194e+06,0.000193636,5.07661e-05,3300.67,3.35544e-06,2.99901e-06,-3.56436e-07,-4.94804e-13
3.89194e+06,0.000193649,5.08361e-05,3301.06,3.35584e-06,2.99898e-06,-3.56856e-07,-4.95386e-13
3.89194e+06,9.4965e-05,6.76535e-05,-4972.51,-5.05503e-06,-4.69608e-06,3.58951e-07,4.98296e-13
3.89194e+06,0.000193723,5.12687e-05,3303.22,3.35804e-06,2.99887e-06,-3.59171e-07,-4.986e-13
3.89194e+06,9.50124e-05,6.79411e-05,-4973.99,-5.05653e-06,-4.69609e-06,3.60439e-07,5.00361e-13
3.89194e+06,0.000193794,5.1702e-05,3304.7,3.35954e-06,2.99881e-06,-3.60731e-07,-5.00766e-13
3.89194e+06,9.50589e-05,6.8229e-05,-4975.04,-5.0576e-06,-4.69608e-06,3.61524e-07,5.01868e-13
3.89194e+06,0.000193864,5.21357e-05,3305.55,3.3604e-06,2.99879e-06,-3.61612e-07,-5.0199e-13
3.89194e+06,9.51047e-05,6.85172e-05,-4975.71,-5.05828e-06,-4.69606e-06,3.6222e-07,5.02833e-13
3.89194e+06,0.000193933,5.25699e-05,3305.81,3.36067e-06,2.99878e-06,-3.61882e-07,-5.02364e-13
3.89194e+06,9.515e-05,6.88056e-05,-4976,-5.05857e-06,-4.69603e-06,3.62537e-07,5.03274e-13
3.89194e+06,0.000194001,5.30043e-05,3305.52,3.36038e-06,2.99878e-06,-3.61597e-07,-5.01968e-13
3.89194e+06,9.51948e-05,6.90942e-05,-4975.92,-5.0585e-06,-4.69601e-06,3.62487e-07,5.03204e-13
3.89194e+06,0.000194069,5.3439e-05,3304.73,3.35957e-06,2.99876e-06,-3.60811e-07,-5.00877e-13
3.89194e+06,9.52394e-05,6.93829e-05,-4975.5,-5.05807e-06,-4.69599e-06,3.62079e-07,5.02637e-13
3.89194e+06,0.000194138,5.38739e-05,3303.46,3.35828e-06,2.9987e-06,-3.59572e-07,-4.99157e-13
3.89194e+06,9.52839e-05,6.96718e-05,-4974.75,-5.0573e-06,-4.69598e-06,3.61321e-07,5.01585e-13
3.89194e+06,0.000194207,5.43088e-05,3301.74,3.35653e-06,2.9986e-06,-3.57925e-07,-4.96871e-13
3.89194e+06,9.53284e-05,6.99609e-05,-4973.67,-5.05621e-06,-4.69599e-06,3.60221e-07,5.00058e-13
3.89194e+06,0.000194242,5.45301e-05,3300.75,3.35553e-06,2.99853e-06,-3.57e-07,-4.95586e-13
3.89194e+06,0.000194277,5.47438e-05,3301.8,3.3566e-06,2.99846e-06,-3.58141e-07,-4.97171e-13
3.89194e+06,9.5373e-05,7.025e-05,-4972.28,-5.0548e-06,-4.69601e-06,3.58787e-07,4.98067e-13
3.89194e+06,0.000194345,5.51793e-05,3303.6,3.35842e-06,2.99835e-06,-3.60065e-07,-4.99842e-13
3.89194e+06,9.54178e-05,7.05393e-05,-4970.6,-5.05308e-06,-4.69606e-06,3.57025e-07,4.95622e-13
3.89194e+06,0.000194411,5.56154e-05,3304.83,3.35967e-06,2.99829e-06,-3.61373e-07,-5.01658e-13
3.89194e+06,9.54545e-05,7.07746e-05,-4969.04,-5.0515e-06,-4.69612e-06,3.55377e-07,4.93334e-13
3.89194e+06,9.5463e-05,7.08286e-05,-4969.46,-5.05193e-06,-4.69613e-06,3.55793e-07,4.93911e-13
3.89194e+06,0.000194475,5.60518e-05,3305.53,3.36039e-06,2.99826e-06,-3.62122e-07,-5.02697e-13
3.89194e+06,9.55075e-05,7.11182e-05,-4971.61,-5.05411e-06,-4.69619e-06,3.57913e-07,4.96854e-13
3.89194e+06,0.000194538,5.64886e-05,3305.75,3.36061e-06,2.99825e-06,-3.62361e-07,-5.03029e-13
3.89194e+06,9.55508e-05,7.14081e-05,-4973.39,-5.05593e-06,-4.69623e-06,3.59696e-07,4.9933e-13
3.89194e+06,0.000194601,5.69257e-05,3305.51,3.36037e-06,2.99823e-06,-3.62135e-07,-5.02715e-13
3.89194e+06,9.55932e-05,7.16983e-05,-4974.85,-5.0574e-06,-4.69625e-06,3.61156e-07,5.01356e-13
3.89194e+06,0.000194664,5.73631e-05,3304.84,3.35969e-06,2.9982e-06,-3.61485e-07,-5.01812e-13
3.89194e+06,9.56347e-05,7.19887e-05,-4975.97,-5.05855e-06,-4.69624e-06,3.62303e-07,5.02949e-13
3.89194e+06,0.000194726,5.78006e-05,3303.77,3.35859e-06,2.99815e-06,-3.60447e-07,-5.00372e-13
3.89194e+06,9.56754e-05,7.22793e-05,-4976.79,-5.05938e-06,-4.69623e-06,3.63149e-07,5.04123e-13
3.89194e+06,0.000194789,5.82382e-05,3302.31,3.35711e-06,2.99806e-06,-3.59056e-07,-4.98441e-13
3.89194e+06,9.57156e-05,7.25702e-05,-4977.32,-5.05991e-06,-4.69621e-06,3.63701e-07,5.04889e-13
3.89194e+06,0.000194848,5.86438e-05,3300.65,3.35542e-06,2.99793e-06,-3.57492e-07,-4.9627e-13
3.89194e+06,0.000194853,5.86759e-05,3300.79,3.35557e-06,2.99792e-06,-3.57649e-07,-4.96488e-13
3.89194e+06,9.57552e-05,7.28612e-05,-4977.56,-5.06016e-06,-4.69619e-06,3.63969e-07,5.05262e-13
3.89194e+06,0.000194916,5.91139e-05,3302.63,3.35744e-06,2.99779e-06,-3.5965e-07,-4.99265e-13
3.89194e+06,9.57945e-05,7.31524e-05,-4977.53,-5.06013e-06,-4.69617e-06,3.63961e-07,5.05251e-13
3.89194e+06,0.000194977,5.95524e-05,3304,3.35883e-06,2.9977e-06,-3.61125e-07,-5.01313e-13
3.89194e+06,9.58334e-05,7.34438e-05,-4977.24,-5.05983e-06,-4.69615e-06,3.63685e-07,5.04867e-13
3.89194e+06,0.000195037,5.99913e-05,3304.92,3.35977e-06,2.99765e-06,-3.6212e-07,-5.02695e-13
3.89194e+06,9.58721e-05,7.37353e-05,-4976.7,-5.05928e-06,-4.69614e-06,3.63146e-07,5.04119e-13
3.89194e+06,0.000195095,6.04305e-05,3305.43,3.36029e-06,2.99761e-06,-3.62675e-07,-5.03466e-13
3.89194e+06,9.59106e-05,7.4027e-05,-4975.91,-5.05849e-06,-4.69613e-06,3.62352e-07,5.03016e-13
3.89194e+06,0.000195152,6.087e-05,3305.56,3.36041e-06,2.99758e-06,-3.62826e-07,-5.03675e-13
3.89194e+06,9.59491e-05,7.43188e-05,-4974.9,-5.05745e-06,-4.69614e-06,3.61308e-07,5.01568e-13
3.89194e+06,0.000195209,6.13098e-05,3305.31,3.36016e-06,2.99756e-06,-3.62605e-07,-5.03368e-13
3.89194e+06,9.59876e-05,7.46107e-05,-4973.66,-5.05619e-06,-4.69617e-06,3.60021e-07,4.99781e-13
3.89194e+06,0.000195265,6.17498e-05,3304.72,3.35956e-06,2.99752e-06,-3.62043e-07,-5.02587e-13
3.89194e+06,9.60261e-05,7.49027e-05,-4972.2,-5.05471e-06,-4.69621e-06,3.58496e-07,4.97663e-13
3.89194e+06,0.000195321,6.21899e-05,3303.8,3.35863e-06,2.99746e-06,-3.61165e-07,-5.01369e-13
3.89194e+06,9.60606e-05,7.51633e-05,-4970.73,-5.05322e-06,-4.69627e-06,3.56949e-07,4.95516e-13
3.89194e+06,9.60648e-05,7.51948e-05,-4970.93,-5.05343e-06,-4.69628e-06,3.5715e-07,4.95795e-13
3.89194e+06,0.000195378,6.26303e-05,3302.57,3.35737e-06,2.99738e-06,-3.59997e-07,-4.99748e-13
3.89194e+06,9.61029e-05,7.54871e-05,-4972.76,-5.05528e-06,-4.69633e-06,3.58952e-07,4.98297e-13
3.89194e+06,0.000195434,6.30707e-05,3301.04,3.35582e-06,2.99726e-06,-3.58563e-07,-4.97756e-13
3.89194e+06,9.614e-05,7.57797e-05,-4974.33,-5.05688e-06,-4.69637e-06,3.60515e-07,5.00466e-13
3.89194e+06,0.000195455,6.3226e-05,3300.46,3.35523e-06,2.9972e-06,-3.5803e-07,-4.97017e-13
3.89194e+06,0.000195491,6.35113e-05,3301.55,3.35634e-06,2.99711e-06,-3.59223e-07,-4.98673e-13
3.89194e+06,9.61763e-05,7.60724e-05,-4975.66,-5.05823e-06,-4.69639e-06,3.61846e-07,5.02315e-13
3.89194e+06,0.000195547,6.39523e-05,3302.96,3.35777e-06,2.99701e-06,-3.60761e-07,-5.00808e-13
3.89194e+06,9.62118e-05,7.63654e-05,-4976.76,-5.05935e-06,-4.69639e-06,3.62955e-07,5.03854e-13
3.89194e+06,0.0001956,6.43936e-05,3304.01,3.35884e-06,2.99693e-06,-3.61907e-07,-5.02399e-13
3.89194e+06,9.62466e-05,7.66586e-05,-4977.64,-5.06024e-06,-4.69639e-06,3.63848e-07,5.05093e-13
3.89194e+06,0.000195652,6.48353e-05,3304.73,3.35957e-06,2.99687e-06,-3.62692e-07,-5.03488e-13
3.89194e+06,9.62807e-05,7.69519e-05,-4978.3,-5.06091e-06,-4.69638e-06,3.64533e-07,5.06044e-13
3.89194e+06,0.000195704,6.52772e-05,3305.13,3.35998e-06,2.99683e-06,-3.63143e-07,-5.04114e-13
3.89194e+06,9.63143e-05,7.72454e-05,-4978.76,-5.06138e-06,-4.69636e-06,3.65017e-07,5.06715e-13
3.89194e+06,0.000195754,6.57194e-05,3305.23,3.36008e-06,2.9968e-06,-3.63285e-07,-5.04311e-13
3.89194e+06,9.63473e-05,7.75391e-05,-4979.02,-5.06165e-06,-4.69634e-06,3.65305e-07,5.07116e-13
3.89194e+06,0.000195804,6.61618e-05,3305.06,3.3599e-06,2.99676e-06,-3.63141e-07,-5.04112e-13
3.89194e+06,9.63799e-05,7.78329e-05,-4979.1,-5.06173e-06,-4.69632e-06,3.65405e-07,5.07255e-13
3.89194e+06,0.000195853,6.66044e-05,3304.62,3.35946e-06,2.99672e-06,-3.62734e-07,-5.03546e-13
3.89194e+06,9.64122e-05,7.81268e-05,-4979,-5.06163e-06,-4.69631e-06,3.65323e-07,5.07141e-13
3.89194e+06,0.000195902,6.70472e-05,3303.92,3.35875e-06,2.99667e-06,-3.62081e-07,-5.02641e-13
3.89194e+06,9.64441e-05,7.84209e-05,-4978.73,-5.06135e-06,-4.69629e-06,3.65063e-07,5.06781e-13
3.89194e+06,0.000195951,6.74902e-05,3302.99,3.3578e-06,2.9966e-06,-3.61202e-07,-5.01421e-13
3.89194e+06,9.64757e-05,7.87151e-05,-4978.3,-5.06091e-06,-4.69628e-06,3.64633e-07,5.06183e-13
3.89194e+06,0.000196,6.79333e-05,3301.82,3.35661e-06,2.9965e-06,-3.60112e-07,-4.99908e-13
3.89194e+06,9.6507e-05,7.90095e-05,-4977.71,-5.06031e-06,-4.69628e-06,3.64036e-07,5.05355e-13
3.89194e+06,0.000196049,6.83766e-05,3300.44,3.35521e-06,2.99638e-06,-3.58827e-07,-4.98123e-13
3.89194e+06,9.65382e-05,7.93039e-05,-4976.97,-5.05956e-06,-4.69628e-06,3.63279e-07,5.04303e-13
3.89194e+06,0.000196061,6.84787e-05,3300.11,3.35487e-06,2.99635e-06,-3.58524e-07,-4.97702e-13
3.89194e+06,0.000196098,6.882e-05,3301.19,3.35598e-06,2.99625e-06,-3.59728e-07,-4.99373e-13
3.89194e+06,9.65691e-05,7.95985e-05,-4976.08,-5.05866e-06,-4.69629e-06,3.62366e-07,5.03036e-13
3.89194e+06,0.000196146,6.92637e-05,3302.38,3.35718e-06,2.99614e-06,-3.61042e-07,-5.01197e-13
3.89194e+06,9.65999e-05,7.98932e-05,-4975.06,-5.05762e-06,-4.69632e-06,3.61301e-07,5.01558e-13
3.89194e+06,0.000196191,6.97077e-05,3303.32,3.35813e-06,2.99606e-06,-3.62071e-07,-5.02626e-13
3.89194e+06,9.66306e-05,8.0188e-05,-4973.9,-5.05644e-06,-4.69635e-06,3.60091e-07,4.99878e-13
3.89194e+06,0.000196236,7.01519e-05,3304.01,3.35884e-06,2.996e-06,-3.62836e-07,-5.03689e-13
3.89194e+06,9.66612e-05,8.04829e-05,-4972.62,-5.05514e-06,-4.6964e-06,3.5874e-07,4.98002e-13
3.89194e+06,0.00019628,7.05964e-05,3304.47,3.35931e-06,2.99595e-06,-3.63356e-07,-5.0441e-13
3.89194e+06,9.66667e-05,8.05357e-05,-4972.39,-5.0549e-06,-4.69641e-06,3.58493e-07,4.9766e-13
3.89194e+06,9.66915e-05,8.07779e-05,-4973.57,-5.0561e-06,-4.69645e-06,3.59657e-07,4.99275e-13
3.89194e+06,0.000196323,7.10412e-05,3304.71,3.35956e-06,2.99591e-06,-3.63648e-07,-5.04816e-13
3.89194e+06,9.6721e-05,8.10731e-05,-4974.87,-5.05743e-06,-4.69648e-06,3.60946e-07,5.01065e-13
3.89194e+06,0.000196365,7.14861e-05,3304.76,3.3596e-06,2.99587e-06,-3.63729e-07,-5.04928e-13
3.89194e+06,9.67497e-05,8.13684e-05,-4976.02,-5.0586e-06,-4.69651e-06,3.62091e-07,5.02654e-13
3.89194e+06,0.000196407,7.19312e-05,3304.6,3.35944e-06,2.99583e-06,-3.63614e-07,-5.04769e-13
3.89194e+06,9.67777e-05,8.16639e-05,-4977.03,-5.05962e-06,-4.69652e-06,3.63097e-07,5.04051e-13
3.89194e+06,0.000196448,7.23765e-05,3304.27,3.3591e-06,2.99579e-06,-3.63318e-07,-5.04357e-13
3.89194e+06,9.68051e-05,8.19595e-05,-4977.89,-5.0605e-06,-4.69653e-06,3.6397e-07,5.05263e-13
3.89194e+06,0.000196488,7.28219e-05,3303.76,3.35859e-06,2.99574e-06,-3.62853e-07,-5.03711e-13
3.89194e+06,9.68318e-05,8.22553e-05,-4978.63,-5.06124e-06,-4.69653e-06,3.64715e-07,5.06297e-13
3.89194e+06,0.000196528,7.32675e-05,3303.09,3.35791e-06,2.99568e-06,-3.62231e-07,-5.02848e-13
3.89194e+06,9.6858e-05,8.25512e-05,-4979.23,-5.06186e-06,-4.69652e-06,3.65337e-07,5.07161e-13
3.89194e+06,0.000196568,7.37133e-05,3302.27,3.35707e-06,2.9956e-06,-3.61464e-07,-5.01784e-13
3.89194e+06,9.68836e-05,8.28473e-05,-4979.72,-5.06236e-06,-4.69652e-06,3.65841e-07,5.0786e-13
3.89194e+06,0.000196608,7.41591e-05,3301.29,3.35608e-06,2.99551e-06,-3.60562e-07,-5.00531e-13
3.89194e+06,9.69087e-05,8.31434e-05,-4980.09,-5.06274e-06,-4.6965e-06,3.66232e-07,5.08403e-13
3.89194e+06,0.000196648,7.46052e-05,3300.18,3.35494e-06,2.99541e-06,-3.59534e-07,-4.99105e-13
3.89194e+06,9.69333e-05,8.34397e-05,-4980.36,-5.06301e-06,-4.69649e-06,3.66515e-07,5.08795e-13
3.89194e+06,0.000196667,7.48195e-05,3299.61,3.35437e-06,2.99535e-06,-3.59017e-07,-4.98387e-13
3.89194e+06,0.000196687,7.50513e-05,3300.2,3.35496e-06,2.99529e-06,-3.59671e-07,-4.99295e-13
3.89194e+06,9.69574e-05,8.37361e-05,-4980.52,-5.06317e-06,-4.69648e-06,3.66694e-07,5.09044e-13
3.89194e+06,0.000196725,7.54977e-05,3301.21,3.35599e-06,2.99519e-06,-3.60804e-07,-5.00868e-13
3.89194e+06,9.69812e-05,8.40326e-05,-4980.58,-5.06324e-06,-4.69646e-06,3.66774e-07,5.09155e-13
3.89194e+06,0.000196762,7.59443e-05,3302.06,3.35685e-06,2.9951e-06,-3.6175e-07,-5.0218e-13
3.89194e+06,9.70044e-05,8.43292e-05,-4980.56,-5.06321e-06,-4.69645e-06,3.66759e-07,5.09134e-13
3.89194e+06,0.000196798,7.6391e-05,3302.75,3.35755e-06,2.99503e-06,-3.62521e-07,-5.03251e-13
3.89194e+06,9.70273e-05,8.46259e-05,-4980.44,-5.06309e-06,-4.69644e-06,3.66654e-07,5.08989e-13
3.89194e+06,0.000196833,7.6838e-05,3303.29,3.35811e-06,2.99498e-06,-3.63129e-07,-5.04096e-13
3.89194e+06,9.70498e-05,8.49227e-05,-4980.24,-5.06289e-06,-4.69643e-06,3.66464e-07,5.08725e-13
3.89194e+06,0.000196868,7.72851e-05,3303.69,3.35851e-06,2.99493e-06,-3.63587e-07,-5.04732e-13
3.89194e+06,9.7072e-05,8.52196e-05,-4979.97,-5.06261e-06,-4.69642e-06,3.66192e-07,5.08348e-13
3.89194e+06,0.000196901,7.77324e-05,3303.96,3.35879e-06,2.99488e-06,-3.63906e-07,-5.05174e-13
3.89194e+06,9.70937e-05,8.55166e-05,-4979.62,-5.06226e-06,-4.69641e-06,3.65843e-07,5.07863e-13
3.89194e+06,0.000196933,7.81799e-05,3304.11,3.35894e-06,2.99484e-06,-3.64095e-07,-5.05436e-13
3.89194e+06,9.71152e-05,8.58137e-05,-4979.2,-5.06183e-06,-4.69641e-06,3.65422e-07,5.07278e-13
3.89194e+06,0.000196965,7.86275e-05,3304.14,3.35897e-06,2.99481e-06,-3.64164e-07,-5.05532e-13
3.89194e+06,9.71362e-05,8.61109e-05,-4978.72,-5.06134e-06,-4.69641e-06,3.64931e-07,5.06596e-13
3.89194e+06,0.000196996,7.90753e-05,3304.06,3.35889e-06,2.99477e-06,-3.64123e-07,-5.05475e-13
3.89194e+06,9.7157e-05,8.64081e-05,-4978.18,-5.06079e-06,-4.69642e-06,3.64375e-07,5.05825e-13
3.89194e+06,0.000197027,7.95231e-05,3303.88,3.35871e-06,2.99473e-06,-3.63979e-07,-5.05276e-13
3.89194e+06,9.71774e-05,8.67055e-05,-4977.58,-5.06019e-06,-4.69643e-06,3.63758e-07,5.04968e-13
3.89194e+06,0.000197057,7.99712e-05,3303.61,3.35843e-06,2.99469e-06,-3.63742e-07,-5.04947e-13
3.89194e+06,9.71975e-05,8.70029e-05,-4976.94,-5.05953e-06,-4.69644e-06,3.63084e-07,5.04033e-13
3.89194e+06,0.000197086,8.04193e-05,3303.25,3.35807e-06,2.99465e-06,-3.63419e-07,-5.04498e-13
3.89194e+06,9.72173e-05,8.73004e-05,-4976.24,-5.05882e-06,-4.69646e-06,3.62358e-07,5.03025e-13
3.89194e+06,0.000197115,8.08676e-05,3302.81,3.35762e-06,2.9946e-06,-3.63017e-07,-5.0394e-13
3.89194e+06,9.72368e-05,8.7598e-05,-4975.5,-5.05806e-06,-4.69648e-06,3.61582e-07,5.01948e-13
3.89194e+06,0.000197144,8.1316e-05,3302.29,3.35709e-06,2.99455e-06,-3.62543e-07,-5.03282e-13
3.89194e+06,9.72559e-05,8.78957e-05,-4974.72,-5.05727e-06,-4.69651e-06,3.60761e-07,5.00808e-13
3.89194e+06,0.000197171,8.17645e-05,3301.7,3.35649e-06,2.99449e-06,-3.62003e-07,-5.02532e-13
3.89194e+06,9.72727e-05,8.81622e-05,-4973.99,-5.05653e-06,-4.69654e-06,3.59994e-07,4.99743e-13
3.89194e+06,9.72747e-05,8.81934e-05,-4974.08,-5.05663e-06,-4.69654e-06,3.60085e-07,4.9987e-13
3.89194e+06,0.000197199,8.22131e-05,3301.05,3.35583e-06,2.99442e-06,-3.61403e-07,-5.017e-13
3.89194e+06,9.7293e-05,8.84912e-05,-4974.94,-5.05749e-06,-4.69657e-06,3.60924e-07,5.01035e-13
3.89194e+06,0.000197226,8.26618e-05,3300.33,3.3551e-06,2.99435e-06,-3.6075e-07,-5.00792e-13
3.89194e+06,9.73107e-05,8.87892e-05,-4975.72,-5.05829e-06,-4.69659e-06,3.61699e-07,5.0211e-13
3.89194e+06,0.000197253,8.31106e-05,3299.56,3.35432e-06,2.99427e-06,-3.60048e-07,-4.99818e-13
3.89194e+06,9.73279e-05,8.90872e-05,-4976.44,-5.05902e-06,-4.69661e-06,3.62412e-07,5.031e-13
3.89194e+06,0.000197273,8.34538e-05,3298.95,3.35369e-06,2.99421e-06,-3.59489e-07,-4.99042e-13
3.89194e+06,0.000197279,8.35596e-05,3299.12,3.35387e-06,2.99419e-06,-3.59686e-07,-4.99316e-13
3.89194e+06,9.73445e-05,8.93853e-05,-4977.1,-5.05969e-06,-4.69663e-06,3.63067e-07,5.04009e-13
3.89194e+06,0.000197304,8.40086e-05,3299.82,3.35458e-06,2.99411e-06,-3.60477e-07,-5.00413e-13
3.89194e+06,9.73605e-05,8.96834e-05,-4977.7,-5.0603e-06,-4.69664e-06,3.63666e-07,5.0484e-13
3.89194e+06,0.000197329,8.44578e-05,3300.44,3.35521e-06,2.99404e-06,-3.61176e-07,-5.01384e-13
3.89194e+06,9.7376e-05,8.99817e-05,-4978.25,-5.06086e-06,-4.69665e-06,3.64212e-07,5.05599e-13
3.89194e+06,0.000197352,8.49071e-05,3300.99,3.35577e-06,2.99398e-06,-3.6179e-07,-5.02237e-13
3.89194e+06,9.7391e-05,9.028e-05,-4978.74,-5.06136e-06,-4.69665e-06,3.6471e-07,5.06289e-13
3.89194e+06,0.000197375,8.53565e-05,3301.46,3.35625e-06,2.99392e-06,-3.62326e-07,-5.02981e-13
3.89194e+06,9.74055e-05,9.05784e-05,-4979.19,-5.06182e-06,-4.69666e-06,3.6516e-07,5.06915e-13
3.89194e+06,0.000197397,8.58061e-05,3301.87,3.35666e-06,2.99387e-06,-3.6279e-07,-5.03625e-13
3.89194e+06,9.74195e-05,9.08768e-05,-4979.59,-5.06222e-06,-4.69666e-06,3.65567e-07,5.0748e-13
3.89194e+06,0.000197418,8.62557e-05,3302.22,3.35702e-06,2.99383e-06,-3.63187e-07,-5.04176e-13
3.89194e+06,9.7433e-05,9.11753e-05,-4979.95,-5.06259e-06,-4.69666e-06,3.65933e-07,5.07987e-13
3.89194e+06,0.000197438,8.67054e-05,3302.51,3.35732e-06,2.99379e-06,-3.63523e-07,-5.04643e-13
3.89194e+06,9.7446e-05,9.14739e-05,-4980.27,-5.06291e-06,-4.69666e-06,3.6626e-07,5.08441e-13
3.89194e+06,0.000197458,8.71552e-05,3302.75,3.35756e-06,2.99376e-06,-3.63804e-07,-5.05032e-13
3.89194e+06,9.74585e-05,9.17726e-05,-4980.55,-5.0632e-06,-4.69665e-06,3.66551e-07,5.08845e-13
3.89194e+06,0.000197477,8.76051e-05,3302.95,3.35776e-06,2.99373e-06,-3.64033e-07,-5.0535e-13
3.89194e+06,9.74706e-05,9.20713e-05,-4980.8,-5.06346e-06,-4.69665e-06,3.66808e-07,5.09203e-13
3.89194e+06,0.000197495,8.80551e-05,3303.1,3.35791e-06,2.9937e-06,-3.64216e-07,-5.05605e-13
3.89194e+06,9.74822e-05,9.237e-05,-4981.02,-5.06368e-06,-4.69665e-06,3.67035e-07,5.09517e-13
3.89194e+06,0.000197512,8.85052e-05,3303.21,3.35803e-06,2.99367e-06,-3.64358e-07,-5.05801e-13
3.89194e+06,9.74933e-05,9.26688e-05,-4981.21,-5.06387e-06,-4.69664e-06,3.67233e-07,5.09792e-13
3.89194e+06,0.000197529,8.89554e-05,3303.29,3.35811e-06,2.99365e-06,-3.64462e-07,-5.05946e-13
3.89194e+06,9.7504e-05,9.29677e-05,-4981.38,-5.06404e-06,-4.69664e-06,3.67404e-07,5.1003e-13
3.89194e+06,0.000197545,8.94056e-05,3303.34,3.35816e-06,2.99362e-06,-3.64533e-07,-5.06044e-13
3.89194e+06,9.75142e-05,9.32666e-05,-4981.52,-5.06418e-06,-4.69663e-06,3.67552e-07,5.10235e-13
3.89194e+06,0.00019756,8.98559e-05,3303.36,3.35817e-06,2.9936e-06,-3.64574e-07,-5.06101e-13
3.89194e+06,9.7524e-05,9.35655e-05,-4981.63,-5.0643e-06,-4.69663e-06,3.67677e-07,5.10408e-13
3.89194e+06,0.000197575,9.03063e-05,3303.35,3.35817e-06,2.99358e-06,-3.64588e-07,-5.06121e-13
3.89194e+06,9.75333e-05,9.38645e-05,-4981.73,-5.0644e-06,-4.69662e-06,3.67782e-07,5.10554e-13
3.89194e+06,0.000197589,9.07567e-05,3303.32,3.35814e-06,2.99356e-06,-3.64581e-07,-5.0611e-13
3.89194e+06,9.75421e-05,9.41635e-05,-4981.81,-5.06448e-06,-4.69662e-06,3.67869e-07,5.10675e-13
3.89194e+06,0.000197602,9.12072e-05,3303.28,3.35809e-06,2.99354e-06,-3.64553e-07,-5.06072e-13
3.89194e+06,9.75506e-05,9.44626e-05,-4981.88,-5.06455e-06,-4.69661e-06,3.6794e-07,5.10773e-13
3.89194e+06,0.000197615,9.16578e-05,3303.22,3.35803e-06,2.99352e-06,-3.64509e-07,-5.06011e-13
3.89194e+06,9.75585e-05,9.47617e-05,-4981.93,-5.0646e-06,-4.69661e-06,3.67996e-07,5.10852e-13
3.89194e+06,0.000197627,9.21084e-05,3303.14,3.35795e-06,2.9935e-06,-3.64452e-07,-5.05931e-13
3.89194e+06,9.75661e-05,9.50608e-05,-4981.97,-5.06464e-06,-4.6966e-06,3.6804e-07,5.10912e-13
3.89194e+06,0.000197638,9.2559e-05,3303.06,3.35787e-06,2.99349e-06,-3.64383e-07,-5.05836e-13
3.89194e+06,9.75732e-05,9.536e-05,-4981.99,-5.06467e-06,-4.6966e-06,3.68072e-07,5.10957e-13
3.89194e+06,0.000197649,9.30098e-05,3302.96,3.35777e-06,2.99347e-06,-3.64306e-07,-5.05729e-13
3.89194e+06,9.75798e-05,9.56592e-05,-4982.01,-5.06469e-06,-4.69659e-06,3.68095e-07,5.10989e-13
3.89194e+06,0.000197659,9.34605e-05,3302.87,3.35767e-06,2.99345e-06,-3.64223e-07,-5.05613e-13
3.89194e+06,9.7586e-05,9.59585e-05,-4982.02,-5.0647e-06,-4.69659e-06,3.6811e-07,5.11009e-13
3.89194e+06,0.000197668,9.39113e-05,3302.76,3.35757e-06,2.99344e-06,-3.64135e-07,-5.05492e-13
3.89194e+06,9.75918e-05,9.62577e-05,-4982.03,-5.0647e-06,-4.69659e-06,3.68117e-07,5.1102e-13
3.89194e+06,0.000197677,9.43622e-05,3302.66,3.35747e-06,2.99342e-06,-3.64046e-07,-5.05368e-13
3.89194e+06,9.75971e-05,9.6557e-05,-4982.03,-5.0647e-06,-4.69658e-06,3.6812e-07,5.11023e-13
3.89194e+06,0.000197685,9.48131e-05,3302.56,3.35736e-06,2.99341e-06,-3.63956e-07,-5.05244e-13
3.89194e+06,9.7602e-05,9.68563e-05,-4982.02,-5.0647e-06,-4.69658e-06,3.68118e-07,5.11021e-13
3.89194e+06,0.000197693,9.5264e-05,3302.46,3.35726e-06,2.99339e-06,-3.63868e-07,-5.05121e-13
3.89194e+06,9.76064e-05,9.71557e-05,-4982.01,-5.06469e-06,-4.69658e-06,3.68113e-07,5.11013e-13
3.89194e+06,0.000197699,9.57149e-05,3302.36,3.35716e-06,2.99338e-06,-3.63783e-07,-5.05003e-13
3.89194e+06,9.76104e-05,9.7455e-05,-4982,-5.06468e-06,-4.69657e-06,3.68105e-07,5.11003e-13
3.89194e+06,0.000197705,9.61659e-05,3302.27,3.35707e-06,2.99337e-06,-3.63703e-07,-5.04892e-13
3.89194e+06,9.7614e-05,9.77544e-05,-4981.99,-5.06467e-06,-4.69657e-06,3.68096e-07,5.1099e-13
3.89194e+06,0.000197711,9.66169e-05,3302.19,3.35699e-06,2.99336e-06,-3.63628e-07,-5.04788e-13
3.89194e+06,9.76171e-05,9.80538e-05,-4981.98,-5.06466e-06,-4.69657e-06,3.68086e-07,5.10977e-13
3.89194e+06,0.000197715,9.7068e-05,3302.11,3.35691e-06,2.99335e-06,-3.6356e-07,-5.04694e-13
3.89194e+06,9.76197e-05,9.83532e-05,-4981.97,-5.06465e-06,-4.69657e-06,3.68077e-07,5.10964e-13
3.89194e+06,0.00019772,9.7519e-05,3302.05,3.35684e-06,2.99334e-06,-3.635e-07,-5.0461e-13
3.89194e+06,9.7622e-05,9.86526e-05,-4981.96,-5.06464e-06,-4.69657e-06,3.68068e-07,5.10951e-13
3.89194e+06,0.000197723,9.79701e-05,3301.99,3.35678e-06,2.99334e-06,-3.63449e-07,-5.04539e-13
3.89194e+06,9.76237e-05,9.8952e-05,-4981.95,-5.06463e-06,-4.69657e-06,3.6806e-07,5.10941e-13
3.89194e+06,0.000197726,9.84212e-05,3301.94,3.35674e-06,2.99333e-06,-3.63407e-07,-5.04481e-13
3.89194e+06,9.76251e-05,9.92514e-05,-4981.95,-5.06462e-06,-4.69657e-06,3.68054e-07,5.10932e-13
3.89194e+06,0.000197728,9.88722e-05,3301.91,3.3567e-06,2.99333e-06,-3.63375e-07,-5.04437e-13
3.89194e+06,9.7626e-05,9.95509e-05,-4981.94,-5.06462e-06,-4.69657e-06,3.6805e-07,5.10926e-13
3.89194e+06,0.000197729,9.93233e-05,3301.88,3.35668e-06,2.99332e-06,-3.63354e-07,-5.04407e-13
3.89194e+06,9.76264e-05,9.98503e-05,-4981.94,-5.06461e-06,-4.69657e-06,3.68048e-07,5.10923e-13
3.89194e+06,0.00019773,9.97744e-05,3301.87,3.35666e-06,2.99332e-06,-3.63343e-07,-5.04392e-13
3.89194e+06,9.76264e-05,0.00010015,-4981.94,-5.06461e-06,-4.69657e-06,3.68048e-07,5.10923e-13
3.89194e+06,0.00019773,0.000100226,3301.87,3.35666e-06,2.99332e-06,-3.63343e-07,-5.04392e-13
3.89194e+06,9.7626e-05,0.000100449,-4981.94,-5.06462e-06,-4.69657e-06,3.6805e-07,5.10926e-13
3.89194e+06,0.000197729,0.000100677,3301.88,3.35668e-06,2.99332e-06,-3.63354e-07,-5.04407e-13
3.89194e+06,9.76251e-05,0.000100749,-4981.95,-5.06462e-06,-4.69657e-06,3.68054e-07,5.10932e-13
3.89194e+06,0.000197728,0.000101128,3301.91,3.3567e-06,2.99333e-06,-3.63375e-07,-5.04437e-13
3.89194e+06,9.76237e-05,0.000101048,-4981.95,-5.06463e-06,-4.69657e-06,3.6806e-07,5.10941e-13
3.89194e+06,0.000197726,0.000101579,3301.94,3.35674e-06,2.99333e-06,-3.63407e-07,-5.04481e-13
3.89194e+06,9.7622e-05,0.000101347,-4981.96,-5.06464e-06,-4.69657e-06,3.68068e-07,5.10951e-13
3.89194e+06,0.000197723,0.00010203,3301.99,3.35678e-06,2.99334e-06,-3.63449e-07,-5.04539e-13
3.89194e+06,9.76197e-05,0.000101647,-4981.97,-5.06465e-06,-4.69657e-06,3.68077e-07,5.10964e-13
3.89194e+06,0.00019772,0.000102481,3302.05,3.35684e-06,2.99334e-06,-3.635e-07,-5.0461e-13
3.89194e+06,9.76171e-05,0.000101946,-4981.98,-5.06466e-06,-4.69657e-06,3.68086e-07,5.10977e-13
3.89194e+06,0.000197715,0.000102932,3302.11,3.35691e-06,2.99335e-06,-3.6356e-07,-5.04694e-13
3.89194e+06,9.7614e-05,0.000102246,-4981.99,-5.06467e-06,-4.69657e-06,3.68096e-07,5.1099e-13
3.89194e+06,0.000197711,0.000103383,3302.19,3.35699e-06,2.99336e-06,-3.63628e-07,-5.04788e-13
3.89194e+06,9.76104e-05,0.000102545,-4982,-5.06468e-06,-4.69657e-06,3.68105e-07,5.11003e-13
3.89194e+06,0.000197705,0.000103834,3302.27,3.35707e-06,2.99337e-06,-3.63703e-07,-5.04892e-13
3.89194e+06,9.76064e-05,0.000102844,-4982.01,-5.06469e-06,-4.69658e-06,3.68113e-07,5.11013e-13
3.89194e+06,0.000197699,0.000104285,3302.36,3.35716e-06,2.99338e-06,-3.63783e-07,-5.05003e-13
3.89194e+06,9.7602e-05,0.000103144,-4982.02,-5.0647e-06,-4.69658e-06,3.68118e-07,5.11021e-13
3.89194e+06,0.000197693,0.000104736,3302.46,3.35726e-06,2.99339e-06,-3.63868e-07,-5.05121e-13
3.89194e+06,9.75971e-05,0.000103443,-4982.03,-5.0647e-06,-4.69658e-06,3.6812e-07,5.11023e-13
3.89194e+06,0.000197685,0.000105187,3302.56,3.35736e-06,2.99341e-06,-3.63956e-07,-5.05244e-13
3.89194e+06,9.75918e-05,0.000103742,-4982.03,-5.0647e-06,-4.69659e-06,3.68117e-07,5.1102e-13
3.89194e+06,0.000197677,0.000105638,3302.66,3.35747e-06,2.99342e-06,-3.64046e-07,-5.05368e-13
3.89194e+06,9.7586e-05,0.000104042,-4982.02,-5.0647e-06,-4.69659e-06,3.6811e-07,5.11009e-13
3.89194e+06,0.000197668,0.000106089,3302.76,3.35757e-06,2.99344e-06,-3.64135e-07,-5.05492e-13
3.89194e+06,9.75798e-05,0.000104341,-4982.01,-5.06469e-06,-4.69659e-06,3.68095e-07,5.10989e-13
3.89194e+06,0.000197659,0.000106539,3302.87,3.35767e-06,2.99345e-06,-3.64223e-07,-5.05613e-13
3.89194e+06,9.75732e-05,0.00010464,-4981.99,-5.06467e-06,-4.6966e-06,3.68072e-07,5.10957e-13
3.89194e+06,0.000197649,0.00010699,3302.96,3.35777e-06,2.99347e-06,-3.64306e-07,-5.05729e-13
3.89194e+06,9.75661e-05,0.000104939,-4981.97,-5.06464e-06,-4.6966e-06,3.6804e-07,5.10912e-13
3.89194e+06,0.000197638,0.000107441,3303.06,3.35787e-06,2.99349e-06,-3.64383e-07,-5.05836e-13
3.89194e+06,9.75585e-05,0.000105238,-4981.93,-5.0646e-06,-4.69661e-06,3.67996e-07,5.10852e-13
3.89194e+06,0.000197627,0.000107892,3303.14,3.35795e-06,2.9935e-06,-3.64452e-07,-5.05931e-13
3.89194e+06,9.75506e-05,0.000105537,-4981.88,-5.06455e-06,-4.69661e-06,3.6794e-07,5.10773e-13
3.89194e+06,0.000197615,0.000108342,3303.21,3.35803e-06,2.99352e-06,-3.64509e-07,-5.06011e-13
3.89194e+06,9.75421e-05,0.000105836,-4981.81,-5.06448e-06,-4.69662e-06,3.67869e-07,5.10675e-13
3.89194e+06,0.000197602,0.000108793,3303.28,3.35809e-06,2.99354e-06,-3.64553e-07,-5.06072e-13
3.89194e+06,9.75333e-05,0.000106136,-4981.73,-5.0644e-06,-4.69662e-06,3.67782e-07,5.10554e-13
3.89194e+06,0.000197589,0.000109243,3303.32,3.35814e-06,2.99356e-06,-3.64581e-07,-5.0611e-13
3.89194e+06,9.7524e-05,0.000106434,-4981.63,-5.0643e-06,-4.69663e-06,3.67677e-07,5.10408e-13
3.89194e+06,0.000197575,0.000109694,3303.35,3.35817e-06,2.99358e-06,-3.64588e-07,-5.06121e-13
3.89194e+06,9.75142e-05,0.000106733,-4981.52,-5.06418e-06,-4.69663e-06,3.67552e-07,5.10235e-13
3.89194e+06,0.00019756,0.000110144,3303.36,3.35817e-06,2.9936e-06,-3.64574e-07,-5.06101e-13
3.89194e+06,9.7504e-05,0.000107032,-4981.38,-5.06404e-06,-4.69664e-06,3.67404e-07,5.1003e-13
3.89194e+06,0.000197545,0.000110594,3303.34,3.35816e-06,2.99362e-06,-3.64533e-07,-5.06044e-13
3.89194e+06,9.74933e-05,0.000107331,-4981.21,-5.06387e-06,-4.69664e-06,3.67233e-07,5.09792e-13
3.89194e+06,0.000197529,0.000111045,3303.29,3.35811e-06,2.99365e-06,-3.64462e-07,-5.05946e-13
3.89194e+06,9.74822e-05,0.00010763,-4981.02,-5.06368e-06,-4.69665e-06,3.67035e-07,5.09517e-13
3.89194e+06,0.000197512,0.000111495,3303.21,3.35803e-06,2.99367e-06,-3.64358e-07,-5.05801e-13
3.89194e+06,9.74706e-05,0.000107929,-4980.8,-5.06346e-06,-4.69665e-06,3.66808e-07,5.09203e-13
3.89194e+06,0.000197495,0.000111945,3303.1,3.35791e-06,2.9937e-06,-3.64216e-07,-5.05605e-13
3.89194e+06,9.74585e-05,0.000108227,-4980.55,-5.0632e-06,-4.69665e-06,3.66551e-07,5.08845e-13
3.89194e+06,0.000197477,0.000112395,3302.95,3.35776e-06,2.99373e-06,-3.64033e-07,-5.0535e-13
3.89194e+06,9.7446e-05,0.000108526,-4980.27,-5.06291e-06,-4.69666e-06,3.6626e-07,5.08441e-13
3.89194e+06,0.000197458,0.000112845,3302.75,3.35756e-06,2.99376e-06,-3.63804e-07,-5.05032e-13
3.89194e+06,9.7433e-05,0.000108825,-4979.95,-5.06259e-06,-4.69666e-06,3.65933e-07,5.07987e-13
3.89194e+06,0.000197438,0.000113295,3302.51,3.35732e-06,2.99379e-06,-3.63523e-07,-5.04643e-13
3.89194e+06,9.74195e-05,0.000109123,-4979.59,-5.06222e-06,-4.69666e-06,3.65567e-07,5.0748e-13
3.89194e+06,0.000197418,0.000113744,3302.22,3.35702e-06,2.99383e-06,-3.63187e-07,-5.04176e-13
3.89194e+06,9.74055e-05,0.000109422,-4979.19,-5.06182e-06,-4.69666e-06,3.6516e-07,5.06915e-13
3.89194e+06,0.000197397,0.000114194,3301.87,3.35666e-06,2.99387e-06,-3.6279e-07,-5.03625e-13
3.89194e+06,9.7391e-05,0.00010972,-4978.74,-5.06136e-06,-4.69665e-06,3.6471e-07,5.06289e-13
3.89194e+06,0.000197375,0.000114643,3301.46,3.35625e-06,2.99392e-06,-3.62326e-07,-5.02981e-13
3.89194e+06,9.7376e-05,0.000110018,-4978.25,-5.06086e-06,-4.69665e-06,3.64212e-07,5.05599e-13
3.89194e+06,0.000197352,0.000115093,3300.99,3.35577e-06,2.99398e-06,-3.6179e-07,-5.02237e-13
3.89194e+06,9.73605e-05,0.000110317,-4977.7,-5.0603e-06,-4.69664e-06,3.63666e-07,5.0484e-13
3.89194e+06,0.000197329,0.000115542,3300.44,3.35521e-06,2.99404e-06,-3.61176e-07,-5.01384e-13
3.89194e+06,9.73445e-05,0.000110615,-4977.1,-5.05969e-06,-4.69663e-06,3.63067e-07,5.04009e-13
3.89194e+06,0.000197304,0.000115991,3299.82,3.35458e-06,2.99411e-06,-3.60477e-07,-5.00413e-13
3.89194e+06,9.73279e-05,0.000110913,-4976.44,-5.05902e-06,-4.69661e-06,3.62412e-07,5.031e-13
3.89194e+06,0.000197279,0.00011644,3299.12,3.35387e-06,2.99419e-06,-3.59686e-07,-4.99316e-13
3.89194e+06,9.73107e-05,0.000111211,-4975.72,-5.05829e-06,-4.69659e-06,3.61699e-07,5.0211e-13
3.89194e+06,0.000197273,0.000116546,3298.95,3.35369e-06,2.99421e-06,-3.59489e-07,-4.99042e-13
3.89194e+06,0.000197253,0.000116889,3299.56,3.35432e-06,2.99427e-06,-3.60048e-07,-4.99818e-13
3.89194e+06,9.7293e-05,0.000111509,-4974.94,-5.05749e-06,-4.69657e-06,3.60924e-07,5.01035e-13
3.89194e+06,0.000197226,0.000117338,3300.33,3.3551e-06,2.99435e-06,-3.6075e-07,-5.00792e-13
3.89194e+06,9.72747e-05,0.000111807,-4974.08,-5.05663e-06,-4.69654e-06,3.60085e-07,4.9987e-13
3.89194e+06,0.000197199,0.000117787,3301.05,3.35583e-06,2.99442e-06,-3.61403e-07,-5.017e-13
3.89194e+06,9.72559e-05,0.000112104,-4974.72,-5.05727e-06,-4.69651e-06,3.60761e-07,5.00808e-13
3.89194e+06,9.72727e-05,0.000111838,-4973.99,-5.05653e-06,-4.69654e-06,3.59994e-07,4.99743e-13
3.89194e+06,0.000197171,0.000118236,3301.7,3.35649e-06,2.99449e-06,-3.62003e-07,-5.02532e-13
3.89194e+06,9.72368e-05,0.000112402,-4975.5,-5.05806e-06,-4.69648e-06,3.61582e-07,5.01948e-13
3.89194e+06,0.000197144,0.000118684,3302.29,3.35709e-06,2.99455e-06,-3.62543e-07,-5.03282e-13
3.89194e+06,9.72173e-05,0.0001127,-4976.24,-5.05882e-06,-4.69646e-06,3.62358e-07,5.03025e-13
3.89194e+06,0.000197115,0.000119132,3302.81,3.35762e-06,2.9946e-06,-3.63017e-07,-5.0394e-13
3.89194e+06,9.71975e-05,0.000112997,-4976.94,-5.05953e-06,-4.69644e-06,3.63084e-07,5.04033e-13
3.89194e+06,0.000197086,0.000119581,3303.25,3.35807e-06,2.99465e-06,-3.63419e-07,-5.04498e-13
3.89194e+06,9.71774e-05,0.000113295,-4977.58,-5.06019e-06,-4.69643e-06,3.63758e-07,5.04968e-13
3.89194e+06,0.000197057,0.000120029,3303.61,3.35843e-06,2.99469e-06,-3.63743e-07,-5.04947e-13
3.89194e+06,9.7157e-05,0.000113592,-4978.18,-5.06079e-06,-4.69642e-06,3.64375e-07,5.05825e-13
3.89194e+06,0.000197027,0.000120477,3303.88,3.35871e-06,2.99473e-06,-3.6398e-07,-5.05276e-13
3.89194e+06,9.71362e-05,0.000113889,-4978.72,-5.06134e-06,-4.69641e-06,3.64931e-07,5.06596e-13
3.89194e+06,0.000196996,0.000120925,3304.06,3.35889e-06,2.99477e-06,-3.64123e-07,-5.05475e-13
3.89194e+06,9.71152e-05,0.000114186,-4979.2,-5.06183e-06,-4.69641e-06,3.65422e-07,5.07278e-13
3.89194e+06,0.000196965,0.000121372,3304.14,3.35897e-06,2.99481e-06,-3.64164e-07,-5.05532e-13
3.89194e+06,9.70937e-05,0.000114483,-4979.62,-5.06226e-06,-4.69641e-06,3.65843e-07,5.07863e-13
3.89194e+06,0.000196933,0.00012182,3304.11,3.35894e-06,2.99484e-06,-3.64095e-07,-5.05436e-13
3.89194e+06,9.7072e-05,0.00011478,-4979.97,-5.06261e-06,-4.69642e-06,3.66192e-07,5.08348e-13
3.89194e+06,0.000196901,0.000122268,3303.96,3.35879e-06,2.99488e-06,-3.63906e-07,-5.05174e-13
3.89194e+06,9.70498e-05,0.000115077,-4980.24,-5.06289e-06,-4.69643e-06,3.66464e-07,5.08725e-13
3.89194e+06,0.000196868,0.000122715,3303.69,3.35851e-06,2.99493e-06,-3.63587e-07,-5.04732e-13
3.89194e+06,9.70273e-05,0.000115374,-4980.44,-5.06309e-06,-4.69644e-06,3.66654e-07,5.08989e-13
3.89194e+06,0.000196833,0.000123162,3303.29,3.3581e-06,2.99498e-06,-3.63129e-07,-5.04096e-13
3.89194e+06,9.70044e-05,0.000115671,-4980.56,-5.06321e-06,-4.69645e-06,3.66759e-07,5.09134e-13
3.89194e+06,0.000196798,0.000123609,3302.75,3.35755e-06,2.99503e-06,-3.62521e-07,-5.03251e-13
3.89194e+06,9.69812e-05,0.000115967,-4980.58,-5.06324e-06,-4.69646e-06,3.66774e-07,5.09155e-13
3.89194e+06,0.000196762,0.000124056,3302.06,3.35685e-06,2.9951e-06,-3.6175e-07,-5.0218e-13
3.89194e+06,9.69574e-05,0.000116264,-4980.52,-5.06317e-06,-4.69648e-06,3.66694e-07,5.09044e-13
3.89194e+06,0.000196725,0.000124502,3301.21,3.35599e-06,2.99519e-06,-3.60804e-07,-5.00868e-13
3.89194e+06,9.69333e-05,0.00011656,-4980.36,-5.06301e-06,-4.69649e-06,3.66515e-07,5.08795e-13
3.89194e+06,0.000196687,0.000124949,3300.2,3.35496e-06,2.99529e-06,-3.59671e-07,-4.99295e-13
3.89194e+06,9.69087e-05,0.000116857,-4980.09,-5.06274e-06,-4.6965e-06,3.66232e-07,5.08403e-13
3.89194e+06,0.000196667,0.000125181,3299.61,3.35437e-06,2.99535e-06,-3.59017e-07,-4.98387e-13
3.89194e+06,0.000196648,0.000125395,3300.18,3.35494e-06,2.99541e-06,-3.59534e-07,-4.99105e-13
3.89194e+06,9.68836e-05,0.000117153,-4979.72,-5.06236e-06,-4.69652e-06,3.65841e-07,5.0786e-13
3.89194e+06,0.000196608,0.000125841,3301.29,3.35608e-06,2.99551e-06,-3.60562e-07,-5.00531e-13
3.89194e+06,9.6858e-05,0.000117449,-4979.23,-5.06186e-06,-4.69652e-06,3.65337e-07,5.07161e-13
3.89194e+06,0.000196568,0.000126287,3302.27,3.35707e-06,2.9956e-06,-3.61464e-07,-5.01784e-13
3.89194e+06,9.68318e-05,0.000117745,-4978.63,-5.06124e-06,-4.69653e-06,3.64715e-07,5.06297e-13
3.89194e+06,0.000196528,0.000126732,3303.09,3.35791e-06,2.99568e-06,-3.62231e-07,-5.02848e-13
3.89194e+06,9.68051e-05,0.00011804,-4977.89,-5.0605e-06,-4.69653e-06,3.6397e-07,5.05263e-13
3.89194e+06,0.000196488,0.000127178,3303.76,3.35859e-06,2.99574e-06,-3.62853e-07,-5.03712e-13
3.89194e+06,9.67777e-05,0.000118336,-4977.03,-5.05962e-06,-4.69652e-06,3.63097e-07,5.04051e-13
3.89194e+06,0.000196448,0.000127624,3304.27,3.3591e-06,2.99579e-06,-3.63318e-07,-5.04357e-13
3.89194e+06,9.67497e-05,0.000118632,-4976.02,-5.0586e-06,-4.69651e-06,3.62091e-07,5.02654e-13
3.89194e+06,0.000196407,0.000128069,3304.6,3.35944e-06,2.99583e-06,-3.63614e-07,-5.04769e-13
3.89194e+06,9.6721e-05,0.000118927,-4974.87,-5.05743e-06,-4.69648e-06,3.60946e-07,5.01065e-13
3.89194e+06,0.000196365,0.000128514,3304.76,3.3596e-06,2.99587e-06,-3.63729e-07,-5.04928e-13
3.89194e+06,9.66915e-05,0.000119222,-4973.57,-5.0561e-06,-4.69645e-06,3.59657e-07,4.99275e-13
3.89194e+06,0.000196323,0.000128959,3304.71,3.35956e-06,2.99591e-06,-3.63648e-07,-5.04816e-13
3.89194e+06,9.66612e-05,0.000119517,-4972.62,-5.05514e-06,-4.6964e-06,3.5874e-07,4.98002e-13
3.89194e+06,9.66667e-05,0.000119464,-4972.39,-5.0549e-06,-4.69641e-06,3.58493e-07,4.9766e-13
3.89194e+06,0.00019628,0.000129404,3304.47,3.35931e-06,2.99595e-06,-3.63356e-07,-5.0441e-13
3.89194e+06,9.66306e-05,0.000119812,-4973.9,-5.05644e-06,-4.69635e-06,3.60091e-07,4.99878e-13
3.89194e+06,0.000196236,0.000129848,3304.01,3.35884e-06,2.996e-06,-3.62836e-07,-5.03689e-13
3.89194e+06,9.65999e-05,0.000120107,-4975.06,-5.05762e-06,-4.69632e-06,3.61301e-07,5.01558e-13
3.89194e+06,0.000196191,0.000130292,3303.32,3.35813e-06,2.99606e-06,-3.62071e-07,-5.02626e-13
3.89194e+06,9.65691e-05,0.000120401,-4976.08,-5.05866e-06,-4.69629e-06,3.62366e-07,5.03036e-13
3.89194e+06,0.000196146,0.000130736,3302.38,3.35718e-06,2.99614e-06,-3.61042e-07,-5.01198e-13
3.89194e+06,9.65382e-05,0.000120696,-4976.97,-5.05956e-06,-4.69628e-06,3.63279e-07,5.04303e-13
3.89194e+06,0.000196098,0.00013118,3301.19,3.35597e-06,2.99625e-06,-3.59728e-07,-4.99373e-13
3.89194e+06,9.6507e-05,0.000120991,-4977.71,-5.06031e-06,-4.69628e-06,3.64036e-07,5.05355e-13
3.89194e+06,0.000196061,0.000131521,3300.11,3.35487e-06,2.99635e-06,-3.58524e-07,-4.97702e-13
3.89194e+06,0.000196049,0.000131623,3300.44,3.35521e-06,2.99638e-06,-3.58827e-07,-4.98123e-13
3.89194e+06,9.64757e-05,0.000121285,-4978.3,-5.06091e-06,-4.69628e-06,3.64633e-07,5.06183e-13
3.89194e+06,0.000196,0.000132067,3301.82,3.35661e-06,2.9965e-06,-3.60113e-07,-4.99908e-13
3.89194e+06,9.64441e-05,0.000121579,-4978.73,-5.06135e-06,-4.69629e-06,3.65063e-07,5.06781e-13
3.89194e+06,0.000195951,0.00013251,3302.99,3.3578e-06,2.9966e-06,-3.61202e-07,-5.01421e-13
3.89194e+06,9.64122e-05,0.000121873,-4979,-5.06163e-06,-4.69631e-06,3.65323e-07,5.07141e-13
3.89194e+06,0.000195902,0.000132953,3303.92,3.35875e-06,2.99667e-06,-3.62081e-07,-5.02641e-13
3.89194e+06,9.63799e-05,0.000122167,-4979.1,-5.06173e-06,-4.69632e-06,3.65405e-07,5.07255e-13
3.89194e+06,0.000195853,0.000133396,3304.62,3.35945e-06,2.99672e-06,-3.62734e-07,-5.03546e-13
3.89194e+06,9.63473e-05,0.000122461,-4979.02,-5.06165e-06,-4.69634e-06,3.65305e-07,5.07116e-13
3.89194e+06,0.000195804,0.000133838,3305.06,3.3599e-06,2.99676e-06,-3.63141e-07,-5.04112e-13
3.89194e+06,9.63143e-05,0.000122755,-4978.76,-5.06138e-06,-4.69636e-06,3.65017e-07,5.06715e-13
3.89194e+06,0.000195754,0.000134281,3305.23,3.36008e-06,2.9968e-06,-3.63285e-07,-5.04311e-13
3.89194e+06,9.62807e-05,0.000123048,-4978.3,-5.06091e-06,-4.69638e-06,3.64533e-07,5.06044e-13
3.89194e+06,0.000195704,0.000134723,3305.13,3.35997e-06,2.99683e-06,-3.63143e-07,-5.04114e-13
3.89194e+06,9.62466e-05,0.000123341,-4977.64,-5.06024e-06,-4.69639e-06,3.63848e-07,5.05093e-13
3.89194e+06,0.000195652,0.000135165,3304.72,3.35957e-06,2.99687e-06,-3.62692e-07,-5.03488e-13
3.89194e+06,9.62118e-05,0.000123635,-4976.76,-5.05935e-06,-4.69639e-06,3.62955e-07,5.03854e-13
3.89194e+06,0.0001956,0.000135606,3304.01,3.35884e-06,2.99693e-06,-3.61907e-07,-5.02399e-13
3.89194e+06,9.61763e-05,0.000123928,-4975.66,-5.05823e-06,-4.69639e-06,3.61846e-07,5.02315e-13
3.89194e+06,0.000195547,0.000136048,3302.96,3.35777e-06,2.99701e-06,-3.60761e-07,-5.00808e-13
3.89194e+06,9.614e-05,0.00012422,-4974.33,-5.05688e-06,-4.69637e-06,3.60515e-07,5.00466e-13
3.89194e+06,0.000195491,0.000136489,3301.55,3.35634e-06,2.99711e-06,-3.59223e-07,-4.98673e-13
3.89194e+06,9.61029e-05,0.000124513,-4972.76,-5.05528e-06,-4.69633e-06,3.58952e-07,4.98297e-13
3.89194e+06,0.000195455,0.000136774,3300.46,3.35523e-06,2.9972e-06,-3.5803e-07,-4.97017e-13
3.89194e+06,0.000195434,0.000136929,3301.04,3.35582e-06,2.99726e-06,-3.58563e-07,-4.97756e-13
3.89194e+06,9.60648e-05,0.000124805,-4970.93,-5.05343e-06,-4.69628e-06,3.5715e-07,4.95795e-13
3.89194e+06,0.000195378,0.00013737,3302.57,3.35737e-06,2.99738e-06,-3.59998e-07,-4.99748e-13
3.89194e+06,9.60261e-05,0.000125097,-4972.2,-5.05471e-06,-4.69621e-06,3.58496e-07,4.97663e-13
3.89194e+06,9.60606e-05,0.000124837,-4970.73,-5.05322e-06,-4.69627e-06,3.56949e-07,4.95516e-13
3.89194e+06,0.000195321,0.00013781,3303.8,3.35863e-06,2.99746e-06,-3.61165e-07,-5.01369e-13
3.89194e+06,9.59876e-05,0.000125389,-4973.66,-5.05619e-06,-4.69617e-06,3.60021e-07,4.99781e-13
3.89194e+06,0.000195265,0.00013825,3304.72,3.35956e-06,2.99752e-06,-3.62043e-07,-5.02587e-13
3.89194e+06,9.59491e-05,0.000125681,-4974.9,-5.05745e-06,-4.69614e-06,3.61308e-07,5.01568e-13
3.89194e+06,0.000195209,0.00013869,3305.31,3.36016e-06,2.99756e-06,-3.62605e-07,-5.03368e-13
3.89194e+06,9.59106e-05,0.000125973,-4975.91,-5.05849e-06,-4.69613e-06,3.62352e-07,5.03016e-13
3.89194e+06,0.000195152,0.00013913,3305.56,3.36041e-06,2.99758e-06,-3.62826e-07,-5.03675e-13
3.89194e+06,9.58721e-05,0.000126265,-4976.7,-5.05928e-06,-4.69614e-06,3.63146e-07,5.04119e-13
3.89194e+06,0.000195095,0.00013957,3305.43,3.36029e-06,2.99761e-06,-3.62675e-07,-5.03466e-13
3.89194e+06,9.58334e-05,0.000126556,-4977.24,-5.05983e-06,-4.69615e-06,3.63685e-07,5.04867e-13
3.89194e+06,0.000195037,0.000140009,3304.92,3.35977e-06,2.99765e-06,-3.6212e-07,-5.02695e-13
3.89194e+06,9.57945e-05,0.000126848,-4977.53,-5.06013e-06,-4.69617e-06,3.63961e-07,5.05251e-13
3.89194e+06,0.000194977,0.000140448,3304,3.35883e-06,2.9977e-06,-3.61125e-07,-5.01313e-13
3.89194e+06,9.57552e-05,0.000127139,-4977.56,-5.06016e-06,-4.69619e-06,3.63969e-07,5.05262e-13
3.89194e+06,0.000194916,0.000140886,3302.63,3.35744e-06,2.99779e-06,-3.5965e-07,-4.99265e-13
3.89194e+06,9.57156e-05,0.00012743,-4977.32,-5.05991e-06,-4.69621e-06,3.63701e-07,5.04889e-13
3.89194e+06,0.000194853,0.000141324,3300.79,3.35557e-06,2.99792e-06,-3.57649e-07,-4.96488e-13
3.89194e+06,9.56754e-05,0.000127721,-4976.79,-5.05938e-06,-4.69623e-06,3.63149e-07,5.04123e-13
3.89194e+06,0.000194848,0.000141356,3300.65,3.35542e-06,2.99793e-06,-3.57492e-07,-4.9627e-13
3.89194e+06,0.000194789,0.000141762,3302.31,3.35711e-06,2.99806e-06,-3.59056e-07,-4.98441e-13
3.89194e+06,9.56347e-05,0.000128011,-4975.97,-5.05855e-06,-4.69624e-06,3.62303e-07,5.02949e-13
3.89194e+06,0.000194726,0.000142199,3303.77,3.35859e-06,2.99815e-06,-3.60447e-07,-5.00372e-13
3.89194e+06,9.55932e-05,0.000128302,-4974.85,-5.0574e-06,-4.69625e-06,3.61156e-07,5.01356e-13
3.89194e+06,0.000194664,0.000142637,3304.84,3.35969e-06,2.9982e-06,-3.61485e-07,-5.01813e-13
3.89194e+06,9.55508e-05,0.000128592,-4973.39,-5.05593e-06,-4.69623e-06,3.59696e-07,4.9933e-13
3.89194e+06,0.000194601,0.000143074,3305.51,3.36037e-06,2.99823e-06,-3.62135e-07,-5.02715e-13
3.89194e+06,9.55075e-05,0.000128882,-4971.61,-5.05411e-06,-4.69619e-06,3.57913e-07,4.96854e-13
3.89194e+06,0.000194538,0.000143511,3305.75,3.36061e-06,2.99825e-06,-3.62361e-07,-5.03029e-13
3.89194e+06,9.5463e-05,0.000129171,-4969.46,-5.05193e-06,-4.69613e-06,3.55793e-07,4.93911e-13
3.89194e+06,0.000194475,0.000143948,3305.53,3.36039e-06,2.99826e-06,-3.62122e-07,-5.02697e-13
3.89194e+06,9.54178e-05,0.000129461,-4970.6,-5.05308e-06,-4.69606e-06,3.57025e-07,4.95622e-13
3.89194e+06,9.54545e-05,0.000129225,-4969.04,-5.0515e-06,-4.69612e-06,3.55377e-07,4.93334e-13
3.89194e+06,0.000194411,0.000144385,3304.83,3.35967e-06,2.99829e-06,-3.61373e-07,-5.01658e-13
3.89194e+06,9.5373e-05,0.00012975,-4972.28,-5.0548e-06,-4.69601e-06,3.58787e-07,4.98067e-13
3.89194e+06,0.000194345,0.000144821,3303.6,3.35842e-06,2.99835e-06,-3.60065e-07,-4.99842e-13
3.89194e+06,9.53284e-05,0.000130039,-4973.67,-5.05621e-06,-4.69599e-06,3.60221e-07,5.00058e-13
3.89194e+06,0.000194277,0.000145256,3301.8,3.3566e-06,2.99846e-06,-3.58141e-07,-4.97171e-13
3.89194e+06,9.52839e-05,0.000130328,-4974.75,-5.0573e-06,-4.69598e-06,3.61321e-07,5.01585e-13
3.89194e+06,0.000194242,0.00014547,3300.75,3.35553e-06,2.99853e-06,-3.57e-07,-4.95586e-13
3.89194e+06,0.000194207,0.000145691,3301.74,3.35653e-06,2.9986e-06,-3.57925e-07,-4.96871e-13
3.89194e+06,9.52394e-05,0.000130617,-4975.5,-5.05807e-06,-4.69599e-06,3.62079e-07,5.02637e-13
3.89194e+06,0.000194138,0.000146126,3303.46,3.35828e-06,2.9987e-06,-3.59572e-07,-4.99157e-13
3.89194e+06,9.51948e-05,0.000130906,-4975.92,-5.0585e-06,-4.69601e-06,3.62487e-07,5.03204e-13
3.89194e+06,0.000194069,0.000146561,3304.73,3.35957e-06,2.99876e-06,-3.60811e-07,-5.00877e-13
3.89194e+06,9.515e-05,0.000131194,-4976,-5.05857e-06,-4.69603e-06,3.62537e-07,5.03274e-13
3.89194e+06,0.000194001,0.000146996,3305.52,3.36038e-06,2.99878e-06,-3.61597e-07,-5.01968e-13
3.89194e+06,9.51047e-05,0.000131483,-4975.71,-5.05828e-06,-4.69606e-06,3.6222e-07,5.02833e-13
3.89194e+06,0.000193933,0.00014743,3305.81,3.36067e-06,2.99878e-06,-3.61882e-07,-5.02364e-13
3.89194e+06,9.50589e-05,0.000131771,-4975.04,-5.0576e-06,-4.69608e-06,3.61524e-07,5.01868e-13
3.89194e+06,0.000193864,0.000147864,3305.55,3.3604e-06,2.99879e-06,-3.61612e-07,-5.0199e-13
3.89194e+06,9.50124e-05,0.000132059,-4973.99,-5.05653e-06,-4.69609e-06,3.60439e-07,5.00361e-13
3.89194e+06,0.000193794,0.000148298,3304.7,3.35954e-06,2.99881e-06,-3.60731e-07,-5.00766e-13
3.89194e+06,9.4965e-05,0.000132346,-4972.51,-5.05503e-06,-4.69608e-06,3.58951e-07,4.98296e-13
3.89194e+06,0.000193723,0.000148731,3303.22,3.35804e-06,2.99887e-06,-3.59171e-07,-4.986e-13
3.89194e+06,9.49166e-05,0.000132634,-4970.61,-5.05309e-06,-4.69605e-06,3.57045e-07,4.95649e-13
3.89194e+06,0.000193649,0.000149164,3301.06,3.35584e-06,2.99898e-06,-3.56856e-07,-4.95387e-13
3.89194e+06,9.48669e-05,0.000132921,-4968.24,-5.05069e-06,-4.69599e-06,3.54703e-07,4.92398e-13
3.89194e+06,0.000193636,0.000149234,3300.67,3.35544e-06,2.99901e-06,-3.56436e-07,-4.94804e-13
3.89194e+06,0.000193573,0.000149596,3302.4,3.3572e-06,2.99912e-06,-3.5808e-07,-4.97086e-13
3.89194e+06,9.48163e-05,0.000133207,-4968.67,-5.05113e-06,-4.6959e-06,3.55228e-07,4.93127e-13
3.89194e+06,9.48485e-05,0.000133025,-4967.3,-5.04973e-06,-4.69595e-06,3.53776e-07,4.91111e-13
3.89194e+06,0.000193499,0.000150028,3304.04,3.35887e-06,2.99919e-06,-3.59681e-07,-4.99309e-13
3.89194e+06,9.4766e-05,0.000133494,-4970.6,-5.05309e-06,-4.69584e-06,3.57245e-07,4.95927e-13
3.89194e+06,0.000193426,0.00015046,3305.16,3.36e-06,2.99921e-06,-3.60789e-07,-5.00846e-13
3.89194e+06,9.47162e-05,0.00013378,-4972.15,-5.05466e-06,-4.69582e-06,3.58849e-07,4.98153e-13
3.89194e+06,0.000193353,0.000150892,3305.7,3.36055e-06,2.99921e-06,-3.61341e-07,-5.01612e-13
3.89194e+06,9.46666e-05,0.000134067,-4973.31,-5.05584e-06,-4.69581e-06,3.6003e-07,4.99793e-13
3.89194e+06,0.00019328,0.000151324,3305.62,3.36047e-06,2.9992e-06,-3.61273e-07,-5.01518e-13
3.89194e+06,9.46171e-05,0.000134353,-4974.06,-5.0566e-06,-4.69583e-06,3.60778e-07,5.00831e-13
3.89194e+06,0.000193205,0.000151755,3304.87,3.35972e-06,2.9992e-06,-3.60514e-07,-5.00465e-13
3.89194e+06,9.45675e-05,0.000134639,-4974.38,-5.05693e-06,-4.69585e-06,3.61083e-07,5.01255e-13
3.89194e+06,0.000193129,0.000152186,3303.41,3.35822e-06,2.99924e-06,-3.58984e-07,-4.98341e-13
3.89194e+06,9.45176e-05,0.000134925,-4974.26,-5.05681e-06,-4.69588e-06,3.60933e-07,5.01047e-13
3.89194e+06,0.00019305,0.000152616,3301.14,3.35593e-06,2.99934e-06,-3.56587e-07,-4.95014e-13
3.89194e+06,9.44672e-05,0.00013521,-4973.68,-5.05622e-06,-4.6959e-06,3.60316e-07,5.0019e-13
3.89194e+06,0.00019303,0.000152722,3300.5,3.35527e-06,2.99938e-06,-3.55897e-07,-4.94056e-13
3.89194e+06,0.00019297,0.000153045,3302.13,3.35693e-06,2.99947e-06,-3.57459e-07,-4.96224e-13
3.89194e+06,9.44161e-05,0.000135496,-4972.61,-5.05513e-06,-4.69591e-06,3.59216e-07,4.98664e-13
3.89194e+06,0.000192891,0.000153475,3303.89,3.35872e-06,2.99954e-06,-3.59181e-07,-4.98615e-13
3.89194e+06,9.43641e-05,0.000135781,-4971.03,-5.05352e-06,-4.69591e-06,3.57618e-07,4.96444e-13
3.89194e+06,0.000192813,0.000153904,3305.04,3.35989e-06,2.99955e-06,-3.60343e-07,-5.00228e-13
3.89194e+06,9.43109e-05,0.000136065,-4968.91,-5.05137e-06,-4.69587e-06,3.55499e-07,4.93503e-13
3.89194e+06,0.000192736,0.000154334,3305.54,3.36039e-06,2.99953e-06,-3.60867e-07,-5.00956e-13
3.89194e+06,9.42564e-05,0.000136349,-4966.22,-5.04863e-06,-4.6958e-06,3.52835e-07,4.89805e-13
3.89194e+06,0.000192658,0.000154762,3305.32,3.36017e-06,2.9995e-06,-3.60673e-07,-5.00686e-13
3.89194e+06,9.42008e-05,0.000136633,-4967.27,-5.0497e-06,-4.69571e-06,3.53997e-07,4.91419e-13
3.89194e+06,9.42424e-05,0.000136421,-4965.49,-5.04789e-06,-4.69577e-06,3.52117e-07,4.88808e-13
3.89194e+06,0.000192578,0.000155191,3304.33,3.35917e-06,2.99949e-06,-3.5967e-07,-4.99294e-13
3.89194e+06,9.4146e-05,0.000136917,-4969.32,-5.05178e-06,-4.69565e-06,3.56134e-07,4.94385e-13
3.89194e+06,0.000192497,0.000155619,3302.49,3.35729e-06,2.99954e-06,-3.57755e-07,-4.96636e-13
3.89194e+06,9.40917e-05,0.000137201,-4970.91,-5.0534e-06,-4.69563e-06,3.57771e-07,4.96657e-13
3.89194e+06,0.000192424,0.000155987,3300.18,3.35495e-06,2.99964e-06,-3.55308e-07,-4.93239e-13
3.89194e+06,0.000192413,0.000156046,3300.49,3.35526e-06,2.99966e-06,-3.55601e-07,-4.93645e-13
3.89194e+06,9.40377e-05,0.000137485,-4972.01,-5.05452e-06,-4.69563e-06,3.58893e-07,4.98215e-13
3.89194e+06,0.000192328,0.000156473,3302.69,3.35749e-06,2.99976e-06,-3.57738e-07,-4.96611e-13
3.89194e+06,9.39838e-05,0.000137768,-4972.62,-5.05514e-06,-4.69565e-06,3.59488e-07,4.9904e-13
3.89194e+06,0.000192246,0.000156899,3304.25,3.35908e-06,2.99978e-06,-3.59303e-07,-4.98783e-13
3.89194e+06,9.39297e-05,0.000138051,-4972.7,-5.05522e-06,-4.69568e-06,3.59541e-07,4.99114e-13
3.89194e+06,0.000192164,0.000157326,3305.1,3.35995e-06,2.99975e-06,-3.60198e-07,-5.00026e-13
3.89194e+06,9.38753e-05,0.000138334,-4972.23,-5.05474e-06,-4.6957e-06,3.59036e-07,4.98414e-13
3.89194e+06,0.000192082,0.000157753,3305.19,3.36004e-06,2.99971e-06,-3.60328e-07,-5.00206e-13
3.89194e+06,9.38201e-05,0.000138617,-4971.18,-5.05367e-06,-4.69572e-06,3.57956e-07,4.96915e-13
3.89194e+06,0.000191999,0.000158179,3304.43,3.35927e-06,2.99968e-06,-3.59588e-07,-4.99179e-13
3.89194e+06,9.3764e-05,0.0001389,-4969.52,-5.05199e-06,-4.69571e-06,3.56279e-07,4.94586e-13
3.89194e+06,0.000191914,0.000158604,3302.75,3.35755e-06,2.99969e-06,-3.5786e-07,-4.9678e-13
3.89194e+06,9.37066e-05,0.000139182,-4967.22,-5.04965e-06,-4.69568e-06,3.53978e-07,4.91391e-13
3.89194e+06,0.000191826,0.000159028,3300.02,3.35478e-06,2.99978e-06,-3.54999e-07,-4.92809e-13
3.89194e+06,9.36477e-05,0.000139463,-4964.23,-5.04661e-06,-4.69559e-06,3.51018e-07,4.87282e-13
3.89194e+06,0.000191818,0.000159066,3299.75,3.35451e-06,2.9998e-06,-3.54716e-07,-4.92416e-13
3.89194e+06,0.000191737,0.000159452,3301.92,3.35671e-06,2.99989e-06,-3.5682e-07,-4.95337e-13
3.89194e+06,9.35879e-05,0.000139744,-4965.71,-5.04812e-06,-4.69549e-06,3.52623e-07,4.89511e-13
3.89194e+06,9.36364e-05,0.000139516,-4963.62,-5.04599e-06,-4.69557e-06,3.50418e-07,4.8645e-13
3.89194e+06,0.00019165,0.000159877,3303.67,3.35849e-06,2.99991e-06,-3.58581e-07,-4.97781e-13
3.89194e+06,9.3529e-05,0.000140025,-4967.87,-5.05031e-06,-4.69544e-06,3.54877e-07,4.92639e-13
3.89194e+06,0.000191564,0.000160301,3304.65,3.35949e-06,2.99987e-06,-3.59617e-07,-4.9922e-13
3.89194e+06,9.34707e-05,0.000140306,-4969.49,-5.05196e-06,-4.69542e-06,3.56542e-07,4.94951e-13
3.89194e+06,0.000191478,0.000160725,3304.79,3.35963e-06,2.99982e-06,-3.59813e-07,-4.99492e-13
3.89194e+06,9.34128e-05,0.000140587,-4970.54,-5.05302e-06,-4.69542e-06,3.57602e-07,4.96422e-13
3.89194e+06,0.000191392,0.000161148,3303.99,3.35882e-06,2.99977e-06,-3.59046e-07,-4.98427e-13
3.89194e+06,9.33549e-05,0.000140868,-4970.99,-5.05348e-06,-4.69545e-06,3.58037e-07,4.97026e-13
3.89194e+06,0.000191303,0.000161571,3302.15,3.35694e-06,2.99977e-06,-3.57174e-07,-4.95829e-13
3.89194e+06,9.32969e-05,0.000141149,-4970.81,-5.0533e-06,-4.69547e-06,3.57829e-07,4.96738e-13
3.89194e+06,0.000191212,0.000161985,3299.2,3.35395e-06,2.99986e-06,-3.54094e-07,-4.91552e-13
3.89194e+06,0.000191211,0.000161993,3299.24,3.35399e-06,2.99986e-06,-3.54133e-07,-4.91607e-13
3.89194e+06,9.32382e-05,0.000141429,-4969.98,-5.05245e-06,-4.69549e-06,3.56958e-07,4.95529e-13
3.89194e+06,0.000191118,0.000162414,3301.7,3.35649e-06,2.99995e-06,-3.56543e-07,-4.94952e-13
3.89194e+06,9.31787e-05,0.000141709,-4968.44,-5.05089e-06,-4.6955e-06,3.55398e-07,4.93363e-13
3.89194e+06,0.000191027,0.000162835,3303.4,3.35822e-06,2.99994e-06,-3.5828e-07,-4.97364e-13
3.89194e+06,9.31179e-05,0.000141989,-4966.17,-5.04858e-06,-4.69546e-06,3.53116e-07,4.90195e-13
3.89194e+06,0.000190938,0.000163257,3304.25,3.35908e-06,2.99988e-06,-3.59201e-07,-4.98642e-13
3.89194e+06,9.30555e-05,0.000142267,-4963.1,-5.04546e-06,-4.69539e-06,3.50071e-07,4.85968e-13
3.89194e+06,0.000190848,0.000163678,3304.14,3.35897e-06,2.9998e-06,-3.59166e-07,-4.98594e-13
3.89194e+06,9.29918e-05,0.000142546,-4963.39,-5.04575e-06,-4.69527e-06,3.50479e-07,4.86534e-13
3.89194e+06,9.30303e-05,0.000142378,-4961.71,-5.04405e-06,-4.69534e-06,3.48711e-07,4.8408e-13
3.89194e+06,0.000190757,0.000164099,3302.97,3.35778e-06,2.99975e-06,-3.58029e-07,-4.97015e-13
3.89194e+06,9.29289e-05,0.000142824,-4965.8,-5.0482e-06,-4.6952e-06,3.53004e-07,4.90039e-13
3.89194e+06,0.000190664,0.000164518,3300.6,3.35537e-06,2.99976e-06,-3.55611e-07,-4.93659e-13
3.89194e+06,9.28669e-05,0.000143103,-4967.6,-5.05003e-06,-4.69517e-06,3.5486e-07,4.92616e-13
3.89194e+06,0.000190606,0.000164767,3298.66,3.3534e-06,2.99982e-06,-3.53579e-07,-4.90837e-13
3.89194e+06,0.000190567,0.000164937,3299.68,3.35444e-06,2.99986e-06,-3.54571e-07,-4.92215e-13
3.89194e+06,9.28054e-05,0.000143381,-4968.74,-5.0512e-06,-4.69518e-06,3.56021e-07,4.94228e-13
3.89194e+06,0.000190471,0.000165356,3301.92,3.35671e-06,2.99989e-06,-3.5682e-07,-4.95337e-13
3.89194e+06,9.2744e-05,0.000143659,-4969.2,-5.05166e-06,-4.6952e-06,3.56464e-07,4.94843e-13
3.89194e+06,0.000190378,0.000165775,3303.29,3.35811e-06,2.99984e-06,-3.58271e-07,-4.97352e-13
3.89194e+06,9.26823e-05,0.000143937,-4968.93,-5.05139e-06,-4.69522e-06,3.56165e-07,4.94428e-13
3.89194e+06,0.000190285,0.000166194,3303.68,3.35851e-06,2.99975e-06,-3.58761e-07,-4.98031e-13
3.89194e+06,9.26201e-05,0.000144215,-4967.89,-5.05033e-06,-4.69524e-06,3.55096e-07,4.92944e-13
3.89194e+06,0.000190191,0.000166612,3302.97,3.35778e-06,2.99966e-06,-3.58124e-07,-4.97148e-13
3.89194e+06,9.25568e-05,0.000144492,-4966.04,-5.04845e-06,-4.69523e-06,3.53222e-07,4.90343e-13
3.89194e+06,0.000190095,0.00016703,3301.02,3.3558e-06,2.99962e-06,-3.56175e-07,-4.94442e-13
3.89194e+06,9.2492e-05,0.000144769,-4963.31,-5.04567e-06,-4.69517e-06,3.50497e-07,4.86559e-13
3.89194e+06,0.00019,0.00016743,3297.82,3.35254e-06,2.99968e-06,-3.52862e-07,-4.89842e-13
3.89194e+06,0.000189996,0.000167446,3297.92,3.35265e-06,2.99969e-06,-3.52959e-07,-4.89977e-13
3.89194e+06,9.24254e-05,0.000145045,-4959.61,-5.04192e-06,-4.69507e-06,3.46852e-07,4.81499e-13
3.89194e+06,0.000189896,0.000167862,3300.52,3.35529e-06,2.99974e-06,-3.55548e-07,-4.93571e-13
3.89194e+06,9.23583e-05,0.000145321,-4962.4,-5.04475e-06,-4.69495e-06,3.49802e-07,4.85595e-13
3.89194e+06,9.24242e-05,0.00014505,-4959.55,-5.04185e-06,-4.69506e-06,3.46786e-07,4.81409e-13
3.89194e+06,0.000189799,0.000168278,3302.23,3.35703e-06,2.99969e-06,-3.57344e-07,-4.96065e-13
3.89194e+06,9.22924e-05,0.000145597,-4964.63,-5.04702e-06,-4.69489e-06,3.52128e-07,4.88824e-13
3.89194e+06,0.000189703,0.000168695,3302.92,3.35773e-06,2.99958e-06,-3.58147e-07,-4.97179e-13
3.89194e+06,9.22273e-05,0.000145872,-4966.11,-5.04852e-06,-4.69487e-06,3.53647e-07,4.90933e-13
3.89194e+06,0.000189606,0.000169111,3302.43,3.35723e-06,2.99947e-06,-3.57763e-07,-4.96646e-13
3.89194e+06,9.21627e-05,0.000146148,-4966.75,-5.04918e-06,-4.69488e-06,3.54297e-07,4.91835e-13
3.89194e+06,0.000189508,0.000169526,3300.59,3.35536e-06,2.99939e-06,-3.55964e-07,-4.94148e-13
3.89194e+06,9.20979e-05,0.000146424,-4966.47,-5.04889e-06,-4.6949e-06,3.5399e-07,4.91408e-13
3.89194e+06,0.000189405,0.00016994,3297.16,3.35187e-06,2.99942e-06,-3.52453e-07,-4.89274e-13
3.89194e+06,9.20327e-05,0.000146699,-4965.06,-5.04746e-06,-4.69491e-06,3.52547e-07,4.89405e-13
3.89194e+06,0.000189394,0.000169985,3296.7,3.35141e-06,2.99943e-06,-3.51978e-07,-4.88615e-13
3.89194e+06,0.000189302,0.000170353,3298.87,3.35362e-06,2.99947e-06,-3.54148e-07,-4.91628e-13
3.89194e+06,9.19665e-05,0.000146974,-4962.18,-5.04452e-06,-4.6949e-06,3.49625e-07,4.85349e-13
3.89194e+06,0.000189201,0.000170767,3300.37,3.35514e-06,2.9994e-06,-3.55739e-07,-4.93836e-13
3.89194e+06,9.18989e-05,0.000147248,-4956.96,-5.03922e-06,-4.69484e-06,3.44376e-07,4.78063e-13
3.89194e+06,0.000189102,0.00017118,3299.97,3.35473e-06,2.99927e-06,-3.55464e-07,-4.93455e-13
3.89194e+06,9.18293e-05,0.000147521,-4796.58,-4.87618e-06,-4.69472e-06,1.81456e-07,2.51897e-13
3.89194e+06,0.000189002,0.000171594,3078.28,3.12937e-06,2.99912e-06,-1.30243e-07,-1.80803e-13
3.89194e+06,9.17588e-05,0.000147794,-4978.7,-5.06132e-06,-4.69458e-06,3.66742e-07,5.09111e-13
3.89194e+06,9.18182e-05,0.000147564,-4822.85,-4.90288e-06,-4.6947e-06,2.08183e-07,2.88999e-13
3.89194e+06,0.000188901,0.000172006,3328.85,3.38409e-06,2.99902e-06,-3.85068e-07,-5.34551e-13
3.89194e+06,9.1724e-05,0.000147931,-5069.93,-5.15407e-06,-4.69453e-06,4.59532e-07,6.37922e-13
3.89194e+06,0.000188848,0.000172212,3457.46,3.51483e-06,2.999e-06,-5.15833e-07,-7.16079e-13
4.86493e+06,9.1169e-05,5.23526e-05,-4991.92,-5.07476e-06,-4.70591e-06,3.68843e-07,5.12027e-13
4.86493e+06,9.11341e-05,5.22165e-05,-5083.42,-5.16778e-06,-4.70586e-06,4.6192e-07,6.41237e-13
4.86493e+06,0.000188302,2.79245e-05,3466.48,3.52401e-06,3.00617e-06,-5.17837e-07,-7.18861e-13
4.86493e+06,0.000188353,2.81301e-05,3338.67,3.39407e-06,3.00622e-06,-3.87856e-07,-5.38421e-13
4.86493e+06,9.12121e-05,5.25194e-05,-4878.59,-4.95955e-06,-4.706e-06,2.53546e-07,3.51972e-13
4.86493e+06,9.12395e-05,5.26248e-05,-4813.82,-4.89371e-06,-4.70606e-06,1.87642e-07,2.60484e-13
4.86493e+06,0.000188454,2.85421e-05,3087.94,3.13918e-06,3.00636e-06,-1.32824e-07,-1.84386e-13
4.86493e+06,9.13084e-05,5.28975e-05,-4973.04,-5.05557e-06,-4.70617e-06,3.49401e-07,4.85037e-13
4.86493e+06,0.000188553,2.89547e-05,3305.69,3.36055e-06,3.00651e-06,-3.5404e-07,-4.91479e-13
4.86493e+06,9.13755e-05,5.3171e-05,-4977.94,-5.06055e-06,-4.70621e-06,3.54337e-07,4.9189e-13
4.86493e+06,0.000188653,2.93674e-05,3305.44,3.36029e-06,3.00661e-06,-3.53681e-07,-4.90979e-13
4.86493e+06,9.14413e-05,5.34449e-05,-4980.59,-5.06324e-06,-4.70622e-06,3.57023e-07,4.95619e-13
4.86493e+06,0.000188755,2.97799e-05,3303.4,3.35822e-06,3.00662e-06,-3.51603e-07,-4.88094e-13
4.86493e+06,9.15063e-05,5.37193e-05,-4981.8,-5.06447e-06,-4.7062e-06,3.58264e-07,4.97342e-13
4.86493e+06,0.000188788,2.99082e-05,3302.66,3.35746e-06,3.00659e-06,-3.50871e-07,-4.87079e-13
4.86493e+06,0.000188859,3.01924e-05,3305.39,3.36024e-06,3.00655e-06,-3.53689e-07,-4.90991e-13
4.86493e+06,9.15708e-05,5.3994e-05,-4981.9,-5.06457e-06,-4.70619e-06,3.58385e-07,4.97509e-13
4.86493e+06,0.000188959,3.0606e-05,3307.91,3.3628e-06,3.00659e-06,-3.5621e-07,-4.9449e-13
4.86493e+06,9.16354e-05,5.42688e-05,-4981.08,-5.06374e-06,-4.70618e-06,3.57558e-07,4.96361e-13
4.86493e+06,0.000189057,3.10206e-05,3308.97,3.36388e-06,3.0067e-06,-3.5718e-07,-4.95836e-13
4.86493e+06,9.17005e-05,5.45437e-05,-4979.44,-5.06208e-06,-4.70621e-06,3.55868e-07,4.94015e-13
4.86493e+06,0.000189153,3.14357e-05,3308.76,3.36367e-06,3.00682e-06,-3.56854e-07,-4.95384e-13
4.86493e+06,9.17665e-05,5.48186e-05,-4977.06,-5.05966e-06,-4.70628e-06,3.53378e-07,4.90558e-13
4.86493e+06,0.00018925,3.1851e-05,3307.46,3.36235e-06,3.0069e-06,-3.55445e-07,-4.93428e-13
4.86493e+06,9.18182e-05,5.50304e-05,-4974.83,-5.05738e-06,-4.70638e-06,3.51007e-07,4.87267e-13
4.86493e+06,9.18337e-05,5.50935e-05,-4975.72,-5.05829e-06,-4.70641e-06,3.51881e-07,4.88481e-13
4.86493e+06,0.000189348,3.22662e-05,3305.2,3.36005e-06,3.0069e-06,-3.53149e-07,-4.90242e-13
4.86493e+06,9.18998e-05,5.53688e-05,-4979.21,-5.06184e-06,-4.7065e-06,3.55335e-07,4.93275e-13
4.86493e+06,0.000189394,3.24542e-05,3304.02,3.35885e-06,3.00686e-06,-3.51996e-07,-4.88641e-13
4.86493e+06,0.000189449,3.26812e-05,3305.93,3.36079e-06,3.00681e-06,-3.53979e-07,-4.91393e-13
4.86493e+06,9.1964e-05,5.56447e-05,-4981.76,-5.06443e-06,-4.70655e-06,3.57884e-07,4.96815e-13
4.86493e+06,0.000189546,3.30973e-05,3308.46,3.36336e-06,3.00681e-06,-3.56547e-07,-4.94958e-13
4.86493e+06,9.2027e-05,5.59211e-05,-4983.44,-5.06614e-06,-4.70655e-06,3.59593e-07,4.99186e-13
4.86493e+06,0.000189641,3.35143e-05,3309.67,3.36459e-06,3.00689e-06,-3.57703e-07,-4.96562e-13
4.86493e+06,9.20889e-05,5.61979e-05,-4984.32,-5.06704e-06,-4.70653e-06,3.60504e-07,5.00451e-13
4.86493e+06,0.000189734,3.39319e-05,3309.72,3.36464e-06,3.00699e-06,-3.57653e-07,-4.96493e-13
4.86493e+06,9.21504e-05,5.6475e-05,-4984.44,-5.06716e-06,-4.70651e-06,3.60652e-07,5.00656e-13
4.86493e+06,0.000189827,3.43498e-05,3308.72,3.36363e-06,3.00706e-06,-3.56569e-07,-4.94988e-13
4.86493e+06,9.22116e-05,5.67524e-05,-4983.85,-5.06655e-06,-4.70649e-06,3.60062e-07,4.99838e-13
4.86493e+06,0.000189922,3.47676e-05,3306.81,3.36169e-06,3.00707e-06,-3.54613e-07,-4.92274e-13
4.86493e+06,9.22731e-05,5.70299e-05,-4982.57,-5.06525e-06,-4.70649e-06,3.58759e-07,4.98028e-13
4.86493e+06,0.00019,3.51056e-05,3304.75,3.35959e-06,3.00701e-06,-3.52584e-07,-4.89457e-13
4.86493e+06,0.000190019,3.51852e-05,3305.4,3.36025e-06,3.00698e-06,-3.53267e-07,-4.90405e-13
4.86493e+06,9.23352e-05,5.73074e-05,-4980.64,-5.06329e-06,-4.70653e-06,3.56765e-07,4.95261e-13
4.86493e+06,0.000190114,3.56035e-05,3308.31,3.36321e-06,3.00693e-06,-3.56276e-07,-4.94582e-13
4.86493e+06,9.23981e-05,5.7585e-05,-4978.11,-5.06072e-06,-4.70661e-06,3.54107e-07,4.91571e-13
4.86493e+06,0.000190206,3.60228e-05,3309.95,3.36488e-06,3.00697e-06,-3.57912e-07,-4.96853e-13
4.86493e+06,9.24242e-05,5.76988e-05,-4976.97,-5.05956e-06,-4.70666e-06,3.52904e-07,4.89901e-13
4.86493e+06,9.24617e-05,5.78626e-05,-4979.02,-5.06165e-06,-4.70673e-06,3.54922e-07,4.92702e-13
4.86493e+06,0.000190296,3.64427e-05,3310.47,3.36541e-06,3.00704e-06,-3.5837e-07,-4.97489e-13
4.86493e+06,9.25236e-05,5.81407e-05,-4981.94,-5.06461e-06,-4.70679e-06,3.57822e-07,4.96727e-13
4.86493e+06,0.000190386,3.68631e-05,3309.99,3.36492e-06,3.00711e-06,-3.5781e-07,-4.96711e-13
4.86493e+06,9.2584e-05,5.84194e-05,-4984.08,-5.06678e-06,-4.70682e-06,3.59967e-07,4.99706e-13
4.86493e+06,0.000190476,3.72836e-05,3308.61,3.36352e-06,3.00715e-06,-3.56372e-07,-4.94715e-13
4.86493e+06,9.26432e-05,5.86985e-05,-4985.48,-5.06821e-06,-4.70681e-06,3.61399e-07,5.01694e-13
4.86493e+06,0.000190568,3.7704e-05,3306.43,3.3613e-06,3.0071e-06,-3.54198e-07,-4.91697e-13
4.86493e+06,9.27016e-05,5.89779e-05,-4986.19,-5.06894e-06,-4.70679e-06,3.62147e-07,5.02732e-13
4.86493e+06,0.000190606,3.78764e-05,3305.43,3.36028e-06,3.00705e-06,-3.53228e-07,-4.9035e-13
4.86493e+06,0.000190661,3.81244e-05,3307.27,3.36215e-06,3.00699e-06,-3.55156e-07,-4.93027e-13
4.86493e+06,9.27595e-05,5.92576e-05,-4986.25,-5.069e-06,-4.70676e-06,3.62236e-07,5.02855e-13
4.86493e+06,0.000190751,3.85458e-05,3309.56,3.36448e-06,3.00696e-06,-3.57517e-07,-4.96304e-13
4.86493e+06,9.28172e-05,5.95376e-05,-4985.69,-5.06842e-06,-4.70674e-06,3.61685e-07,5.02091e-13
4.86493e+06,0.000190839,3.89679e-05,3310.76,3.3657e-06,3.007e-06,-3.587e-07,-4.97948e-13
4.86493e+06,9.28751e-05,5.98177e-05,-4984.53,-5.06725e-06,-4.70674e-06,3.60514e-07,5.00465e-13
4.86493e+06,0.000190925,3.93906e-05,3310.98,3.36592e-06,3.00706e-06,-3.58862e-07,-4.98172e-13
4.86493e+06,9.29333e-05,6.00979e-05,-4982.81,-5.0655e-06,-4.70676e-06,3.58739e-07,4.98001e-13
4.86493e+06,0.000191011,3.98136e-05,3310.31,3.36524e-06,3.00711e-06,-3.58131e-07,-4.97157e-13
4.86493e+06,9.29923e-05,6.03781e-05,-4980.56,-5.06321e-06,-4.70683e-06,3.5638e-07,4.94727e-13
4.86493e+06,0.000191098,4.02367e-05,3308.83,3.36374e-06,3.00712e-06,-3.56625e-07,-4.95067e-13
4.86493e+06,9.30303e-05,6.05565e-05,-4978.91,-5.06154e-06,-4.70689e-06,3.54643e-07,4.92316e-13
4.86493e+06,9.3052e-05,6.06583e-05,-4980.08,-5.06273e-06,-4.70693e-06,3.55792e-07,4.93911e-13
4.86493e+06,0.000191186,4.06598e-05,3306.64,3.36151e-06,3.00705e-06,-3.54465e-07,-4.92068e-13
4.86493e+06,9.31106e-05,6.0939e-05,-4982.96,-5.06565e-06,-4.70701e-06,3.5864e-07,4.97864e-13
4.86493e+06,0.000191212,4.07829e-05,3305.95,3.36081e-06,3.00701e-06,-3.53807e-07,-4.91155e-13
4.86493e+06,0.000191275,4.1083e-05,3308.01,3.36291e-06,3.00693e-06,-3.55979e-07,-4.94169e-13
4.86493e+06,9.31676e-05,6.12201e-05,-4985.15,-5.06788e-06,-4.70704e-06,3.60837e-07,5.00913e-13
4.86493e+06,0.000191361,4.1507e-05,3310.09,3.36502e-06,3.00689e-06,-3.58126e-07,-4.9715e-13
4.86493e+06,9.32234e-05,6.15017e-05,-4986.7,-5.06946e-06,-4.70704e-06,3.62414e-07,5.03103e-13
4.86493e+06,0.000191445,4.19318e-05,3311.19,3.36614e-06,3.00691e-06,-3.59225e-07,-4.98676e-13
4.86493e+06,9.32783e-05,6.17836e-05,-4987.65,-5.07042e-06,-4.70702e-06,3.63399e-07,5.0447e-13
4.86493e+06,0.000191527,4.23571e-05,3311.41,3.36636e-06,3.00696e-06,-3.59406e-07,-4.98927e-13
4.86493e+06,9.33326e-05,6.20658e-05,-4988.03,-5.07081e-06,-4.707e-06,3.63812e-07,5.05043e-13
4.86493e+06,0.000191609,4.27827e-05,3310.83,3.36577e-06,3.00699e-06,-3.58778e-07,-4.98055e-13
4.86493e+06,9.33865e-05,6.23482e-05,-4987.87,-5.07064e-06,-4.70697e-06,3.6367e-07,5.04847e-13
4.86493e+06,0.000191692,4.32085e-05,3309.51,3.36443e-06,3.00699e-06,-3.5744e-07,-4.96197e-13
4.86493e+06,9.34403e-05,6.26309e-05,-4987.18,-5.06994e-06,-4.70695e-06,3.6299e-07,5.03902e-13
4.86493e+06,0.000191776,4.36342e-05,3307.53,3.36242e-06,3.00693e-06,-3.55489e-07,-4.93489e-13
4.86493e+06,9.34942e-05,6.29136e-05,-4985.99,-5.06873e-06,-4.70695e-06,3.61783e-07,5.02227e-13
4.86493e+06,0.000191818,4.38463e-05,3306.4,3.36126e-06,3.00686e-06,-3.54402e-07,-4.91981e-13
4.86493e+06,0.000191861,4.406e-05,3307.78,3.36267e-06,3.0068e-06,-3.55876e-07,-4.94026e-13
4.86493e+06,9.35485e-05,6.31965e-05,-4984.33,-5.06704e-06,-4.70698e-06,3.60065e-07,4.99842e-13
4.86493e+06,0.000191943,4.44865e-05,3309.96,3.36489e-06,3.00673e-06,-3.5816e-07,-4.97198e-13
4.86493e+06,9.36033e-05,6.34794e-05,-4982.21,-5.06489e-06,-4.70704e-06,3.57848e-07,4.96764e-13
4.86493e+06,0.000192024,4.49137e-05,3311.26,3.36621e-06,3.00672e-06,-3.59482e-07,-4.99033e-13
4.86493e+06,9.36364e-05,6.36482e-05,-4980.79,-5.06345e-06,-4.7071e-06,3.56347e-07,4.9468e-13
4.86493e+06,9.36587e-05,6.37623e-05,-4981.97,-5.06464e-06,-4.70714e-06,3.57501e-07,4.96282e-13
4.86493e+06,0.000192102,4.53415e-05,3311.74,3.3667e-06,3.00675e-06,-3.59953e-07,-4.99687e-13
4.86493e+06,9.3713e-05,6.40457e-05,-4984.57,-5.06729e-06,-4.70721e-06,3.60084e-07,4.99868e-13
4.86493e+06,0.00019218,4.57696e-05,3311.49,3.36644e-06,3.00677e-06,-3.59669e-07,-4.99292e-13
4.86493e+06,9.37659e-05,6.43295e-05,-4986.61,-5.06936e-06,-4.70724e-06,3.62127e-07,5.02705e-13
4.86493e+06,0.000192258,4.61979e-05,3310.56,3.36549e-06,3.00678e-06,-3.58713e-07,-4.97965e-13
4.86493e+06,9.38176e-05,6.46136e-05,-4988.12,-5.07089e-06,-4.70724e-06,3.63654e-07,5.04824e-13
4.86493e+06,0.000192337,4.66264e-05,3308.99,3.36391e-06,3.00674e-06,-3.57166e-07,-4.95817e-13
4.86493e+06,9.38685e-05,6.48981e-05,-4989.12,-5.07191e-06,-4.70722e-06,3.64685e-07,5.06255e-13
4.86493e+06,0.000192417,4.70548e-05,3306.86,3.36174e-06,3.00663e-06,-3.55105e-07,-4.92956e-13
4.86493e+06,9.39187e-05,6.51828e-05,-4989.63,-5.07244e-06,-4.7072e-06,3.65236e-07,5.0702e-13
4.86493e+06,0.000192424,4.70937e-05,3306.66,3.36154e-06,3.00662e-06,-3.54919e-07,-4.92698e-13
4.86493e+06,0.000192497,4.74835e-05,3308.94,3.36385e-06,3.00651e-06,-3.5734e-07,-4.96059e-13
4.86493e+06,9.39684e-05,6.54677e-05,-4989.69,-5.07249e-06,-4.70717e-06,3.65321e-07,5.07139e-13
4.86493e+06,0.000192574,4.7913e-05,3310.68,3.36561e-06,3.00645e-06,-3.59161e-07,-4.98586e-13
4.86493e+06,9.40179e-05,6.57529e-05,-4989.31,-5.0721e-06,-4.70715e-06,3.64954e-07,5.06629e-13
4.86493e+06,0.000192649,4.8343e-05,3311.66,3.36662e-06,3.00644e-06,-3.60171e-07,-4.9999e-13
4.86493e+06,9.40673e-05,6.60382e-05,-4988.5,-5.07128e-06,-4.70714e-06,3.64146e-07,5.05507e-13
4.86493e+06,0.000192723,4.87734e-05,3311.96,3.36692e-06,3.00646e-06,-3.60459e-07,-5.00389e-13
4.86493e+06,9.41168e-05,6.63237e-05,-4987.29,-5.07005e-06,-4.70714e-06,3.62906e-07,5.03785e-13
4.86493e+06,0.000192797,4.92042e-05,3311.61,3.36657e-06,3.00647e-06,-3.60098e-07,-4.99888e-13
4.86493e+06,9.41666e-05,6.66092e-05,-4985.68,-5.06842e-06,-4.70718e-06,3.61244e-07,5.01478e-13
4.86493e+06,0.00019287,4.96353e-05,3310.67,3.36561e-06,3.00646e-06,-3.59156e-07,-4.9858e-13
4.86493e+06,9.42168e-05,6.68949e-05,-4983.71,-5.06641e-06,-4.70724e-06,3.5917e-07,4.986e-13
4.86493e+06,0.000192944,5.00664e-05,3309.18,3.3641e-06,3.0064e-06,-3.57695e-07,-4.96552e-13
4.86493e+06,9.42424e-05,6.70396e-05,-4982.61,-5.06529e-06,-4.70728e-06,3.58011e-07,4.9699e-13
4.86493e+06,9.42674e-05,6.71806e-05,-4983.88,-5.06659e-06,-4.70732e-06,3.59266e-07,4.98732e-13
4.86493e+06,0.000193019,5.04975e-05,3307.18,3.36207e-06,3.00629e-06,-3.55776e-07,-4.93888e-13
4.86493e+06,9.43168e-05,6.74667e-05,-4986.19,-5.06894e-06,-4.70738e-06,3.61554e-07,5.01909e-13
4.86493e+06,0.00019303,5.05619e-05,3306.88,3.36175e-06,3.00627e-06,-3.55487e-07,-4.93487e-13
4.86493e+06,0.000193094,5.09289e-05,3308.85,3.36376e-06,3.00616e-06,-3.57603e-07,-4.96424e-13
4.86493e+06,9.43649e-05,6.77531e-05,-4988.05,-5.07082e-06,-4.70741e-06,3.6341e-07,5.04485e-13
4.86493e+06,0.000193167,5.1361e-05,3310.55,3.36548e-06,3.00609e-06,-3.59398e-07,-4.98916e-13
4.86493e+06,9.44121e-05,6.80398e-05,-4989.47,-5.07227e-06,-4.70742e-06,3.6485e-07,5.06484e-13
4.86493e+06,0.000193237,5.17935e-05,3311.59,3.36654e-06,3.00606e-06,-3.60484e-07,-5.00424e-13
4.86493e+06,9.44584e-05,6.83269e-05,-4990.48,-5.0733e-06,-4.70741e-06,3.65889e-07,5.07927e-13
4.86493e+06,0.000193307,5.22265e-05,3312.02,3.36698e-06,3.00605e-06,-3.60932e-07,-5.01046e-13
4.86493e+06,9.4504e-05,6.86141e-05,-4991.1,-5.07393e-06,-4.70739e-06,3.6654e-07,5.08831e-13
4.86493e+06,0.000193375,5.26599e-05,3311.9,3.36685e-06,3.00605e-06,-3.60803e-07,-5.00866e-13
4.86493e+06,9.45491e-05,6.89016e-05,-4991.35,-5.07418e-06,-4.70736e-06,3.66815e-07,5.09213e-13
4.86493e+06,0.000193444,5.30935e-05,3311.24,3.36619e-06,3.00604e-06,-3.60152e-07,-4.99962e-13
4.86493e+06,9.45939e-05,6.91893e-05,-4991.23,-5.07406e-06,-4.70734e-06,3.66724e-07,5.09086e-13
4.86493e+06,0.000193512,5.35272e-05,3310.1,3.36503e-06,3.006e-06,-3.59028e-07,-4.98403e-13
4.86493e+06,9.46383e-05,6.94772e-05,-4990.77,-5.07359e-06,-4.70732e-06,3.66276e-07,5.08464e-13
4.86493e+06,0.000193581,5.39611e-05,3308.49,3.36339e-06,3.00591e-06,-3.5748e-07,-4.96253e-13
4.86493e+06,9.46827e-05,6.97652e-05,-4989.98,-5.07279e-06,-4.70731e-06,3.65479e-07,5.07358e-13
4.86493e+06,0.000193636,5.43008e-05,3306.97,3.36184e-06,3.00581e-06,-3.56039e-07,-4.94253e-13
4.86493e+06,0.000193652,5.4395e-05,3307.44,3.36233e-06,3.00577e-06,-3.56556e-07,-4.9497e-13
4.86493e+06,9.47271e-05,7.00533e-05,-4988.87,-5.07166e-06,-4.70732e-06,3.64341e-07,5.05778e-13
4.86493e+06,0.000193721,5.48293e-05,3309.41,3.36433e-06,3.00566e-06,-3.58675e-07,-4.97912e-13
4.86493e+06,9.47717e-05,7.03416e-05,-4987.45,-5.07021e-06,-4.70734e-06,3.6287e-07,5.03736e-13
4.86493e+06,0.000193787,5.52642e-05,3310.8,3.36574e-06,3.00559e-06,-3.60152e-07,-4.99963e-13
4.86493e+06,9.48165e-05,7.06299e-05,-4985.73,-5.06847e-06,-4.7074e-06,3.61072e-07,5.0124e-13
4.86493e+06,0.000193852,5.56995e-05,3311.65,3.3666e-06,3.00556e-06,-3.61049e-07,-5.01208e-13
4.86493e+06,9.48485e-05,7.08351e-05,-4984.36,-5.06708e-06,-4.70745e-06,3.59628e-07,4.99236e-13
4.86493e+06,9.48615e-05,7.09184e-05,-4985.02,-5.06774e-06,-4.70747e-06,3.60271e-07,5.00127e-13
4.86493e+06,0.000193916,5.61352e-05,3311.99,3.36695e-06,3.00554e-06,-3.61416e-07,-5.01718e-13
4.86493e+06,9.49058e-05,7.12071e-05,-4987.13,-5.06989e-06,-4.70753e-06,3.62359e-07,5.03026e-13
4.86493e+06,0.00019398,5.65712e-05,3311.87,3.36683e-06,3.00553e-06,-3.61301e-07,-5.01558e-13
4.86493e+06,9.49489e-05,7.14961e-05,-4988.89,-5.07168e-06,-4.70757e-06,3.64112e-07,5.0546e-13
4.86493e+06,0.000194042,5.70074e-05,3311.3,3.36625e-06,3.0055e-06,-3.60747e-07,-5.00788e-13
4.86493e+06,9.49911e-05,7.17854e-05,-4990.31,-5.07312e-06,-4.70758e-06,3.65543e-07,5.07447e-13
4.86493e+06,0.000194105,5.74438e-05,3310.31,3.36525e-06,3.00546e-06,-3.5979e-07,-4.9946e-13
4.86493e+06,9.50324e-05,7.20749e-05,-4991.41,-5.07424e-06,-4.70758e-06,3.66664e-07,5.09002e-13
4.86493e+06,0.000194169,5.78804e-05,3308.93,3.36384e-06,3.00538e-06,-3.58468e-07,-4.97624e-13
4.86493e+06,9.5073e-05,7.23647e-05,-4992.2,-5.07505e-06,-4.70756e-06,3.67483e-07,5.10139e-13
4.86493e+06,0.000194233,5.8317e-05,3307.18,3.36206e-06,3.00525e-06,-3.56812e-07,-4.95326e-13
4.86493e+06,9.51131e-05,7.26546e-05,-4992.7,-5.07556e-06,-4.70754e-06,3.68011e-07,5.10872e-13
4.86493e+06,0.000194242,5.83833e-05,3306.91,3.36179e-06,3.00523e-06,-3.56557e-07,-4.94972e-13
4.86493e+06,0.000194296,5.87539e-05,3308.53,3.36343e-06,3.00511e-06,-3.58318e-07,-4.97417e-13
4.86493e+06,9.51526e-05,7.29448e-05,-4992.92,-5.07578e-06,-4.70752e-06,3.68256e-07,5.11212e-13
4.86493e+06,0.000194358,5.91912e-05,3310.01,3.36494e-06,3.00502e-06,-3.59918e-07,-4.99637e-13
4.86493e+06,9.51917e-05,7.32351e-05,-4992.87,-5.07572e-06,-4.7075e-06,3.68225e-07,5.11169e-13
4.86493e+06,0.000194418,5.9629e-05,3311.04,3.36598e-06,3.00496e-06,-3.6102e-07,-5.01168e-13
4.86493e+06,9.52305e-05,7.35256e-05,-4992.56,-5.07541e-06,-4.70748e-06,3.67926e-07,5.10755e-13
4.86493e+06,0.000194477,6.00671e-05,3311.64,3.36659e-06,3.00493e-06,-3.61667e-07,-5.02066e-13
4.86493e+06,9.52691e-05,7.38162e-05,-4992,-5.07484e-06,-4.70747e-06,3.67367e-07,5.09978e-13
4.86493e+06,0.000194535,6.05055e-05,3311.84,3.3668e-06,3.0049e-06,-3.61897e-07,-5.02385e-13
4.86493e+06,9.53075e-05,7.4107e-05,-4991.19,-5.07402e-06,-4.70747e-06,3.66552e-07,5.08848e-13
4.86493e+06,0.000194592,6.09442e-05,3311.66,3.36662e-06,3.00488e-06,-3.61742e-07,-5.0217e-13
4.86493e+06,9.53459e-05,7.43978e-05,-4990.16,-5.07297e-06,-4.70748e-06,3.65489e-07,5.07372e-13
4.86493e+06,0.000194649,6.13832e-05,3311.13,3.36608e-06,3.00484e-06,-3.61234e-07,-5.01465e-13
4.86493e+06,9.53843e-05,7.46888e-05,-4988.9,-5.07169e-06,-4.70751e-06,3.64183e-07,5.05558e-13
4.86493e+06,0.000194705,6.18223e-05,3310.26,3.36519e-06,3.00479e-06,-3.60401e-07,-5.00309e-13
4.86493e+06,9.54228e-05,7.498e-05,-4987.43,-5.07019e-06,-4.70755e-06,3.62639e-07,5.03415e-13
4.86493e+06,0.000194762,6.22615e-05,3309.07,3.36398e-06,3.00471e-06,-3.59269e-07,-4.98737e-13
4.86493e+06,9.54545e-05,7.52196e-05,-4986.07,-5.06881e-06,-4.7076e-06,3.6121e-07,5.01431e-13
4.86493e+06,9.54614e-05,7.52712e-05,-4986.41,-5.06915e-06,-4.70761e-06,3.61539e-07,5.01889e-13
4.86493e+06,0.000194819,6.27009e-05,3307.57,3.36246e-06,3.0046e-06,-3.57861e-07,-4.96783e-13
4.86493e+06,9.54993e-05,7.55626e-05,-4988.22,-5.071e-06,-4.70767e-06,3.63327e-07,5.0437e-13
4.86493e+06,0.000194848,6.29231e-05,3306.74,3.36162e-06,3.00453e-06,-3.57089e-07,-4.9571e-13
4.86493e+06,0.000194877,6.31404e-05,3307.59,3.36247e-06,3.00446e-06,-3.58016e-07,-4.96997e-13
4.86493e+06,9.55363e-05,7.58542e-05,-4989.78,-5.07258e-06,-4.7077e-06,3.64875e-07,5.06519e-13
4.86493e+06,0.000194933,6.35803e-05,3309.06,3.36398e-06,3.00435e-06,-3.59631e-07,-4.99239e-13
4.86493e+06,9.55725e-05,7.61461e-05,-4991.09,-5.07392e-06,-4.70772e-06,3.66194e-07,5.0835e-13
4.86493e+06,0.000194987,6.40205e-05,3310.18,3.36511e-06,3.00427e-06,-3.60843e-07,-5.00921e-13
4.86493e+06,9.56078e-05,7.64381e-05,-4992.18,-5.07502e-06,-4.70773e-06,3.67291e-07,5.09872e-13
4.86493e+06,0.00019504,6.44611e-05,3310.95,3.36589e-06,3.00421e-06,-3.61681e-07,-5.02085e-13
4.86493e+06,9.56425e-05,7.67304e-05,-4993.04,-5.0759e-06,-4.70773e-06,3.68173e-07,5.11097e-13
4.86493e+06,0.000195092,6.4902e-05,3311.39,3.36635e-06,3.00417e-06,-3.62176e-07,-5.02772e-13
4.86493e+06,9.56765e-05,7.70228e-05,-4993.69,-5.07656e-06,-4.70771e-06,3.68847e-07,5.12033e-13
4.86493e+06,0.000195143,6.53431e-05,3311.54,3.36649e-06,3.00414e-06,-3.62352e-07,-5.03017e-13
4.86493e+06,9.57099e-05,7.73154e-05,-4994.14,-5.07702e-06,-4.7077e-06,3.69321e-07,5.12691e-13
4.86493e+06,0.000195193,6.57844e-05,3311.39,3.36634e-06,3.0041e-06,-3.62234e-07,-5.02853e-13
4.86493e+06,9.57429e-05,7.76082e-05,-4994.4,-5.07728e-06,-4.70768e-06,3.69601e-07,5.13079e-13
4.86493e+06,0.000195243,6.6226e-05,3310.97,3.36591e-06,3.00407e-06,-3.61845e-07,-5.02312e-13
4.86493e+06,9.57754e-05,7.79011e-05,-4994.47,-5.07735e-06,-4.70766e-06,3.69693e-07,5.13207e-13
4.86493e+06,0.000195292,6.66677e-05,3310.29,3.36522e-06,3.00401e-06,-3.61203e-07,-5.01422e-13
4.86493e+06,9.58076e-05,7.81942e-05,-4994.36,-5.07724e-06,-4.70764e-06,3.69602e-07,5.13081e-13
4.86493e+06,0.000195342,6.71097e-05,3309.36,3.36427e-06,3.00395e-06,-3.60328e-07,-5.00207e-13
4.86493e+06,9.58394e-05,7.84873e-05,-4994.09,-5.07696e-06,-4.70763e-06,3.69336e-07,5.12711e-13
4.86493e+06,0.000195391,6.75517e-05,3308.19,3.36309e-06,3.00385e-06,-3.59236e-07,-4.98691e-13
4.86493e+06,9.58709e-05,7.87807e-05,-4993.65,-5.07651e-06,-4.70762e-06,3.68898e-07,5.12104e-13
4.86493e+06,0.000195441,6.79939e-05,3306.8,3.36168e-06,3.00374e-06,-3.57943e-07,-4.96896e-13
4.86493e+06,9.59021e-05,7.90741e-05,-4993.05,-5.07591e-06,-4.70761e-06,3.68296e-07,5.11267e-13
4.86493e+06,0.000195455,6.81143e-05,3306.41,3.36128e-06,3.0037e-06,-3.5758e-07,-4.96392e-13
4.86493e+06,0.00019549,6.84362e-05,3307.45,3.36234e-06,3.0036e-06,-3.58736e-07,-4.97997e-13
4.86493e+06,9.59332e-05,7.93676e-05,-4992.3,-5.07515e-06,-4.70762e-06,3.67532e-07,5.10208e-13
4.86493e+06,0.000195538,6.88789e-05,3308.67,3.36358e-06,3.0035e-06,-3.60078e-07,-4.99859e-13
4.86493e+06,9.59641e-05,7.96613e-05,-4991.41,-5.07424e-06,-4.70763e-06,3.66614e-07,5.08933e-13
4.86493e+06,0.000195585,6.93219e-05,3309.62,3.36455e-06,3.00342e-06,-3.61126e-07,-5.01315e-13
4.86493e+06,9.59948e-05,7.99551e-05,-4990.39,-5.0732e-06,-4.70765e-06,3.65544e-07,5.07448e-13
4.86493e+06,0.00019563,6.97651e-05,3310.33,3.36526e-06,3.00336e-06,-3.61904e-07,-5.02394e-13
4.86493e+06,9.60254e-05,8.0249e-05,-4989.22,-5.07202e-06,-4.70769e-06,3.6433e-07,5.05762e-13
4.86493e+06,0.000195675,7.02085e-05,3310.8,3.36574e-06,3.00331e-06,-3.62429e-07,-5.03123e-13
4.86493e+06,9.60559e-05,8.05429e-05,-4987.94,-5.07071e-06,-4.70774e-06,3.62974e-07,5.0388e-13
4.86493e+06,0.000195718,7.06522e-05,3311.04,3.36599e-06,3.00327e-06,-3.6272e-07,-5.03528e-13
4.86493e+06,9.60606e-05,8.05885e-05,-4987.74,-5.07051e-06,-4.70775e-06,3.6276e-07,5.03583e-13
4.86493e+06,9.60861e-05,8.0837e-05,-4988.95,-5.07174e-06,-4.70779e-06,3.63958e-07,5.05246e-13
4.86493e+06,0.000195761,7.10961e-05,3311.08,3.36603e-06,3.00323e-06,-3.62794e-07,-5.03631e-13
4.86493e+06,9.61154e-05,8.11313e-05,-4990.25,-5.07307e-06,-4.70782e-06,3.65244e-07,5.07032e-13
4.86493e+06,0.000195803,7.15402e-05,3310.92,3.36586e-06,3.00319e-06,-3.62667e-07,-5.03454e-13
4.86493e+06,9.61441e-05,8.14258e-05,-4991.4,-5.07423e-06,-4.70785e-06,3.66388e-07,5.08619e-13
4.86493e+06,0.000195844,7.19844e-05,3310.57,3.3655e-06,3.00315e-06,-3.62353e-07,-5.03019e-13
4.86493e+06,9.6172e-05,8.17203e-05,-4992.41,-5.07525e-06,-4.70786e-06,3.67392e-07,5.10014e-13
4.86493e+06,0.000195886,7.24288e-05,3310.04,3.36497e-06,3.0031e-06,-3.61866e-07,-5.02342e-13
4.86493e+06,9.61993e-05,8.20151e-05,-4993.27,-5.07613e-06,-4.70787e-06,3.68264e-07,5.11224e-13
4.86493e+06,0.000195926,7.28734e-05,3309.34,3.36426e-06,3.00304e-06,-3.61218e-07,-5.01442e-13
4.86493e+06,9.62259e-05,8.23099e-05,-4994,-5.07688e-06,-4.70787e-06,3.69009e-07,5.12257e-13
4.86493e+06,0.000195967,7.33181e-05,3308.48,3.36339e-06,3.00297e-06,-3.6042e-07,-5.00334e-13
4.86493e+06,9.6252e-05,8.26049e-05,-4994.61,-5.07749e-06,-4.70786e-06,3.6963e-07,5.13121e-13
4.86493e+06,0.000196007,7.3763e-05,3307.47,3.36236e-06,3.00288e-06,-3.59483e-07,-4.99033e-13
4.86493e+06,9.62776e-05,8.29001e-05,-4995.1,-5.07799e-06,-4.70785e-06,3.70135e-07,5.1382e-13
4.86493e+06,0.000196048,7.4208e-05,3306.32,3.36118e-06,3.00277e-06,-3.58416e-07,-4.97553e-13
4.86493e+06,9.63026e-05,8.31953e-05,-4995.47,-5.07837e-06,-4.70784e-06,3.70526e-07,5.14364e-13
4.86493e+06,0.000196061,7.435e-05,3305.94,3.3608e-06,3.00273e-06,-3.58067e-07,-4.97068e-13
4.86493e+06,0.000196088,7.46531e-05,3306.71,3.36159e-06,3.00265e-06,-3.58936e-07,-4.98275e-13
4.86493e+06,9.63271e-05,8.34907e-05,-4995.74,-5.07864e-06,-4.70783e-06,3.70809e-07,5.14757e-13
4.86493e+06,0.000196127,7.50984e-05,3307.72,3.36261e-06,3.00255e-06,-3.60058e-07,-4.99833e-13
4.86493e+06,9.63512e-05,8.37862e-05,-4995.9,-5.0788e-06,-4.70782e-06,3.70989e-07,5.15007e-13
4.86493e+06,0.000196164,7.5544e-05,3308.56,3.36346e-06,3.00247e-06,-3.60988e-07,-5.01123e-13
4.86493e+06,9.63748e-05,8.40817e-05,-4995.97,-5.07887e-06,-4.7078e-06,3.71071e-07,5.1512e-13
4.86493e+06,0.000196201,7.59898e-05,3309.23,3.36414e-06,3.00241e-06,-3.61739e-07,-5.02166e-13
4.86493e+06,9.6398e-05,8.43774e-05,-4995.94,-5.07884e-06,-4.70779e-06,3.71058e-07,5.15102e-13
4.86493e+06,0.000196236,7.64358e-05,3309.75,3.36467e-06,3.00235e-06,-3.62323e-07,-5.02977e-13
4.86493e+06,9.64209e-05,8.46732e-05,-4995.83,-5.07873e-06,-4.70777e-06,3.70955e-07,5.14959e-13
4.86493e+06,0.000196271,7.68819e-05,3310.13,3.36506e-06,3.0023e-06,-3.62753e-07,-5.03574e-13
4.86493e+06,9.64433e-05,8.49691e-05,-4995.63,-5.07853e-06,-4.70776e-06,3.70767e-07,5.14698e-13
4.86493e+06,0.000196305,7.73282e-05,3310.37,3.3653e-06,3.00226e-06,-3.6304e-07,-5.03972e-13
4.86493e+06,9.64654e-05,8.52651e-05,-4995.36,-5.07825e-06,-4.70776e-06,3.70497e-07,5.14324e-13
4.86493e+06,0.000196338,7.77747e-05,3310.48,3.36542e-06,3.00222e-06,-3.63194e-07,-5.04186e-13
4.86493e+06,9.64871e-05,8.55612e-05,-4995.01,-5.0779e-06,-4.70775e-06,3.70151e-07,5.13843e-13
4.86493e+06,0.00019637,7.82213e-05,3310.48,3.36541e-06,3.00219e-06,-3.63225e-07,-5.04229e-13
4.86493e+06,9.65084e-05,8.58573e-05,-4994.6,-5.07748e-06,-4.70775e-06,3.69732e-07,5.13261e-13
4.86493e+06,0.000196402,7.8668e-05,3310.36,3.36529e-06,3.00215e-06,-3.63143e-07,-5.04114e-13
4.86493e+06,9.65294e-05,8.61536e-05,-4994.12,-5.07699e-06,-4.70775e-06,3.69244e-07,5.12584e-13
4.86493e+06,0.000196433,7.91149e-05,3310.14,3.36507e-06,3.00211e-06,-3.62956e-07,-5.03855e-13
4.86493e+06,9.65501e-05,8.645e-05,-4993.58,-5.07645e-06,-4.70776e-06,3.68691e-07,5.11816e-13
4.86493e+06,0.000196464,7.9562e-05,3309.82,3.36474e-06,3.00207e-06,-3.62672e-07,-5.03461e-13
4.86493e+06,9.65705e-05,8.67464e-05,-4992.99,-5.07584e-06,-4.70777e-06,3.68078e-07,5.10965e-13
4.86493e+06,0.000196494,8.00091e-05,3309.41,3.36433e-06,3.00203e-06,-3.623e-07,-5.02944e-13
4.86493e+06,9.65905e-05,8.70429e-05,-4992.34,-5.07519e-06,-4.70778e-06,3.67407e-07,5.10034e-13
4.86493e+06,0.000196523,8.04564e-05,3308.91,3.36382e-06,3.00198e-06,-3.61846e-07,-5.02315e-13
4.86493e+06,9.66102e-05,8.73395e-05,-4991.65,-5.07448e-06,-4.7078e-06,3.66684e-07,5.0903e-13
4.86493e+06,0.000196552,8.09038e-05,3308.34,3.36324e-06,3.00192e-06,-3.61318e-07,-5.01582e-13
4.86493e+06,9.66296e-05,8.76362e-05,-4990.91,-5.07373e-06,-4.70782e-06,3.65912e-07,5.07958e-13
4.86493e+06,0.000196581,8.13513e-05,3307.69,3.36258e-06,3.00186e-06,-3.60722e-07,-5.00754e-13
4.86493e+06,9.66487e-05,8.79329e-05,-4990.13,-5.07294e-06,-4.70785e-06,3.65094e-07,5.06824e-13
4.86493e+06,0.000196609,8.1799e-05,3306.97,3.36185e-06,3.00179e-06,-3.60064e-07,-4.99841e-13
4.86493e+06,9.66667e-05,8.82179e-05,-4989.35,-5.07215e-06,-4.70788e-06,3.64272e-07,5.05682e-13
4.86493e+06,9.66674e-05,8.82298e-05,-4989.39,-5.07219e-06,-4.70788e-06,3.64307e-07,5.0573e-13
4.86493e+06,0.000196637,8.22467e-05,3306.19,3.36106e-06,3.00171e-06,-3.59351e-07,-4.9885e-13
4.86493e+06,9.66857e-05,8.85267e-05,-4990.25,-5.07306e-06,-4.70791e-06,3.65149e-07,5.069e-13
4.86493e+06,0.000196665,8.26946e-05,3305.36,3.36021e-06,3.00162e-06,-3.58587e-07,-4.9779e-13
4.86493e+06,9.67034e-05,8.88237e-05,-4991.04,-5.07386e-06,-4.70793e-06,3.65927e-07,5.07979e-13
4.86493e+06,0.000196667,8.27257e-05,3305.3,3.36015e-06,3.00162e-06,-3.58534e-07,-4.97717e-13
4.86493e+06,0.000196692,8.31425e-05,3306,3.36087e-06,3.00154e-06,-3.59328e-07,-4.98818e-13
4.86493e+06,9.67205e-05,8.91208e-05,-4991.76,-5.0746e-06,-4.70795e-06,3.66643e-07,5.08974e-13
4.86493e+06,0.000196717,8.35906e-05,3306.68,3.36155e-06,3.00146e-06,-3.60085e-07,-4.99869e-13
4.86493e+06,9.6737e-05,8.94179e-05,-4992.42,-5.07527e-06,-4.70797e-06,3.67301e-07,5.09887e-13
4.86493e+06,0.000196742,8.40389e-05,3307.27,3.36215e-06,3.0014e-06,-3.60749e-07,-5.00791e-13
4.86493e+06,9.6753e-05,8.97152e-05,-4993.03,-5.07588e-06,-4.70798e-06,3.67903e-07,5.10723e-13
4.86493e+06,0.000196766,8.44872e-05,3307.78,3.36267e-06,3.00134e-06,-3.61326e-07,-5.01593e-13
4.86493e+06,9.67685e-05,9.00125e-05,-4993.58,-5.07644e-06,-4.70799e-06,3.68454e-07,5.11487e-13
4.86493e+06,0.00019679,8.49357e-05,3308.22,3.36312e-06,3.00129e-06,-3.61824e-07,-5.02284e-13
4.86493e+06,9.67834e-05,9.03099e-05,-4994.07,-5.07695e-06,-4.70799e-06,3.68954e-07,5.12182e-13
4.86493e+06,0.000196812,8.53843e-05,3308.59,3.3635e-06,3.00125e-06,-3.62248e-07,-5.02872e-13
4.86493e+06,9.67979e-05,9.06074e-05,-4994.52,-5.07741e-06,-4.708e-06,3.69408e-07,5.12812e-13
4.86493e+06,0.000196834,8.58329e-05,3308.9,3.36381e-06,3.00121e-06,-3.62605e-07,-5.03367e-13
4.86493e+06,9.68118e-05,9.09049e-05,-4994.93,-5.07782e-06,-4.708e-06,3.69819e-07,5.13382e-13
4.86493e+06,0.000196854,8.62817e-05,3309.16,3.36407e-06,3.00117e-06,-3.62899e-07,-5.03776e-13
4.86493e+06,9.68253e-05,9.12025e-05,-4995.29,-5.07819e-06,-4.708e-06,3.70188e-07,5.13894e-13
4.86493e+06,0.000196875,8.67306e-05,3309.36,3.36428e-06,3.00114e-06,-3.63137e-07,-5.04107e-13
4.86493e+06,9.68383e-05,9.15002e-05,-4995.62,-5.07852e-06,-4.708e-06,3.70518e-07,5.14353e-13
4.86493e+06,0.000196894,8.71796e-05,3309.52,3.36444e-06,3.00111e-06,-3.63324e-07,-5.04365e-13
4.86493e+06,9.68507e-05,9.17979e-05,-4995.9,-5.07881e-06,-4.708e-06,3.70813e-07,5.14762e-13
4.86493e+06,0.000196913,8.76286e-05,3309.63,3.36455e-06,3.00108e-06,-3.63463e-07,-5.04559e-13
4.86493e+06,9.68628e-05,9.20957e-05,-4996.16,-5.07907e-06,-4.70799e-06,3.71074e-07,5.15124e-13
4.86493e+06,0.000196931,8.80778e-05,3309.7,3.36462e-06,3.00106e-06,-3.63561e-07,-5.04695e-13
4.86493e+06,9.68743e-05,9.23935e-05,-4996.38,-5.07929e-06,-4.70799e-06,3.71304e-07,5.15443e-13
4.86493e+06,0.000196948,8.8527e-05,3309.73,3.36466e-06,3.00103e-06,-3.63621e-07,-5.04778e-13
4.86493e+06,9.68854e-05,9.26914e-05,-4996.57,-5.07949e-06,-4.70798e-06,3.71505e-07,5.15723e-13
4.86493e+06,0.000196964,8.89763e-05,3309.74,3.36466e-06,3.00101e-06,-3.63647e-07,-5.04814e-13
4.86493e+06,9.68961e-05,9.29893e-05,-4996.74,-5.07966e-06,-4.70798e-06,3.7168e-07,5.15965e-13
4.86493e+06,0.00019698,8.94257e-05,3309.71,3.36463e-06,3.00099e-06,-3.63643e-07,-5.04809e-13
4.86493e+06,9.69063e-05,9.32873e-05,-4996.88,-5.0798e-06,-4.70797e-06,3.7183e-07,5.16174e-13
4.86493e+06,0.000196996,8.98751e-05,3309.66,3.36458e-06,3.00097e-06,-3.63614e-07,-5.04768e-13
4.86493e+06,9.6916e-05,9.35853e-05,-4997,-5.07993e-06,-4.70797e-06,3.71959e-07,5.16353e-13
4.86493e+06,0.00019701,9.03247e-05,3309.59,3.36451e-06,3.00095e-06,-3.63562e-07,-5.04696e-13
4.86493e+06,9.69253e-05,9.38834e-05,-4997.11,-5.08003e-06,-4.70796e-06,3.72067e-07,5.16503e-13
4.86493e+06,0.000197024,9.07742e-05,3309.5,3.36442e-06,3.00093e-06,-3.6349e-07,-5.04597e-13
4.86493e+06,9.69341e-05,9.41815e-05,-4997.19,-5.08012e-06,-4.70796e-06,3.72157e-07,5.16628e-13
4.86493e+06,0.000197038,9.12239e-05,3309.39,3.36431e-06,3.00091e-06,-3.63403e-07,-5.04475e-13
4.86493e+06,9.69425e-05,9.44796e-05,-4997.26,-5.08018e-06,-4.70795e-06,3.7223e-07,5.1673e-13
4.86493e+06,0.00019705,9.16736e-05,3309.27,3.36419e-06,3.00089e-06,-3.63302e-07,-5.04335e-13
4.86493e+06,9.69505e-05,9.47778e-05,-4997.31,-5.08024e-06,-4.70795e-06,3.72289e-07,5.16812e-13
4.86493e+06,0.000197062,9.21233e-05,3309.14,3.36406e-06,3.00087e-06,-3.63191e-07,-5.04181e-13
4.86493e+06,9.6958e-05,9.50761e-05,-4997.35,-5.08028e-06,-4.70794e-06,3.72336e-07,5.16876e-13
4.86493e+06,0.000197074,9.25732e-05,3309.01,3.36392e-06,3.00085e-06,-3.63072e-07,-5.04016e-13
4.86493e+06,9.69651e-05,9.53743e-05,-4997.38,-5.08031e-06,-4.70794e-06,3.72371e-07,5.16924e-13
4.86493e+06,0.000197085,9.3023e-05,3308.87,3.36378e-06,3.00083e-06,-3.62947e-07,-5.03843e-13
4.86493e+06,9.69717e-05,9.56726e-05,-4997.4,-5.08033e-06,-4.70794e-06,3.72396e-07,5.1696e-13
4.86493e+06,0.000197095,9.34729e-05,3308.73,3.36363e-06,3.00081e-06,-3.6282e-07,-5.03666e-13
4.86493e+06,9.69779e-05,9.59709e-05,-4997.41,-5.08034e-06,-4.70793e-06,3.72413e-07,5.16983e-13
4.86493e+06,0.000197104,9.39229e-05,3308.58,3.36349e-06,3.00079e-06,-3.62691e-07,-5.03488e-13
4.86493e+06,9.69836e-05,9.62692e-05,-4997.42,-5.08035e-06,-4.70793e-06,3.72423e-07,5.16997e-13
4.86493e+06,0.000197113,9.43729e-05,3308.44,3.36334e-06,3.00078e-06,-3.62564e-07,-5.03311e-13
4.86493e+06,9.69889e-05,9.65676e-05,-4997.42,-5.08035e-06,-4.70793e-06,3.72427e-07,5.17003e-13
4.86493e+06,0.000197121,9.48229e-05,3308.3,3.3632e-06,3.00076e-06,-3.62439e-07,-5.03138e-13
4.86493e+06,9.69938e-05,9.6866e-05,-4997.42,-5.08035e-06,-4.70792e-06,3.72427e-07,5.17003e-13
4.86493e+06,0.000197128,9.5273e-05,3308.17,3.36307e-06,3.00075e-06,-3.62319e-07,-5.02971e-13
4.86493e+06,9.69982e-05,9.71644e-05,-4997.41,-5.08034e-06,-4.70792e-06,3.72423e-07,5.16998e-13
4.86493e+06,0.000197135,9.57231e-05,3308.04,3.36294e-06,3.00073e-06,-3.62205e-07,-5.02813e-13
4.86493e+06,9.70022e-05,9.74629e-05,-4997.4,-5.08033e-06,-4.70792e-06,3.72417e-07,5.16989e-13
4.86493e+06,0.000197141,9.61732e-05,3307.92,3.36282e-06,3.00072e-06,-3.62098e-07,-5.02665e-13
4.86493e+06,9.70057e-05,9.77613e-05,-4997.4,-5.08033e-06,-4.70792e-06,3.7241e-07,5.16979e-13
4.86493e+06,0.000197147,9.66233e-05,3307.82,3.36271e-06,3.00071e-06,-3.62e-07,-5.02529e-13
4.86493e+06,9.70088e-05,9.80598e-05,-4997.39,-5.08031e-06,-4.70791e-06,3.72401e-07,5.16967e-13
4.86493e+06,0.000197152,9.70735e-05,3307.72,3.36261e-06,3.0007e-06,-3.61912e-07,-5.02406e-13
4.86493e+06,9.70115e-05,9.83582e-05,-4997.38,-5.0803e-06,-4.70791e-06,3.72393e-07,5.16955e-13
4.86493e+06,0.000197156,9.75237e-05,3307.63,3.36252e-06,3.00069e-06,-3.61835e-07,-5.02299e-13
4.86493e+06,9.70137e-05,9.86567e-05,-4997.37,-5.0803e-06,-4.70791e-06,3.72385e-07,5.16944e-13
4.86493e+06,0.000197159,9.79739e-05,3307.56,3.36245e-06,3.00068e-06,-3.61769e-07,-5.02208e-13
4.86493e+06,9.70155e-05,9.89552e-05,-4997.36,-5.08029e-06,-4.70791e-06,3.72378e-07,5.16935e-13
4.86493e+06,0.000197162,9.84241e-05,3307.5,3.36239e-06,3.00067e-06,-3.61716e-07,-5.02134e-13
4.86493e+06,9.70168e-05,9.92537e-05,-4997.35,-5.08028e-06,-4.70791e-06,3.72372e-07,5.16927e-13
4.86493e+06,0.000197164,9.88744e-05,3307.46,3.36234e-06,3.00067e-06,-3.61675e-07,-5.02077e-13
4.86493e+06,9.70177e-05,9.95522e-05,-4997.35,-5.08028e-06,-4.70791e-06,3.72368e-07,5.16921e-13
4.86493e+06,0.000197165,9.93246e-05,3307.43,3.36231e-06,3.00067e-06,-3.61648e-07,-5.02039e-13
4.86493e+06,9.70181e-05,9.98507e-05,-4997.35,-5.08027e-06,-4.70791e-06,3.72366e-07,5.16919e-13
4.86493e+06,0.000197166,9.97749e-05,3307.41,3.3623e-06,3.00066e-06,-3.61634e-07,-5.0202e-13
4.86493e+06,9.70181e-05,0.000100149,-4997.35,-5.08027e-06,-4.70791e-06,3.72366e-07,5.16919e-13
4.86493e+06,0.000197166,0.000100225,3307.41,3.3623e-06,3.00066e-06,-3.61634e-07,-5.0202e-13
4.86493e+06,9.70177e-05,0.000100448,-4997.35,-5.08028e-06,-4.70791e-06,3.72368e-07,5.16921e-13
4.86493e+06,0.000197165,0.000100675,3307.43,3.36231e-06,3.00067e-06,-3.61648e-07,-5.02039e-13
4.86493e+06,9.70168e-05,0.000100746,-4997.35,-5.08028e-06,-4.70791e-06,3.72372e-07,5.16927e-13
4.86493e+06,0.000197164,0.000101126,3307.46,3.36234e-06,3.00067e-06,-3.61675e-07,-5.02077e-13
4.86493e+06,9.70155e-05,0.000101045,-4997.36,-5.08029e-06,-4.70791e-06,3.72378e-07,5.16935e-13
4.86493e+06,0.000197162,0.000101576,3307.5,3.36239e-06,3.00067e-06,-3.61716e-07,-5.02134e-13
4.86493e+06,9.70137e-05,0.000101343,-4997.37,-5.0803e-06,-4.70791e-06,3.72385e-07,5.16944e-13
4.86493e+06,0.000197159,0.000102026,3307.56,3.36245e-06,3.00068e-06,-3.61769e-07,-5.02208e-13
4.86493e+06,9.70115e-05,0.000101642,-4997.38,-5.0803e-06,-4.70791e-06,3.72393e-07,5.16955e-13
4.86493e+06,0.000197156,0.000102476,3307.63,3.36252e-06,3.00069e-06,-3.61835e-07,-5.02299e-13
4.86493e+06,9.70088e-05,0.00010194,-4997.39,-5.08031e-06,-4.70791e-06,3.72401e-07,5.16967e-13
4.86493e+06,0.000197152,0.000102926,3307.72,3.36261e-06,3.0007e-06,-3.61912e-07,-5.02406e-13
4.86493e+06,9.70057e-05,0.000102239,-4997.4,-5.08033e-06,-4.70792e-06,3.7241e-07,5.16979e-13
4.86493e+06,0.000197147,0.000103377,3307.82,3.36271e-06,3.00071e-06,-3.62e-07,-5.02529e-13
4.86493e+06,9.70022e-05,0.000102537,-4997.4,-5.08033e-06,-4.70792e-06,3.72417e-07,5.16989e-13
4.86493e+06,0.000197141,0.000103827,3307.92,3.36282e-06,3.00072e-06,-3.62098e-07,-5.02665e-13
4.86493e+06,9.69982e-05,0.000102836,-4997.41,-5.08034e-06,-4.70792e-06,3.72423e-07,5.16998e-13
4.86493e+06,0.000197135,0.000104277,3308.04,3.36294e-06,3.00073e-06,-3.62205e-07,-5.02813e-13
4.86493e+06,9.69938e-05,0.000103134,-4997.42,-5.08035e-06,-4.70792e-06,3.72427e-07,5.17003e-13
4.86493e+06,0.000197128,0.000104727,3308.17,3.36307e-06,3.00075e-06,-3.62319e-07,-5.02971e-13
4.86493e+06,9.69889e-05,0.000103432,-4997.42,-5.08035e-06,-4.70793e-06,3.72427e-07,5.17003e-13
4.86493e+06,0.000197121,0.000105177,3308.3,3.3632e-06,3.00076e-06,-3.62439e-07,-5.03138e-13
4.86493e+06,9.69836e-05,0.000103731,-4997.42,-5.08035e-06,-4.70793e-06,3.72423e-07,5.16997e-13
4.86493e+06,0.000197113,0.000105627,3308.44,3.36334e-06,3.00078e-06,-3.62564e-07,-5.03311e-13
4.86493e+06,9.69779e-05,0.000104029,-4997.41,-5.08034e-06,-4.70793e-06,3.72413e-07,5.16983e-13
4.86493e+06,0.000197104,0.000106077,3308.58,3.36349e-06,3.00079e-06,-3.62691e-07,-5.03488e-13
4.86493e+06,9.69717e-05,0.000104327,-4997.4,-5.08033e-06,-4.70794e-06,3.72396e-07,5.1696e-13
4.86493e+06,0.000197095,0.000106527,3308.73,3.36363e-06,3.00081e-06,-3.6282e-07,-5.03666e-13
4.86493e+06,9.69651e-05,0.000104626,-4997.38,-5.08031e-06,-4.70794e-06,3.72371e-07,5.16924e-13
4.86493e+06,0.000197085,0.000106977,3308.87,3.36378e-06,3.00083e-06,-3.62947e-07,-5.03843e-13
4.86493e+06,9.6958e-05,0.000104924,-4997.35,-5.08028e-06,-4.70794e-06,3.72336e-07,5.16876e-13
4.86493e+06,0.000197074,0.000107427,3309.01,3.36392e-06,3.00085e-06,-3.63072e-07,-5.04016e-13
4.86493e+06,9.69505e-05,0.000105222,-4997.31,-5.08024e-06,-4.70795e-06,3.72289e-07,5.16812e-13
4.86493e+06,0.000197062,0.000107877,3309.14,3.36406e-06,3.00087e-06,-3.63191e-07,-5.04181e-13
4.86493e+06,9.69425e-05,0.00010552,-4997.26,-5.08018e-06,-4.70795e-06,3.7223e-07,5.1673e-13
4.86493e+06,0.00019705,0.000108326,3309.27,3.36419e-06,3.00089e-06,-3.63302e-07,-5.04335e-13
4.86493e+06,9.69341e-05,0.000105819,-4997.19,-5.08012e-06,-4.70796e-06,3.72157e-07,5.16628e-13
4.86493e+06,0.000197038,0.000108776,3309.39,3.36431e-06,3.00091e-06,-3.63403e-07,-5.04475e-13
4.86493e+06,9.69253e-05,0.000106117,-4997.11,-5.08003e-06,-4.70796e-06,3.72067e-07,5.16503e-13
4.86493e+06,0.000197024,0.000109226,3309.5,3.36442e-06,3.00093e-06,-3.6349e-07,-5.04597e-13
4.86493e+06,9.6916e-05,0.000106415,-4997,-5.07993e-06,-4.70797e-06,3.71959e-07,5.16353e-13
4.86493e+06,0.00019701,0.000109675,3309.59,3.36451e-06,3.00095e-06,-3.63562e-07,-5.04696e-13
4.86493e+06,9.69063e-05,0.000106713,-4996.88,-5.0798e-06,-4.70797e-06,3.7183e-07,5.16174e-13
4.86493e+06,0.000196996,0.000110125,3309.66,3.36458e-06,3.00097e-06,-3.63614e-07,-5.04768e-13
4.86493e+06,9.68961e-05,0.000107011,-4996.74,-5.07966e-06,-4.70798e-06,3.7168e-07,5.15965e-13
4.86493e+06,0.00019698,0.000110574,3309.71,3.36463e-06,3.00099e-06,-3.63643e-07,-5.04809e-13
4.86493e+06,9.68854e-05,0.000107309,-4996.57,-5.07949e-06,-4.70798e-06,3.71505e-07,5.15723e-13
4.86493e+06,0.000196964,0.000111024,3309.74,3.36466e-06,3.00101e-06,-3.63647e-07,-5.04814e-13
4.86493e+06,9.68743e-05,0.000107607,-4996.38,-5.07929e-06,-4.70799e-06,3.71304e-07,5.15443e-13
4.86493e+06,0.000196948,0.000111473,3309.73,3.36466e-06,3.00103e-06,-3.63621e-07,-5.04778e-13
4.86493e+06,9.68628e-05,0.000107904,-4996.16,-5.07907e-06,-4.70799e-06,3.71074e-07,5.15124e-13
4.86493e+06,0.000196931,0.000111922,3309.7,3.36462e-06,3.00106e-06,-3.63561e-07,-5.04695e-13
4.86493e+06,9.68507e-05,0.000108202,-4995.9,-5.07881e-06,-4.708e-06,3.70813e-07,5.14762e-13
4.86493e+06,0.000196913,0.000112371,3309.63,3.36455e-06,3.00108e-06,-3.63463e-07,-5.04559e-13
4.86493e+06,9.68383e-05,0.0001085,-4995.62,-5.07852e-06,-4.708e-06,3.70518e-07,5.14353e-13
4.86493e+06,0.000196894,0.00011282,3309.52,3.36444e-06,3.00111e-06,-3.63324e-07,-5.04365e-13
4.86493e+06,9.68253e-05,0.000108797,-4995.29,-5.07819e-06,-4.708e-06,3.70188e-07,5.13894e-13
4.86493e+06,0.000196875,0.000113269,3309.36,3.36428e-06,3.00114e-06,-3.63137e-07,-5.04107e-13
4.86493e+06,9.68118e-05,0.000109095,-4994.93,-5.07782e-06,-4.708e-06,3.69819e-07,5.13382e-13
4.86493e+06,0.000196854,0.000113718,3309.16,3.36407e-06,3.00117e-06,-3.62899e-07,-5.03776e-13
4.86493e+06,9.67979e-05,0.000109393,-4994.52,-5.07741e-06,-4.708e-06,3.69408e-07,5.12812e-13
4.86493e+06,0.000196834,0.000114167,3308.9,3.36381e-06,3.00121e-06,-3.62605e-07,-5.03367e-13
4.86493e+06,9.67834e-05,0.00010969,-4994.07,-5.07695e-06,-4.70799e-06,3.68954e-07,5.12182e-13
4.86493e+06,0.000196812,0.000114616,3308.59,3.3635e-06,3.00125e-06,-3.62248e-07,-5.02872e-13
4.86493e+06,9.67685e-05,0.000109987,-4993.58,-5.07644e-06,-4.70799e-06,3.68454e-07,5.11487e-13
4.86493e+06,0.00019679,0.000115064,3308.22,3.36312e-06,3.00129e-06,-3.61824e-07,-5.02284e-13
4.86493e+06,9.6753e-05,0.000110285,-4993.03,-5.07588e-06,-4.70798e-06,3.67903e-07,5.10723e-13
4.86493e+06,0.000196766,0.000115513,3307.78,3.36267e-06,3.00134e-06,-3.61326e-07,-5.01593e-13
4.86493e+06,9.6737e-05,0.000110582,-4992.42,-5.07527e-06,-4.70797e-06,3.67301e-07,5.09887e-13
4.86493e+06,0.000196742,0.000115961,3307.27,3.36215e-06,3.0014e-06,-3.60749e-07,-5.00791e-13
4.86493e+06,9.67205e-05,0.000110879,-4991.76,-5.0746e-06,-4.70795e-06,3.66643e-07,5.08974e-13
4.86493e+06,0.000196717,0.000116409,3306.68,3.36155e-06,3.00146e-06,-3.60085e-07,-4.99869e-13
4.86493e+06,9.67034e-05,0.000111176,-4991.04,-5.07386e-06,-4.70793e-06,3.65927e-07,5.07979e-13
4.86493e+06,0.000196692,0.000116857,3306,3.36087e-06,3.00154e-06,-3.59328e-07,-4.98818e-13
4.86493e+06,9.66857e-05,0.000111473,-4990.25,-5.07306e-06,-4.70791e-06,3.65149e-07,5.069e-13
4.86493e+06,0.000196667,0.000117274,3305.3,3.36015e-06,3.00162e-06,-3.58534e-07,-4.97717e-13
4.86493e+06,0.000196665,0.000117305,3305.36,3.36021e-06,3.00162e-06,-3.58587e-07,-4.9779e-13
4.86493e+06,9.66674e-05,0.00011177,-4989.39,-5.07219e-06,-4.70788e-06,3.64307e-07,5.0573e-13
4.86493e+06,0.000196637,0.000117753,3306.19,3.36106e-06,3.00171e-06,-3.59351e-07,-4.9885e-13
4.86493e+06,9.66487e-05,0.000112067,-4990.13,-5.07294e-06,-4.70785e-06,3.65094e-07,5.06824e-13
4.86493e+06,9.66667e-05,0.000111782,-4989.35,-5.07215e-06,-4.70788e-06,3.64272e-07,5.05682e-13
4.86493e+06,0.000196609,0.000118201,3306.97,3.36185e-06,3.00179e-06,-3.60064e-07,-4.99841e-13
4.86493e+06,9.66296e-05,0.000112364,-4990.91,-5.07373e-06,-4.70782e-06,3.65912e-07,5.07958e-13
4.86493e+06,0.000196581,0.000118649,3307.69,3.36258e-06,3.00186e-06,-3.60722e-07,-5.00754e-13
4.86493e+06,9.66102e-05,0.000112661,-4991.65,-5.07448e-06,-4.7078e-06,3.66684e-07,5.0903e-13
4.86493e+06,0.000196552,0.000119096,3308.34,3.36324e-06,3.00192e-06,-3.61318e-07,-5.01582e-13
4.86493e+06,9.65905e-05,0.000112957,-4992.34,-5.07519e-06,-4.70778e-06,3.67407e-07,5.10034e-13
4.86493e+06,0.000196523,0.000119544,3308.91,3.36382e-06,3.00198e-06,-3.61846e-07,-5.02315e-13
4.86493e+06,9.65705e-05,0.000113254,-4992.99,-5.07584e-06,-4.70777e-06,3.68078e-07,5.10965e-13
4.86493e+06,0.000196494,0.000119991,3309.41,3.36433e-06,3.00203e-06,-3.623e-07,-5.02944e-13
4.86493e+06,9.65501e-05,0.00011355,-4993.58,-5.07645e-06,-4.70776e-06,3.68691e-07,5.11816e-13
4.86493e+06,0.000196464,0.000120438,3309.82,3.36474e-06,3.00207e-06,-3.62672e-07,-5.03461e-13
4.86493e+06,9.65294e-05,0.000113846,-4994.12,-5.07699e-06,-4.70775e-06,3.69244e-07,5.12584e-13
4.86493e+06,0.000196433,0.000120885,3310.14,3.36507e-06,3.00211e-06,-3.62956e-07,-5.03855e-13
4.86493e+06,9.65084e-05,0.000114143,-4994.6,-5.07748e-06,-4.70775e-06,3.69732e-07,5.13261e-13
4.86493e+06,0.000196402,0.000121332,3310.36,3.36529e-06,3.00215e-06,-3.63143e-07,-5.04114e-13
4.86493e+06,9.64871e-05,0.000114439,-4995.01,-5.0779e-06,-4.70775e-06,3.70151e-07,5.13843e-13
4.86493e+06,0.00019637,0.000121779,3310.48,3.36541e-06,3.00219e-06,-3.63225e-07,-5.04229e-13
4.86493e+06,9.64654e-05,0.000114735,-4995.36,-5.07825e-06,-4.70776e-06,3.70497e-07,5.14324e-13
4.86493e+06,0.000196338,0.000122225,3310.48,3.36542e-06,3.00222e-06,-3.63194e-07,-5.04186e-13
4.86493e+06,9.64433e-05,0.000115031,-4995.63,-5.07853e-06,-4.70776e-06,3.70767e-07,5.14698e-13
4.86493e+06,0.000196305,0.000122672,3310.37,3.3653e-06,3.00226e-06,-3.6304e-07,-5.03972e-13
4.86493e+06,9.64209e-05,0.000115327,-4995.83,-5.07873e-06,-4.70777e-06,3.70955e-07,5.14959e-13
4.86493e+06,0.000196271,0.000123118,3310.13,3.36506e-06,3.0023e-06,-3.62753e-07,-5.03574e-13
4.86493e+06,9.6398e-05,0.000115623,-4995.94,-5.07884e-06,-4.70779e-06,3.71058e-07,5.15102e-13
4.86493e+06,0.000196236,0.000123564,3309.75,3.36467e-06,3.00235e-06,-3.62323e-07,-5.02977e-13
4.86493e+06,9.63748e-05,0.000115918,-4995.97,-5.07887e-06,-4.7078e-06,3.71071e-07,5.1512e-13
4.86493e+06,0.000196201,0.00012401,3309.23,3.36414e-06,3.0024e-06,-3.61739e-07,-5.02166e-13
4.86493e+06,9.63512e-05,0.000116214,-4995.9,-5.0788e-06,-4.70782e-06,3.70989e-07,5.15007e-13
4.86493e+06,0.000196164,0.000124456,3308.56,3.36346e-06,3.00247e-06,-3.60988e-07,-5.01123e-13
4.86493e+06,9.63271e-05,0.000116509,-4995.74,-5.07864e-06,-4.70783e-06,3.70809e-07,5.14757e-13
4.86493e+06,0.000196127,0.000124902,3307.72,3.36261e-06,3.00255e-06,-3.60058e-07,-4.99833e-13
4.86493e+06,9.63026e-05,0.000116805,-4995.47,-5.07837e-06,-4.70784e-06,3.70526e-07,5.14364e-13
4.86493e+06,0.000196088,0.000125347,3306.71,3.36159e-06,3.00265e-06,-3.58936e-07,-4.98275e-13
4.86493e+06,9.62776e-05,0.0001171,-4995.1,-5.07799e-06,-4.70785e-06,3.70135e-07,5.1382e-13
4.86493e+06,0.000196061,0.00012565,3305.94,3.3608e-06,3.00273e-06,-3.58067e-07,-4.97068e-13
4.86493e+06,0.000196048,0.000125792,3306.32,3.36118e-06,3.00277e-06,-3.58417e-07,-4.97553e-13
4.86493e+06,9.6252e-05,0.000117395,-4994.61,-5.07749e-06,-4.70786e-06,3.6963e-07,5.13121e-13
4.86493e+06,0.000196007,0.000126237,3307.47,3.36236e-06,3.00288e-06,-3.59483e-07,-4.99034e-13
4.86493e+06,9.62259e-05,0.00011769,-4994,-5.07688e-06,-4.70787e-06,3.69009e-07,5.12257e-13
4.86493e+06,0.000195967,0.000126682,3308.48,3.36339e-06,3.00297e-06,-3.6042e-07,-5.00334e-13
4.86493e+06,9.61993e-05,0.000117985,-4993.27,-5.07613e-06,-4.70787e-06,3.68264e-07,5.11224e-13
4.86493e+06,0.000195926,0.000127127,3309.34,3.36426e-06,3.00304e-06,-3.61218e-07,-5.01442e-13
4.86493e+06,9.6172e-05,0.00011828,-4992.41,-5.07525e-06,-4.70786e-06,3.67392e-07,5.10014e-13
4.86493e+06,0.000195886,0.000127571,3310.04,3.36497e-06,3.0031e-06,-3.61866e-07,-5.02342e-13
4.86493e+06,9.61441e-05,0.000118574,-4991.4,-5.07423e-06,-4.70785e-06,3.66388e-07,5.08619e-13
4.86493e+06,0.000195844,0.000128016,3310.57,3.3655e-06,3.00315e-06,-3.62353e-07,-5.03019e-13
4.86493e+06,9.61154e-05,0.000118869,-4990.25,-5.07307e-06,-4.70782e-06,3.65244e-07,5.07032e-13
4.86493e+06,0.000195803,0.00012846,3310.92,3.36586e-06,3.00319e-06,-3.62667e-07,-5.03454e-13
4.86493e+06,9.60861e-05,0.000119163,-4988.95,-5.07174e-06,-4.70779e-06,3.63958e-07,5.05246e-13
4.86493e+06,0.000195761,0.000128904,3311.08,3.36602e-06,3.00323e-06,-3.62794e-07,-5.03631e-13
4.86493e+06,9.60559e-05,0.000119457,-4987.94,-5.07071e-06,-4.70774e-06,3.62974e-07,5.0388e-13
4.86493e+06,9.60606e-05,0.000119411,-4987.74,-5.07051e-06,-4.70775e-06,3.6276e-07,5.03583e-13
4.86493e+06,0.000195718,0.000129348,3311.04,3.36599e-06,3.00327e-06,-3.6272e-07,-5.03528e-13
4.86493e+06,9.60254e-05,0.000119751,-4989.22,-5.07202e-06,-4.70769e-06,3.6433e-07,5.05762e-13
4.86493e+06,0.000195675,0.000129791,3310.8,3.36574e-06,3.00331e-06,-3.62429e-07,-5.03123e-13
4.86493e+06,9.59948e-05,0.000120045,-4990.39,-5.0732e-06,-4.70765e-06,3.65544e-07,5.07448e-13
4.86493e+06,0.00019563,0.000130235,3310.33,3.36526e-06,3.00336e-06,-3.61904e-07,-5.02394e-13
4.86493e+06,9.59641e-05,0.000120339,-4991.41,-5.07424e-06,-4.70763e-06,3.66614e-07,5.08933e-13
4.86493e+06,0.000195585,0.000130678,3309.62,3.36455e-06,3.00342e-06,-3.61126e-07,-5.01315e-13
4.86493e+06,9.59332e-05,0.000120632,-4992.3,-5.07515e-06,-4.70762e-06,3.67532e-07,5.10208e-13
4.86493e+06,0.000195538,0.000131121,3308.67,3.36358e-06,3.0035e-06,-3.60078e-07,-4.99859e-13
4.86493e+06,9.59021e-05,0.000120926,-4993.05,-5.07591e-06,-4.70761e-06,3.68296e-07,5.11267e-13
4.86493e+06,0.00019549,0.000131564,3307.45,3.36234e-06,3.0036e-06,-3.58736e-07,-4.97997e-13
4.86493e+06,9.58709e-05,0.000121219,-4993.65,-5.07651e-06,-4.70762e-06,3.68898e-07,5.12104e-13
4.86493e+06,0.000195455,0.000131886,3306.41,3.36128e-06,3.0037e-06,-3.5758e-07,-4.96392e-13
4.86493e+06,0.000195441,0.000132006,3306.8,3.36168e-06,3.00373e-06,-3.57943e-07,-4.96896e-13
4.86493e+06,9.58394e-05,0.000121513,-4994.09,-5.07696e-06,-4.70763e-06,3.69336e-07,5.12711e-13
4.86493e+06,0.000195391,0.000132448,3308.19,3.36309e-06,3.00385e-06,-3.59236e-07,-4.98691e-13
4.86493e+06,9.58076e-05,0.000121806,-4994.36,-5.07724e-06,-4.70764e-06,3.69602e-07,5.13081e-13
4.86493e+06,0.000195342,0.00013289,3309.36,3.36427e-06,3.00395e-06,-3.60328e-07,-5.00207e-13
4.86493e+06,9.57754e-05,0.000122099,-4994.47,-5.07735e-06,-4.70766e-06,3.69693e-07,5.13207e-13
4.86493e+06,0.000195292,0.000133332,3310.28,3.36522e-06,3.00401e-06,-3.61203e-07,-5.01422e-13
4.86493e+06,9.57429e-05,0.000122392,-4994.4,-5.07728e-06,-4.70768e-06,3.69601e-07,5.13079e-13
4.86493e+06,0.000195243,0.000133774,3310.97,3.36591e-06,3.00407e-06,-3.61845e-07,-5.02312e-13
4.86493e+06,9.57099e-05,0.000122685,-4994.14,-5.07702e-06,-4.7077e-06,3.69321e-07,5.12691e-13
4.86493e+06,0.000195193,0.000134216,3311.39,3.36634e-06,3.0041e-06,-3.62234e-07,-5.02853e-13
4.86493e+06,9.56765e-05,0.000122977,-4993.69,-5.07656e-06,-4.70771e-06,3.68847e-07,5.12033e-13
4.86493e+06,0.000195143,0.000134657,3311.54,3.36649e-06,3.00414e-06,-3.62352e-07,-5.03017e-13
4.86493e+06,9.56425e-05,0.00012327,-4993.04,-5.0759e-06,-4.70773e-06,3.68173e-07,5.11097e-13
4.86493e+06,0.000195092,0.000135098,3311.39,3.36635e-06,3.00417e-06,-3.62176e-07,-5.02772e-13
4.86493e+06,9.56078e-05,0.000123562,-4992.18,-5.07502e-06,-4.70773e-06,3.67291e-07,5.09872e-13
4.86493e+06,0.00019504,0.000135539,3310.95,3.36589e-06,3.00421e-06,-3.61681e-07,-5.02085e-13
4.86493e+06,9.55725e-05,0.000123854,-4991.09,-5.07392e-06,-4.70772e-06,3.66194e-07,5.0835e-13
4.86493e+06,0.000194987,0.000135979,3310.18,3.36511e-06,3.00427e-06,-3.60843e-07,-5.00921e-13
4.86493e+06,9.55363e-05,0.000124146,-4989.78,-5.07258e-06,-4.7077e-06,3.64875e-07,5.06519e-13
4.86493e+06,0.000194933,0.00013642,3309.06,3.36398e-06,3.00435e-06,-3.59631e-07,-4.9924e-13
4.86493e+06,9.54993e-05,0.000124437,-4988.22,-5.071e-06,-4.70767e-06,3.63327e-07,5.0437e-13
4.86493e+06,0.000194877,0.00013686,3307.59,3.36247e-06,3.00446e-06,-3.58016e-07,-4.96997e-13
4.86493e+06,9.54614e-05,0.000124729,-4986.41,-5.06915e-06,-4.70761e-06,3.61539e-07,5.01889e-13
4.86493e+06,0.000194848,0.000137077,3306.74,3.36162e-06,3.00453e-06,-3.57089e-07,-4.9571e-13
4.86493e+06,0.000194819,0.000137299,3307.57,3.36246e-06,3.0046e-06,-3.57862e-07,-4.96783e-13
4.86493e+06,9.54228e-05,0.00012502,-4987.43,-5.07019e-06,-4.70755e-06,3.62639e-07,5.03415e-13
4.86493e+06,9.54545e-05,0.00012478,-4986.07,-5.06881e-06,-4.7076e-06,3.6121e-07,5.01431e-13
4.86493e+06,0.000194762,0.000137738,3309.07,3.36398e-06,3.00471e-06,-3.59269e-07,-4.98737e-13
4.86493e+06,9.53843e-05,0.000125311,-4988.9,-5.07169e-06,-4.70751e-06,3.64183e-07,5.05558e-13
4.86493e+06,0.000194705,0.000138178,3310.26,3.36519e-06,3.00479e-06,-3.60401e-07,-5.00309e-13
4.86493e+06,9.53459e-05,0.000125602,-4990.16,-5.07297e-06,-4.70748e-06,3.65489e-07,5.07372e-13
4.86493e+06,0.000194649,0.000138617,3311.13,3.36608e-06,3.00484e-06,-3.61234e-07,-5.01465e-13
4.86493e+06,9.53075e-05,0.000125893,-4991.19,-5.07402e-06,-4.70747e-06,3.66552e-07,5.08848e-13
4.86493e+06,0.000194592,0.000139056,3311.66,3.36662e-06,3.00488e-06,-3.61742e-07,-5.0217e-13
4.86493e+06,9.52691e-05,0.000126184,-4992,-5.07484e-06,-4.70747e-06,3.67367e-07,5.09978e-13
4.86493e+06,0.000194535,0.000139494,3311.84,3.3668e-06,3.0049e-06,-3.61897e-07,-5.02385e-13
4.86493e+06,9.52305e-05,0.000126474,-4992.56,-5.07541e-06,-4.70748e-06,3.67926e-07,5.10755e-13
4.86493e+06,0.000194477,0.000139933,3311.64,3.36659e-06,3.00493e-06,-3.61667e-07,-5.02066e-13
4.86493e+06,9.51917e-05,0.000126765,-4992.87,-5.07572e-06,-4.7075e-06,3.68225e-07,5.11169e-13
4.86493e+06,0.000194418,0.000140371,3311.04,3.36598e-06,3.00496e-06,-3.6102e-07,-5.01168e-13
4.86493e+06,9.51526e-05,0.000127055,-4992.92,-5.07578e-06,-4.70752e-06,3.68256e-07,5.11212e-13
4.86493e+06,0.000194358,0.000140809,3310.01,3.36494e-06,3.00502e-06,-3.59918e-07,-4.99637e-13
4.86493e+06,9.51131e-05,0.000127345,-4992.7,-5.07556e-06,-4.70754e-06,3.68011e-07,5.10872e-13
4.86493e+06,0.000194296,0.000141246,3308.53,3.36343e-06,3.00511e-06,-3.58318e-07,-4.97417e-13
4.86493e+06,9.5073e-05,0.000127635,-4992.2,-5.07505e-06,-4.70756e-06,3.67483e-07,5.10139e-13
4.86493e+06,0.000194242,0.000141617,3306.91,3.36179e-06,3.00523e-06,-3.56557e-07,-4.94972e-13
4.86493e+06,0.000194233,0.000141683,3307.18,3.36206e-06,3.00525e-06,-3.56812e-07,-4.95326e-13
4.86493e+06,9.50324e-05,0.000127925,-4991.41,-5.07424e-06,-4.70758e-06,3.66663e-07,5.09002e-13
4.86493e+06,0.000194169,0.00014212,3308.93,3.36384e-06,3.00538e-06,-3.58468e-07,-4.97624e-13
4.86493e+06,9.49911e-05,0.000128215,-4990.31,-5.07312e-06,-4.70758e-06,3.65543e-07,5.07447e-13
4.86493e+06,0.000194105,0.000142556,3310.31,3.36525e-06,3.00546e-06,-3.5979e-07,-4.9946e-13
4.86493e+06,9.49489e-05,0.000128504,-4988.89,-5.07168e-06,-4.70757e-06,3.64112e-07,5.0546e-13
4.86493e+06,0.000194042,0.000142993,3311.3,3.36625e-06,3.0055e-06,-3.60747e-07,-5.00788e-13
4.86493e+06,9.49058e-05,0.000128793,-4987.13,-5.06989e-06,-4.70753e-06,3.62359e-07,5.03026e-13
4.86493e+06,0.00019398,0.000143429,3311.87,3.36683e-06,3.00553e-06,-3.61301e-07,-5.01558e-13
4.86493e+06,9.48615e-05,0.000129082,-4985.02,-5.06774e-06,-4.70747e-06,3.60271e-07,5.00127e-13
4.86493e+06,0.000193916,0.000143865,3311.99,3.36695e-06,3.00554e-06,-3.61416e-07,-5.01718e-13
4.86493e+06,9.48165e-05,0.00012937,-4985.73,-5.06847e-06,-4.7074e-06,3.61072e-07,5.0124e-13
4.86493e+06,9.48485e-05,0.000129165,-4984.36,-5.06708e-06,-4.70745e-06,3.59628e-07,4.99236e-13
4.86493e+06,0.000193852,0.0001443,3311.65,3.3666e-06,3.00556e-06,-3.61049e-07,-5.01208e-13
4.86493e+06,9.47717e-05,0.000129658,-4987.45,-5.07021e-06,-4.70734e-06,3.6287e-07,5.03736e-13
4.86493e+06,0.000193787,0.000144736,3310.8,3.36574e-06,3.00559e-06,-3.60152e-07,-4.99963e-13
4.86493e+06,9.47271e-05,0.000129947,-4988.87,-5.07166e-06,-4.70732e-06,3.64341e-07,5.05778e-13
4.86493e+06,0.000193721,0.000145171,3309.41,3.36433e-06,3.00566e-06,-3.58675e-07,-4.97912e-13
4.86493e+06,9.46827e-05,0.000130235,-4989.98,-5.07279e-06,-4.70731e-06,3.65479e-07,5.07358e-13
4.86493e+06,0.000193652,0.000145605,3307.44,3.36233e-06,3.00577e-06,-3.56556e-07,-4.9497e-13
4.86493e+06,9.46383e-05,0.000130523,-4990.77,-5.07359e-06,-4.70732e-06,3.66276e-07,5.08464e-13
4.86493e+06,0.000193636,0.000145699,3306.97,3.36184e-06,3.0058e-06,-3.56039e-07,-4.94253e-13
4.86493e+06,0.000193581,0.000146039,3308.49,3.36339e-06,3.00591e-06,-3.5748e-07,-4.96254e-13
4.86493e+06,9.45939e-05,0.000130811,-4991.23,-5.07406e-06,-4.70734e-06,3.66724e-07,5.09086e-13
4.86493e+06,0.000193512,0.000146473,3310.1,3.36503e-06,3.006e-06,-3.59029e-07,-4.98403e-13
4.86493e+06,9.45491e-05,0.000131098,-4991.35,-5.07418e-06,-4.70736e-06,3.66815e-07,5.09213e-13
4.86493e+06,0.000193444,0.000146907,3311.24,3.36619e-06,3.00604e-06,-3.60152e-07,-4.99962e-13
4.86493e+06,9.4504e-05,0.000131386,-4991.1,-5.07393e-06,-4.70739e-06,3.6654e-07,5.08831e-13
4.86493e+06,0.000193375,0.00014734,3311.9,3.36685e-06,3.00605e-06,-3.60803e-07,-5.00867e-13
4.86493e+06,9.44584e-05,0.000131673,-4990.48,-5.0733e-06,-4.70741e-06,3.65889e-07,5.07927e-13
4.86493e+06,0.000193307,0.000147773,3312.02,3.36698e-06,3.00605e-06,-3.60932e-07,-5.01046e-13
4.86493e+06,9.44121e-05,0.00013196,-4989.47,-5.07227e-06,-4.70742e-06,3.6485e-07,5.06484e-13
4.86493e+06,0.000193237,0.000148206,3311.59,3.36654e-06,3.00606e-06,-3.60485e-07,-5.00424e-13
4.86493e+06,9.43649e-05,0.000132247,-4988.05,-5.07082e-06,-4.70741e-06,3.6341e-07,5.04485e-13
4.86493e+06,0.000193167,0.000148639,3310.55,3.36548e-06,3.00609e-06,-3.59398e-07,-4.98916e-13
4.86493e+06,9.43168e-05,0.000132533,-4986.19,-5.06894e-06,-4.70738e-06,3.61554e-07,5.01909e-13
4.86493e+06,0.000193094,0.000149071,3308.85,3.36376e-06,3.00616e-06,-3.57603e-07,-4.96424e-13
4.86493e+06,9.42674e-05,0.000132819,-4983.88,-5.06659e-06,-4.70732e-06,3.59266e-07,4.98732e-13
4.86493e+06,0.00019303,0.000149438,3306.88,3.36175e-06,3.00627e-06,-3.55487e-07,-4.93487e-13
4.86493e+06,0.000193019,0.000149502,3307.18,3.36207e-06,3.00629e-06,-3.55776e-07,-4.93888e-13
4.86493e+06,9.42168e-05,0.000133105,-4983.71,-5.06641e-06,-4.70724e-06,3.5917e-07,4.986e-13
4.86493e+06,9.42424e-05,0.00013296,-4982.61,-5.06529e-06,-4.70728e-06,3.58011e-07,4.9699e-13
4.86493e+06,0.000192944,0.000149934,3309.18,3.3641e-06,3.0064e-06,-3.57695e-07,-4.96552e-13
4.86493e+06,9.41666e-05,0.000133391,-4985.68,-5.06842e-06,-4.70718e-06,3.61244e-07,5.01478e-13
4.86493e+06,0.00019287,0.000150365,3310.67,3.36561e-06,3.00646e-06,-3.59156e-07,-4.9858e-13
4.86493e+06,9.41168e-05,0.000133676,-4987.29,-5.07005e-06,-4.70714e-06,3.62906e-07,5.03785e-13
4.86493e+06,0.000192797,0.000150796,3311.61,3.36657e-06,3.00647e-06,-3.60098e-07,-4.99888e-13
4.86493e+06,9.40673e-05,0.000133962,-4988.5,-5.07128e-06,-4.70714e-06,3.64146e-07,5.05507e-13
4.86493e+06,0.000192723,0.000151227,3311.95,3.36692e-06,3.00646e-06,-3.60459e-07,-5.00389e-13
4.86493e+06,9.40179e-05,0.000134247,-4989.31,-5.0721e-06,-4.70715e-06,3.64954e-07,5.06629e-13
4.86493e+06,0.000192649,0.000151657,3311.66,3.36662e-06,3.00644e-06,-3.60172e-07,-4.9999e-13
4.86493e+06,9.39684e-05,0.000134532,-4989.69,-5.07249e-06,-4.70717e-06,3.65321e-07,5.07139e-13
4.86493e+06,0.000192574,0.000152087,3310.68,3.36561e-06,3.00645e-06,-3.59161e-07,-4.98586e-13
4.86493e+06,9.39187e-05,0.000134817,-4989.63,-5.07244e-06,-4.7072e-06,3.65236e-07,5.0702e-13
4.86493e+06,0.000192497,0.000152516,3308.94,3.36385e-06,3.00651e-06,-3.5734e-07,-4.96059e-13
4.86493e+06,9.38685e-05,0.000135102,-4989.12,-5.07191e-06,-4.70722e-06,3.64685e-07,5.06255e-13
4.86493e+06,0.000192424,0.000152906,3306.66,3.36154e-06,3.00662e-06,-3.54919e-07,-4.92698e-13
4.86493e+06,0.000192417,0.000152945,3306.86,3.36173e-06,3.00663e-06,-3.55105e-07,-4.92956e-13
4.86493e+06,9.38176e-05,0.000135386,-4988.12,-5.07089e-06,-4.70724e-06,3.63654e-07,5.04824e-13
4.86493e+06,0.000192337,0.000153374,3308.99,3.36391e-06,3.00674e-06,-3.57166e-07,-4.95817e-13
4.86493e+06,9.37659e-05,0.000135671,-4986.61,-5.06936e-06,-4.70724e-06,3.62127e-07,5.02705e-13
4.86493e+06,0.000192258,0.000153802,3310.56,3.36549e-06,3.00678e-06,-3.58713e-07,-4.97965e-13
4.86493e+06,9.3713e-05,0.000135954,-4984.57,-5.06729e-06,-4.70721e-06,3.60084e-07,4.99868e-13
4.86493e+06,0.00019218,0.00015423,3311.49,3.36644e-06,3.00677e-06,-3.59669e-07,-4.99292e-13
4.86493e+06,9.36587e-05,0.000136238,-4981.97,-5.06464e-06,-4.70714e-06,3.57501e-07,4.96282e-13
4.86493e+06,0.000192102,0.000154659,3311.74,3.3667e-06,3.00675e-06,-3.59953e-07,-4.99687e-13
4.86493e+06,9.36033e-05,0.000136521,-4982.21,-5.06489e-06,-4.70704e-06,3.57848e-07,4.96764e-13
4.86493e+06,9.36364e-05,0.000136352,-4980.79,-5.06345e-06,-4.7071e-06,3.56347e-07,4.9468e-13
4.86493e+06,0.000192024,0.000155086,3311.26,3.36621e-06,3.00672e-06,-3.59482e-07,-4.99033e-13
4.86493e+06,9.35485e-05,0.000136804,-4984.33,-5.06704e-06,-4.70698e-06,3.60065e-07,4.99842e-13
4.86493e+06,0.000191943,0.000155513,3309.96,3.36489e-06,3.00673e-06,-3.5816e-07,-4.97198e-13
4.86493e+06,9.34942e-05,0.000137086,-4985.99,-5.06873e-06,-4.70695e-06,3.61783e-07,5.02227e-13
4.86493e+06,0.000191861,0.00015594,3307.78,3.36267e-06,3.0068e-06,-3.55876e-07,-4.94026e-13
4.86493e+06,9.34403e-05,0.000137369,-4987.18,-5.06994e-06,-4.70695e-06,3.62989e-07,5.03902e-13
4.86493e+06,0.000191818,0.000156154,3306.4,3.36126e-06,3.00686e-06,-3.54403e-07,-4.91981e-13
4.86493e+06,0.000191776,0.000156366,3307.53,3.36242e-06,3.00693e-06,-3.55489e-07,-4.93489e-13
4.86493e+06,9.33865e-05,0.000137652,-4987.87,-5.07064e-06,-4.70697e-06,3.6367e-07,5.04847e-13
4.86493e+06,0.000191692,0.000156792,3309.51,3.36443e-06,3.00699e-06,-3.5744e-07,-4.96197e-13
4.86493e+06,9.33326e-05,0.000137934,-4988.03,-5.07081e-06,-4.707e-06,3.63812e-07,5.05043e-13
4.86493e+06,0.000191609,0.000157217,3310.83,3.36577e-06,3.00699e-06,-3.58778e-07,-4.98055e-13
4.86493e+06,9.32783e-05,0.000138216,-4987.65,-5.07042e-06,-4.70702e-06,3.63399e-07,5.0447e-13
4.86493e+06,0.000191527,0.000157643,3311.41,3.36636e-06,3.00696e-06,-3.59406e-07,-4.98927e-13
4.86493e+06,9.32234e-05,0.000138498,-4986.7,-5.06946e-06,-4.70704e-06,3.62414e-07,5.03103e-13
4.86493e+06,0.000191445,0.000158068,3311.19,3.36614e-06,3.00691e-06,-3.59225e-07,-4.98676e-13
4.86493e+06,9.31676e-05,0.00013878,-4985.15,-5.06788e-06,-4.70704e-06,3.60837e-07,5.00913e-13
4.86493e+06,0.000191361,0.000158493,3310.09,3.36502e-06,3.00689e-06,-3.58126e-07,-4.9715e-13
4.86493e+06,9.31106e-05,0.000139061,-4982.96,-5.06565e-06,-4.70701e-06,3.5864e-07,4.97864e-13
4.86493e+06,0.000191275,0.000158917,3308.01,3.36291e-06,3.00693e-06,-3.55979e-07,-4.9417e-13
4.86493e+06,9.3052e-05,0.000139342,-4980.08,-5.06273e-06,-4.70693e-06,3.55792e-07,4.93911e-13
4.86493e+06,0.000191212,0.000159217,3305.95,3.36081e-06,3.00701e-06,-3.53807e-07,-4.91155e-13
4.86493e+06,0.000191186,0.00015934,3306.64,3.36151e-06,3.00705e-06,-3.54465e-07,-4.92068e-13
4.86493e+06,9.29923e-05,0.000139622,-4980.56,-5.06321e-06,-4.70683e-06,3.5638e-07,4.94726e-13
4.86493e+06,9.30303e-05,0.000139444,-4978.91,-5.06154e-06,-4.70689e-06,3.54643e-07,4.92316e-13
4.86493e+06,0.000191098,0.000159763,3308.83,3.36374e-06,3.00712e-06,-3.56625e-07,-4.95067e-13
4.86493e+06,9.29333e-05,0.000139902,-4982.81,-5.0655e-06,-4.70676e-06,3.58739e-07,4.98001e-13
4.86493e+06,0.000191011,0.000160186,3310.31,3.36524e-06,3.00711e-06,-3.58131e-07,-4.97157e-13
4.86493e+06,9.28751e-05,0.000140182,-4984.53,-5.06725e-06,-4.70674e-06,3.60514e-07,5.00465e-13
4.86493e+06,0.000190925,0.000160609,3310.97,3.36592e-06,3.00706e-06,-3.58862e-07,-4.98172e-13
4.86493e+06,9.28172e-05,0.000140462,-4985.69,-5.06842e-06,-4.70674e-06,3.61685e-07,5.02091e-13
4.86493e+06,0.000190839,0.000161032,3310.76,3.3657e-06,3.007e-06,-3.58701e-07,-4.97948e-13
4.86493e+06,9.27595e-05,0.000140742,-4986.25,-5.069e-06,-4.70676e-06,3.62236e-07,5.02855e-13
4.86493e+06,0.000190751,0.000161454,3309.56,3.36448e-06,3.00696e-06,-3.57517e-07,-4.96304e-13
4.86493e+06,9.27016e-05,0.000141022,-4986.19,-5.06894e-06,-4.70679e-06,3.62147e-07,5.02732e-13
4.86493e+06,0.000190661,0.000161876,3307.27,3.36215e-06,3.00699e-06,-3.55156e-07,-4.93027e-13
4.86493e+06,9.26432e-05,0.000141302,-4985.48,-5.06821e-06,-4.70681e-06,3.61399e-07,5.01694e-13
4.86493e+06,0.000190606,0.000162124,3305.43,3.36028e-06,3.00705e-06,-3.53228e-07,-4.9035e-13
4.86493e+06,0.000190568,0.000162296,3306.43,3.3613e-06,3.0071e-06,-3.54198e-07,-4.91697e-13
4.86493e+06,9.2584e-05,0.000141581,-4984.08,-5.06678e-06,-4.70682e-06,3.59967e-07,4.99706e-13
4.86493e+06,0.000190476,0.000162716,3308.61,3.36352e-06,3.00715e-06,-3.56372e-07,-4.94715e-13
4.86493e+06,9.25236e-05,0.000141859,-4981.94,-5.06461e-06,-4.70679e-06,3.57822e-07,4.96727e-13
4.86493e+06,0.000190386,0.000163137,3309.99,3.36492e-06,3.00711e-06,-3.5781e-07,-4.96711e-13
4.86493e+06,9.24617e-05,0.000142137,-4979.02,-5.06165e-06,-4.70673e-06,3.54922e-07,4.92702e-13
4.86493e+06,0.000190296,0.000163557,3310.47,3.36541e-06,3.00704e-06,-3.5837e-07,-4.97489e-13
4.86493e+06,9.23981e-05,0.000142415,-4978.11,-5.06072e-06,-4.70661e-06,3.54107e-07,4.91571e-13
4.86493e+06,9.24242e-05,0.000142301,-4976.97,-5.05956e-06,-4.70666e-06,3.52904e-07,4.89901e-13
4.86493e+06,0.000190206,0.000163977,3309.95,3.36488e-06,3.00696e-06,-3.57912e-07,-4.96853e-13
4.86493e+06,9.23352e-05,0.000142693,-4980.64,-5.06329e-06,-4.70653e-06,3.56765e-07,4.95261e-13
4.86493e+06,0.000190114,0.000164396,3308.31,3.36321e-06,3.00693e-06,-3.56276e-07,-4.94582e-13
4.86493e+06,9.22731e-05,0.00014297,-4982.57,-5.06525e-06,-4.70649e-06,3.58759e-07,4.98028e-13
4.86493e+06,0.000190019,0.000164815,3305.4,3.36025e-06,3.00698e-06,-3.53267e-07,-4.90405e-13
4.86493e+06,9.22116e-05,0.000143248,-4983.85,-5.06655e-06,-4.70649e-06,3.60062e-07,4.99838e-13
4.86493e+06,0.00019,0.000164894,3304.75,3.35959e-06,3.007e-06,-3.52584e-07,-4.89457e-13
4.86493e+06,0.000189922,0.000165232,3306.81,3.36169e-06,3.00707e-06,-3.54614e-07,-4.92274e-13
4.86493e+06,9.21504e-05,0.000143525,-4984.44,-5.06716e-06,-4.70651e-06,3.60652e-07,5.00656e-13
4.86493e+06,0.000189827,0.00016565,3308.72,3.36363e-06,3.00706e-06,-3.56569e-07,-4.94989e-13
4.86493e+06,9.20889e-05,0.000143802,-4984.32,-5.06704e-06,-4.70653e-06,3.60504e-07,5.00451e-13
4.86493e+06,0.000189734,0.000166068,3309.71,3.36464e-06,3.00699e-06,-3.57653e-07,-4.96493e-13
4.86493e+06,9.2027e-05,0.000144079,-4983.44,-5.06614e-06,-4.70655e-06,3.59593e-07,4.99186e-13
4.86493e+06,0.000189641,0.000166486,3309.67,3.36459e-06,3.00689e-06,-3.57703e-07,-4.96562e-13
4.86493e+06,9.1964e-05,0.000144355,-4981.76,-5.06443e-06,-4.70655e-06,3.57884e-07,4.96815e-13
4.86493e+06,0.000189546,0.000166903,3308.46,3.36336e-06,3.00681e-06,-3.56547e-07,-4.94958e-13
4.86493e+06,9.18998e-05,0.000144631,-4979.21,-5.06184e-06,-4.7065e-06,3.55335e-07,4.93275e-13
4.86493e+06,0.000189449,0.000167319,3305.93,3.36079e-06,3.00681e-06,-3.53979e-07,-4.91393e-13
4.86493e+06,9.18337e-05,0.000144907,-4975.72,-5.05829e-06,-4.70641e-06,3.51881e-07,4.88481e-13
4.86493e+06,0.000189394,0.000167546,3304.02,3.35885e-06,3.00686e-06,-3.51996e-07,-4.88641e-13
4.86493e+06,0.000189348,0.000167734,3305.2,3.36005e-06,3.0069e-06,-3.53149e-07,-4.90242e-13
4.86493e+06,9.17665e-05,0.000145181,-4977.06,-5.05966e-06,-4.70628e-06,3.53377e-07,4.90558e-13
4.86493e+06,9.18182e-05,0.00014497,-4974.83,-5.05738e-06,-4.70638e-06,3.51007e-07,4.87267e-13
4.86493e+06,0.00018925,0.000168149,3307.46,3.36234e-06,3.0069e-06,-3.55445e-07,-4.93428e-13
4.86493e+06,9.17005e-05,0.000145456,-4979.44,-5.06208e-06,-4.70621e-06,3.55868e-07,4.94015e-13
4.86493e+06,0.000189153,0.000168564,3308.76,3.36367e-06,3.00682e-06,-3.56854e-07,-4.95384e-13
4.86493e+06,9.16354e-05,0.000145731,-4981.08,-5.06374e-06,-4.70618e-06,3.57558e-07,4.96361e-13
4.86493e+06,0.000189057,0.000168979,3308.97,3.36388e-06,3.0067e-06,-3.5718e-07,-4.95837e-13
4.86493e+06,9.15708e-05,0.000146006,-4981.9,-5.06457e-06,-4.70619e-06,3.58385e-07,4.97509e-13
4.86493e+06,0.000188959,0.000169394,3307.91,3.3628e-06,3.00659e-06,-3.5621e-07,-4.9449e-13
4.86493e+06,9.15063e-05,0.000146281,-4981.8,-5.06447e-06,-4.7062e-06,3.58264e-07,4.97342e-13
4.86493e+06,0.000188859,0.000169808,3305.39,3.36024e-06,3.00655e-06,-3.53689e-07,-4.90991e-13
4.86493e+06,9.14413e-05,0.000146555,-4980.59,-5.06324e-06,-4.70622e-06,3.57023e-07,4.95619e-13
4.86493e+06,0.000188788,0.000170092,3302.66,3.35746e-06,3.00659e-06,-3.50871e-07,-4.87079e-13
4.86493e+06,0.000188755,0.00017022,3303.4,3.35822e-06,3.00662e-06,-3.51603e-07,-4.88094e-13
4.86493e+06,9.13755e-05,0.000146829,-4977.94,-5.06055e-06,-4.70621e-06,3.54337e-07,4.9189e-13
4.86493e+06,0.000188653,0.000170633,3305.44,3.36029e-06,3.00661e-06,-3.53681e-07,-4.90979e-13
4.86493e+06,9.13084e-05,0.000147102,-4973.04,-5.05557e-06,-4.70617e-06,3.49401e-07,4.85037e-13
4.86493e+06,0.000188553,0.000171045,3305.69,3.36055e-06,3.00651e-06,-3.54041e-07,-4.91479e-13
4.86493e+06,9.12395e-05,0.000147375,-4813.82,-4.89371e-06,-4.70606e-06,1.87642e-07,2.60484e-13
4.86493e+06,0.000188454,0.000171458,3087.94,3.13918e-06,3.00636e-06,-1.32824e-07,-1.84386e-13
4.86493e+06,9.1169e-05,0.000147647,-4991.92,-5.07476e-06,-4.70591e-06,3.68843e-07,5.12027e-13
4.86493e+06,9.12121e-05,0.000147481,-4878.59,-4.95955e-06,-4.706e-06,2.53546e-07,3.51972e-13
4.86493e+06,0.000188353,0.00017187,3338.67,3.39407e-06,3.00622e-06,-3.87856e-07,-5.38421e-13
4.86493e+06,9.11341e-05,0.000147784,-5083.42,-5.16778e-06,-4.70586e-06,4.6192e-07,6.41237e-13
4.86493e+06,0.000188302,0.000172076,3466.48,3.52401e-06,3.00617e-06,-5.17837e-07,-7.18861e-13
5.83792e+06,9.0573e-05,5.25011e-05,-5006.05,-5.08912e-06,-4.71739e-06,3.71735e-07,5.16042e-13
5.83792e+06,9.05381e-05,5.23655e-05,-5097.62,-5.18222e-06,-4.71733e-06,4.64891e-07,6.45362e-13
5.83792e+06,0.000187756,2.8061e-05,3475.42,3.5331e-06,3.01335e-06,-5.19748e-07,-7.21513e-13
5.83792e+06,0.000187806,2.82665e-05,3347.95,3.40351e-06,3.01342e-06,-3.90089e-07,-5.41521e-13
5.83792e+06,9.06061e-05,5.26288e-05,-4919.14,-5.00078e-06,-4.71746e-06,2.83315e-07,3.93297e-13
5.83792e+06,9.06433e-05,5.27725e-05,-4830.73,-4.91089e-06,-4.71754e-06,1.93353e-07,2.68412e-13
5.83792e+06,0.000187906,2.86778e-05,3096.06,3.14744e-06,3.01357e-06,-1.33867e-07,-1.85834e-13
5.83792e+06,9.07118e-05,5.30445e-05,-4989.03,-5.07182e-06,-4.71763e-06,3.54187e-07,4.91682e-13
5.83792e+06,0.000188006,2.90895e-05,3310.9,3.36584e-06,3.01371e-06,-3.52133e-07,-4.8883e-13
5.83792e+06,9.07785e-05,5.33171e-05,-4993.74,-5.07661e-06,-4.71767e-06,3.5894e-07,4.9828e-13
5.83792e+06,0.000188107,2.95011e-05,3310.08,3.36501e-06,3.01376e-06,-3.51249e-07,-4.87604e-13
5.83792e+06,9.0844e-05,5.35902e-05,-4996.25,-5.07916e-06,-4.71767e-06,3.6149e-07,5.0182e-13
5.83792e+06,0.000188182,2.97975e-05,3308.45,3.36336e-06,3.01372e-06,-3.49631e-07,-4.85357e-13
5.83792e+06,0.000188211,2.99123e-05,3309.69,3.36461e-06,3.0137e-06,-3.50909e-07,-4.87131e-13
5.83792e+06,9.09087e-05,5.38637e-05,-4997.34,-5.08027e-06,-4.71766e-06,3.62613e-07,5.0338e-13
5.83792e+06,0.000188313,3.03244e-05,3313.09,3.36807e-06,3.0137e-06,-3.54363e-07,-4.91926e-13
5.83792e+06,9.09731e-05,5.41375e-05,-4997.34,-5.08027e-06,-4.71764e-06,3.62627e-07,5.03398e-13
5.83792e+06,0.000188411,3.07377e-05,3314.75,3.36976e-06,3.01379e-06,-3.5597e-07,-4.94156e-13
5.83792e+06,9.10376e-05,5.44115e-05,-4996.43,-5.07934e-06,-4.71764e-06,3.61698e-07,5.02109e-13
5.83792e+06,0.000188508,3.11516e-05,3315.07,3.37008e-06,3.01391e-06,-3.56164e-07,-4.94427e-13
5.83792e+06,9.11026e-05,5.46855e-05,-4994.7,-5.07759e-06,-4.71767e-06,3.5991e-07,4.99627e-13
5.83792e+06,0.000188604,3.15658e-05,3314.2,3.36919e-06,3.01402e-06,-3.55174e-07,-4.93052e-13
5.83792e+06,9.11686e-05,5.49595e-05,-4992.24,-5.07508e-06,-4.71775e-06,3.57327e-07,4.96042e-13
5.83792e+06,0.000188702,3.198e-05,3312.3,3.36727e-06,3.01406e-06,-3.53207e-07,-4.90321e-13
5.83792e+06,9.12121e-05,5.51377e-05,-4990.35,-5.07316e-06,-4.71784e-06,3.55321e-07,4.93257e-13
5.83792e+06,9.12356e-05,5.52335e-05,-4991.7,-5.07453e-06,-4.71789e-06,3.56648e-07,4.95099e-13
5.83792e+06,0.000188788,3.23339e-05,3310.05,3.36498e-06,3.014e-06,-3.50973e-07,-4.8722e-13
5.83792e+06,0.000188803,3.23939e-05,3310.58,3.36551e-06,3.01399e-06,-3.51525e-07,-4.87987e-13
5.83792e+06,9.13013e-05,5.5508e-05,-4995.08,-5.07797e-06,-4.71798e-06,3.59997e-07,4.99747e-13
5.83792e+06,0.000188902,3.28085e-05,3313.71,3.3687e-06,3.01395e-06,-3.54749e-07,-4.92462e-13
5.83792e+06,9.13652e-05,5.5783e-05,-4997.53,-5.08046e-06,-4.71801e-06,3.62451e-07,5.03154e-13
5.83792e+06,0.000188997,3.32241e-05,3315.44,3.37046e-06,3.01401e-06,-3.56451e-07,-4.94824e-13
5.83792e+06,9.14279e-05,5.60586e-05,-4999.13,-5.08209e-06,-4.71801e-06,3.64071e-07,5.05403e-13
5.83792e+06,0.000189091,3.36405e-05,3315.94,3.37096e-06,3.0141e-06,-3.56862e-07,-4.95395e-13
5.83792e+06,9.14896e-05,5.63346e-05,-4999.92,-5.08289e-06,-4.718e-06,3.64899e-07,5.06552e-13
5.83792e+06,0.000189184,3.40573e-05,3315.34,3.37036e-06,3.01419e-06,-3.56166e-07,-4.94429e-13
5.83792e+06,9.15509e-05,5.66108e-05,-4999.97,-5.08294e-06,-4.71797e-06,3.64968e-07,5.06648e-13
5.83792e+06,0.000189278,3.44741e-05,3313.77,3.36877e-06,3.01424e-06,-3.54528e-07,-4.92155e-13
5.83792e+06,9.1612e-05,5.68873e-05,-4999.29,-5.08226e-06,-4.71795e-06,3.64303e-07,5.05724e-13
5.83792e+06,0.000189374,3.48908e-05,3311.36,3.36631e-06,3.01419e-06,-3.52118e-07,-4.8881e-13
5.83792e+06,9.16733e-05,5.71639e-05,-4997.95,-5.08088e-06,-4.71796e-06,3.62927e-07,5.03814e-13
5.83792e+06,0.000189394,3.4975e-05,3310.85,3.36579e-06,3.01417e-06,-3.51625e-07,-4.88126e-13
5.83792e+06,0.000189471,3.53076e-05,3313.44,3.36843e-06,3.0141e-06,-3.54325e-07,-4.91874e-13
5.83792e+06,9.17353e-05,5.74406e-05,-4995.96,-5.07886e-06,-4.718e-06,3.60864e-07,5.0095e-13
5.83792e+06,0.000189564,3.57255e-05,3315.57,3.37059e-06,3.01411e-06,-3.56481e-07,-4.94867e-13
5.83792e+06,9.17982e-05,5.77172e-05,-4993.36,-5.07623e-06,-4.71809e-06,3.5814e-07,4.97169e-13
5.83792e+06,0.000189655,3.61442e-05,3316.52,3.37156e-06,3.01417e-06,-3.57382e-07,-4.96117e-13
5.83792e+06,9.18182e-05,5.78042e-05,-4992.49,-5.07534e-06,-4.71813e-06,3.57216e-07,4.95887e-13
5.83792e+06,9.18615e-05,5.7994e-05,-4994.87,-5.07776e-06,-4.7182e-06,3.59556e-07,4.99135e-13
5.83792e+06,0.000189745,3.65634e-05,3316.42,3.37145e-06,3.01425e-06,-3.57198e-07,-4.95861e-13
5.83792e+06,9.19231e-05,5.82713e-05,-4997.72,-5.08065e-06,-4.71827e-06,3.62386e-07,5.03064e-13
5.83792e+06,0.000189835,3.69828e-05,3315.37,3.37039e-06,3.01431e-06,-3.56076e-07,-4.94304e-13
5.83792e+06,9.19833e-05,5.85491e-05,-4999.79,-5.08276e-06,-4.71829e-06,3.64469e-07,5.05955e-13
5.83792e+06,0.000189926,3.74023e-05,3313.48,3.36846e-06,3.0143e-06,-3.54158e-07,-4.91641e-13
5.83792e+06,9.20422e-05,5.88273e-05,-5001.13,-5.08412e-06,-4.71828e-06,3.65842e-07,5.07861e-13
5.83792e+06,0.00019,3.77339e-05,3311.52,3.36647e-06,3.01423e-06,-3.52244e-07,-4.88985e-13
5.83792e+06,0.00019002,3.78215e-05,3312.19,3.36716e-06,3.0142e-06,-3.52957e-07,-4.89974e-13
5.83792e+06,9.21004e-05,5.91059e-05,-5001.79,-5.08479e-06,-4.71826e-06,3.66535e-07,5.08823e-13
5.83792e+06,0.000190111,3.82414e-05,3314.96,3.36997e-06,3.01414e-06,-3.55828e-07,-4.9396e-13
5.83792e+06,9.21581e-05,5.93848e-05,-5001.8,-5.0848e-06,-4.71823e-06,3.66571e-07,5.08874e-13
5.83792e+06,0.0001902,3.86623e-05,3316.57,3.3716e-06,3.01416e-06,-3.57445e-07,-4.96205e-13
5.83792e+06,9.22157e-05,5.96638e-05,-5001.19,-5.08418e-06,-4.71821e-06,3.65971e-07,5.08041e-13
5.83792e+06,0.000190287,3.90837e-05,3317.14,3.37219e-06,3.01421e-06,-3.57977e-07,-4.96943e-13
5.83792e+06,9.22734e-05,5.9943e-05,-4999.99,-5.08296e-06,-4.71821e-06,3.64753e-07,5.06349e-13
5.83792e+06,0.000190373,3.95056e-05,3316.8,3.37184e-06,3.01427e-06,-3.57563e-07,-4.96369e-13
5.83792e+06,9.23316e-05,6.02223e-05,-4998.22,-5.08117e-06,-4.71824e-06,3.62933e-07,5.03823e-13
5.83792e+06,0.000190459,3.99277e-05,3315.61,3.37063e-06,3.0143e-06,-3.56325e-07,-4.9465e-13
5.83792e+06,9.23905e-05,6.05017e-05,-4995.93,-5.07884e-06,-4.7183e-06,3.60531e-07,5.00488e-13
5.83792e+06,0.000190547,4.03498e-05,3313.66,3.36865e-06,3.01427e-06,-3.54382e-07,-4.91953e-13
5.83792e+06,9.24242e-05,6.06602e-05,-4994.46,-5.07735e-06,-4.71837e-06,3.5898e-07,4.98335e-13
5.83792e+06,9.245e-05,6.0781e-05,-4995.85,-5.07876e-06,-4.71841e-06,3.60345e-07,5.0023e-13
5.83792e+06,0.000190606,4.06273e-05,3312.1,3.36706e-06,3.01419e-06,-3.52865e-07,-4.89847e-13
5.83792e+06,0.000190637,4.07717e-05,3313.13,3.36811e-06,3.01415e-06,-3.53954e-07,-4.91359e-13
5.83792e+06,9.25083e-05,6.10608e-05,-4998.68,-5.08163e-06,-4.71848e-06,3.6315e-07,5.04124e-13
5.83792e+06,0.000190724,4.11944e-05,3315.6,3.37062e-06,3.01409e-06,-3.56535e-07,-4.94942e-13
5.83792e+06,9.2565e-05,6.13411e-05,-5000.83,-5.08382e-06,-4.71851e-06,3.65308e-07,5.0712e-13
5.83792e+06,0.000190809,4.16179e-05,3317.06,3.3721e-06,3.01409e-06,-3.58007e-07,-4.96984e-13
5.83792e+06,9.26206e-05,6.16218e-05,-5002.35,-5.08536e-06,-4.71851e-06,3.66851e-07,5.09262e-13
5.83792e+06,0.000190892,4.2042e-05,3317.59,3.37264e-06,3.01413e-06,-3.58508e-07,-4.9768e-13
5.83792e+06,9.26754e-05,6.19028e-05,-5003.27,-5.0863e-06,-4.71849e-06,3.67803e-07,5.10584e-13
5.83792e+06,0.000190974,4.24665e-05,3317.29,3.37233e-06,3.01418e-06,-3.58155e-07,-4.9719e-13
5.83792e+06,9.27295e-05,6.21841e-05,-5003.62,-5.08665e-06,-4.71847e-06,3.68186e-07,5.11116e-13
5.83792e+06,0.000191057,4.28912e-05,3316.22,3.37125e-06,3.0142e-06,-3.57052e-07,-4.95658e-13
5.83792e+06,9.27832e-05,6.24657e-05,-5003.43,-5.08646e-06,-4.71844e-06,3.68017e-07,5.1088e-13
5.83792e+06,0.00019114,4.33159e-05,3314.45,3.36946e-06,3.01416e-06,-3.55296e-07,-4.93221e-13
5.83792e+06,9.28369e-05,6.27474e-05,-5002.71,-5.08573e-06,-4.71842e-06,3.6731e-07,5.09899e-13
5.83792e+06,0.000191212,4.36755e-05,3312.51,3.36748e-06,3.01407e-06,-3.53418e-07,-4.90614e-13
5.83792e+06,0.000191225,4.37406e-05,3312.95,3.36793e-06,3.01404e-06,-3.53883e-07,-4.9126e-13
5.83792e+06,9.28906e-05,6.30293e-05,-5001.51,-5.0845e-06,-4.71842e-06,3.66079e-07,5.0819e-13
5.83792e+06,0.000191309,4.41657e-05,3315.48,3.3705e-06,3.01395e-06,-3.56549e-07,-4.94961e-13
5.83792e+06,9.29448e-05,6.33113e-05,-4999.82,-5.08279e-06,-4.71845e-06,3.64337e-07,5.05773e-13
5.83792e+06,0.00019139,4.45917e-05,3317.08,3.37213e-06,3.01393e-06,-3.58199e-07,-4.97251e-13
5.83792e+06,9.29995e-05,6.35933e-05,-4997.68,-5.08062e-06,-4.71852e-06,3.62099e-07,5.02665e-13
5.83792e+06,0.00019147,4.50182e-05,3317.84,3.3729e-06,3.01395e-06,-3.58953e-07,-4.98299e-13
5.83792e+06,9.30303e-05,6.37506e-05,-4996.36,-5.07927e-06,-4.71857e-06,3.60694e-07,5.00714e-13
5.83792e+06,9.30547e-05,6.38754e-05,-4997.64,-5.08058e-06,-4.71862e-06,3.61958e-07,5.0247e-13
5.83792e+06,0.000191548,4.54452e-05,3317.84,3.37289e-06,3.01398e-06,-3.58915e-07,-4.98245e-13
5.83792e+06,9.31088e-05,6.41578e-05,-5000.23,-5.0832e-06,-4.71868e-06,3.64522e-07,5.0603e-13
5.83792e+06,0.000191626,4.58724e-05,3317.12,3.37217e-06,3.014e-06,-3.58171e-07,-4.97212e-13
5.83792e+06,9.31615e-05,6.44407e-05,-5002.25,-5.08526e-06,-4.71871e-06,3.66549e-07,5.08843e-13
5.83792e+06,0.000191705,4.62998e-05,3315.76,3.37078e-06,3.01398e-06,-3.56803e-07,-4.95314e-13
5.83792e+06,9.3213e-05,6.4724e-05,-5003.74,-5.08678e-06,-4.71872e-06,3.68062e-07,5.10943e-13
5.83792e+06,0.000191784,4.67272e-05,3313.8,3.36879e-06,3.0139e-06,-3.54891e-07,-4.9266e-13
5.83792e+06,9.32637e-05,6.50076e-05,-5004.73,-5.08778e-06,-4.7187e-06,3.69081e-07,5.12357e-13
5.83792e+06,0.000191818,4.6906e-05,3312.88,3.36786e-06,3.01384e-06,-3.54022e-07,-4.91453e-13
5.83792e+06,0.000191865,4.71547e-05,3314.38,3.36938e-06,3.01376e-06,-3.5562e-07,-4.93672e-13
5.83792e+06,9.33138e-05,6.52914e-05,-5005.24,-5.0883e-06,-4.71868e-06,3.69621e-07,5.13108e-13
5.83792e+06,0.000191943,4.75829e-05,3316.39,3.37143e-06,3.01369e-06,-3.57737e-07,-4.9661e-13
5.83792e+06,9.33634e-05,6.55755e-05,-5005.29,-5.08835e-06,-4.71865e-06,3.69698e-07,5.13215e-13
5.83792e+06,0.000192019,4.80117e-05,3317.62,3.37268e-06,3.01367e-06,-3.59005e-07,-4.9837e-13
5.83792e+06,9.34127e-05,6.58597e-05,-5004.89,-5.08795e-06,-4.71862e-06,3.69324e-07,5.12695e-13
5.83792e+06,0.000192094,4.8441e-05,3318.14,3.3732e-06,3.01368e-06,-3.59516e-07,-4.9908e-13
5.83792e+06,9.34619e-05,6.61442e-05,-5004.08,-5.08712e-06,-4.71861e-06,3.68509e-07,5.11563e-13
5.83792e+06,0.000192168,4.88707e-05,3317.99,3.37305e-06,3.0137e-06,-3.59349e-07,-4.98848e-13
5.83792e+06,9.35113e-05,6.64287e-05,-5002.86,-5.08588e-06,-4.71862e-06,3.67264e-07,5.09835e-13
5.83792e+06,0.000192241,4.93006e-05,3317.23,3.37227e-06,3.0137e-06,-3.58575e-07,-4.97773e-13
5.83792e+06,9.35609e-05,6.67134e-05,-5001.26,-5.08425e-06,-4.71865e-06,3.65598e-07,5.07522e-13
5.83792e+06,0.000192315,4.97306e-05,3315.89,3.37092e-06,3.01366e-06,-3.57257e-07,-4.95944e-13
5.83792e+06,9.3611e-05,6.69981e-05,-4999.28,-5.08224e-06,-4.71872e-06,3.63521e-07,5.04639e-13
5.83792e+06,0.00019239,5.01608e-05,3314.04,3.36903e-06,3.01357e-06,-3.55459e-07,-4.93447e-13
5.83792e+06,9.36364e-05,6.71414e-05,-4998.19,-5.08113e-06,-4.71876e-06,3.62369e-07,5.0304e-13
5.83792e+06,9.36614e-05,6.7283e-05,-4999.47,-5.08244e-06,-4.7188e-06,3.63633e-07,5.04795e-13
5.83792e+06,0.000192424,5.03535e-05,3313.11,3.36809e-06,3.01351e-06,-3.54578e-07,-4.92224e-13
5.83792e+06,0.000192466,5.0591e-05,3314.42,3.36942e-06,3.01343e-06,-3.55989e-07,-4.94183e-13
5.83792e+06,9.37106e-05,6.75681e-05,-5001.78,-5.08478e-06,-4.71886e-06,3.65921e-07,5.07971e-13
5.83792e+06,0.00019254,5.10218e-05,3316.34,3.37137e-06,3.01335e-06,-3.58021e-07,-4.97005e-13
5.83792e+06,9.37587e-05,6.78537e-05,-5003.64,-5.08667e-06,-4.71889e-06,3.67778e-07,5.1055e-13
5.83792e+06,0.000192611,5.14531e-05,3317.57,3.37263e-06,3.01331e-06,-3.59315e-07,-4.98801e-13
5.83792e+06,9.38057e-05,6.81395e-05,-5005.06,-5.08812e-06,-4.7189e-06,3.69222e-07,5.12553e-13
5.83792e+06,0.000192681,5.1885e-05,3318.18,3.37325e-06,3.0133e-06,-3.59943e-07,-4.99673e-13
5.83792e+06,9.38519e-05,6.84256e-05,-5006.08,-5.08915e-06,-4.71889e-06,3.70265e-07,5.14002e-13
5.83792e+06,0.00019275,5.23172e-05,3318.21,3.37328e-06,3.01331e-06,-3.59971e-07,-4.99711e-13
5.83792e+06,9.38973e-05,6.8712e-05,-5006.7,-5.08979e-06,-4.71887e-06,3.70922e-07,5.14914e-13
5.83792e+06,0.000192819,5.27497e-05,3317.7,3.37276e-06,3.0133e-06,-3.59455e-07,-4.98995e-13
5.83792e+06,9.39423e-05,6.89986e-05,-5006.96,-5.09004e-06,-4.71884e-06,3.71204e-07,5.15305e-13
5.83792e+06,0.000192888,5.31824e-05,3316.68,3.37172e-06,3.01327e-06,-3.58448e-07,-4.97597e-13
5.83792e+06,9.39869e-05,6.92854e-05,-5006.85,-5.08994e-06,-4.71882e-06,3.7112e-07,5.15189e-13
5.83792e+06,0.000192957,5.36152e-05,3315.19,3.3702e-06,3.0132e-06,-3.56999e-07,-4.95585e-13
5.83792e+06,9.40312e-05,6.95724e-05,-5006.4,-5.08948e-06,-4.7188e-06,3.70681e-07,5.14579e-13
5.83792e+06,0.000193027,5.4048e-05,3313.25,3.36823e-06,3.01308e-06,-3.55153e-07,-4.93024e-13
5.83792e+06,9.40755e-05,6.98595e-05,-5005.62,-5.08868e-06,-4.71879e-06,3.69894e-07,5.13486e-13
5.83792e+06,0.00019303,5.40669e-05,3313.16,3.36814e-06,3.01307e-06,-3.55074e-07,-4.92913e-13
5.83792e+06,0.000193097,5.44811e-05,3315.2,3.37021e-06,3.01295e-06,-3.57265e-07,-4.95954e-13
5.83792e+06,9.41197e-05,7.01467e-05,-5004.51,-5.08756e-06,-4.7188e-06,3.68767e-07,5.11921e-13
5.83792e+06,0.000193165,5.49148e-05,3316.75,3.37179e-06,3.01287e-06,-3.58913e-07,-4.98242e-13
5.83792e+06,9.41641e-05,7.04341e-05,-5003.1,-5.08613e-06,-4.71882e-06,3.67307e-07,5.09895e-13
5.83792e+06,0.00019323,5.5349e-05,3317.74,3.37279e-06,3.01283e-06,-3.59957e-07,-4.99692e-13
5.83792e+06,9.42087e-05,7.07216e-05,-5001.4,-5.08439e-06,-4.71887e-06,3.65521e-07,5.07415e-13
5.83792e+06,0.000193295,5.57836e-05,3318.21,3.37327e-06,3.01282e-06,-3.60453e-07,-5.0038e-13
5.83792e+06,9.42424e-05,7.09375e-05,-4999.95,-5.08293e-06,-4.71893e-06,3.63996e-07,5.05299e-13
5.83792e+06,9.42536e-05,7.10091e-05,-5000.52,-5.0835e-06,-4.71895e-06,3.64551e-07,5.06069e-13
5.83792e+06,0.000193359,5.62184e-05,3318.19,3.37326e-06,3.01281e-06,-3.60449e-07,-5.00374e-13
5.83792e+06,9.42978e-05,7.12969e-05,-5002.65,-5.08566e-06,-4.71901e-06,3.66652e-07,5.08986e-13
5.83792e+06,0.000193422,5.66536e-05,3317.72,3.37278e-06,3.01279e-06,-3.59989e-07,-4.99736e-13
5.83792e+06,9.43408e-05,7.1585e-05,-5004.42,-5.08747e-06,-4.71905e-06,3.6842e-07,5.1144e-13
5.83792e+06,0.000193485,5.70889e-05,3316.82,3.37187e-06,3.01275e-06,-3.59113e-07,-4.9852e-13
5.83792e+06,9.43829e-05,7.18734e-05,-5005.86,-5.08893e-06,-4.71906e-06,3.69866e-07,5.13448e-13
5.83792e+06,0.000193549,5.75244e-05,3315.52,3.37054e-06,3.01268e-06,-3.57858e-07,-4.96778e-13
5.83792e+06,9.44241e-05,7.2162e-05,-5006.97,-5.09006e-06,-4.71906e-06,3.71003e-07,5.15026e-13
5.83792e+06,0.000193613,5.796e-05,3313.84,3.36883e-06,3.01257e-06,-3.56258e-07,-4.94557e-13
5.83792e+06,9.44646e-05,7.24508e-05,-5007.79,-5.09089e-06,-4.71905e-06,3.7184e-07,5.16187e-13
5.83792e+06,0.000193636,5.81182e-05,3313.18,3.36816e-06,3.01252e-06,-3.55641e-07,-4.93701e-13
5.83792e+06,0.000193677,5.83957e-05,3314.42,3.36942e-06,3.01243e-06,-3.56991e-07,-4.95574e-13
5.83792e+06,9.45045e-05,7.27399e-05,-5008.3,-5.09141e-06,-4.71903e-06,3.72385e-07,5.16945e-13
5.83792e+06,0.00019374,5.88319e-05,3316.02,3.37104e-06,3.01233e-06,-3.58713e-07,-4.97965e-13
5.83792e+06,9.45439e-05,7.30291e-05,-5008.54,-5.09165e-06,-4.71901e-06,3.72649e-07,5.17311e-13
5.83792e+06,0.000193801,5.92685e-05,3317.14,3.37219e-06,3.01227e-06,-3.59922e-07,-4.99643e-13
5.83792e+06,9.45829e-05,7.33186e-05,-5008.51,-5.09162e-06,-4.71898e-06,3.72638e-07,5.17295e-13
5.83792e+06,0.00019386,5.97055e-05,3317.83,3.37289e-06,3.01223e-06,-3.6066e-07,-5.00668e-13
5.83792e+06,9.46216e-05,7.36081e-05,-5008.21,-5.09132e-06,-4.71896e-06,3.72359e-07,5.16909e-13
5.83792e+06,0.000193918,6.01429e-05,3318.11,3.37317e-06,3.01221e-06,-3.60966e-07,-5.01093e-13
5.83792e+06,9.466e-05,7.38979e-05,-5007.67,-5.09077e-06,-4.71895e-06,3.7182e-07,5.16161e-13
5.83792e+06,0.000193976,6.05805e-05,3318,3.37306e-06,3.01219e-06,-3.60876e-07,-5.00968e-13
5.83792e+06,9.46983e-05,7.41877e-05,-5006.89,-5.08998e-06,-4.71895e-06,3.71027e-07,5.1506e-13
5.83792e+06,0.000194033,6.10183e-05,3317.53,3.37258e-06,3.01216e-06,-3.60421e-07,-5.00337e-13
5.83792e+06,9.47366e-05,7.44777e-05,-5005.88,-5.08895e-06,-4.71896e-06,3.69986e-07,5.13614e-13
5.83792e+06,0.00019409,6.14563e-05,3316.7,3.37174e-06,3.01211e-06,-3.59632e-07,-4.9924e-13
5.83792e+06,9.47748e-05,7.47678e-05,-5004.64,-5.08769e-06,-4.71899e-06,3.68703e-07,5.11832e-13
5.83792e+06,0.000194147,6.18945e-05,3315.55,3.37057e-06,3.01204e-06,-3.58534e-07,-4.97716e-13
5.83792e+06,9.48131e-05,7.5058e-05,-5003.18,-5.08621e-06,-4.71903e-06,3.67182e-07,5.09722e-13
5.83792e+06,0.000194205,6.23328e-05,3314.09,3.36909e-06,3.01194e-06,-3.57151e-07,-4.95797e-13
5.83792e+06,9.48485e-05,7.53252e-05,-5001.67,-5.08467e-06,-4.71909e-06,3.65585e-07,5.07505e-13
5.83792e+06,9.48516e-05,7.53483e-05,-5001.82,-5.08483e-06,-4.71909e-06,3.65733e-07,5.07711e-13
5.83792e+06,0.000194242,6.26155e-05,3313.02,3.368e-06,3.01185e-06,-3.56154e-07,-4.94413e-13
5.83792e+06,0.000194263,6.27713e-05,3313.64,3.36863e-06,3.0118e-06,-3.56832e-07,-4.95354e-13
5.83792e+06,9.48894e-05,7.56388e-05,-5003.66,-5.08669e-06,-4.71915e-06,3.67543e-07,5.10222e-13
5.83792e+06,0.00019432,6.321e-05,3315.19,3.3702e-06,3.01168e-06,-3.58523e-07,-4.97701e-13
5.83792e+06,9.49264e-05,7.59295e-05,-5005.24,-5.0883e-06,-4.71919e-06,3.69114e-07,5.12403e-13
5.83792e+06,0.000194375,6.36492e-05,3316.36,3.3714e-06,3.0116e-06,-3.59797e-07,-4.9947e-13
5.83792e+06,9.49624e-05,7.62205e-05,-5006.58,-5.08966e-06,-4.71921e-06,3.70456e-07,5.14266e-13
5.83792e+06,0.000194428,6.40887e-05,3317.18,3.37223e-06,3.01154e-06,-3.60687e-07,-5.00706e-13
5.83792e+06,9.49977e-05,7.65116e-05,-5007.69,-5.09079e-06,-4.71921e-06,3.71576e-07,5.15821e-13
5.83792e+06,0.000194481,6.45285e-05,3317.67,3.37273e-06,3.0115e-06,-3.61223e-07,-5.0145e-13
5.83792e+06,9.50323e-05,7.6803e-05,-5008.58,-5.09169e-06,-4.71921e-06,3.72482e-07,5.17079e-13
5.83792e+06,0.000194532,6.49685e-05,3317.85,3.3729e-06,3.01147e-06,-3.61432e-07,-5.01739e-13
5.83792e+06,9.50662e-05,7.70945e-05,-5009.26,-5.09238e-06,-4.7192e-06,3.73181e-07,5.18049e-13
5.83792e+06,0.000194583,6.54088e-05,3317.72,3.37278e-06,3.01144e-06,-3.61338e-07,-5.01608e-13
5.83792e+06,9.50996e-05,7.73862e-05,-5009.73,-5.09287e-06,-4.71919e-06,3.7368e-07,5.18742e-13
5.83792e+06,0.000194633,6.58493e-05,3317.32,3.37237e-06,3.01141e-06,-3.60964e-07,-5.01089e-13
5.83792e+06,9.51324e-05,7.7678e-05,-5010.01,-5.09315e-06,-4.71917e-06,3.73985e-07,5.19166e-13
5.83792e+06,0.000194683,6.629e-05,3316.65,3.37169e-06,3.01136e-06,-3.6033e-07,-5.0021e-13
5.83792e+06,9.51649e-05,7.797e-05,-5010.11,-5.09325e-06,-4.71915e-06,3.74103e-07,5.19329e-13
5.83792e+06,0.000194733,6.67309e-05,3315.73,3.37075e-06,3.01129e-06,-3.59457e-07,-4.98998e-13
5.83792e+06,9.51969e-05,7.82622e-05,-5010.03,-5.09317e-06,-4.71913e-06,3.74039e-07,5.1924e-13
5.83792e+06,0.000194783,6.71719e-05,3314.56,3.36957e-06,3.0112e-06,-3.58361e-07,-4.97476e-13
5.83792e+06,9.52286e-05,7.85544e-05,-5009.78,-5.09291e-06,-4.71911e-06,3.73799e-07,5.18907e-13
5.83792e+06,0.000194833,6.7613e-05,3313.17,3.36815e-06,3.01109e-06,-3.57058e-07,-4.95667e-13
5.83792e+06,9.526e-05,7.88468e-05,-5009.36,-5.09249e-06,-4.7191e-06,3.73389e-07,5.18338e-13
5.83792e+06,0.000194848,6.77457e-05,3312.73,3.3677e-06,3.01105e-06,-3.56652e-07,-4.95103e-13
5.83792e+06,0.000194883,6.80543e-05,3313.75,3.36874e-06,3.01096e-06,-3.57779e-07,-4.96668e-13
5.83792e+06,9.52911e-05,7.91394e-05,-5008.79,-5.09191e-06,-4.7191e-06,3.72813e-07,5.17539e-13
5.83792e+06,0.000194932,6.84959e-05,3314.99,3.37e-06,3.01085e-06,-3.59145e-07,-4.98565e-13
5.83792e+06,9.5322e-05,7.9432e-05,-5008.07,-5.09118e-06,-4.7191e-06,3.72078e-07,5.16518e-13
5.83792e+06,0.000194979,6.89378e-05,3315.96,3.37099e-06,3.01078e-06,-3.6021e-07,-5.00044e-13
5.83792e+06,9.53527e-05,7.97248e-05,-5007.21,-5.0903e-06,-4.71911e-06,3.71187e-07,5.15282e-13
5.83792e+06,0.000195025,6.938e-05,3316.67,3.37171e-06,3.01072e-06,-3.60997e-07,-5.01136e-13
5.83792e+06,9.53833e-05,8.00176e-05,-5006.21,-5.08928e-06,-4.71913e-06,3.70147e-07,5.13837e-13
5.83792e+06,0.00019507,6.98224e-05,3317.15,3.37219e-06,3.01067e-06,-3.61525e-07,-5.01868e-13
5.83792e+06,9.54138e-05,8.03106e-05,-5005.07,-5.08813e-06,-4.71917e-06,3.68961e-07,5.12191e-13
5.83792e+06,0.000195114,7.0265e-05,3317.39,3.37244e-06,3.01063e-06,-3.61812e-07,-5.02268e-13
5.83792e+06,9.54441e-05,8.06037e-05,-5003.81,-5.08685e-06,-4.71921e-06,3.67634e-07,5.10349e-13
5.83792e+06,0.000195157,7.07079e-05,3317.42,3.37247e-06,3.0106e-06,-3.61877e-07,-5.02357e-13
5.83792e+06,9.54545e-05,8.07049e-05,-5003.36,-5.08639e-06,-4.71923e-06,3.67159e-07,5.0969e-13
5.83792e+06,9.54742e-05,8.08968e-05,-5004.31,-5.08735e-06,-4.71926e-06,3.68088e-07,5.1098e-13
5.83792e+06,0.0001952,7.11509e-05,3317.25,3.37229e-06,3.01056e-06,-3.61735e-07,-5.0216e-13
5.83792e+06,9.55036e-05,8.11902e-05,-5005.64,-5.0887e-06,-4.7193e-06,3.694e-07,5.128e-13
5.83792e+06,0.000195242,7.15941e-05,3316.88,3.37192e-06,3.01052e-06,-3.61401e-07,-5.01697e-13
5.83792e+06,9.55322e-05,8.14837e-05,-5006.81,-5.0899e-06,-4.71933e-06,3.70568e-07,5.14421e-13
5.83792e+06,0.000195284,7.20375e-05,3316.33,3.37136e-06,3.01047e-06,-3.60889e-07,-5.00986e-13
5.83792e+06,9.55601e-05,8.17774e-05,-5007.84,-5.09094e-06,-4.71935e-06,3.71597e-07,5.15851e-13
5.83792e+06,0.000195325,7.24811e-05,3315.6,3.37062e-06,3.01041e-06,-3.60212e-07,-5.00045e-13
5.83792e+06,9.55873e-05,8.20712e-05,-5008.73,-5.09185e-06,-4.71936e-06,3.72495e-07,5.17097e-13
5.83792e+06,0.000195366,7.29248e-05,3314.71,3.36971e-06,3.01033e-06,-3.5938e-07,-4.98891e-13
5.83792e+06,9.56139e-05,8.23651e-05,-5009.49,-5.09262e-06,-4.71936e-06,3.73264e-07,5.18165e-13
5.83792e+06,0.000195407,7.33686e-05,3313.66,3.36865e-06,3.01024e-06,-3.58406e-07,-4.97539e-13
5.83792e+06,9.56399e-05,8.26592e-05,-5010.12,-5.09326e-06,-4.71935e-06,3.73912e-07,5.19064e-13
5.83792e+06,0.000195448,7.38125e-05,3312.46,3.36743e-06,3.01013e-06,-3.57298e-07,-4.96001e-13
5.83792e+06,9.56654e-05,8.29534e-05,-5010.64,-5.09379e-06,-4.71935e-06,3.74441e-07,5.19799e-13
5.83792e+06,0.000195455,7.38786e-05,3312.28,3.36725e-06,3.01011e-06,-3.57133e-07,-4.95771e-13
5.83792e+06,0.000195489,7.42566e-05,3313.27,3.36825e-06,3.01002e-06,-3.58235e-07,-4.97301e-13
5.83792e+06,9.56904e-05,8.32477e-05,-5011.04,-5.09419e-06,-4.71933e-06,3.74858e-07,5.20378e-13
5.83792e+06,0.000195528,7.4701e-05,3314.27,3.36927e-06,3.00992e-06,-3.59342e-07,-4.98838e-13
5.83792e+06,9.57149e-05,8.35422e-05,-5011.33,-5.09449e-06,-4.71932e-06,3.75167e-07,5.20807e-13
5.83792e+06,0.000195566,7.51456e-05,3315.09,3.3701e-06,3.00985e-06,-3.60253e-07,-5.00102e-13
5.83792e+06,9.57389e-05,8.38367e-05,-5011.52,-5.09468e-06,-4.71931e-06,3.75373e-07,5.21092e-13
5.83792e+06,0.000195603,7.55903e-05,3315.74,3.37076e-06,3.00978e-06,-3.6098e-07,-5.01112e-13
5.83792e+06,9.57624e-05,8.41314e-05,-5011.61,-5.09477e-06,-4.71929e-06,3.7548e-07,5.21241e-13
5.83792e+06,0.000195639,7.60353e-05,3316.24,3.37127e-06,3.00973e-06,-3.61537e-07,-5.01885e-13
5.83792e+06,9.57856e-05,8.44261e-05,-5011.61,-5.09477e-06,-4.71928e-06,3.75493e-07,5.21259e-13
5.83792e+06,0.000195675,7.64804e-05,3316.59,3.37162e-06,3.00969e-06,-3.61936e-07,-5.02439e-13
5.83792e+06,9.58083e-05,8.4721e-05,-5011.52,-5.09468e-06,-4.71927e-06,3.75416e-07,5.21152e-13
5.83792e+06,0.000195709,7.69257e-05,3316.79,3.37184e-06,3.00965e-06,-3.62188e-07,-5.02789e-13
5.83792e+06,9.58307e-05,8.5016e-05,-5011.35,-5.09451e-06,-4.71926e-06,3.75254e-07,5.20927e-13
5.83792e+06,0.000195743,7.73712e-05,3316.87,3.37192e-06,3.00961e-06,-3.62304e-07,-5.02949e-13
5.83792e+06,9.58526e-05,8.53111e-05,-5011.1,-5.09426e-06,-4.71925e-06,3.7501e-07,5.20589e-13
5.83792e+06,0.000195776,7.78168e-05,3316.83,3.37187e-06,3.00958e-06,-3.62294e-07,-5.02935e-13
5.83792e+06,9.58742e-05,8.56062e-05,-5010.78,-5.09393e-06,-4.71924e-06,3.7469e-07,5.20144e-13
5.83792e+06,0.000195808,7.82626e-05,3316.67,3.37171e-06,3.00954e-06,-3.62167e-07,-5.0276e-13
5.83792e+06,9.58955e-05,8.59015e-05,-5010.39,-5.09353e-06,-4.71924e-06,3.74296e-07,5.19597e-13
5.83792e+06,0.00019584,7.87085e-05,3316.4,3.37144e-06,3.0095e-06,-3.61933e-07,-5.02435e-13
5.83792e+06,9.59164e-05,8.61968e-05,-5009.93,-5.09307e-06,-4.71924e-06,3.73834e-07,5.18955e-13
5.83792e+06,0.000195871,7.91545e-05,3316.03,3.37106e-06,3.00946e-06,-3.616e-07,-5.01973e-13
5.83792e+06,9.5937e-05,8.64922e-05,-5009.42,-5.09255e-06,-4.71924e-06,3.73306e-07,5.18223e-13
5.83792e+06,0.000195902,7.96007e-05,3315.57,3.37059e-06,3.00941e-06,-3.61176e-07,-5.01384e-13
5.83792e+06,9.59572e-05,8.67877e-05,-5008.85,-5.09197e-06,-4.71925e-06,3.72718e-07,5.17407e-13
5.83792e+06,0.000195932,8.0047e-05,3315.02,3.37003e-06,3.00936e-06,-3.60668e-07,-5.00678e-13
5.83792e+06,9.59772e-05,8.70833e-05,-5008.23,-5.09134e-06,-4.71926e-06,3.72073e-07,5.16512e-13
5.83792e+06,0.000195962,8.04934e-05,3314.38,3.36938e-06,3.0093e-06,-3.60083e-07,-4.99866e-13
5.83792e+06,9.59968e-05,8.7379e-05,-5007.56,-5.09066e-06,-4.71928e-06,3.71375e-07,5.15543e-13
5.83792e+06,0.000195991,8.09399e-05,3313.67,3.36866e-06,3.00923e-06,-3.59428e-07,-4.98957e-13
5.83792e+06,9.60161e-05,8.76747e-05,-5006.84,-5.08993e-06,-4.7193e-06,3.70628e-07,5.14506e-13
5.83792e+06,0.00019602,8.13866e-05,3312.89,3.36787e-06,3.00916e-06,-3.58709e-07,-4.97959e-13
5.83792e+06,9.6035e-05,8.79706e-05,-5006.09,-5.08916e-06,-4.71933e-06,3.69836e-07,5.13406e-13
5.83792e+06,0.000196049,8.18333e-05,3312.04,3.36701e-06,3.00907e-06,-3.57932e-07,-4.9688e-13
5.83792e+06,9.60536e-05,8.82665e-05,-5005.3,-5.08836e-06,-4.71936e-06,3.69002e-07,5.12248e-13
5.83792e+06,0.000196061,8.20139e-05,3311.69,3.36665e-06,3.00904e-06,-3.57613e-07,-4.96438e-13
5.83792e+06,0.000196077,8.22802e-05,3312.17,3.36714e-06,3.00899e-06,-3.5815e-07,-4.97183e-13
5.83792e+06,9.60606e-05,8.83793e-05,-5004.99,-5.08805e-06,-4.71937e-06,3.68681e-07,5.11803e-13
5.83792e+06,9.60719e-05,8.85625e-05,-5005.53,-5.08859e-06,-4.71939e-06,3.69204e-07,5.12529e-13
5.83792e+06,0.000196105,8.27272e-05,3312.9,3.36788e-06,3.00891e-06,-3.58972e-07,-4.98324e-13
5.83792e+06,9.60896e-05,8.88585e-05,-5006.34,-5.08941e-06,-4.71941e-06,3.7e-07,5.13634e-13
5.83792e+06,0.000196131,8.31744e-05,3313.54,3.36853e-06,3.00884e-06,-3.59691e-07,-4.99323e-13
5.83792e+06,9.61067e-05,8.91547e-05,-5007.08,-5.09017e-06,-4.71943e-06,3.70735e-07,5.14653e-13
5.83792e+06,0.000196156,8.36217e-05,3314.1,3.3691e-06,3.00878e-06,-3.60316e-07,-5.0019e-13
5.83792e+06,9.61232e-05,8.94509e-05,-5007.76,-5.09086e-06,-4.71945e-06,3.7141e-07,5.15591e-13
5.83792e+06,0.000196181,8.40691e-05,3314.58,3.36958e-06,3.00873e-06,-3.60853e-07,-5.00935e-13
5.83792e+06,9.61392e-05,8.97473e-05,-5008.38,-5.0915e-06,-4.71946e-06,3.7203e-07,5.16452e-13
5.83792e+06,0.000196205,8.45166e-05,3314.98,3.36999e-06,3.00868e-06,-3.61308e-07,-5.01568e-13
5.83792e+06,9.61547e-05,9.00437e-05,-5008.95,-5.09207e-06,-4.71947e-06,3.72598e-07,5.1724e-13
5.83792e+06,0.000196227,8.49642e-05,3315.31,3.37033e-06,3.00864e-06,-3.61689e-07,-5.02096e-13
5.83792e+06,9.61696e-05,9.03401e-05,-5009.47,-5.0926e-06,-4.71948e-06,3.73116e-07,5.17959e-13
5.83792e+06,0.00019625,8.5412e-05,3315.59,3.37061e-06,3.00861e-06,-3.62001e-07,-5.02529e-13
5.83792e+06,9.6184e-05,9.06367e-05,-5009.94,-5.09307e-06,-4.71949e-06,3.73586e-07,5.18612e-13
5.83792e+06,0.000196271,8.58598e-05,3315.8,3.37082e-06,3.00857e-06,-3.6225e-07,-5.02875e-13
5.83792e+06,9.6198e-05,9.09333e-05,-5010.36,-5.0935e-06,-4.71949e-06,3.74013e-07,5.19204e-13
5.83792e+06,0.000196292,8.63077e-05,3315.96,3.37098e-06,3.00854e-06,-3.62442e-07,-5.03141e-13
5.83792e+06,9.62114e-05,9.12299e-05,-5010.74,-5.09389e-06,-4.71949e-06,3.74398e-07,5.19739e-13
5.83792e+06,0.000196312,8.67558e-05,3316.07,3.3711e-06,3.00852e-06,-3.62581e-07,-5.03335e-13
5.83792e+06,9.62243e-05,9.15267e-05,-5011.08,-5.09423e-06,-4.71949e-06,3.74744e-07,5.2022e-13
5.83792e+06,0.000196331,8.72039e-05,3316.13,3.37116e-06,3.00849e-06,-3.62674e-07,-5.03463e-13
5.83792e+06,9.62368e-05,9.18235e-05,-5011.38,-5.09454e-06,-4.71949e-06,3.75054e-07,5.2065e-13
5.83792e+06,0.000196349,8.76521e-05,3316.16,3.37119e-06,3.00847e-06,-3.62723e-07,-5.03532e-13
5.83792e+06,9.62488e-05,9.21203e-05,-5011.65,-5.09482e-06,-4.71949e-06,3.7533e-07,5.21033e-13
5.83792e+06,0.000196367,8.81004e-05,3316.15,3.37118e-06,3.00844e-06,-3.62735e-07,-5.03548e-13
5.83792e+06,9.62604e-05,9.24172e-05,-5011.89,-5.09506e-06,-4.71948e-06,3.75575e-07,5.21372e-13
5.83792e+06,0.000196385,8.85488e-05,3316.1,3.37113e-06,3.00842e-06,-3.62713e-07,-5.03517e-13
5.83792e+06,9.62714e-05,9.27142e-05,-5012.09,-5.09527e-06,-4.71948e-06,3.7579e-07,5.21671e-13
5.83792e+06,0.000196401,8.89972e-05,3316.03,3.37106e-06,3.0084e-06,-3.62661e-07,-5.03445e-13
5.83792e+06,9.62821e-05,9.30112e-05,-5012.28,-5.09545e-06,-4.71947e-06,3.75979e-07,5.21933e-13
5.83792e+06,0.000196417,8.94458e-05,3315.93,3.37096e-06,3.00837e-06,-3.62582e-07,-5.03337e-13
5.83792e+06,9.62922e-05,9.33082e-05,-5012.43,-5.09561e-06,-4.71947e-06,3.76142e-07,5.2216e-13
5.83792e+06,0.000196432,8.98943e-05,3315.81,3.37083e-06,3.00835e-06,-3.62482e-07,-5.03197e-13
5.83792e+06,9.63019e-05,9.36053e-05,-5012.57,-5.09575e-06,-4.71946e-06,3.76283e-07,5.22356e-13
5.83792e+06,0.000196447,9.0343e-05,3315.67,3.37069e-06,3.00833e-06,-3.62362e-07,-5.03031e-13
5.83792e+06,9.63112e-05,9.39025e-05,-5012.68,-5.09586e-06,-4.71946e-06,3.76404e-07,5.22523e-13
5.83792e+06,0.000196461,9.07917e-05,3315.52,3.37054e-06,3.00831e-06,-3.62227e-07,-5.02843e-13
5.83792e+06,9.632e-05,9.41996e-05,-5012.78,-5.09596e-06,-4.71945e-06,3.76505e-07,5.22664e-13
5.83792e+06,0.000196475,9.12405e-05,3315.35,3.37037e-06,3.00829e-06,-3.62078e-07,-5.02637e-13
5.83792e+06,9.63284e-05,9.44969e-05,-5012.85,-5.09604e-06,-4.71945e-06,3.7659e-07,5.22782e-13
5.83792e+06,0.000196487,9.16894e-05,3315.17,3.37019e-06,3.00827e-06,-3.6192e-07,-5.02417e-13
5.83792e+06,9.63363e-05,9.47941e-05,-5012.92,-5.09611e-06,-4.71945e-06,3.7666e-07,5.22879e-13
5.83792e+06,0.000196499,9.21383e-05,3314.99,3.37e-06,3.00824e-06,-3.61755e-07,-5.02188e-13
5.83792e+06,9.63438e-05,9.50914e-05,-5012.97,-5.09616e-06,-4.71944e-06,3.76716e-07,5.22957e-13
5.83792e+06,0.000196511,9.25872e-05,3314.8,3.36981e-06,3.00822e-06,-3.61585e-07,-5.01952e-13
5.83792e+06,9.63509e-05,9.53887e-05,-5013.01,-5.0962e-06,-4.71944e-06,3.76761e-07,5.23019e-13
5.83792e+06,0.000196522,9.30362e-05,3314.61,3.36961e-06,3.0082e-06,-3.61413e-07,-5.01713e-13
5.83792e+06,9.63575e-05,9.56861e-05,-5013.04,-5.09623e-06,-4.71943e-06,3.76795e-07,5.23067e-13
5.83792e+06,0.000196532,9.34853e-05,3314.42,3.36942e-06,3.00818e-06,-3.61241e-07,-5.01474e-13
5.83792e+06,9.63636e-05,9.59835e-05,-5013.06,-5.09625e-06,-4.71943e-06,3.76821e-07,5.23102e-13
5.83792e+06,0.000196541,9.39344e-05,3314.23,3.36923e-06,3.00816e-06,-3.61071e-07,-5.01238e-13
5.83792e+06,9.63694e-05,9.62809e-05,-5013.07,-5.09626e-06,-4.71942e-06,3.76839e-07,5.23127e-13
5.83792e+06,0.00019655,9.43835e-05,3314.05,3.36905e-06,3.00814e-06,-3.60905e-07,-5.01007e-13
5.83792e+06,9.63747e-05,9.65783e-05,-5013.08,-5.09627e-06,-4.71942e-06,3.76851e-07,5.23144e-13
5.83792e+06,0.000196558,9.48327e-05,3313.87,3.36887e-06,3.00812e-06,-3.60744e-07,-5.00785e-13
5.83792e+06,9.63795e-05,9.68758e-05,-5013.09,-5.09628e-06,-4.71942e-06,3.76857e-07,5.23153e-13
5.83792e+06,0.000196566,9.52819e-05,3313.71,3.3687e-06,3.0081e-06,-3.60592e-07,-5.00573e-13
5.83792e+06,9.63839e-05,9.71733e-05,-5013.09,-5.09628e-06,-4.71942e-06,3.7686e-07,5.23156e-13
5.83792e+06,0.000196573,9.57311e-05,3313.55,3.36854e-06,3.00809e-06,-3.60448e-07,-5.00374e-13
5.83792e+06,9.63879e-05,9.74708e-05,-5013.08,-5.09627e-06,-4.71941e-06,3.76859e-07,5.23156e-13
5.83792e+06,0.000196579,9.61804e-05,3313.4,3.36839e-06,3.00807e-06,-3.60315e-07,-5.00189e-13
5.83792e+06,9.63914e-05,9.77683e-05,-5013.08,-5.09627e-06,-4.71941e-06,3.76857e-07,5.23152e-13
5.83792e+06,0.000196585,9.66297e-05,3313.27,3.36825e-06,3.00806e-06,-3.60193e-07,-5.0002e-13
5.83792e+06,9.63945e-05,9.80658e-05,-5013.07,-5.09626e-06,-4.71941e-06,3.76853e-07,5.23147e-13
5.83792e+06,0.000196589,9.7079e-05,3313.15,3.36813e-06,3.00805e-06,-3.60085e-07,-4.99869e-13
5.83792e+06,9.63971e-05,9.83634e-05,-5013.07,-5.09626e-06,-4.71941e-06,3.76848e-07,5.2314e-13
5.83792e+06,0.000196594,9.75284e-05,3313.05,3.36803e-06,3.00804e-06,-3.5999e-07,-4.99737e-13
5.83792e+06,9.63993e-05,9.86609e-05,-5013.06,-5.09625e-06,-4.71941e-06,3.76843e-07,5.23133e-13
5.83792e+06,0.000196597,9.79777e-05,3312.96,3.36794e-06,3.00803e-06,-3.59909e-07,-4.99626e-13
5.83792e+06,9.64011e-05,9.89585e-05,-5013.05,-5.09624e-06,-4.71941e-06,3.76839e-07,5.23127e-13
5.83792e+06,0.0001966,9.84271e-05,3312.89,3.36786e-06,3.00802e-06,-3.59844e-07,-4.99535e-13
5.83792e+06,9.64024e-05,9.92561e-05,-5013.05,-5.09624e-06,-4.7194e-06,3.76835e-07,5.23122e-13
5.83792e+06,0.000196602,9.88765e-05,3312.83,3.36781e-06,3.00801e-06,-3.59795e-07,-4.99467e-13
5.83792e+06,9.64033e-05,9.95536e-05,-5013.05,-5.09624e-06,-4.7194e-06,3.76832e-07,5.23118e-13
5.83792e+06,0.000196603,9.93259e-05,3312.8,3.36777e-06,3.00801e-06,-3.59762e-07,-4.99421e-13
5.83792e+06,9.64038e-05,9.98512e-05,-5013.05,-5.09624e-06,-4.7194e-06,3.76831e-07,5.23116e-13
5.83792e+06,0.000196604,9.97753e-05,3312.78,3.36775e-06,3.00801e-06,-3.59745e-07,-4.99398e-13
5.83792e+06,9.64038e-05,0.000100149,-5013.05,-5.09624e-06,-4.7194e-06,3.76831e-07,5.23116e-13
5.83792e+06,0.000196604,0.000100225,3312.78,3.36775e-06,3.00801e-06,-3.59745e-07,-4.99398e-13
5.83792e+06,9.64033e-05,0.000100446,-5013.05,-5.09624e-06,-4.7194e-06,3.76832e-07,5.23118e-13
5.83792e+06,0.000196603,0.000100674,3312.8,3.36777e-06,3.00801e-06,-3.59762e-07,-4.99421e-13
5.83792e+06,9.64024e-05,0.000100744,-5013.05,-5.09624e-06,-4.7194e-06,3.76835e-07,5.23122e-13
5.83792e+06,0.000196602,0.000101123,3312.83,3.36781e-06,3.00801e-06,-3.59795e-07,-4.99467e-13
5.83792e+06,9.64011e-05,0.000101042,-5013.05,-5.09624e-06,-4.71941e-06,3.76839e-07,5.23127e-13
5.83792e+06,0.0001966,0.000101573,3312.89,3.36786e-06,3.00802e-06,-3.59844e-07,-4.99535e-13
5.83792e+06,9.63993e-05,0.000101339,-5013.06,-5.09625e-06,-4.71941e-06,3.76843e-07,5.23133e-13
5.83792e+06,0.000196597,0.000102022,3312.96,3.36794e-06,3.00803e-06,-3.59909e-07,-4.99626e-13
5.83792e+06,9.63971e-05,0.000101637,-5013.07,-5.09626e-06,-4.71941e-06,3.76848e-07,5.2314e-13
5.83792e+06,0.000196594,0.000102472,3313.05,3.36803e-06,3.00804e-06,-3.5999e-07,-4.99737e-13
5.83792e+06,9.63945e-05,0.000101934,-5013.07,-5.09626e-06,-4.71941e-06,3.76853e-07,5.23147e-13
5.83792e+06,0.000196589,0.000102921,3313.15,3.36813e-06,3.00805e-06,-3.60085e-07,-4.99869e-13
5.83792e+06,9.63914e-05,0.000102232,-5013.08,-5.09627e-06,-4.71941e-06,3.76857e-07,5.23152e-13
5.83792e+06,0.000196585,0.00010337,3313.27,3.36825e-06,3.00806e-06,-3.60193e-07,-5.0002e-13
5.83792e+06,9.63879e-05,0.000102529,-5013.08,-5.09627e-06,-4.71941e-06,3.76859e-07,5.23156e-13
5.83792e+06,0.000196579,0.00010382,3313.4,3.36839e-06,3.00807e-06,-3.60315e-07,-5.00189e-13
5.83792e+06,9.63839e-05,0.000102827,-5013.09,-5.09628e-06,-4.71942e-06,3.7686e-07,5.23156e-13
5.83792e+06,0.000196573,0.000104269,3313.55,3.36854e-06,3.00809e-06,-3.60448e-07,-5.00374e-13
5.83792e+06,9.63795e-05,0.000103124,-5013.09,-5.09628e-06,-4.71942e-06,3.76857e-07,5.23153e-13
5.83792e+06,0.000196566,0.000104718,3313.71,3.3687e-06,3.0081e-06,-3.60592e-07,-5.00573e-13
5.83792e+06,9.63747e-05,0.000103422,-5013.08,-5.09627e-06,-4.71942e-06,3.76851e-07,5.23144e-13
5.83792e+06,0.000196558,0.000105167,3313.87,3.36887e-06,3.00812e-06,-3.60744e-07,-5.00785e-13
5.83792e+06,9.63694e-05,0.000103719,-5013.07,-5.09626e-06,-4.71942e-06,3.76839e-07,5.23127e-13
5.83792e+06,0.00019655,0.000105616,3314.05,3.36905e-06,3.00814e-06,-3.60905e-07,-5.01007e-13
5.83792e+06,9.63636e-05,0.000104017,-5013.06,-5.09625e-06,-4.71943e-06,3.76821e-07,5.23102e-13
5.83792e+06,0.000196541,0.000106066,3314.23,3.36923e-06,3.00816e-06,-3.61071e-07,-5.01238e-13
5.83792e+06,9.63575e-05,0.000104314,-5013.04,-5.09623e-06,-4.71943e-06,3.76795e-07,5.23067e-13
5.83792e+06,0.000196532,0.000106515,3314.42,3.36942e-06,3.00818e-06,-3.61241e-07,-5.01474e-13
5.83792e+06,9.63509e-05,0.000104611,-5013.01,-5.0962e-06,-4.71944e-06,3.76761e-07,5.23019e-13
5.83792e+06,0.000196522,0.000106964,3314.61,3.36961e-06,3.0082e-06,-3.61413e-07,-5.01713e-13
5.83792e+06,9.63438e-05,0.000104909,-5012.97,-5.09616e-06,-4.71944e-06,3.76716e-07,5.22957e-13
5.83792e+06,0.000196511,0.000107413,3314.8,3.36981e-06,3.00822e-06,-3.61585e-07,-5.01952e-13
5.83792e+06,9.63363e-05,0.000105206,-5012.92,-5.09611e-06,-4.71945e-06,3.7666e-07,5.22879e-13
5.83792e+06,0.000196499,0.000107862,3314.99,3.37e-06,3.00824e-06,-3.61755e-07,-5.02188e-13
5.83792e+06,9.63284e-05,0.000105503,-5012.85,-5.09604e-06,-4.71945e-06,3.7659e-07,5.22782e-13
5.83792e+06,0.000196487,0.000108311,3315.17,3.37019e-06,3.00826e-06,-3.6192e-07,-5.02417e-13
5.83792e+06,9.632e-05,0.0001058,-5012.78,-5.09596e-06,-4.71945e-06,3.76505e-07,5.22664e-13
5.83792e+06,0.000196475,0.000108759,3315.35,3.37037e-06,3.00829e-06,-3.62078e-07,-5.02637e-13
5.83792e+06,9.63112e-05,0.000106098,-5012.68,-5.09586e-06,-4.71946e-06,3.76404e-07,5.22523e-13
5.83792e+06,0.000196461,0.000109208,3315.52,3.37054e-06,3.00831e-06,-3.62227e-07,-5.02843e-13
5.83792e+06,9.63019e-05,0.000106395,-5012.57,-5.09575e-06,-4.71946e-06,3.76283e-07,5.22356e-13
5.83792e+06,0.000196447,0.000109657,3315.67,3.37069e-06,3.00833e-06,-3.62362e-07,-5.03031e-13
5.83792e+06,9.62922e-05,0.000106692,-5012.43,-5.09561e-06,-4.71947e-06,3.76142e-07,5.2216e-13
5.83792e+06,0.000196432,0.000110106,3315.81,3.37083e-06,3.00835e-06,-3.62482e-07,-5.03197e-13
5.83792e+06,9.62821e-05,0.000106989,-5012.28,-5.09545e-06,-4.71947e-06,3.75979e-07,5.21933e-13
5.83792e+06,0.000196417,0.000110554,3315.93,3.37096e-06,3.00837e-06,-3.62582e-07,-5.03337e-13
5.83792e+06,9.62714e-05,0.000107286,-5012.09,-5.09527e-06,-4.71948e-06,3.7579e-07,5.21671e-13
5.83792e+06,0.000196401,0.000111003,3316.03,3.37106e-06,3.0084e-06,-3.62661e-07,-5.03445e-13
5.83792e+06,9.62604e-05,0.000107583,-5011.89,-5.09506e-06,-4.71948e-06,3.75575e-07,5.21372e-13
5.83792e+06,0.000196385,0.000111451,3316.1,3.37113e-06,3.00842e-06,-3.62713e-07,-5.03517e-13
5.83792e+06,9.62488e-05,0.00010788,-5011.65,-5.09482e-06,-4.71949e-06,3.7533e-07,5.21033e-13
5.83792e+06,0.000196367,0.0001119,3316.15,3.37118e-06,3.00844e-06,-3.62735e-07,-5.03548e-13
5.83792e+06,9.62368e-05,0.000108177,-5011.38,-5.09454e-06,-4.71949e-06,3.75054e-07,5.2065e-13
5.83792e+06,0.000196349,0.000112348,3316.16,3.37119e-06,3.00847e-06,-3.62723e-07,-5.03532e-13
5.83792e+06,9.62243e-05,0.000108473,-5011.08,-5.09423e-06,-4.71949e-06,3.74744e-07,5.2022e-13
5.83792e+06,0.000196331,0.000112796,3316.13,3.37116e-06,3.00849e-06,-3.62674e-07,-5.03463e-13
5.83792e+06,9.62114e-05,0.00010877,-5010.74,-5.09389e-06,-4.71949e-06,3.74398e-07,5.19739e-13
5.83792e+06,0.000196312,0.000113244,3316.07,3.3711e-06,3.00852e-06,-3.62581e-07,-5.03335e-13
5.83792e+06,9.6198e-05,0.000109067,-5010.36,-5.0935e-06,-4.71949e-06,3.74013e-07,5.19204e-13
5.83792e+06,0.000196292,0.000113692,3315.96,3.37098e-06,3.00854e-06,-3.62442e-07,-5.03141e-13
5.83792e+06,9.6184e-05,0.000109363,-5009.94,-5.09307e-06,-4.71949e-06,3.73586e-07,5.18612e-13
5.83792e+06,0.000196271,0.00011414,3315.8,3.37082e-06,3.00857e-06,-3.6225e-07,-5.02875e-13
5.83792e+06,9.61696e-05,0.00010966,-5009.47,-5.0926e-06,-4.71948e-06,3.73116e-07,5.17959e-13
5.83792e+06,0.00019625,0.000114588,3315.59,3.37061e-06,3.00861e-06,-3.62001e-07,-5.02529e-13
5.83792e+06,9.61547e-05,0.000109956,-5008.95,-5.09207e-06,-4.71947e-06,3.72598e-07,5.1724e-13
5.83792e+06,0.000196227,0.000115036,3315.31,3.37033e-06,3.00864e-06,-3.61689e-07,-5.02096e-13
5.83792e+06,9.61392e-05,0.000110253,-5008.38,-5.0915e-06,-4.71946e-06,3.7203e-07,5.16452e-13
5.83792e+06,0.000196205,0.000115483,3314.98,3.36999e-06,3.00868e-06,-3.61308e-07,-5.01568e-13
5.83792e+06,9.61232e-05,0.000110549,-5007.76,-5.09086e-06,-4.71945e-06,3.7141e-07,5.15591e-13
5.83792e+06,0.000196181,0.000115931,3314.58,3.36958e-06,3.00873e-06,-3.60853e-07,-5.00935e-13
5.83792e+06,9.61067e-05,0.000110845,-5007.08,-5.09017e-06,-4.71943e-06,3.70735e-07,5.14653e-13
5.83792e+06,0.000196156,0.000116378,3314.1,3.3691e-06,3.00878e-06,-3.60316e-07,-5.0019e-13
5.83792e+06,9.60896e-05,0.000111141,-5006.34,-5.08941e-06,-4.71941e-06,3.7e-07,5.13634e-13
5.83792e+06,0.000196131,0.000116826,3313.54,3.36853e-06,3.00884e-06,-3.59691e-07,-4.99323e-13
5.83792e+06,9.60719e-05,0.000111438,-5005.53,-5.08859e-06,-4.71939e-06,3.69204e-07,5.12529e-13
5.83792e+06,0.000196105,0.000117273,3312.9,3.36788e-06,3.00891e-06,-3.58972e-07,-4.98324e-13
5.83792e+06,9.60536e-05,0.000111734,-5005.3,-5.08836e-06,-4.71936e-06,3.69002e-07,5.12248e-13
5.83792e+06,9.60606e-05,0.000111621,-5004.99,-5.08805e-06,-4.71937e-06,3.68681e-07,5.11803e-13
5.83792e+06,0.000196077,0.00011772,3312.17,3.36713e-06,3.00899e-06,-3.5815e-07,-4.97183e-13
5.83792e+06,9.6035e-05,0.000112029,-5006.09,-5.08916e-06,-4.71933e-06,3.69836e-07,5.13406e-13
5.83792e+06,0.000196061,0.000117986,3311.69,3.36665e-06,3.00904e-06,-3.57613e-07,-4.96438e-13
5.83792e+06,0.000196049,0.000118167,3312.04,3.36701e-06,3.00907e-06,-3.57932e-07,-4.9688e-13
5.83792e+06,9.60161e-05,0.000112325,-5006.84,-5.08993e-06,-4.7193e-06,3.70628e-07,5.14506e-13
5.83792e+06,0.00019602,0.000118613,3312.89,3.36787e-06,3.00916e-06,-3.58709e-07,-4.97959e-13
5.83792e+06,9.59968e-05,0.000112621,-5007.56,-5.09066e-06,-4.71928e-06,3.71375e-07,5.15543e-13
5.83792e+06,0.000195991,0.00011906,3313.67,3.36866e-06,3.00923e-06,-3.59428e-07,-4.98957e-13
5.83792e+06,9.59772e-05,0.000112917,-5008.23,-5.09134e-06,-4.71926e-06,3.72073e-07,5.16512e-13
5.83792e+06,0.000195962,0.000119507,3314.38,3.36938e-06,3.0093e-06,-3.60083e-07,-4.99866e-13
5.83792e+06,9.59572e-05,0.000113212,-5008.85,-5.09197e-06,-4.71925e-06,3.72718e-07,5.17407e-13
5.83792e+06,0.000195932,0.000119953,3315.02,3.37003e-06,3.00936e-06,-3.60668e-07,-5.00678e-13
5.83792e+06,9.5937e-05,0.000113508,-5009.42,-5.09255e-06,-4.71924e-06,3.73306e-07,5.18223e-13
5.83792e+06,0.000195902,0.000120399,3315.57,3.37059e-06,3.00941e-06,-3.61176e-07,-5.01384e-13
5.83792e+06,9.59164e-05,0.000113803,-5009.93,-5.09307e-06,-4.71924e-06,3.73834e-07,5.18955e-13
5.83792e+06,0.000195871,0.000120845,3316.03,3.37106e-06,3.00946e-06,-3.616e-07,-5.01973e-13
5.83792e+06,9.58955e-05,0.000114099,-5010.39,-5.09353e-06,-4.71924e-06,3.74296e-07,5.19597e-13
5.83792e+06,0.00019584,0.000121291,3316.4,3.37144e-06,3.0095e-06,-3.61933e-07,-5.02435e-13
5.83792e+06,9.58742e-05,0.000114394,-5010.78,-5.09393e-06,-4.71924e-06,3.7469e-07,5.20144e-13
5.83792e+06,0.000195808,0.000121737,3316.67,3.37171e-06,3.00954e-06,-3.62167e-07,-5.0276e-13
5.83792e+06,9.58526e-05,0.000114689,-5011.1,-5.09426e-06,-4.71925e-06,3.7501e-07,5.20589e-13
5.83792e+06,0.000195776,0.000122183,3316.83,3.37187e-06,3.00958e-06,-3.62294e-07,-5.02935e-13
5.83792e+06,9.58307e-05,0.000114984,-5011.35,-5.09451e-06,-4.71926e-06,3.75254e-07,5.20927e-13
5.83792e+06,0.000195743,0.000122629,3316.87,3.37192e-06,3.00961e-06,-3.62304e-07,-5.02949e-13
5.83792e+06,9.58083e-05,0.000115279,-5011.52,-5.09468e-06,-4.71927e-06,3.75416e-07,5.21152e-13
5.83792e+06,0.000195709,0.000123074,3316.79,3.37184e-06,3.00965e-06,-3.62188e-07,-5.02789e-13
5.83792e+06,9.57856e-05,0.000115574,-5011.61,-5.09477e-06,-4.71928e-06,3.75493e-07,5.21259e-13
5.83792e+06,0.000195675,0.00012352,3316.59,3.37162e-06,3.00969e-06,-3.61936e-07,-5.02439e-13
5.83792e+06,9.57624e-05,0.000115869,-5011.61,-5.09477e-06,-4.71929e-06,3.7548e-07,5.21241e-13
5.83792e+06,0.000195639,0.000123965,3316.24,3.37127e-06,3.00973e-06,-3.61537e-07,-5.01886e-13
5.83792e+06,9.57389e-05,0.000116163,-5011.52,-5.09468e-06,-4.71931e-06,3.75373e-07,5.21092e-13
5.83792e+06,0.000195603,0.00012441,3315.74,3.37076e-06,3.00978e-06,-3.6098e-07,-5.01112e-13
5.83792e+06,9.57149e-05,0.000116458,-5011.33,-5.09449e-06,-4.71932e-06,3.75167e-07,5.20807e-13
5.83792e+06,0.000195566,0.000124854,3315.09,3.3701e-06,3.00985e-06,-3.60253e-07,-5.00102e-13
5.83792e+06,9.56904e-05,0.000116752,-5011.04,-5.09419e-06,-4.71933e-06,3.74858e-07,5.20378e-13
5.83792e+06,0.000195528,0.000125299,3314.27,3.36927e-06,3.00992e-06,-3.59342e-07,-4.98838e-13
5.83792e+06,9.56654e-05,0.000117047,-5010.64,-5.09379e-06,-4.71935e-06,3.74441e-07,5.19799e-13
5.83792e+06,0.000195489,0.000125743,3313.27,3.36825e-06,3.01002e-06,-3.58235e-07,-4.97301e-13
5.83792e+06,9.56399e-05,0.000117341,-5010.12,-5.09326e-06,-4.71935e-06,3.73912e-07,5.19064e-13
5.83792e+06,0.000195455,0.000126121,3312.28,3.36725e-06,3.01011e-06,-3.57133e-07,-4.95771e-13
5.83792e+06,0.000195448,0.000126187,3312.46,3.36743e-06,3.01013e-06,-3.57299e-07,-4.96001e-13
5.83792e+06,9.56139e-05,0.000117635,-5009.49,-5.09262e-06,-4.71936e-06,3.73264e-07,5.18165e-13
5.83792e+06,0.000195407,0.000126631,3313.66,3.36865e-06,3.01024e-06,-3.58406e-07,-4.97539e-13
5.83792e+06,9.55873e-05,0.000117929,-5008.73,-5.09185e-06,-4.71936e-06,3.72495e-07,5.17097e-13
5.83792e+06,0.000195366,0.000127075,3314.71,3.36971e-06,3.01033e-06,-3.5938e-07,-4.98891e-13
5.83792e+06,9.55601e-05,0.000118223,-5007.84,-5.09094e-06,-4.71935e-06,3.71597e-07,5.15851e-13
5.83792e+06,0.000195325,0.000127519,3315.6,3.37062e-06,3.01041e-06,-3.60212e-07,-5.00045e-13
5.83792e+06,9.55322e-05,0.000118516,-5006.81,-5.0899e-06,-4.71933e-06,3.70568e-07,5.14421e-13
5.83792e+06,0.000195284,0.000127962,3316.33,3.37136e-06,3.01047e-06,-3.60889e-07,-5.00986e-13
5.83792e+06,9.55036e-05,0.00011881,-5005.64,-5.0887e-06,-4.7193e-06,3.694e-07,5.128e-13
5.83792e+06,0.000195242,0.000128406,3316.88,3.37192e-06,3.01052e-06,-3.61401e-07,-5.01697e-13
5.83792e+06,9.54742e-05,0.000119103,-5004.31,-5.08735e-06,-4.71926e-06,3.68088e-07,5.1098e-13
5.83792e+06,0.0001952,0.000128849,3317.25,3.37229e-06,3.01056e-06,-3.61735e-07,-5.0216e-13
5.83792e+06,9.54441e-05,0.000119396,-5003.81,-5.08685e-06,-4.71921e-06,3.67634e-07,5.10349e-13
5.83792e+06,9.54545e-05,0.000119295,-5003.36,-5.08639e-06,-4.71923e-06,3.67159e-07,5.0969e-13
5.83792e+06,0.000195157,0.000129292,3317.42,3.37247e-06,3.0106e-06,-3.61877e-07,-5.02357e-13
5.83792e+06,9.54138e-05,0.000119689,-5005.07,-5.08813e-06,-4.71917e-06,3.68961e-07,5.12191e-13
5.83792e+06,0.000195114,0.000129735,3317.39,3.37244e-06,3.01063e-06,-3.61812e-07,-5.02268e-13
5.83792e+06,9.53833e-05,0.000119982,-5006.21,-5.08928e-06,-4.71913e-06,3.70147e-07,5.13837e-13
5.83792e+06,0.00019507,0.000130178,3317.15,3.37219e-06,3.01067e-06,-3.61525e-07,-5.01868e-13
5.83792e+06,9.53527e-05,0.000120275,-5007.21,-5.0903e-06,-4.71911e-06,3.71187e-07,5.15282e-13
5.83792e+06,0.000195025,0.00013062,3316.67,3.37171e-06,3.01072e-06,-3.60997e-07,-5.01136e-13
5.83792e+06,9.5322e-05,0.000120568,-5008.07,-5.09118e-06,-4.7191e-06,3.72078e-07,5.16518e-13
5.83792e+06,0.000194979,0.000131062,3315.96,3.37099e-06,3.01078e-06,-3.60211e-07,-5.00044e-13
5.83792e+06,9.52911e-05,0.000120861,-5008.79,-5.09191e-06,-4.7191e-06,3.72813e-07,5.17539e-13
5.83792e+06,0.000194932,0.000131504,3314.99,3.37e-06,3.01085e-06,-3.59145e-07,-4.98565e-13
5.83792e+06,9.526e-05,0.000121153,-5009.36,-5.09249e-06,-4.7191e-06,3.73389e-07,5.18338e-13
5.83792e+06,0.000194883,0.000131946,3313.75,3.36874e-06,3.01096e-06,-3.57779e-07,-4.96668e-13
5.83792e+06,9.52286e-05,0.000121446,-5009.78,-5.09291e-06,-4.71911e-06,3.73799e-07,5.18907e-13
5.83792e+06,0.000194848,0.000132254,3312.73,3.3677e-06,3.01105e-06,-3.56652e-07,-4.95103e-13
5.83792e+06,0.000194833,0.000132387,3313.17,3.36815e-06,3.01109e-06,-3.57058e-07,-4.95667e-13
5.83792e+06,9.51969e-05,0.000121738,-5010.03,-5.09317e-06,-4.71913e-06,3.74039e-07,5.1924e-13
5.83792e+06,0.000194783,0.000132828,3314.56,3.36957e-06,3.0112e-06,-3.58361e-07,-4.97476e-13
5.83792e+06,9.51649e-05,0.00012203,-5010.11,-5.09325e-06,-4.71915e-06,3.74103e-07,5.19329e-13
5.83792e+06,0.000194733,0.000133269,3315.73,3.37075e-06,3.01129e-06,-3.59457e-07,-4.98998e-13
5.83792e+06,9.51324e-05,0.000122322,-5010.01,-5.09315e-06,-4.71917e-06,3.73985e-07,5.19166e-13
5.83792e+06,0.000194683,0.00013371,3316.65,3.37169e-06,3.01136e-06,-3.6033e-07,-5.0021e-13
5.83792e+06,9.50996e-05,0.000122614,-5009.73,-5.09287e-06,-4.71919e-06,3.7368e-07,5.18742e-13
5.83792e+06,0.000194633,0.000134151,3317.32,3.37237e-06,3.01141e-06,-3.60964e-07,-5.01089e-13
5.83792e+06,9.50662e-05,0.000122906,-5009.26,-5.09238e-06,-4.7192e-06,3.73181e-07,5.18049e-13
5.83792e+06,0.000194583,0.000134591,3317.72,3.37278e-06,3.01144e-06,-3.61338e-07,-5.01608e-13
5.83792e+06,9.50323e-05,0.000123197,-5008.58,-5.09169e-06,-4.71921e-06,3.72482e-07,5.17079e-13
5.83792e+06,0.000194532,0.000135031,3317.85,3.3729e-06,3.01147e-06,-3.61432e-07,-5.01739e-13
5.83792e+06,9.49977e-05,0.000123488,-5007.69,-5.09079e-06,-4.71921e-06,3.71576e-07,5.15821e-13
5.83792e+06,0.000194481,0.000135472,3317.67,3.37273e-06,3.0115e-06,-3.61223e-07,-5.0145e-13
5.83792e+06,9.49624e-05,0.00012378,-5006.58,-5.08966e-06,-4.71921e-06,3.70455e-07,5.14266e-13
5.83792e+06,0.000194428,0.000135911,3317.18,3.37223e-06,3.01154e-06,-3.60687e-07,-5.00706e-13
5.83792e+06,9.49264e-05,0.00012407,-5005.24,-5.0883e-06,-4.71919e-06,3.69114e-07,5.12403e-13
5.83792e+06,0.000194375,0.000136351,3316.36,3.3714e-06,3.0116e-06,-3.59797e-07,-4.9947e-13
5.83792e+06,9.48894e-05,0.000124361,-5003.66,-5.08669e-06,-4.71915e-06,3.67543e-07,5.10222e-13
5.83792e+06,0.00019432,0.00013679,3315.19,3.3702e-06,3.01168e-06,-3.58523e-07,-4.97701e-13
5.83792e+06,9.48516e-05,0.000124652,-5001.82,-5.08483e-06,-4.71909e-06,3.65733e-07,5.07711e-13
5.83792e+06,0.000194263,0.000137229,3313.64,3.36863e-06,3.0118e-06,-3.56832e-07,-4.95354e-13
5.83792e+06,9.48131e-05,0.000124942,-5003.18,-5.08621e-06,-4.71903e-06,3.67182e-07,5.09722e-13
5.83792e+06,9.48485e-05,0.000124675,-5001.67,-5.08467e-06,-4.71909e-06,3.65585e-07,5.07505e-13
5.83792e+06,0.000194242,0.000137384,3313.02,3.368e-06,3.01185e-06,-3.56155e-07,-4.94413e-13
5.83792e+06,0.000194205,0.000137667,3314.09,3.36909e-06,3.01194e-06,-3.57151e-07,-4.95797e-13
5.83792e+06,9.47748e-05,0.000125232,-5004.64,-5.08769e-06,-4.71899e-06,3.68703e-07,5.11832e-13
5.83792e+06,0.000194147,0.000138105,3315.55,3.37057e-06,3.01204e-06,-3.58534e-07,-4.97716e-13
5.83792e+06,9.47366e-05,0.000125522,-5005.88,-5.08895e-06,-4.71896e-06,3.69986e-07,5.13614e-13
5.83792e+06,0.00019409,0.000138544,3316.7,3.37174e-06,3.01211e-06,-3.59632e-07,-4.99241e-13
5.83792e+06,9.46983e-05,0.000125812,-5006.89,-5.08998e-06,-4.71895e-06,3.71027e-07,5.1506e-13
5.83792e+06,0.000194033,0.000138982,3317.53,3.37258e-06,3.01216e-06,-3.60422e-07,-5.00337e-13
5.83792e+06,9.466e-05,0.000126102,-5007.67,-5.09077e-06,-4.71895e-06,3.7182e-07,5.16161e-13
5.83792e+06,0.000193976,0.00013942,3318,3.37306e-06,3.01219e-06,-3.60876e-07,-5.00968e-13
5.83792e+06,9.46216e-05,0.000126392,-5008.21,-5.09132e-06,-4.71896e-06,3.72359e-07,5.16909e-13
5.83792e+06,0.000193918,0.000139857,3318.11,3.37317e-06,3.01221e-06,-3.60966e-07,-5.01093e-13
5.83792e+06,9.45829e-05,0.000126681,-5008.51,-5.09162e-06,-4.71898e-06,3.72638e-07,5.17295e-13
5.83792e+06,0.00019386,0.000140294,3317.83,3.37289e-06,3.01223e-06,-3.6066e-07,-5.00668e-13
5.83792e+06,9.45439e-05,0.000126971,-5008.54,-5.09165e-06,-4.71901e-06,3.72649e-07,5.17311e-13
5.83792e+06,0.000193801,0.000140731,3317.14,3.37219e-06,3.01227e-06,-3.59922e-07,-4.99643e-13
5.83792e+06,9.45045e-05,0.00012726,-5008.3,-5.09141e-06,-4.71903e-06,3.72385e-07,5.16945e-13
5.83792e+06,0.00019374,0.000141168,3316.02,3.37104e-06,3.01233e-06,-3.58713e-07,-4.97965e-13
5.83792e+06,9.44646e-05,0.000127549,-5007.79,-5.09089e-06,-4.71905e-06,3.7184e-07,5.16187e-13
5.83792e+06,0.000193677,0.000141604,3314.42,3.36942e-06,3.01243e-06,-3.56991e-07,-4.95574e-13
5.83792e+06,9.44241e-05,0.000127838,-5006.97,-5.09006e-06,-4.71906e-06,3.71003e-07,5.15026e-13
5.83792e+06,0.000193636,0.000141882,3313.18,3.36816e-06,3.01252e-06,-3.55641e-07,-4.93701e-13
5.83792e+06,0.000193613,0.00014204,3313.84,3.36883e-06,3.01257e-06,-3.56258e-07,-4.94557e-13
5.83792e+06,9.43829e-05,0.000128127,-5005.86,-5.08893e-06,-4.71906e-06,3.69866e-07,5.13448e-13
5.83792e+06,0.000193549,0.000142476,3315.52,3.37054e-06,3.01268e-06,-3.57858e-07,-4.96778e-13
5.83792e+06,9.43408e-05,0.000128415,-5004.42,-5.08747e-06,-4.71905e-06,3.6842e-07,5.1144e-13
5.83792e+06,0.000193485,0.000142911,3316.82,3.37187e-06,3.01275e-06,-3.59113e-07,-4.9852e-13
5.83792e+06,9.42978e-05,0.000128703,-5002.65,-5.08566e-06,-4.71901e-06,3.66652e-07,5.08986e-13
5.83792e+06,0.000193422,0.000143346,3317.72,3.37278e-06,3.01279e-06,-3.59989e-07,-4.99736e-13
5.83792e+06,9.42536e-05,0.000128991,-5000.52,-5.0835e-06,-4.71895e-06,3.64551e-07,5.06069e-13
5.83792e+06,0.000193359,0.000143782,3318.19,3.37326e-06,3.01281e-06,-3.60449e-07,-5.00374e-13
5.83792e+06,9.42087e-05,0.000129278,-5001.4,-5.08439e-06,-4.71887e-06,3.65521e-07,5.07415e-13
5.83792e+06,9.42424e-05,0.000129063,-4999.95,-5.08293e-06,-4.71893e-06,3.63996e-07,5.05299e-13
5.83792e+06,0.000193295,0.000144216,3318.21,3.37327e-06,3.01282e-06,-3.60453e-07,-5.0038e-13
5.83792e+06,9.41641e-05,0.000129566,-5003.1,-5.08613e-06,-4.71882e-06,3.67307e-07,5.09895e-13
5.83792e+06,0.00019323,0.000144651,3317.73,3.37279e-06,3.01283e-06,-3.59957e-07,-4.99692e-13
5.83792e+06,9.41197e-05,0.000129853,-5004.51,-5.08756e-06,-4.7188e-06,3.68767e-07,5.11921e-13
5.83792e+06,0.000193165,0.000145085,3316.75,3.37179e-06,3.01287e-06,-3.58913e-07,-4.98242e-13
5.83792e+06,9.40755e-05,0.000130141,-5005.62,-5.08868e-06,-4.71879e-06,3.69894e-07,5.13486e-13
5.83792e+06,0.000193097,0.000145519,3315.2,3.37021e-06,3.01295e-06,-3.57265e-07,-4.95954e-13
5.83792e+06,9.40312e-05,0.000130428,-5006.4,-5.08948e-06,-4.7188e-06,3.70681e-07,5.14579e-13
5.83792e+06,0.00019303,0.000145933,3313.16,3.36814e-06,3.01307e-06,-3.55074e-07,-4.92913e-13
5.83792e+06,0.000193027,0.000145952,3313.25,3.36823e-06,3.01308e-06,-3.55154e-07,-4.93024e-13
5.83792e+06,9.39869e-05,0.000130715,-5006.85,-5.08994e-06,-4.71882e-06,3.7112e-07,5.15189e-13
5.83792e+06,0.000192957,0.000146385,3315.19,3.3702e-06,3.0132e-06,-3.56999e-07,-4.95585e-13
5.83792e+06,9.39423e-05,0.000131001,-5006.96,-5.09004e-06,-4.71884e-06,3.71204e-07,5.15305e-13
5.83792e+06,0.000192888,0.000146818,3316.68,3.37172e-06,3.01327e-06,-3.58448e-07,-4.97597e-13
5.83792e+06,9.38973e-05,0.000131288,-5006.7,-5.08979e-06,-4.71887e-06,3.70922e-07,5.14914e-13
5.83792e+06,0.000192819,0.00014725,3317.7,3.37276e-06,3.0133e-06,-3.59455e-07,-4.98995e-13
5.83792e+06,9.38519e-05,0.000131574,-5006.08,-5.08915e-06,-4.71889e-06,3.70265e-07,5.14002e-13
5.83792e+06,0.00019275,0.000147683,3318.21,3.37328e-06,3.01331e-06,-3.59971e-07,-4.99711e-13
5.83792e+06,9.38057e-05,0.00013186,-5005.06,-5.08812e-06,-4.7189e-06,3.69222e-07,5.12553e-13
5.83792e+06,0.000192681,0.000148115,3318.18,3.37325e-06,3.0133e-06,-3.59943e-07,-4.99673e-13
5.83792e+06,9.37587e-05,0.000132146,-5003.64,-5.08667e-06,-4.71889e-06,3.67778e-07,5.1055e-13
5.83792e+06,0.000192611,0.000148547,3317.57,3.37263e-06,3.01331e-06,-3.59315e-07,-4.98801e-13
5.83792e+06,9.37106e-05,0.000132432,-5001.78,-5.08478e-06,-4.71886e-06,3.65921e-07,5.07971e-13
5.83792e+06,0.00019254,0.000148978,3316.34,3.37137e-06,3.01335e-06,-3.58021e-07,-4.97005e-13
5.83792e+06,9.36614e-05,0.000132717,-4999.47,-5.08244e-06,-4.7188e-06,3.63633e-07,5.04795e-13
5.83792e+06,0.000192466,0.000149409,3314.42,3.36942e-06,3.01343e-06,-3.55989e-07,-4.94183e-13
5.83792e+06,9.3611e-05,0.000133002,-4999.28,-5.08224e-06,-4.71872e-06,3.63521e-07,5.04639e-13
5.83792e+06,9.36364e-05,0.000132859,-4998.19,-5.08113e-06,-4.71876e-06,3.62369e-07,5.0304e-13
5.83792e+06,0.000192424,0.000149646,3313.11,3.36809e-06,3.01351e-06,-3.54578e-07,-4.92224e-13
5.83792e+06,0.00019239,0.000149839,3314.04,3.36903e-06,3.01357e-06,-3.55459e-07,-4.93447e-13
5.83792e+06,9.35609e-05,0.000133287,-5001.26,-5.08425e-06,-4.71865e-06,3.65598e-07,5.07522e-13
5.83792e+06,0.000192315,0.000150269,3315.89,3.37092e-06,3.01366e-06,-3.57257e-07,-4.95944e-13
5.83792e+06,9.35113e-05,0.000133571,-5002.86,-5.08588e-06,-4.71862e-06,3.67264e-07,5.09835e-13
5.83792e+06,0.000192241,0.000150699,3317.23,3.37227e-06,3.0137e-06,-3.58575e-07,-4.97773e-13
5.83792e+06,9.34619e-05,0.000133856,-5004.08,-5.08712e-06,-4.71861e-06,3.68509e-07,5.11563e-13
5.83792e+06,0.000192168,0.000151129,3317.99,3.37305e-06,3.0137e-06,-3.59349e-07,-4.98848e-13
5.83792e+06,9.34127e-05,0.00013414,-5004.89,-5.08795e-06,-4.71862e-06,3.69324e-07,5.12695e-13
5.83792e+06,0.000192094,0.000151559,3318.14,3.3732e-06,3.01368e-06,-3.59516e-07,-4.9908e-13
5.83792e+06,9.33634e-05,0.000134425,-5005.29,-5.08835e-06,-4.71865e-06,3.69698e-07,5.13215e-13
5.83792e+06,0.000192019,0.000151988,3317.62,3.37268e-06,3.01367e-06,-3.59005e-07,-4.9837e-13
5.83792e+06,9.33138e-05,0.000134709,-5005.24,-5.0883e-06,-4.71868e-06,3.69621e-07,5.13108e-13
5.83792e+06,0.000191943,0.000152417,3316.39,3.37143e-06,3.01369e-06,-3.57737e-07,-4.9661e-13
5.83792e+06,9.32637e-05,0.000134992,-5004.73,-5.08778e-06,-4.7187e-06,3.69081e-07,5.12357e-13
5.83792e+06,0.000191865,0.000152845,3314.38,3.36938e-06,3.01376e-06,-3.5562e-07,-4.93672e-13
5.83792e+06,9.3213e-05,0.000135276,-5003.74,-5.08678e-06,-4.71872e-06,3.68062e-07,5.10943e-13
5.83792e+06,0.000191818,0.000153094,3312.88,3.36786e-06,3.01384e-06,-3.54022e-07,-4.91453e-13
5.83792e+06,0.000191784,0.000153273,3313.8,3.36879e-06,3.0139e-06,-3.54891e-07,-4.9266e-13
5.83792e+06,9.31615e-05,0.000135559,-5002.25,-5.08526e-06,-4.71871e-06,3.66549e-07,5.08843e-13
5.83792e+06,0.000191705,0.0001537,3315.76,3.37078e-06,3.01398e-06,-3.56803e-07,-4.95314e-13
5.83792e+06,9.31088e-05,0.000135842,-5000.23,-5.0832e-06,-4.71868e-06,3.64522e-07,5.0603e-13
5.83792e+06,0.000191626,0.000154128,3317.12,3.37217e-06,3.014e-06,-3.58171e-07,-4.97212e-13
5.83792e+06,9.30547e-05,0.000136125,-4997.64,-5.08058e-06,-4.71862e-06,3.61958e-07,5.0247e-13
5.83792e+06,0.000191548,0.000154555,3317.84,3.37289e-06,3.01398e-06,-3.58915e-07,-4.98245e-13
5.83792e+06,9.29995e-05,0.000136407,-4997.68,-5.08062e-06,-4.71852e-06,3.62099e-07,5.02665e-13
5.83792e+06,9.30303e-05,0.000136249,-4996.36,-5.07927e-06,-4.71857e-06,3.60694e-07,5.00714e-13
5.83792e+06,0.00019147,0.000154982,3317.84,3.3729e-06,3.01395e-06,-3.58953e-07,-4.98299e-13
5.83792e+06,9.29448e-05,0.000136689,-4999.82,-5.08279e-06,-4.71845e-06,3.64337e-07,5.05773e-13
5.83792e+06,0.00019139,0.000155408,3317.08,3.37213e-06,3.01393e-06,-3.58199e-07,-4.97251e-13
5.83792e+06,9.28906e-05,0.000136971,-5001.51,-5.0845e-06,-4.71842e-06,3.66079e-07,5.0819e-13
5.83792e+06,0.000191309,0.000155834,3315.48,3.3705e-06,3.01395e-06,-3.56549e-07,-4.94961e-13
5.83792e+06,9.28369e-05,0.000137253,-5002.71,-5.08573e-06,-4.71842e-06,3.6731e-07,5.09899e-13
5.83792e+06,0.000191225,0.000156259,3312.95,3.36793e-06,3.01404e-06,-3.53883e-07,-4.9126e-13
5.83792e+06,9.27832e-05,0.000137534,-5003.43,-5.08646e-06,-4.71844e-06,3.68017e-07,5.1088e-13
5.83792e+06,0.000191212,0.000156324,3312.51,3.36748e-06,3.01407e-06,-3.53418e-07,-4.90614e-13
5.83792e+06,0.00019114,0.000156684,3314.45,3.36946e-06,3.01416e-06,-3.55296e-07,-4.93221e-13
5.83792e+06,9.27295e-05,0.000137816,-5003.62,-5.08665e-06,-4.71847e-06,3.68186e-07,5.11116e-13
5.83792e+06,0.000191057,0.000157109,3316.22,3.37125e-06,3.0142e-06,-3.57052e-07,-4.95659e-13
5.83792e+06,9.26754e-05,0.000138097,-5003.27,-5.0863e-06,-4.71849e-06,3.67803e-07,5.10584e-13
5.83792e+06,0.000190974,0.000157534,3317.29,3.37233e-06,3.01418e-06,-3.58155e-07,-4.9719e-13
5.83792e+06,9.26206e-05,0.000138378,-5002.35,-5.08536e-06,-4.71851e-06,3.66851e-07,5.09262e-13
5.83792e+06,0.000190892,0.000157958,3317.59,3.37264e-06,3.01413e-06,-3.58508e-07,-4.9768e-13
5.83792e+06,9.2565e-05,0.000138659,-5000.83,-5.08382e-06,-4.71851e-06,3.65308e-07,5.0712e-13
5.83792e+06,0.000190809,0.000158382,3317.06,3.3721e-06,3.01409e-06,-3.58007e-07,-4.96984e-13
5.83792e+06,9.25083e-05,0.000138939,-4998.68,-5.08163e-06,-4.71848e-06,3.6315e-07,5.04124e-13
5.83792e+06,0.000190724,0.000158806,3315.6,3.37062e-06,3.01409e-06,-3.56535e-07,-4.94942e-13
5.83792e+06,9.245e-05,0.000139219,-4995.85,-5.07876e-06,-4.71841e-06,3.60345e-07,5.0023e-13
5.83792e+06,0.000190637,0.000159228,3313.13,3.36811e-06,3.01415e-06,-3.53954e-07,-4.91359e-13
5.83792e+06,9.23905e-05,0.000139498,-4995.93,-5.07884e-06,-4.7183e-06,3.60531e-07,5.00488e-13
5.83792e+06,9.24242e-05,0.00013934,-4994.46,-5.07735e-06,-4.71837e-06,3.5898e-07,4.98335e-13
5.83792e+06,0.000190606,0.000159373,3312.1,3.36706e-06,3.01419e-06,-3.52865e-07,-4.89847e-13
5.83792e+06,0.000190547,0.00015965,3313.66,3.36865e-06,3.01427e-06,-3.54382e-07,-4.91953e-13
5.83792e+06,9.23316e-05,0.000139778,-4998.22,-5.08117e-06,-4.71824e-06,3.62933e-07,5.03823e-13
5.83792e+06,0.000190459,0.000160072,3315.61,3.37063e-06,3.0143e-06,-3.56325e-07,-4.9465e-13
5.83792e+06,9.22734e-05,0.000140057,-4999.99,-5.08296e-06,-4.71821e-06,3.64753e-07,5.06349e-13
5.83792e+06,0.000190373,0.000160494,3316.8,3.37184e-06,3.01427e-06,-3.57563e-07,-4.96369e-13
5.83792e+06,9.22157e-05,0.000140336,-5001.19,-5.08418e-06,-4.71821e-06,3.65971e-07,5.08041e-13
5.83792e+06,0.000190287,0.000160916,3317.14,3.37219e-06,3.01421e-06,-3.57977e-07,-4.96943e-13
5.83792e+06,9.21581e-05,0.000140615,-5001.8,-5.0848e-06,-4.71823e-06,3.66571e-07,5.08874e-13
5.83792e+06,0.0001902,0.000161338,3316.56,3.3716e-06,3.01416e-06,-3.57445e-07,-4.96205e-13
5.83792e+06,9.21004e-05,0.000140894,-5001.79,-5.08479e-06,-4.71826e-06,3.66535e-07,5.08823e-13
5.83792e+06,0.000190111,0.000161759,3314.96,3.36997e-06,3.01414e-06,-3.55828e-07,-4.9396e-13
5.83792e+06,9.20422e-05,0.000141173,-5001.13,-5.08412e-06,-4.71828e-06,3.65842e-07,5.07861e-13
5.83792e+06,0.00019002,0.000162178,3312.19,3.36716e-06,3.0142e-06,-3.52957e-07,-4.89974e-13
5.83792e+06,9.19833e-05,0.000141451,-4999.79,-5.08276e-06,-4.71829e-06,3.64469e-07,5.05955e-13
5.83792e+06,0.00019,0.000162266,3311.52,3.36647e-06,3.01423e-06,-3.52244e-07,-4.88985e-13
5.83792e+06,0.000189926,0.000162598,3313.47,3.36846e-06,3.0143e-06,-3.54158e-07,-4.91641e-13
5.83792e+06,9.19231e-05,0.000141729,-4997.72,-5.08065e-06,-4.71827e-06,3.62386e-07,5.03064e-13
5.83792e+06,0.000189835,0.000163017,3315.37,3.37039e-06,3.01431e-06,-3.56076e-07,-4.94304e-13
5.83792e+06,9.18615e-05,0.000142006,-4994.87,-5.07776e-06,-4.7182e-06,3.59556e-07,4.99135e-13
5.83792e+06,0.000189745,0.000163437,3316.42,3.37145e-06,3.01425e-06,-3.57198e-07,-4.95861e-13
5.83792e+06,9.17982e-05,0.000142283,-4993.36,-5.07623e-06,-4.71809e-06,3.5814e-07,4.97169e-13
5.83792e+06,9.18182e-05,0.000142196,-4992.49,-5.07534e-06,-4.71813e-06,3.57216e-07,4.95887e-13
5.83792e+06,0.000189655,0.000163856,3316.52,3.37156e-06,3.01417e-06,-3.57382e-07,-4.96117e-13
5.83792e+06,9.17353e-05,0.000142559,-4995.96,-5.07886e-06,-4.718e-06,3.60864e-07,5.0095e-13
5.83792e+06,0.000189564,0.000164274,3315.57,3.37059e-06,3.01411e-06,-3.56482e-07,-4.94867e-13
5.83792e+06,9.16733e-05,0.000142836,-4997.95,-5.08088e-06,-4.71796e-06,3.62927e-07,5.03814e-13
5.83792e+06,0.000189471,0.000164692,3313.44,3.36843e-06,3.0141e-06,-3.54325e-07,-4.91874e-13
5.83792e+06,9.1612e-05,0.000143113,-4999.29,-5.08226e-06,-4.71795e-06,3.64303e-07,5.05724e-13
5.83792e+06,0.000189394,0.000165025,3310.85,3.36579e-06,3.01417e-06,-3.51626e-07,-4.88126e-13
5.83792e+06,0.000189374,0.000165109,3311.36,3.36631e-06,3.01419e-06,-3.52118e-07,-4.8881e-13
5.83792e+06,9.15509e-05,0.000143389,-4999.97,-5.08294e-06,-4.71797e-06,3.64968e-07,5.06648e-13
5.83792e+06,0.000189278,0.000165526,3313.77,3.36877e-06,3.01424e-06,-3.54528e-07,-4.92155e-13
5.83792e+06,9.14896e-05,0.000143665,-4999.92,-5.08289e-06,-4.718e-06,3.64899e-07,5.06552e-13
5.83792e+06,0.000189184,0.000165943,3315.34,3.37036e-06,3.01419e-06,-3.56166e-07,-4.9443e-13
5.83792e+06,9.14279e-05,0.000143941,-4999.13,-5.08209e-06,-4.71801e-06,3.64071e-07,5.05403e-13
5.83792e+06,0.000189091,0.000166359,3315.94,3.37096e-06,3.0141e-06,-3.56862e-07,-4.95395e-13
5.83792e+06,9.13652e-05,0.000144217,-4997.53,-5.08046e-06,-4.71801e-06,3.62451e-07,5.03154e-13
5.83792e+06,0.000188997,0.000166776,3315.44,3.37046e-06,3.014e-06,-3.56451e-07,-4.94825e-13
5.83792e+06,9.13013e-05,0.000144492,-4995.08,-5.07797e-06,-4.71798e-06,3.59997e-07,4.99747e-13
5.83792e+06,0.000188902,0.000167192,3313.71,3.3687e-06,3.01395e-06,-3.54749e-07,-4.92462e-13
5.83792e+06,9.12356e-05,0.000144767,-4991.7,-5.07453e-06,-4.71789e-06,3.56648e-07,4.95098e-13
5.83792e+06,0.000188803,0.000167606,3310.58,3.36551e-06,3.01399e-06,-3.51525e-07,-4.87987e-13
5.83792e+06,9.11686e-05,0.00014504,-4992.24,-5.07508e-06,-4.71775e-06,3.57327e-07,4.96041e-13
5.83792e+06,9.12121e-05,0.000144862,-4990.35,-5.07316e-06,-4.71784e-06,3.55321e-07,4.93257e-13
5.83792e+06,0.000188788,0.000167666,3310.05,3.36498e-06,3.014e-06,-3.50973e-07,-4.8722e-13
5.83792e+06,0.000188702,0.00016802,3312.3,3.36727e-06,3.01406e-06,-3.53207e-07,-4.90321e-13
5.83792e+06,9.11026e-05,0.000145314,-4994.7,-5.07759e-06,-4.71768e-06,3.5991e-07,4.99627e-13
5.83792e+06,0.000188604,0.000168434,3314.19,3.36919e-06,3.01402e-06,-3.55174e-07,-4.93052e-13
5.83792e+06,9.10376e-05,0.000145589,-4996.43,-5.07934e-06,-4.71764e-06,3.61698e-07,5.02109e-13
5.83792e+06,0.000188508,0.000168848,3315.07,3.37008e-06,3.01391e-06,-3.56164e-07,-4.94427e-13
5.83792e+06,9.09731e-05,0.000145862,-4997.34,-5.08027e-06,-4.71764e-06,3.62627e-07,5.03398e-13
5.83792e+06,0.000188411,0.000169262,3314.75,3.36976e-06,3.01379e-06,-3.5597e-07,-4.94157e-13
5.83792e+06,9.09087e-05,0.000146136,-4997.34,-5.08027e-06,-4.71766e-06,3.62613e-07,5.03379e-13
5.83792e+06,0.000188313,0.000169676,3313.09,3.36807e-06,3.0137e-06,-3.54363e-07,-4.91926e-13
5.83792e+06,9.0844e-05,0.00014641,-4996.25,-5.07916e-06,-4.71767e-06,3.6149e-07,5.0182e-13
5.83792e+06,0.000188211,0.000170088,3309.69,3.36461e-06,3.0137e-06,-3.50909e-07,-4.87131e-13
5.83792e+06,9.07785e-05,0.000146683,-4993.74,-5.07661e-06,-4.71767e-06,3.5894e-07,4.9828e-13
5.83792e+06,0.000188182,0.000170202,3308.45,3.36336e-06,3.01372e-06,-3.49631e-07,-4.85357e-13
5.83792e+06,0.000188107,0.000170499,3310.08,3.36501e-06,3.01376e-06,-3.51249e-07,-4.87604e-13
5.83792e+06,9.07118e-05,0.000146956,-4989.03,-5.07182e-06,-4.71763e-06,3.54187e-07,4.91682e-13
5.83792e+06,0.000188006,0.000170911,3310.9,3.36584e-06,3.01371e-06,-3.52133e-07,-4.8883e-13
5.83792e+06,9.06433e-05,0.000147228,-4830.73,-4.91089e-06,-4.71754e-06,1.93353e-07,2.68412e-13
5.83792e+06,0.000187906,0.000171322,3096.06,3.14744e-06,3.01357e-06,-1.33867e-07,-1.85834e-13
5.83792e+06,9.0573e-05,0.000147499,-5006.05,-5.08912e-06,-4.71739e-06,3.71735e-07,5.16042e-13
5.83792e+06,9.06061e-05,0.000147371,-4919.14,-5.00078e-06,-4.71746e-06,2.83315e-07,3.93297e-13
5.83792e+06,0.000187806,0.000171734,3347.95,3.40351e-06,3.01342e-06,-3.90089e-07,-5.41521e-13
5.83792e+06,9.05381e-05,0.000147635,-5097.62,-5.18222e-06,-4.71733e-06,4.64891e-07,6.45361e-13
5.83792e+06,0.000187756,0.000171939,3475.42,3.5331e-06,3.01335e-06,-5.19748e-07,-7.21513e-13
6.81091e+06,8.99706e-05,5.26513e-05,-5021.26,-5.10459e-06,-4.72901e-06,3.7558e-07,5.21379e-13
6.81091e+06,8.99358e-05,5.25161e-05,-5112.69,-5.19753e-06,-4.72894e-06,4.68587e-07,6.50492e-13
6.81091e+06,0.00018721,2.81975e-05,3483.96,3.54177e-06,3.02054e-06,-5.2123e-07,-7.2357e-13
6.81091e+06,0.00018726,2.84027e-05,3356.33,3.41202e-06,3.02063e-06,-3.91396e-07,-5.43336e-13
6.81091e+06,9e-05,5.27646e-05,-4944.03,-5.02608e-06,-4.72907e-06,2.97005e-07,4.12302e-13
6.81091e+06,9.00407e-05,5.29217e-05,-4847.3,-4.92774e-06,-4.72916e-06,1.9858e-07,2.75668e-13
6.81091e+06,0.000187359,2.88132e-05,3102.23,3.15371e-06,3.02078e-06,-1.32933e-07,-1.84538e-13
6.81091e+06,9.01089e-05,5.31929e-05,-5004.97,-5.08802e-06,-4.72925e-06,3.58773e-07,4.98048e-13
6.81091e+06,0.00018746,2.92239e-05,3315.62,3.37064e-06,3.02087e-06,-3.49767e-07,-4.85546e-13
6.81091e+06,9.01754e-05,5.34647e-05,-5009.62,-5.09276e-06,-4.72929e-06,3.6347e-07,5.04568e-13
6.81091e+06,0.000187563,2.96342e-05,3314.35,3.36935e-06,3.02086e-06,-3.48485e-07,-4.83766e-13
6.81091e+06,9.02406e-05,5.37369e-05,-5012.1,-5.09527e-06,-4.72929e-06,3.65981e-07,5.08055e-13
6.81091e+06,0.000187576,2.96836e-05,3314.08,3.36908e-06,3.02085e-06,-3.48228e-07,-4.8341e-13
6.81091e+06,0.000187667,3.00447e-05,3317.84,3.37289e-06,3.02082e-06,-3.52078e-07,-4.88755e-13
6.81091e+06,9.03051e-05,5.40096e-05,-5013.16,-5.09635e-06,-4.72927e-06,3.67074e-07,5.09571e-13
6.81091e+06,0.000187766,3.04565e-05,3320.29,3.37538e-06,3.02088e-06,-3.54505e-07,-4.92124e-13
6.81091e+06,9.03693e-05,5.42825e-05,-5013.13,-5.09632e-06,-4.72926e-06,3.6706e-07,5.09552e-13
6.81091e+06,0.000187863,3.08692e-05,3321.15,3.37626e-06,3.021e-06,-3.55263e-07,-4.93176e-13
6.81091e+06,9.04336e-05,5.45556e-05,-5012.19,-5.09536e-06,-4.72926e-06,3.66106e-07,5.08228e-13
6.81091e+06,0.00018796,3.12823e-05,3320.74,3.37585e-06,3.02112e-06,-3.54733e-07,-4.9244e-13
6.81091e+06,9.04984e-05,5.48288e-05,-5010.44,-5.09359e-06,-4.72929e-06,3.64296e-07,5.05716e-13
6.81091e+06,0.000188057,3.16955e-05,3319.24,3.37432e-06,3.02119e-06,-3.53127e-07,-4.90211e-13
6.81091e+06,9.05642e-05,5.51019e-05,-5007.96,-5.09107e-06,-4.72937e-06,3.61693e-07,5.02101e-13
6.81091e+06,0.000188157,3.21085e-05,3316.79,3.37183e-06,3.02117e-06,-3.50662e-07,-4.86789e-13
6.81091e+06,9.06061e-05,5.52729e-05,-5006.14,-5.08921e-06,-4.72946e-06,3.59759e-07,4.99417e-13
6.81091e+06,9.06311e-05,5.5375e-05,-5007.58,-5.09068e-06,-4.72951e-06,3.61177e-07,5.01385e-13
6.81091e+06,0.000188182,3.22104e-05,3316.15,3.37118e-06,3.02114e-06,-3.50038e-07,-4.85922e-13
6.81091e+06,0.000188257,3.25216e-05,3318.75,3.37383e-06,3.02109e-06,-3.52736e-07,-4.89668e-13
6.81091e+06,9.06965e-05,5.56486e-05,-5010.95,-5.0941e-06,-4.7296e-06,3.64507e-07,5.06008e-13
6.81091e+06,0.000188354,3.29358e-05,3321.02,3.37613e-06,3.02112e-06,-3.55012e-07,-4.92828e-13
6.81091e+06,9.07602e-05,5.59228e-05,-5013.38,-5.09658e-06,-4.72963e-06,3.66947e-07,5.09396e-13
6.81091e+06,0.000188449,3.33509e-05,3321.98,3.37711e-06,3.02121e-06,-3.55906e-07,-4.94069e-13
6.81091e+06,9.08227e-05,5.61975e-05,-5014.97,-5.09819e-06,-4.72963e-06,3.68557e-07,5.1163e-13
6.81091e+06,0.000188542,3.37665e-05,3321.8,3.37692e-06,3.02131e-06,-3.55618e-07,-4.93668e-13
6.81091e+06,9.08842e-05,5.64726e-05,-5015.76,-5.09899e-06,-4.72961e-06,3.69377e-07,5.12769e-13
6.81091e+06,0.000188636,3.41823e-05,3320.59,3.37569e-06,3.02138e-06,-3.54317e-07,-4.91863e-13
6.81091e+06,9.09453e-05,5.6748e-05,-5015.79,-5.09903e-06,-4.72959e-06,3.69441e-07,5.12857e-13
6.81091e+06,0.000188731,3.4598e-05,3318.47,3.37354e-06,3.02137e-06,-3.52172e-07,-4.88884e-13
6.81091e+06,9.10062e-05,5.70236e-05,-5015.12,-5.09834e-06,-4.72957e-06,3.68773e-07,5.1193e-13
6.81091e+06,0.000188788,3.48408e-05,3316.98,3.37203e-06,3.02132e-06,-3.50711e-07,-4.86857e-13
6.81091e+06,0.000188828,3.50136e-05,3318.39,3.37346e-06,3.02127e-06,-3.52181e-07,-4.88898e-13
6.81091e+06,9.10674e-05,5.72993e-05,-5013.77,-5.09697e-06,-4.72958e-06,3.67396e-07,5.10018e-13
6.81091e+06,0.000188923,3.54301e-05,3321.02,3.37613e-06,3.02125e-06,-3.54884e-07,-4.92649e-13
6.81091e+06,9.11291e-05,5.75751e-05,-5011.78,-5.09495e-06,-4.72962e-06,3.65333e-07,5.07155e-13
6.81091e+06,0.000189015,3.58474e-05,3322.41,3.37755e-06,3.0213e-06,-3.56245e-07,-4.94538e-13
6.81091e+06,9.11918e-05,5.78509e-05,-5009.19,-5.09232e-06,-4.72971e-06,3.6261e-07,5.03375e-13
6.81091e+06,0.000189105,3.62654e-05,3322.7,3.37783e-06,3.02138e-06,-3.56452e-07,-4.94826e-13
6.81091e+06,9.12121e-05,5.79392e-05,-5008.3,-5.09142e-06,-4.72975e-06,3.61668e-07,5.02067e-13
6.81091e+06,9.1255e-05,5.81268e-05,-5010.66,-5.09381e-06,-4.72982e-06,3.63988e-07,5.05288e-13
6.81091e+06,0.000189195,3.66838e-05,3321.99,3.37712e-06,3.02145e-06,-3.55662e-07,-4.93729e-13
6.81091e+06,9.13164e-05,5.84032e-05,-5013.52,-5.09671e-06,-4.72989e-06,3.66827e-07,5.09228e-13
6.81091e+06,0.000189286,3.71022e-05,3320.39,3.37549e-06,3.02148e-06,-3.54016e-07,-4.91444e-13
6.81091e+06,9.13763e-05,5.86801e-05,-5015.6,-5.09883e-06,-4.72991e-06,3.6892e-07,5.12134e-13
6.81091e+06,0.000189379,3.75205e-05,3318.01,3.37307e-06,3.02141e-06,-3.51661e-07,-4.88176e-13
6.81091e+06,9.14351e-05,5.89575e-05,-5016.95,-5.10021e-06,-4.7299e-06,3.70305e-07,5.14057e-13
6.81091e+06,0.000189394,3.75878e-05,3317.62,3.37267e-06,3.02139e-06,-3.51282e-07,-4.87649e-13
6.81091e+06,0.000189472,3.7939e-05,3320.21,3.37531e-06,3.02132e-06,-3.53989e-07,-4.91406e-13
6.81091e+06,9.14931e-05,5.92352e-05,-5017.63,-5.10089e-06,-4.72988e-06,3.71013e-07,5.15039e-13
6.81091e+06,0.000189562,3.83584e-05,3322.24,3.37737e-06,3.02131e-06,-3.56055e-07,-4.94276e-13
6.81091e+06,9.15507e-05,5.95132e-05,-5017.65,-5.10092e-06,-4.72985e-06,3.71065e-07,5.15113e-13
6.81091e+06,0.000189649,3.87787e-05,3323.19,3.37833e-06,3.02136e-06,-3.56971e-07,-4.95547e-13
6.81091e+06,9.1608e-05,5.97913e-05,-5017.06,-5.10031e-06,-4.72983e-06,3.70483e-07,5.14304e-13
6.81091e+06,0.000189736,3.91994e-05,3323.17,3.37831e-06,3.02143e-06,-3.56886e-07,-4.95428e-13
6.81091e+06,9.16656e-05,6.00697e-05,-5015.88,-5.09911e-06,-4.72983e-06,3.69284e-07,5.12639e-13
6.81091e+06,0.000189822,3.96204e-05,3322.27,3.3774e-06,3.02147e-06,-3.55926e-07,-4.94097e-13
6.81091e+06,9.17235e-05,6.03481e-05,-5014.13,-5.09734e-06,-4.72986e-06,3.67484e-07,5.10141e-13
6.81091e+06,0.00018991,4.00414e-05,3320.58,3.37568e-06,3.02147e-06,-3.54213e-07,-4.91719e-13
6.81091e+06,9.17821e-05,6.06265e-05,-5011.86,-5.09503e-06,-4.72992e-06,3.65103e-07,5.06836e-13
6.81091e+06,0.000189999,4.04623e-05,3318.18,3.37325e-06,3.02137e-06,-3.51871e-07,-4.88467e-13
6.81091e+06,9.18182e-05,6.07957e-05,-5010.29,-5.09343e-06,-4.72999e-06,3.63442e-07,5.0453e-13
6.81091e+06,9.18415e-05,6.0905e-05,-5011.55,-5.09472e-06,-4.73003e-06,3.64683e-07,5.06252e-13
6.81091e+06,0.00019,4.04675e-05,3318.15,3.37322e-06,3.02137e-06,-3.51844e-07,-4.88429e-13
6.81091e+06,0.000190088,4.08836e-05,3321,3.37611e-06,3.02128e-06,-3.54826e-07,-4.92569e-13
6.81091e+06,9.18996e-05,6.11839e-05,-5014.41,-5.09762e-06,-4.73011e-06,3.67516e-07,5.10185e-13
6.81091e+06,0.000190173,4.13058e-05,3322.81,3.37795e-06,3.02127e-06,-3.56681e-07,-4.95144e-13
6.81091e+06,9.19563e-05,6.14633e-05,-5016.59,-5.09984e-06,-4.73014e-06,3.69703e-07,5.13221e-13
6.81091e+06,0.000190257,4.17287e-05,3323.66,3.37882e-06,3.0213e-06,-3.57511e-07,-4.96297e-13
6.81091e+06,9.20117e-05,6.17431e-05,-5018.14,-5.10142e-06,-4.73014e-06,3.71276e-07,5.15405e-13
6.81091e+06,0.00019034,4.2152e-05,3323.64,3.3788e-06,3.02135e-06,-3.57442e-07,-4.96201e-13
6.81091e+06,9.20663e-05,6.20233e-05,-5019.09,-5.10238e-06,-4.73012e-06,3.72261e-07,5.16772e-13
6.81091e+06,0.000190422,4.25756e-05,3322.83,3.37797e-06,3.02139e-06,-3.56581e-07,-4.95006e-13
6.81091e+06,9.21202e-05,6.23037e-05,-5019.48,-5.10277e-06,-4.73009e-06,3.72677e-07,5.1735e-13
6.81091e+06,0.000190505,4.29993e-05,3321.29,3.3764e-06,3.02137e-06,-3.55029e-07,-4.9285e-13
6.81091e+06,9.21738e-05,6.25843e-05,-5019.32,-5.10261e-06,-4.73007e-06,3.72542e-07,5.17163e-13
6.81091e+06,0.00019059,4.3423e-05,3319.09,3.37417e-06,3.02129e-06,-3.52885e-07,-4.89874e-13
6.81091e+06,9.22273e-05,6.28652e-05,-5018.64,-5.10192e-06,-4.73005e-06,3.71871e-07,5.16231e-13
6.81091e+06,0.000190606,4.3501e-05,3318.67,3.37374e-06,3.02126e-06,-3.52484e-07,-4.89318e-13
6.81091e+06,0.000190675,4.38468e-05,3320.91,3.37602e-06,3.02117e-06,-3.54845e-07,-4.92596e-13
6.81091e+06,9.22808e-05,6.31462e-05,-5017.46,-5.10073e-06,-4.73005e-06,3.70677e-07,5.14573e-13
6.81091e+06,0.000190758,4.42715e-05,3322.82,3.37796e-06,3.02113e-06,-3.56831e-07,-4.95352e-13
6.81091e+06,9.23347e-05,6.34273e-05,-5015.81,-5.09905e-06,-4.73008e-06,3.68973e-07,5.12207e-13
6.81091e+06,0.000190838,4.46968e-05,3323.86,3.37902e-06,3.02114e-06,-3.57876e-07,-4.96803e-13
6.81091e+06,9.23892e-05,6.37084e-05,-5013.71,-5.09691e-06,-4.73014e-06,3.66772e-07,5.09152e-13
6.81091e+06,0.000190916,4.51226e-05,3324.1,3.37926e-06,3.02117e-06,-3.58088e-07,-4.97098e-13
6.81091e+06,9.24242e-05,6.38875e-05,-5012.19,-5.09537e-06,-4.7302e-06,3.65168e-07,5.06925e-13
6.81091e+06,9.24443e-05,6.39896e-05,-5013.25,-5.09644e-06,-4.73024e-06,3.66207e-07,5.08368e-13
6.81091e+06,0.000190995,4.55487e-05,3323.61,3.37876e-06,3.0212e-06,-3.57561e-07,-4.96366e-13
6.81091e+06,9.24982e-05,6.42712e-05,-5015.89,-5.09912e-06,-4.73031e-06,3.68815e-07,5.11989e-13
6.81091e+06,0.000191073,4.5975e-05,3322.44,3.37758e-06,3.0212e-06,-3.56378e-07,-4.94724e-13
6.81091e+06,9.25508e-05,6.45531e-05,-5017.96,-5.10123e-06,-4.73034e-06,3.70886e-07,5.14864e-13
6.81091e+06,0.000191153,4.64014e-05,3320.66,3.37576e-06,3.02114e-06,-3.54621e-07,-4.92284e-13
6.81091e+06,9.26023e-05,6.48355e-05,-5019.49,-5.10279e-06,-4.73035e-06,3.72444e-07,5.17027e-13
6.81091e+06,0.000191212,4.67137e-05,3319.05,3.37413e-06,3.02105e-06,-3.53075e-07,-4.90138e-13
6.81091e+06,0.000191234,4.68277e-05,3319.76,3.37485e-06,3.02101e-06,-3.53832e-07,-4.91189e-13
6.81091e+06,9.26528e-05,6.51182e-05,-5020.53,-5.10384e-06,-4.73033e-06,3.73509e-07,5.18505e-13
6.81091e+06,0.000191313,4.72546e-05,3322.05,3.37717e-06,3.02092e-06,-3.56252e-07,-4.94548e-13
6.81091e+06,9.27027e-05,6.54011e-05,-5021.08,-5.1044e-06,-4.73031e-06,3.74097e-07,5.19321e-13
6.81091e+06,0.00019139,4.76822e-05,3323.52,3.37867e-06,3.02089e-06,-3.57781e-07,-4.96671e-13
6.81091e+06,9.27522e-05,6.56843e-05,-5021.18,-5.1045e-06,-4.73028e-06,3.74221e-07,5.19494e-13
6.81091e+06,0.000191465,4.81103e-05,3324.25,3.37942e-06,3.0209e-06,-3.58519e-07,-4.97696e-13
6.81091e+06,9.28013e-05,6.59676e-05,-5020.83,-5.10415e-06,-4.73026e-06,3.73896e-07,5.19041e-13
6.81091e+06,0.00019154,4.85389e-05,3324.3,3.37947e-06,3.02092e-06,-3.58549e-07,-4.97737e-13
6.81091e+06,9.28504e-05,6.62512e-05,-5020.07,-5.10337e-06,-4.73024e-06,3.7313e-07,5.17979e-13
6.81091e+06,0.000191613,4.89677e-05,3323.72,3.37887e-06,3.02093e-06,-3.57945e-07,-4.96898e-13
6.81091e+06,9.28995e-05,6.65349e-05,-5018.9,-5.10218e-06,-4.73025e-06,3.71936e-07,5.1632e-13
6.81091e+06,0.000191687,4.93967e-05,3322.54,3.37768e-06,3.02091e-06,-3.56773e-07,-4.95271e-13
6.81091e+06,9.29489e-05,6.68186e-05,-5017.34,-5.1006e-06,-4.73028e-06,3.70321e-07,5.14079e-13
6.81091e+06,0.000191762,4.98257e-05,3320.83,3.37593e-06,3.02084e-06,-3.55097e-07,-4.92945e-13
6.81091e+06,9.29987e-05,6.71025e-05,-5015.4,-5.09863e-06,-4.73034e-06,3.68295e-07,5.11267e-13
6.81091e+06,0.000191818,5.01406e-05,3319.29,3.37438e-06,3.02074e-06,-3.53635e-07,-4.90916e-13
6.81091e+06,0.000191839,5.02548e-05,3319.94,3.37504e-06,3.0207e-06,-3.54334e-07,-4.91886e-13
6.81091e+06,9.30303e-05,6.72813e-05,-5014.04,-5.09725e-06,-4.73039e-06,3.66856e-07,5.09268e-13
6.81091e+06,9.30489e-05,6.73864e-05,-5015,-5.09822e-06,-4.73042e-06,3.67799e-07,5.10579e-13
6.81091e+06,0.000191913,5.06844e-05,3322.08,3.37721e-06,3.0206e-06,-3.56608e-07,-4.95043e-13
6.81091e+06,9.30981e-05,6.76707e-05,-5017.37,-5.10063e-06,-4.73049e-06,3.70142e-07,5.13831e-13
6.81091e+06,0.000191986,5.11145e-05,3323.52,3.37867e-06,3.02056e-06,-3.58111e-07,-4.97129e-13
6.81091e+06,9.31461e-05,6.79553e-05,-5019.28,-5.10258e-06,-4.73052e-06,3.72054e-07,5.16485e-13
6.81091e+06,0.000192056,5.15452e-05,3324.3,3.37947e-06,3.02055e-06,-3.58921e-07,-4.98253e-13
6.81091e+06,9.3193e-05,6.82402e-05,-5020.76,-5.10408e-06,-4.73053e-06,3.73553e-07,5.18565e-13
6.81091e+06,0.000192126,5.19763e-05,3324.49,3.37966e-06,3.02055e-06,-3.59106e-07,-4.9851e-13
6.81091e+06,9.32391e-05,6.85254e-05,-5021.84,-5.10517e-06,-4.73052e-06,3.74652e-07,5.20092e-13
6.81091e+06,0.000192195,5.24077e-05,3324.12,3.37928e-06,3.02055e-06,-3.58726e-07,-4.97983e-13
6.81091e+06,9.32845e-05,6.88109e-05,-5022.52,-5.10587e-06,-4.7305e-06,3.75366e-07,5.21082e-13
6.81091e+06,0.000192264,5.28393e-05,3323.22,3.37837e-06,3.02053e-06,-3.57836e-07,-4.96748e-13
6.81091e+06,9.33293e-05,6.90966e-05,-5022.83,-5.10618e-06,-4.73048e-06,3.75705e-07,5.21553e-13
6.81091e+06,0.000192333,5.3271e-05,3321.84,3.37696e-06,3.02048e-06,-3.56486e-07,-4.94874e-13
6.81091e+06,9.33738e-05,6.93825e-05,-5022.78,-5.10613e-06,-4.73045e-06,3.75679e-07,5.21517e-13
6.81091e+06,0.000192403,5.37028e-05,3320,3.37509e-06,3.02037e-06,-3.54723e-07,-4.92427e-13
6.81091e+06,9.34179e-05,6.96686e-05,-5022.38,-5.10573e-06,-4.73043e-06,3.75298e-07,5.20988e-13
6.81091e+06,0.000192424,5.38293e-05,3319.43,3.37451e-06,3.02033e-06,-3.54183e-07,-4.91676e-13
6.81091e+06,0.000192474,5.41347e-05,3320.96,3.37607e-06,3.02023e-06,-3.55841e-07,-4.93978e-13
6.81091e+06,9.3462e-05,6.99548e-05,-5021.66,-5.10499e-06,-4.73042e-06,3.7457e-07,5.19978e-13
6.81091e+06,0.000192543,5.45673e-05,3322.67,3.37781e-06,3.02015e-06,-3.57659e-07,-4.96502e-13
6.81091e+06,9.3506e-05,7.02411e-05,-5020.61,-5.10393e-06,-4.73042e-06,3.73503e-07,5.18496e-13
6.81091e+06,0.000192609,5.50003e-05,3323.8,3.37896e-06,3.02011e-06,-3.58851e-07,-4.98157e-13
6.81091e+06,9.35501e-05,7.05276e-05,-5019.26,-5.10255e-06,-4.73045e-06,3.72104e-07,5.16554e-13
6.81091e+06,0.000192674,5.54337e-05,3324.4,3.37956e-06,3.02009e-06,-3.59475e-07,-4.99023e-13
6.81091e+06,9.35945e-05,7.08142e-05,-5017.61,-5.10087e-06,-4.7305e-06,3.70379e-07,5.14159e-13
6.81091e+06,0.000192738,5.58675e-05,3324.49,3.37966e-06,3.02008e-06,-3.59581e-07,-4.9917e-13
6.81091e+06,9.36364e-05,7.10829e-05,-5015.81,-5.09904e-06,-4.73056e-06,3.68481e-07,5.11525e-13
6.81091e+06,9.36392e-05,7.11008e-05,-5015.95,-5.09919e-06,-4.73057e-06,3.68621e-07,5.11719e-13
6.81091e+06,0.000192802,5.63015e-05,3324.12,3.37928e-06,3.02007e-06,-3.59215e-07,-4.98662e-13
6.81091e+06,9.36833e-05,7.13877e-05,-5018.14,-5.10142e-06,-4.73064e-06,3.70782e-07,5.14719e-13
6.81091e+06,0.000192866,5.67358e-05,3323.31,3.37846e-06,3.02004e-06,-3.58419e-07,-4.97557e-13
6.81091e+06,9.37263e-05,7.16749e-05,-5019.98,-5.10329e-06,-4.73068e-06,3.7261e-07,5.17256e-13
6.81091e+06,0.000192929,5.71702e-05,3322.08,3.37721e-06,3.01998e-06,-3.5723e-07,-4.95907e-13
6.81091e+06,9.37684e-05,7.19623e-05,-5021.48,-5.10481e-06,-4.73069e-06,3.74117e-07,5.19349e-13
6.81091e+06,0.000192994,5.76047e-05,3320.46,3.37557e-06,3.01988e-06,-3.55685e-07,-4.93762e-13
6.81091e+06,9.38095e-05,7.225e-05,-5022.66,-5.10601e-06,-4.7307e-06,3.75314e-07,5.21011e-13
6.81091e+06,0.00019303,5.78485e-05,3319.44,3.37452e-06,3.0198e-06,-3.54722e-07,-4.92424e-13
6.81091e+06,0.000193059,5.80393e-05,3320.31,3.37541e-06,3.01974e-06,-3.55671e-07,-4.93742e-13
6.81091e+06,9.385e-05,7.25379e-05,-5023.54,-5.1069e-06,-4.73069e-06,3.76212e-07,5.22257e-13
6.81091e+06,0.000193122,5.84744e-05,3322.02,3.37715e-06,3.01963e-06,-3.57515e-07,-4.96302e-13
6.81091e+06,9.38898e-05,7.28261e-05,-5024.11,-5.10749e-06,-4.73067e-06,3.76819e-07,5.231e-13
6.81091e+06,0.000193184,5.89099e-05,3323.25,3.3784e-06,3.01957e-06,-3.58828e-07,-4.98125e-13
6.81091e+06,9.39291e-05,7.31144e-05,-5024.41,-5.10779e-06,-4.73065e-06,3.77145e-07,5.23552e-13
6.81091e+06,0.000193244,5.93458e-05,3324.03,3.37919e-06,3.01953e-06,-3.59655e-07,-4.99273e-13
6.81091e+06,9.39679e-05,7.34029e-05,-5024.44,-5.10782e-06,-4.73062e-06,3.77196e-07,5.23623e-13
6.81091e+06,0.000193303,5.9782e-05,3324.38,3.37955e-06,3.01951e-06,-3.60037e-07,-4.99802e-13
6.81091e+06,9.40065e-05,7.36915e-05,-5024.21,-5.10758e-06,-4.7306e-06,3.7698e-07,5.23324e-13
6.81091e+06,0.000193361,6.02185e-05,3324.33,3.3795e-06,3.01949e-06,-3.60009e-07,-4.99764e-13
6.81091e+06,9.40447e-05,7.39804e-05,-5023.73,-5.10709e-06,-4.73059e-06,3.76505e-07,5.22664e-13
6.81091e+06,0.000193418,6.06553e-05,3323.91,3.37907e-06,3.01947e-06,-3.59606e-07,-4.99205e-13
6.81091e+06,9.40829e-05,7.42693e-05,-5023,-5.10636e-06,-4.73058e-06,3.75776e-07,5.21652e-13
6.81091e+06,0.000193476,6.10922e-05,3323.14,3.37828e-06,3.01943e-06,-3.58858e-07,-4.98166e-13
6.81091e+06,9.41209e-05,7.45584e-05,-5022.05,-5.10539e-06,-4.73059e-06,3.748e-07,5.20296e-13
6.81091e+06,0.000193533,6.15293e-05,3322.02,3.37715e-06,3.01936e-06,-3.57791e-07,-4.96686e-13
6.81091e+06,9.41589e-05,7.48476e-05,-5020.87,-5.10419e-06,-4.73061e-06,3.73581e-07,5.18605e-13
6.81091e+06,0.000193591,6.19666e-05,3320.59,3.3757e-06,3.01926e-06,-3.56433e-07,-4.94799e-13
6.81091e+06,9.41969e-05,7.51369e-05,-5019.48,-5.10278e-06,-4.73065e-06,3.72126e-07,5.16585e-13
6.81091e+06,0.000193636,6.23036e-05,3319.31,3.37439e-06,3.01916e-06,-3.55228e-07,-4.93127e-13
6.81091e+06,0.00019365,6.24039e-05,3319.71,3.3748e-06,3.01913e-06,-3.55673e-07,-4.93745e-13
6.81091e+06,9.42351e-05,7.54263e-05,-5017.88,-5.10115e-06,-4.73071e-06,3.70441e-07,5.14245e-13
6.81091e+06,0.000193707,6.28416e-05,3321.33,3.37645e-06,3.01901e-06,-3.57436e-07,-4.96193e-13
6.81091e+06,9.42424e-05,7.54821e-05,-5017.56,-5.10083e-06,-4.73072e-06,3.70106e-07,5.13781e-13
6.81091e+06,9.4273e-05,7.57159e-05,-5019.07,-5.10236e-06,-4.73077e-06,3.71584e-07,5.15832e-13
6.81091e+06,0.000193763,6.32797e-05,3322.56,3.3777e-06,3.01893e-06,-3.58771e-07,-4.98045e-13
6.81091e+06,9.43099e-05,7.60057e-05,-5020.71,-5.10403e-06,-4.73082e-06,3.73215e-07,5.18096e-13
6.81091e+06,0.000193817,6.37181e-05,3323.43,3.37858e-06,3.01887e-06,-3.5971e-07,-4.99349e-13
6.81091e+06,9.4346e-05,7.62957e-05,-5022.12,-5.10546e-06,-4.73084e-06,3.74616e-07,5.20042e-13
6.81091e+06,0.00019387,6.41568e-05,3323.96,3.37912e-06,3.01883e-06,-3.60285e-07,-5.00147e-13
6.81091e+06,9.43813e-05,7.65859e-05,-5023.29,-5.10665e-06,-4.73085e-06,3.75796e-07,5.2168e-13
6.81091e+06,0.000193922,6.45958e-05,3324.16,3.37933e-06,3.0188e-06,-3.60523e-07,-5.00478e-13
6.81091e+06,9.44158e-05,7.68763e-05,-5024.24,-5.10761e-06,-4.73085e-06,3.76762e-07,5.23021e-13
6.81091e+06,0.000193973,6.5035e-05,3324.07,3.37923e-06,3.01878e-06,-3.6045e-07,-5.00376e-13
6.81091e+06,9.44497e-05,7.71669e-05,-5024.98,-5.10837e-06,-4.73084e-06,3.77522e-07,5.24075e-13
6.81091e+06,0.000194024,6.54745e-05,3323.68,3.37883e-06,3.01874e-06,-3.60089e-07,-4.99875e-13
6.81091e+06,9.4483e-05,7.74577e-05,-5025.51,-5.10891e-06,-4.73083e-06,3.78081e-07,5.24852e-13
6.81091e+06,0.000194075,6.59141e-05,3323.02,3.37816e-06,3.0187e-06,-3.59462e-07,-4.99005e-13
6.81091e+06,9.45158e-05,7.77486e-05,-5025.86,-5.10926e-06,-4.73081e-06,3.78447e-07,5.2536e-13
6.81091e+06,0.000194125,6.63539e-05,3322.1,3.37722e-06,3.01864e-06,-3.58588e-07,-4.97792e-13
6.81091e+06,9.45481e-05,7.80396e-05,-5026.01,-5.10942e-06,-4.73079e-06,3.78626e-07,5.25608e-13
6.81091e+06,0.000194176,6.67938e-05,3320.93,3.37604e-06,3.01855e-06,-3.57485e-07,-4.96261e-13
6.81091e+06,9.458e-05,7.83309e-05,-5025.99,-5.1094e-06,-4.73077e-06,3.78623e-07,5.25604e-13
6.81091e+06,0.000194226,6.72339e-05,3319.52,3.37461e-06,3.01844e-06,-3.5617e-07,-4.94435e-13
6.81091e+06,9.46116e-05,7.86222e-05,-5025.8,-5.1092e-06,-4.73076e-06,3.78444e-07,5.25356e-13
6.81091e+06,0.000194242,6.73735e-05,3319.05,3.37413e-06,3.01839e-06,-3.55737e-07,-4.93833e-13
6.81091e+06,0.000194277,6.76741e-05,3320.06,3.37516e-06,3.01831e-06,-3.56853e-07,-4.95384e-13
6.81091e+06,9.46428e-05,7.89137e-05,-5025.44,-5.10884e-06,-4.73074e-06,3.78095e-07,5.24872e-13
6.81091e+06,0.000194326,6.81147e-05,3321.33,3.37645e-06,3.0182e-06,-3.58241e-07,-4.9731e-13
6.81091e+06,9.46738e-05,7.92053e-05,-5024.93,-5.10832e-06,-4.73074e-06,3.77582e-07,5.24159e-13
6.81091e+06,0.000194374,6.85555e-05,3322.32,3.37745e-06,3.01813e-06,-3.5932e-07,-4.98807e-13
6.81091e+06,9.47045e-05,7.9497e-05,-5024.27,-5.10765e-06,-4.73074e-06,3.76909e-07,5.23224e-13
6.81091e+06,0.00019442,6.89967e-05,3323.04,3.37818e-06,3.01807e-06,-3.60113e-07,-4.99908e-13
6.81091e+06,9.47351e-05,7.97889e-05,-5023.46,-5.10683e-06,-4.73075e-06,3.76081e-07,5.22075e-13
6.81091e+06,0.000194466,6.9438e-05,3323.51,3.37867e-06,3.01803e-06,-3.6064e-07,-5.0064e-13
6.81091e+06,9.47654e-05,8.00808e-05,-5022.52,-5.10587e-06,-4.73076e-06,3.75103e-07,5.20717e-13
6.81091e+06,0.00019451,6.98796e-05,3323.75,3.37891e-06,3.01799e-06,-3.60921e-07,-5.0103e-13
6.81091e+06,9.47957e-05,8.03729e-05,-5021.44,-5.10477e-06,-4.73079e-06,3.7398e-07,5.19158e-13
6.81091e+06,0.000194554,7.03215e-05,3323.77,3.37893e-06,3.01796e-06,-3.60973e-07,-5.01102e-13
6.81091e+06,9.48258e-05,8.0665e-05,-5020.24,-5.10355e-06,-4.73083e-06,3.72716e-07,5.17404e-13
6.81091e+06,0.000194597,7.07635e-05,3323.58,3.37874e-06,3.01792e-06,-3.60813e-07,-5.00881e-13
6.81091e+06,9.48485e-05,8.08863e-05,-5019.26,-5.10255e-06,-4.73087e-06,3.71682e-07,5.15968e-13
6.81091e+06,9.48558e-05,8.09573e-05,-5019.61,-5.10291e-06,-4.73088e-06,3.72027e-07,5.16448e-13
6.81091e+06,0.00019464,7.12056e-05,3323.19,3.37834e-06,3.01788e-06,-3.60457e-07,-5.00386e-13
6.81091e+06,9.48852e-05,8.12497e-05,-5021,-5.10432e-06,-4.73093e-06,3.73391e-07,5.18341e-13
6.81091e+06,0.000194682,7.1648e-05,3322.62,3.37775e-06,3.01784e-06,-3.59917e-07,-4.99637e-13
6.81091e+06,9.49138e-05,8.15423e-05,-5022.23,-5.10557e-06,-4.73096e-06,3.74611e-07,5.20034e-13
6.81091e+06,0.000194724,7.20905e-05,3321.86,3.37698e-06,3.01777e-06,-3.59208e-07,-4.98652e-13
6.81091e+06,9.49417e-05,8.1835e-05,-5023.31,-5.10667e-06,-4.73098e-06,3.75693e-07,5.21536e-13
6.81091e+06,0.000194766,7.25332e-05,3320.93,3.37604e-06,3.0177e-06,-3.5834e-07,-4.97448e-13
6.81091e+06,9.4969e-05,8.21278e-05,-5024.26,-5.10764e-06,-4.73099e-06,3.76642e-07,5.22854e-13
6.81091e+06,0.000194808,7.29759e-05,3319.84,3.37493e-06,3.01761e-06,-3.57326e-07,-4.9604e-13
6.81091e+06,9.49956e-05,8.24209e-05,-5025.07,-5.10846e-06,-4.731e-06,3.77463e-07,5.23994e-13
6.81091e+06,0.000194848,7.34059e-05,3318.64,3.37371e-06,3.0175e-06,-3.56213e-07,-4.94494e-13
6.81091e+06,0.00019485,7.34189e-05,3318.67,3.37375e-06,3.01749e-06,-3.56253e-07,-4.9455e-13
6.81091e+06,9.50216e-05,8.2714e-05,-5025.76,-5.10916e-06,-4.731e-06,3.78162e-07,5.24964e-13
6.81091e+06,0.000194891,7.3862e-05,3319.85,3.37494e-06,3.01738e-06,-3.57559e-07,-4.96363e-13
6.81091e+06,9.5047e-05,8.30073e-05,-5026.32,-5.10973e-06,-4.73099e-06,3.78743e-07,5.25771e-13
6.81091e+06,0.00019493,7.43053e-05,3320.83,3.37594e-06,3.01729e-06,-3.58649e-07,-4.97876e-13
6.81091e+06,9.5072e-05,8.33007e-05,-5026.78,-5.11019e-06,-4.73098e-06,3.79212e-07,5.26421e-13
6.81091e+06,0.000194969,7.47489e-05,3321.64,3.37676e-06,3.01722e-06,-3.59537e-07,-4.99109e-13
6.81091e+06,9.50964e-05,8.35942e-05,-5027.12,-5.11054e-06,-4.73097e-06,3.79572e-07,5.26921e-13
6.81091e+06,0.000195007,7.51926e-05,3322.27,3.3774e-06,3.01716e-06,-3.60237e-07,-5.00081e-13
6.81091e+06,9.51203e-05,8.38878e-05,-5027.36,-5.11078e-06,-4.73096e-06,3.79828e-07,5.27277e-13
6.81091e+06,0.000195043,7.56366e-05,3322.74,3.37788e-06,3.01711e-06,-3.60764e-07,-5.00811e-13
6.81091e+06,9.51438e-05,8.41815e-05,-5027.5,-5.11093e-06,-4.73094e-06,3.79986e-07,5.27496e-13
6.81091e+06,0.000195079,7.60807e-05,3323.05,3.3782e-06,3.01707e-06,-3.61128e-07,-5.01317e-13
6.81091e+06,9.51669e-05,8.44754e-05,-5027.55,-5.11098e-06,-4.73093e-06,3.80049e-07,5.27584e-13
6.81091e+06,0.000195114,7.6525e-05,3323.23,3.37838e-06,3.01704e-06,-3.61341e-07,-5.01614e-13
6.81091e+06,9.51895e-05,8.47693e-05,-5027.51,-5.11094e-06,-4.73091e-06,3.80023e-07,5.27547e-13
6.81091e+06,0.000195148,7.69695e-05,3323.27,3.37842e-06,3.017e-06,-3.61416e-07,-5.01717e-13
6.81091e+06,9.52118e-05,8.50633e-05,-5027.38,-5.11081e-06,-4.7309e-06,3.7991e-07,5.27391e-13
6.81091e+06,0.000195182,7.74141e-05,3323.18,3.37833e-06,3.01697e-06,-3.61361e-07,-5.01641e-13
6.81091e+06,9.52337e-05,8.53575e-05,-5027.18,-5.11061e-06,-4.73089e-06,3.79716e-07,5.27121e-13
6.81091e+06,0.000195215,7.78589e-05,3322.98,3.37812e-06,3.01693e-06,-3.61188e-07,-5.014e-13
6.81091e+06,9.52552e-05,8.56517e-05,-5026.91,-5.11033e-06,-4.73088e-06,3.79445e-07,5.26745e-13
6.81091e+06,0.000195247,7.83038e-05,3322.66,3.3778e-06,3.01689e-06,-3.60904e-07,-5.01006e-13
6.81091e+06,9.52763e-05,8.5946e-05,-5026.57,-5.10998e-06,-4.73088e-06,3.791e-07,5.26267e-13
6.81091e+06,0.000195279,7.87489e-05,3322.24,3.37737e-06,3.01685e-06,-3.60518e-07,-5.0047e-13
6.81091e+06,9.52971e-05,8.62404e-05,-5026.16,-5.10956e-06,-4.73088e-06,3.78687e-07,5.25692e-13
6.81091e+06,0.00019531,7.9194e-05,3321.72,3.37684e-06,3.0168e-06,-3.60038e-07,-4.99805e-13
6.81091e+06,9.53175e-05,8.65349e-05,-5025.69,-5.10909e-06,-4.73088e-06,3.78208e-07,5.25028e-13
6.81091e+06,0.000195341,7.96393e-05,3321.11,3.37622e-06,3.01675e-06,-3.59473e-07,-4.9902e-13
6.81091e+06,9.53377e-05,8.68295e-05,-5025.16,-5.10855e-06,-4.73089e-06,3.77668e-07,5.24278e-13
6.81091e+06,0.000195372,8.00848e-05,3320.41,3.37551e-06,3.01668e-06,-3.58828e-07,-4.98125e-13
6.81091e+06,9.53574e-05,8.71242e-05,-5024.59,-5.10797e-06,-4.7309e-06,3.7707e-07,5.23449e-13
6.81091e+06,0.000195402,8.05303e-05,3319.63,3.37472e-06,3.01661e-06,-3.58111e-07,-4.97129e-13
6.81091e+06,9.53769e-05,8.74189e-05,-5023.96,-5.10733e-06,-4.73091e-06,3.7642e-07,5.22545e-13
6.81091e+06,0.000195432,8.0976e-05,3318.78,3.37386e-06,3.01653e-06,-3.57328e-07,-4.96042e-13
6.81091e+06,9.5396e-05,8.77137e-05,-5023.29,-5.10665e-06,-4.73093e-06,3.7572e-07,5.21573e-13
6.81091e+06,0.000195455,8.13142e-05,3318.1,3.37316e-06,3.01646e-06,-3.56701e-07,-4.95172e-13
6.81091e+06,0.000195462,8.14217e-05,3318.3,3.37337e-06,3.01644e-06,-3.56931e-07,-4.95491e-13
6.81091e+06,9.54148e-05,8.80086e-05,-5022.57,-5.10592e-06,-4.73095e-06,3.74974e-07,5.20538e-13
6.81091e+06,0.00019549,8.18676e-05,3319.1,3.37418e-06,3.01635e-06,-3.57825e-07,-4.96732e-13
6.81091e+06,9.54333e-05,8.83036e-05,-5021.83,-5.10516e-06,-4.73098e-06,3.74186e-07,5.19444e-13
6.81091e+06,0.000195518,8.23137e-05,3319.8,3.37489e-06,3.01628e-06,-3.58607e-07,-4.97818e-13
6.81091e+06,9.54514e-05,8.85987e-05,-5021.04,-5.10437e-06,-4.73101e-06,3.7336e-07,5.18298e-13
6.81091e+06,0.000195545,8.27599e-05,3320.4,3.37551e-06,3.01622e-06,-3.59285e-07,-4.9876e-13
6.81091e+06,9.54545e-05,8.86505e-05,-5020.91,-5.10423e-06,-4.73101e-06,3.73215e-07,5.18097e-13
6.81091e+06,9.54691e-05,8.88938e-05,-5021.6,-5.10493e-06,-4.73104e-06,3.73894e-07,5.19039e-13
6.81091e+06,0.000195571,8.32062e-05,3320.92,3.37603e-06,3.01617e-06,-3.59867e-07,-4.99567e-13
6.81091e+06,9.54863e-05,8.9189e-05,-5022.38,-5.10572e-06,-4.73106e-06,3.74661e-07,5.20104e-13
6.81091e+06,0.000195596,8.36527e-05,3321.36,3.37648e-06,3.01612e-06,-3.60359e-07,-5.0025e-13
6.81091e+06,9.55029e-05,8.94843e-05,-5023.09,-5.10645e-06,-4.73108e-06,3.7537e-07,5.21088e-13
6.81091e+06,0.00019562,8.40992e-05,3321.72,3.37685e-06,3.01608e-06,-3.60768e-07,-5.00818e-13
6.81091e+06,9.55189e-05,8.97797e-05,-5023.75,-5.10712e-06,-4.7311e-06,3.76022e-07,5.21993e-13
6.81091e+06,0.000195643,8.45459e-05,3322.01,3.37714e-06,3.01604e-06,-3.61102e-07,-5.01281e-13
6.81091e+06,9.55344e-05,9.00751e-05,-5024.35,-5.10773e-06,-4.73111e-06,3.76621e-07,5.22825e-13
6.81091e+06,0.000195666,8.49927e-05,3322.24,3.37737e-06,3.01601e-06,-3.61365e-07,-5.01647e-13
6.81091e+06,9.55493e-05,9.03707e-05,-5024.9,-5.10829e-06,-4.73112e-06,3.77169e-07,5.23586e-13
6.81091e+06,0.000195688,8.54396e-05,3322.41,3.37754e-06,3.01598e-06,-3.61565e-07,-5.01924e-13
6.81091e+06,9.55638e-05,9.06663e-05,-5025.4,-5.1088e-06,-4.73113e-06,3.7767e-07,5.24282e-13
6.81091e+06,0.000195709,8.58866e-05,3322.52,3.37766e-06,3.01595e-06,-3.61707e-07,-5.02121e-13
6.81091e+06,9.55777e-05,9.09619e-05,-5025.86,-5.10926e-06,-4.73113e-06,3.78127e-07,5.24915e-13
6.81091e+06,0.00019573,8.63337e-05,3322.58,3.37772e-06,3.01592e-06,-3.61795e-07,-5.02244e-13
6.81091e+06,9.55911e-05,9.12577e-05,-5026.27,-5.10967e-06,-4.73113e-06,3.7854e-07,5.25489e-13
6.81091e+06,0.00019575,8.67809e-05,3322.6,3.37774e-06,3.0159e-06,-3.61836e-07,-5.023e-13
6.81091e+06,9.56041e-05,9.15535e-05,-5026.63,-5.11005e-06,-4.73113e-06,3.78915e-07,5.26009e-13
6.81091e+06,0.000195769,8.72282e-05,3322.57,3.37771e-06,3.01588e-06,-3.61834e-07,-5.02297e-13
6.81091e+06,9.56166e-05,9.18493e-05,-5026.97,-5.11039e-06,-4.73113e-06,3.79252e-07,5.26477e-13
6.81091e+06,0.000195787,8.76755e-05,3322.51,3.37765e-06,3.01585e-06,-3.61793e-07,-5.02241e-13
6.81091e+06,9.56286e-05,9.21452e-05,-5027.26,-5.11069e-06,-4.73113e-06,3.79555e-07,5.26897e-13
6.81091e+06,0.000195805,8.8123e-05,3322.41,3.37755e-06,3.01583e-06,-3.61718e-07,-5.02137e-13
6.81091e+06,9.56401e-05,9.24412e-05,-5027.53,-5.11096e-06,-4.73113e-06,3.79825e-07,5.27272e-13
6.81091e+06,0.000195822,8.85705e-05,3322.29,3.37742e-06,3.01581e-06,-3.61614e-07,-5.01992e-13
6.81091e+06,9.56512e-05,9.27372e-05,-5027.76,-5.11119e-06,-4.73113e-06,3.80065e-07,5.27606e-13
6.81091e+06,0.000195839,8.90181e-05,3322.14,3.37727e-06,3.01578e-06,-3.61483e-07,-5.0181e-13
6.81091e+06,9.56618e-05,9.30333e-05,-5027.97,-5.1114e-06,-4.73112e-06,3.80278e-07,5.27901e-13
6.81091e+06,0.000195855,8.94658e-05,3321.96,3.37709e-06,3.01576e-06,-3.6133e-07,-5.01597e-13
6.81091e+06,9.56719e-05,9.33294e-05,-5028.15,-5.11159e-06,-4.73112e-06,3.80465e-07,5.28161e-13
6.81091e+06,0.00019587,8.99135e-05,3321.77,3.37689e-06,3.01573e-06,-3.61157e-07,-5.01358e-13
6.81091e+06,9.56816e-05,9.36255e-05,-5028.3,-5.11174e-06,-4.73112e-06,3.80628e-07,5.28388e-13
6.81091e+06,0.000195885,9.03613e-05,3321.56,3.37668e-06,3.01571e-06,-3.6097e-07,-5.01098e-13
6.81091e+06,9.56909e-05,9.39217e-05,-5028.44,-5.11188e-06,-4.73111e-06,3.8077e-07,5.28585e-13
6.81091e+06,0.000195899,9.08092e-05,3321.34,3.37646e-06,3.01569e-06,-3.6077e-07,-5.0082e-13
6.81091e+06,9.56997e-05,9.4218e-05,-5028.55,-5.112e-06,-4.73111e-06,3.80893e-07,5.28755e-13
6.81091e+06,0.000195913,9.12571e-05,3321.11,3.37622e-06,3.01566e-06,-3.6056e-07,-5.00529e-13
6.81091e+06,9.5708e-05,9.45142e-05,-5028.65,-5.1121e-06,-4.7311e-06,3.80997e-07,5.289e-13
6.81091e+06,0.000195926,9.17051e-05,3320.87,3.37598e-06,3.01564e-06,-3.60344e-07,-5.00229e-13
6.81091e+06,9.57159e-05,9.48106e-05,-5028.73,-5.11218e-06,-4.7311e-06,3.81086e-07,5.29023e-13
6.81091e+06,0.000195938,9.21532e-05,3320.63,3.37573e-06,3.01561e-06,-3.60124e-07,-4.99923e-13
6.81091e+06,9.57234e-05,9.51069e-05,-5028.8,-5.11225e-06,-4.73109e-06,3.8116e-07,5.29126e-13
6.81091e+06,0.000195949,9.26013e-05,3320.39,3.37549e-06,3.01559e-06,-3.59902e-07,-4.99616e-13
6.81091e+06,9.57304e-05,9.54033e-05,-5028.86,-5.11231e-06,-4.73109e-06,3.81222e-07,5.29211e-13
6.81091e+06,0.00019596,9.30494e-05,3320.15,3.37524e-06,3.01556e-06,-3.59681e-07,-4.99309e-13
6.81091e+06,9.5737e-05,9.56997e-05,-5028.9,-5.11236e-06,-4.73109e-06,3.81272e-07,5.29281e-13
6.81091e+06,0.000195971,9.34976e-05,3319.91,3.375e-06,3.01554e-06,-3.59464e-07,-4.99007e-13
6.81091e+06,9.57432e-05,9.59962e-05,-5028.94,-5.11239e-06,-4.73108e-06,3.81312e-07,5.29337e-13
6.81091e+06,0.00019598,9.39459e-05,3319.68,3.37477e-06,3.01551e-06,-3.59252e-07,-4.98713e-13
6.81091e+06,9.57489e-05,9.62926e-05,-5028.97,-5.11242e-06,-4.73108e-06,3.81344e-07,5.29381e-13
6.81091e+06,0.000195989,9.43941e-05,3319.45,3.37454e-06,3.01549e-06,-3.59046e-07,-4.98428e-13
6.81091e+06,9.57542e-05,9.65891e-05,-5028.99,-5.11244e-06,-4.73107e-06,3.81369e-07,5.29416e-13
6.81091e+06,0.000195997,9.48425e-05,3319.24,3.37432e-06,3.01547e-06,-3.5885e-07,-4.98155e-13
6.81091e+06,9.5759e-05,9.68857e-05,-5029,-5.11246e-06,-4.73107e-06,3.81387e-07,5.29441e-13
6.81091e+06,0.000196005,9.52908e-05,3319.04,3.37411e-06,3.01545e-06,-3.58664e-07,-4.97898e-13
6.81091e+06,9.57634e-05,9.71822e-05,-5029.02,-5.11247e-06,-4.73107e-06,3.81401e-07,5.2946e-13
6.81091e+06,0.000196012,9.57392e-05,3318.85,3.37392e-06,3.01543e-06,-3.58491e-07,-4.97657e-13
6.81091e+06,9.57673e-05,9.74788e-05,-5029.02,-5.11248e-06,-4.73107e-06,3.8141e-07,5.29473e-13
6.81091e+06,0.000196018,9.61876e-05,3318.67,3.37374e-06,3.01541e-06,-3.58331e-07,-4.97434e-13
6.81091e+06,9.57708e-05,9.77753e-05,-5029.03,-5.11248e-06,-4.73106e-06,3.81416e-07,5.29481e-13
6.81091e+06,0.000196024,9.66361e-05,3318.51,3.37358e-06,3.01539e-06,-3.58185e-07,-4.97232e-13
6.81091e+06,9.57739e-05,9.80719e-05,-5029.03,-5.11248e-06,-4.73106e-06,3.8142e-07,5.29486e-13
6.81091e+06,0.000196029,9.70846e-05,3318.37,3.37344e-06,3.01538e-06,-3.58055e-07,-4.97052e-13
6.81091e+06,9.57766e-05,9.83685e-05,-5029.03,-5.11248e-06,-4.73106e-06,3.81421e-07,5.29489e-13
6.81091e+06,0.000196033,9.75331e-05,3318.24,3.37331e-06,3.01537e-06,-3.57942e-07,-4.96895e-13
6.81091e+06,9.57788e-05,9.86651e-05,-5029.03,-5.11248e-06,-4.73106e-06,3.81422e-07,5.29489e-13
6.81091e+06,0.000196037,9.79816e-05,3318.14,3.3732e-06,3.01536e-06,-3.57847e-07,-4.96763e-13
6.81091e+06,9.57805e-05,9.89618e-05,-5029.03,-5.11248e-06,-4.73106e-06,3.81422e-07,5.29489e-13
6.81091e+06,0.000196039,9.84301e-05,3318.06,3.37312e-06,3.01535e-06,-3.5777e-07,-4.96656e-13
6.81091e+06,9.57818e-05,9.92584e-05,-5029.02,-5.11248e-06,-4.73106e-06,3.81421e-07,5.29489e-13
6.81091e+06,0.000196041,9.88786e-05,3317.99,3.37305e-06,3.01534e-06,-3.57712e-07,-4.96575e-13
6.81091e+06,9.57827e-05,9.9555e-05,-5029.02,-5.11248e-06,-4.73106e-06,3.81421e-07,5.29488e-13
6.81091e+06,0.000196043,9.93272e-05,3317.95,3.37301e-06,3.01534e-06,-3.57673e-07,-4.96521e-13
6.81091e+06,9.57832e-05,9.98517e-05,-5029.02,-5.11248e-06,-4.73106e-06,3.81421e-07,5.29488e-13
6.81091e+06,0.000196044,9.97757e-05,3317.93,3.37299e-06,3.01533e-06,-3.57653e-07,-4.96493e-13
6.81091e+06,9.57832e-05,0.000100148,-5029.02,-5.11248e-06,-4.73106e-06,3.81421e-07,5.29488e-13
6.81091e+06,0.000196044,0.000100224,3317.93,3.37299e-06,3.01533e-06,-3.57653e-07,-4.96493e-13
6.81091e+06,9.57827e-05,0.000100445,-5029.02,-5.11248e-06,-4.73106e-06,3.81421e-07,5.29488e-13
6.81091e+06,0.000196043,0.000100673,3317.95,3.37301e-06,3.01534e-06,-3.57673e-07,-4.96521e-13
6.81091e+06,9.57818e-05,0.000100742,-5029.02,-5.11248e-06,-4.73106e-06,3.81421e-07,5.29489e-13
6.81091e+06,0.000196041,0.000101121,3317.99,3.37305e-06,3.01534e-06,-3.57712e-07,-4.96575e-13
6.81091e+06,9.57805e-05,0.000101038,-5029.03,-5.11248e-06,-4.73106e-06,3.81422e-07,5.29489e-13
6.81091e+06,0.000196039,0.00010157,3318.06,3.37312e-06,3.01535e-06,-3.5777e-07,-4.96656e-13
6.81091e+06,9.57788e-05,0.000101335,-5029.03,-5.11248e-06,-4.73106e-06,3.81422e-07,5.29489e-13
6.81091e+06,0.000196037,0.000102018,3318.14,3.3732e-06,3.01536e-06,-3.57847e-07,-4.96763e-13
6.81091e+06,9.57766e-05,0.000101631,-5029.03,-5.11248e-06,-4.73106e-06,3.81421e-07,5.29489e-13
6.81091e+06,0.000196033,0.000102467,3318.24,3.37331e-06,3.01537e-06,-3.57942e-07,-4.96895e-13
6.81091e+06,9.57739e-05,0.000101928,-5029.03,-5.11248e-06,-4.73106e-06,3.8142e-07,5.29486e-13
6.81091e+06,0.000196029,0.000102915,3318.37,3.37344e-06,3.01538e-06,-3.58055e-07,-4.97052e-13
6.81091e+06,9.57708e-05,0.000102225,-5029.03,-5.11248e-06,-4.73106e-06,3.81416e-07,5.29481e-13
6.81091e+06,0.000196024,0.000103364,3318.51,3.37358e-06,3.01539e-06,-3.58185e-07,-4.97232e-13
6.81091e+06,9.57673e-05,0.000102521,-5029.02,-5.11248e-06,-4.73107e-06,3.8141e-07,5.29473e-13
6.81091e+06,0.000196018,0.000103812,3318.67,3.37374e-06,3.01541e-06,-3.58331e-07,-4.97434e-13
6.81091e+06,9.57634e-05,0.000102818,-5029.02,-5.11247e-06,-4.73107e-06,3.81401e-07,5.2946e-13
6.81091e+06,0.000196012,0.000104261,3318.85,3.37392e-06,3.01543e-06,-3.58491e-07,-4.97657e-13
6.81091e+06,9.5759e-05,0.000103114,-5029,-5.11246e-06,-4.73107e-06,3.81387e-07,5.29441e-13
6.81091e+06,0.000196005,0.000104709,3319.03,3.37411e-06,3.01545e-06,-3.58664e-07,-4.97898e-13
6.81091e+06,9.57542e-05,0.000103411,-5028.99,-5.11244e-06,-4.73107e-06,3.81369e-07,5.29415e-13
6.81091e+06,0.000195997,0.000105158,3319.24,3.37432e-06,3.01547e-06,-3.5885e-07,-4.98155e-13
6.81091e+06,9.57489e-05,0.000103707,-5028.97,-5.11242e-06,-4.73108e-06,3.81344e-07,5.29381e-13
6.81091e+06,0.000195989,0.000105606,3319.45,3.37454e-06,3.01549e-06,-3.59046e-07,-4.98428e-13
6.81091e+06,9.57432e-05,0.000104004,-5028.94,-5.11239e-06,-4.73108e-06,3.81312e-07,5.29337e-13
6.81091e+06,0.00019598,0.000106054,3319.68,3.37477e-06,3.01551e-06,-3.59252e-07,-4.98713e-13
6.81091e+06,9.5737e-05,0.0001043,-5028.9,-5.11236e-06,-4.73109e-06,3.81272e-07,5.29281e-13
6.81091e+06,0.000195971,0.000106502,3319.91,3.375e-06,3.01554e-06,-3.59464e-07,-4.99007e-13
6.81091e+06,9.57304e-05,0.000104597,-5028.86,-5.11231e-06,-4.73109e-06,3.81222e-07,5.29211e-13
6.81091e+06,0.00019596,0.000106951,3320.15,3.37524e-06,3.01556e-06,-3.59681e-07,-4.99309e-13
6.81091e+06,9.57234e-05,0.000104893,-5028.8,-5.11225e-06,-4.73109e-06,3.8116e-07,5.29126e-13
6.81091e+06,0.000195949,0.000107399,3320.39,3.37549e-06,3.01559e-06,-3.59902e-07,-4.99616e-13
6.81091e+06,9.57159e-05,0.000105189,-5028.73,-5.11218e-06,-4.7311e-06,3.81086e-07,5.29023e-13
6.81091e+06,0.000195938,0.000107847,3320.63,3.37573e-06,3.01561e-06,-3.60124e-07,-4.99923e-13
6.81091e+06,9.5708e-05,0.000105486,-5028.65,-5.1121e-06,-4.7311e-06,3.80997e-07,5.289e-13
6.81091e+06,0.000195926,0.000108295,3320.87,3.37598e-06,3.01564e-06,-3.60344e-07,-5.00229e-13
6.81091e+06,9.56997e-05,0.000105782,-5028.55,-5.112e-06,-4.73111e-06,3.80893e-07,5.28755e-13
6.81091e+06,0.000195913,0.000108743,3321.11,3.37622e-06,3.01566e-06,-3.6056e-07,-5.00529e-13
6.81091e+06,9.56909e-05,0.000106078,-5028.44,-5.11188e-06,-4.73111e-06,3.8077e-07,5.28585e-13
6.81091e+06,0.000195899,0.000109191,3321.34,3.37646e-06,3.01569e-06,-3.6077e-07,-5.0082e-13
6.81091e+06,9.56816e-05,0.000106374,-5028.3,-5.11174e-06,-4.73112e-06,3.80628e-07,5.28388e-13
6.81091e+06,0.000195885,0.000109639,3321.56,3.37668e-06,3.01571e-06,-3.6097e-07,-5.01098e-13
6.81091e+06,9.56719e-05,0.000106671,-5028.15,-5.11159e-06,-4.73112e-06,3.80465e-07,5.28161e-13
6.81091e+06,0.00019587,0.000110086,3321.77,3.37689e-06,3.01573e-06,-3.61157e-07,-5.01358e-13
6.81091e+06,9.56618e-05,0.000106967,-5027.97,-5.1114e-06,-4.73112e-06,3.80278e-07,5.27901e-13
6.81091e+06,0.000195855,0.000110534,3321.96,3.37709e-06,3.01576e-06,-3.6133e-07,-5.01597e-13
6.81091e+06,9.56512e-05,0.000107263,-5027.76,-5.11119e-06,-4.73113e-06,3.80065e-07,5.27606e-13
6.81091e+06,0.000195839,0.000110982,3322.14,3.37727e-06,3.01578e-06,-3.61483e-07,-5.0181e-13
6.81091e+06,9.56401e-05,0.000107559,-5027.53,-5.11096e-06,-4.73113e-06,3.79825e-07,5.27272e-13
6.81091e+06,0.000195822,0.00011143,3322.29,3.37742e-06,3.01581e-06,-3.61614e-07,-5.01992e-13
6.81091e+06,9.56286e-05,0.000107855,-5027.26,-5.11069e-06,-4.73113e-06,3.79555e-07,5.26897e-13
6.81091e+06,0.000195805,0.000111877,3322.41,3.37755e-06,3.01583e-06,-3.61718e-07,-5.02137e-13
6.81091e+06,9.56166e-05,0.000108151,-5026.97,-5.11039e-06,-4.73113e-06,3.79252e-07,5.26477e-13
6.81091e+06,0.000195787,0.000112324,3322.51,3.37765e-06,3.01585e-06,-3.61793e-07,-5.02241e-13
6.81091e+06,9.56041e-05,0.000108447,-5026.63,-5.11005e-06,-4.73113e-06,3.78915e-07,5.26009e-13
6.81091e+06,0.000195769,0.000112772,3322.57,3.37771e-06,3.01588e-06,-3.61834e-07,-5.02297e-13
6.81091e+06,9.55911e-05,0.000108742,-5026.27,-5.10967e-06,-4.73113e-06,3.7854e-07,5.25489e-13
6.81091e+06,0.00019575,0.000113219,3322.6,3.37774e-06,3.0159e-06,-3.61836e-07,-5.023e-13
6.81091e+06,9.55777e-05,0.000109038,-5025.86,-5.10926e-06,-4.73113e-06,3.78126e-07,5.24915e-13
6.81091e+06,0.00019573,0.000113666,3322.58,3.37772e-06,3.01592e-06,-3.61795e-07,-5.02244e-13
6.81091e+06,9.55638e-05,0.000109334,-5025.4,-5.1088e-06,-4.73113e-06,3.7767e-07,5.24282e-13
6.81091e+06,0.000195709,0.000114113,3322.52,3.37766e-06,3.01595e-06,-3.61707e-07,-5.02121e-13
6.81091e+06,9.55493e-05,0.000109629,-5024.9,-5.10829e-06,-4.73112e-06,3.77169e-07,5.23586e-13
6.81091e+06,0.000195688,0.00011456,3322.41,3.37754e-06,3.01598e-06,-3.61565e-07,-5.01924e-13
6.81091e+06,9.55344e-05,0.000109925,-5024.35,-5.10773e-06,-4.73111e-06,3.76621e-07,5.22825e-13
6.81091e+06,0.000195666,0.000115007,3322.24,3.37737e-06,3.01601e-06,-3.61365e-07,-5.01647e-13
6.81091e+06,9.55189e-05,0.00011022,-5023.75,-5.10712e-06,-4.7311e-06,3.76022e-07,5.21993e-13
6.81091e+06,0.000195643,0.000115454,3322.01,3.37714e-06,3.01604e-06,-3.61102e-07,-5.01281e-13
6.81091e+06,9.55029e-05,0.000110516,-5023.09,-5.10645e-06,-4.73108e-06,3.7537e-07,5.21088e-13
6.81091e+06,0.00019562,0.000115901,3321.72,3.37685e-06,3.01608e-06,-3.60768e-07,-5.00818e-13
6.81091e+06,9.54863e-05,0.000110811,-5022.38,-5.10572e-06,-4.73106e-06,3.74661e-07,5.20104e-13
6.81091e+06,0.000195596,0.000116347,3321.36,3.37648e-06,3.01612e-06,-3.60359e-07,-5.0025e-13
6.81091e+06,9.54691e-05,0.000111106,-5021.6,-5.10493e-06,-4.73104e-06,3.73894e-07,5.19039e-13
6.81091e+06,0.000195571,0.000116794,3320.92,3.37603e-06,3.01617e-06,-3.59867e-07,-4.99567e-13
6.81091e+06,9.54514e-05,0.000111401,-5021.04,-5.10437e-06,-4.73101e-06,3.7336e-07,5.18298e-13
6.81091e+06,9.54545e-05,0.00011135,-5020.91,-5.10423e-06,-4.73101e-06,3.73215e-07,5.18097e-13
6.81091e+06,0.000195545,0.00011724,3320.4,3.37551e-06,3.01622e-06,-3.59285e-07,-4.9876e-13
6.81091e+06,9.54333e-05,0.000111696,-5021.83,-5.10516e-06,-4.73098e-06,3.74186e-07,5.19444e-13
6.81091e+06,0.000195518,0.000117686,3319.8,3.37489e-06,3.01628e-06,-3.58607e-07,-4.97818e-13
6.81091e+06,9.54148e-05,0.000111991,-5022.57,-5.10592e-06,-4.73095e-06,3.74974e-07,5.20538e-13
6.81091e+06,0.00019549,0.000118132,3319.1,3.37418e-06,3.01635e-06,-3.57825e-07,-4.96733e-13
6.81091e+06,9.5396e-05,0.000112286,-5023.29,-5.10665e-06,-4.73093e-06,3.7572e-07,5.21573e-13
6.81091e+06,0.000195462,0.000118578,3318.3,3.37337e-06,3.01644e-06,-3.56931e-07,-4.95491e-13
6.81091e+06,9.53769e-05,0.000112581,-5023.96,-5.10733e-06,-4.73091e-06,3.7642e-07,5.22545e-13
6.81091e+06,0.000195455,0.000118686,3318.1,3.37316e-06,3.01646e-06,-3.56701e-07,-4.95172e-13
6.81091e+06,0.000195432,0.000119024,3318.78,3.37386e-06,3.01653e-06,-3.57328e-07,-4.96042e-13
6.81091e+06,9.53574e-05,0.000112876,-5024.59,-5.10797e-06,-4.7309e-06,3.7707e-07,5.23449e-13
6.81091e+06,0.000195402,0.00011947,3319.63,3.37472e-06,3.01661e-06,-3.58111e-07,-4.97129e-13
6.81091e+06,9.53377e-05,0.00011317,-5025.16,-5.10855e-06,-4.73089e-06,3.77668e-07,5.24278e-13
6.81091e+06,0.000195372,0.000119915,3320.41,3.37551e-06,3.01668e-06,-3.58828e-07,-4.98125e-13
6.81091e+06,9.53175e-05,0.000113465,-5025.69,-5.10909e-06,-4.73088e-06,3.78208e-07,5.25028e-13
6.81091e+06,0.000195341,0.000120361,3321.11,3.37622e-06,3.01675e-06,-3.59473e-07,-4.9902e-13
6.81091e+06,9.52971e-05,0.00011376,-5026.16,-5.10956e-06,-4.73088e-06,3.78687e-07,5.25692e-13
6.81091e+06,0.00019531,0.000120806,3321.72,3.37684e-06,3.0168e-06,-3.60038e-07,-4.99805e-13
6.81091e+06,9.52763e-05,0.000114054,-5026.57,-5.10998e-06,-4.73088e-06,3.791e-07,5.26266e-13
6.81091e+06,0.000195279,0.000121251,3322.24,3.37737e-06,3.01685e-06,-3.60518e-07,-5.0047e-13
6.81091e+06,9.52552e-05,0.000114348,-5026.91,-5.11033e-06,-4.73088e-06,3.79445e-07,5.26745e-13
6.81091e+06,0.000195247,0.000121696,3322.66,3.3778e-06,3.01689e-06,-3.60904e-07,-5.01006e-13
6.81091e+06,9.52337e-05,0.000114643,-5027.18,-5.11061e-06,-4.73089e-06,3.79716e-07,5.27121e-13
6.81091e+06,0.000195215,0.000122141,3322.98,3.37812e-06,3.01693e-06,-3.61188e-07,-5.014e-13
6.81091e+06,9.52118e-05,0.000114937,-5027.38,-5.11081e-06,-4.7309e-06,3.7991e-07,5.27391e-13
6.81091e+06,0.000195182,0.000122586,3323.18,3.37833e-06,3.01697e-06,-3.61361e-07,-5.01642e-13
6.81091e+06,9.51895e-05,0.000115231,-5027.51,-5.11094e-06,-4.73091e-06,3.80023e-07,5.27547e-13
6.81091e+06,0.000195148,0.00012303,3323.27,3.37842e-06,3.017e-06,-3.61416e-07,-5.01717e-13
6.81091e+06,9.51669e-05,0.000115525,-5027.55,-5.11098e-06,-4.73093e-06,3.80049e-07,5.27584e-13
6.81091e+06,0.000195114,0.000123475,3323.23,3.37838e-06,3.01704e-06,-3.61341e-07,-5.01614e-13
6.81091e+06,9.51438e-05,0.000115818,-5027.5,-5.11093e-06,-4.73094e-06,3.79986e-07,5.27496e-13
6.81091e+06,0.000195079,0.000123919,3323.05,3.3782e-06,3.01707e-06,-3.61128e-07,-5.01317e-13
6.81091e+06,9.51203e-05,0.000116112,-5027.36,-5.11078e-06,-4.73096e-06,3.79828e-07,5.27277e-13
6.81091e+06,0.000195043,0.000124363,3322.74,3.37788e-06,3.01711e-06,-3.60764e-07,-5.00812e-13
6.81091e+06,9.50964e-05,0.000116406,-5027.12,-5.11054e-06,-4.73097e-06,3.79572e-07,5.26921e-13
6.81091e+06,0.000195007,0.000124807,3322.27,3.3774e-06,3.01716e-06,-3.60237e-07,-5.00081e-13
6.81091e+06,9.5072e-05,0.000116699,-5026.78,-5.11019e-06,-4.73098e-06,3.79211e-07,5.26421e-13
6.81091e+06,0.000194969,0.000125251,3321.64,3.37676e-06,3.01722e-06,-3.59537e-07,-4.99109e-13
6.81091e+06,9.5047e-05,0.000116993,-5026.32,-5.10973e-06,-4.73099e-06,3.78743e-07,5.25771e-13
6.81091e+06,0.00019493,0.000125695,3320.83,3.37594e-06,3.01729e-06,-3.58649e-07,-4.97876e-13
6.81091e+06,9.50216e-05,0.000117286,-5025.76,-5.10916e-06,-4.731e-06,3.78162e-07,5.24964e-13
6.81091e+06,0.000194891,0.000126138,3319.85,3.37494e-06,3.01738e-06,-3.57559e-07,-4.96363e-13
6.81091e+06,9.49956e-05,0.000117579,-5025.07,-5.10846e-06,-4.731e-06,3.77463e-07,5.23994e-13
6.81091e+06,0.00019485,0.000126581,3318.67,3.37374e-06,3.01749e-06,-3.56253e-07,-4.9455e-13
6.81091e+06,9.4969e-05,0.000117872,-5024.26,-5.10764e-06,-4.73099e-06,3.76642e-07,5.22854e-13
6.81091e+06,0.000194848,0.000126594,3318.64,3.37371e-06,3.0175e-06,-3.56213e-07,-4.94495e-13
6.81091e+06,0.000194808,0.000127024,3319.84,3.37493e-06,3.01761e-06,-3.57326e-07,-4.9604e-13
6.81091e+06,9.49417e-05,0.000118165,-5023.31,-5.10667e-06,-4.73098e-06,3.75693e-07,5.21536e-13
6.81091e+06,0.000194766,0.000127467,3320.93,3.37604e-06,3.0177e-06,-3.58341e-07,-4.97448e-13
6.81091e+06,9.49138e-05,0.000118458,-5022.23,-5.10557e-06,-4.73096e-06,3.74611e-07,5.20034e-13
6.81091e+06,0.000194724,0.000127909,3321.86,3.37698e-06,3.01777e-06,-3.59208e-07,-4.98652e-13
6.81091e+06,9.48852e-05,0.00011875,-5021,-5.10432e-06,-4.73093e-06,3.73391e-07,5.18341e-13
6.81091e+06,0.000194682,0.000128352,3322.61,3.37775e-06,3.01784e-06,-3.59917e-07,-4.99637e-13
6.81091e+06,9.48558e-05,0.000119043,-5019.61,-5.10291e-06,-4.73088e-06,3.72027e-07,5.16448e-13
6.81091e+06,0.00019464,0.000128794,3323.19,3.37834e-06,3.01788e-06,-3.60457e-07,-5.00386e-13
6.81091e+06,9.48258e-05,0.000119335,-5020.24,-5.10355e-06,-4.73083e-06,3.72716e-07,5.17404e-13
6.81091e+06,9.48485e-05,0.000119114,-5019.26,-5.10255e-06,-4.73087e-06,3.71682e-07,5.15968e-13
6.81091e+06,0.000194597,0.000129237,3323.58,3.37874e-06,3.01792e-06,-3.60813e-07,-5.00881e-13
6.81091e+06,9.47957e-05,0.000119627,-5021.44,-5.10477e-06,-4.73079e-06,3.7398e-07,5.19158e-13
6.81091e+06,0.000194554,0.000129679,3323.77,3.37893e-06,3.01796e-06,-3.60973e-07,-5.01103e-13
6.81091e+06,9.47654e-05,0.000119919,-5022.52,-5.10587e-06,-4.73076e-06,3.75103e-07,5.20717e-13
6.81091e+06,0.00019451,0.00013012,3323.75,3.37891e-06,3.01799e-06,-3.60921e-07,-5.0103e-13
6.81091e+06,9.47351e-05,0.000120211,-5023.46,-5.10683e-06,-4.73075e-06,3.76081e-07,5.22075e-13
6.81091e+06,0.000194466,0.000130562,3323.51,3.37867e-06,3.01803e-06,-3.6064e-07,-5.0064e-13
6.81091e+06,9.47045e-05,0.000120503,-5024.27,-5.10765e-06,-4.73074e-06,3.76909e-07,5.23224e-13
6.81091e+06,0.00019442,0.000131003,3323.04,3.37818e-06,3.01807e-06,-3.60113e-07,-4.99908e-13
6.81091e+06,9.46738e-05,0.000120795,-5024.93,-5.10832e-06,-4.73074e-06,3.77582e-07,5.24159e-13
6.81091e+06,0.000194374,0.000131444,3322.32,3.37745e-06,3.01813e-06,-3.5932e-07,-4.98808e-13
6.81091e+06,9.46428e-05,0.000121086,-5025.44,-5.10884e-06,-4.73074e-06,3.78095e-07,5.24872e-13
6.81091e+06,0.000194326,0.000131885,3321.33,3.37645e-06,3.0182e-06,-3.58241e-07,-4.9731e-13
6.81091e+06,9.46116e-05,0.000121378,-5025.8,-5.1092e-06,-4.73076e-06,3.78444e-07,5.25356e-13
6.81091e+06,0.000194277,0.000132326,3320.06,3.37516e-06,3.01831e-06,-3.56854e-07,-4.95384e-13
6.81091e+06,9.458e-05,0.000121669,-5025.99,-5.1094e-06,-4.73077e-06,3.78623e-07,5.25604e-13
6.81091e+06,0.000194242,0.000132627,3319.05,3.37413e-06,3.01839e-06,-3.55737e-07,-4.93833e-13
6.81091e+06,0.000194226,0.000132766,3319.52,3.37461e-06,3.01844e-06,-3.5617e-07,-4.94435e-13
6.81091e+06,9.45481e-05,0.00012196,-5026.01,-5.10942e-06,-4.73079e-06,3.78626e-07,5.25608e-13
6.81091e+06,0.000194176,0.000133206,3320.93,3.37604e-06,3.01855e-06,-3.57485e-07,-4.96261e-13
6.81091e+06,9.45158e-05,0.000122251,-5025.86,-5.10926e-06,-4.73081e-06,3.78447e-07,5.2536e-13
6.81091e+06,0.000194125,0.000133646,3322.1,3.37722e-06,3.01864e-06,-3.58588e-07,-4.97792e-13
6.81091e+06,9.4483e-05,0.000122542,-5025.51,-5.10891e-06,-4.73083e-06,3.78081e-07,5.24852e-13
6.81091e+06,0.000194075,0.000134086,3323.02,3.37816e-06,3.0187e-06,-3.59462e-07,-4.99005e-13
6.81091e+06,9.44497e-05,0.000122833,-5024.98,-5.10837e-06,-4.73084e-06,3.77522e-07,5.24075e-13
6.81091e+06,0.000194024,0.000134526,3323.68,3.37883e-06,3.01874e-06,-3.60089e-07,-4.99875e-13
6.81091e+06,9.44158e-05,0.000123124,-5024.24,-5.10761e-06,-4.73085e-06,3.76762e-07,5.23021e-13
6.81091e+06,0.000193973,0.000134965,3324.06,3.37923e-06,3.01878e-06,-3.6045e-07,-5.00376e-13
6.81091e+06,9.43813e-05,0.000123414,-5023.29,-5.10665e-06,-4.73085e-06,3.75796e-07,5.2168e-13
6.81091e+06,0.000193922,0.000135404,3324.16,3.37933e-06,3.0188e-06,-3.60523e-07,-5.00478e-13
6.81091e+06,9.4346e-05,0.000123704,-5022.12,-5.10546e-06,-4.73084e-06,3.74616e-07,5.20042e-13
6.81091e+06,0.00019387,0.000135843,3323.96,3.37912e-06,3.01883e-06,-3.60285e-07,-5.00147e-13
6.81091e+06,9.43099e-05,0.000123994,-5020.71,-5.10403e-06,-4.73082e-06,3.73215e-07,5.18096e-13
6.81091e+06,0.000193817,0.000136282,3323.43,3.37858e-06,3.01887e-06,-3.5971e-07,-4.99349e-13
6.81091e+06,9.4273e-05,0.000124284,-5019.07,-5.10236e-06,-4.73077e-06,3.71584e-07,5.15832e-13
6.81091e+06,0.000193763,0.00013672,3322.56,3.3777e-06,3.01893e-06,-3.58771e-07,-4.98045e-13
6.81091e+06,9.42351e-05,0.000124574,-5017.88,-5.10115e-06,-4.73071e-06,3.70441e-07,5.14245e-13
6.81091e+06,9.42424e-05,0.000124518,-5017.56,-5.10083e-06,-4.73072e-06,3.70106e-07,5.13781e-13
6.81091e+06,0.000193707,0.000137158,3321.33,3.37645e-06,3.01901e-06,-3.57437e-07,-4.96193e-13
6.81091e+06,9.41969e-05,0.000124863,-5019.48,-5.10278e-06,-4.73065e-06,3.72126e-07,5.16585e-13
6.81091e+06,0.00019365,0.000137596,3319.71,3.3748e-06,3.01913e-06,-3.55673e-07,-4.93745e-13
6.81091e+06,9.41589e-05,0.000125152,-5020.87,-5.10419e-06,-4.73061e-06,3.73581e-07,5.18605e-13
6.81091e+06,0.000193636,0.000137696,3319.31,3.37439e-06,3.01916e-06,-3.55228e-07,-4.93127e-13
6.81091e+06,0.000193591,0.000138033,3320.59,3.3757e-06,3.01926e-06,-3.56433e-07,-4.94799e-13
6.81091e+06,9.41209e-05,0.000125442,-5022.05,-5.10539e-06,-4.73059e-06,3.74799e-07,5.20296e-13
6.81091e+06,0.000193533,0.000138471,3322.02,3.37715e-06,3.01936e-06,-3.57792e-07,-4.96686e-13
6.81091e+06,9.40829e-05,0.000125731,-5023,-5.10636e-06,-4.73058e-06,3.75776e-07,5.21652e-13
6.81091e+06,0.000193476,0.000138908,3323.14,3.37828e-06,3.01943e-06,-3.58858e-07,-4.98166e-13
6.81091e+06,9.40447e-05,0.00012602,-5023.73,-5.10709e-06,-4.73059e-06,3.76505e-07,5.22664e-13
6.81091e+06,0.000193418,0.000139345,3323.91,3.37907e-06,3.01947e-06,-3.59606e-07,-4.99205e-13
6.81091e+06,9.40065e-05,0.000126308,-5024.21,-5.10758e-06,-4.7306e-06,3.7698e-07,5.23324e-13
6.81091e+06,0.000193361,0.000139781,3324.33,3.3795e-06,3.01949e-06,-3.60009e-07,-4.99764e-13
6.81091e+06,9.39679e-05,0.000126597,-5024.44,-5.10782e-06,-4.73062e-06,3.77196e-07,5.23623e-13
6.81091e+06,0.000193303,0.000140218,3324.38,3.37954e-06,3.01951e-06,-3.60037e-07,-4.99803e-13
6.81091e+06,9.39291e-05,0.000126886,-5024.41,-5.10779e-06,-4.73065e-06,3.77145e-07,5.23552e-13
6.81091e+06,0.000193244,0.000140654,3324.03,3.37919e-06,3.01953e-06,-3.59655e-07,-4.99273e-13
6.81091e+06,9.38898e-05,0.000127174,-5024.11,-5.10749e-06,-4.73067e-06,3.76819e-07,5.231e-13
6.81091e+06,0.000193184,0.00014109,3323.25,3.3784e-06,3.01957e-06,-3.58828e-07,-4.98125e-13
6.81091e+06,9.385e-05,0.000127462,-5023.54,-5.1069e-06,-4.73069e-06,3.76212e-07,5.22257e-13
6.81091e+06,0.000193122,0.000141526,3322.02,3.37715e-06,3.01963e-06,-3.57515e-07,-4.96302e-13
6.81091e+06,9.38095e-05,0.00012775,-5022.66,-5.10601e-06,-4.7307e-06,3.75314e-07,5.21011e-13
6.81091e+06,0.000193059,0.000141961,3320.31,3.37541e-06,3.01974e-06,-3.55671e-07,-4.93742e-13
6.81091e+06,9.37684e-05,0.000128038,-5021.48,-5.10481e-06,-4.73069e-06,3.74117e-07,5.19349e-13
6.81091e+06,0.00019303,0.000142151,3319.44,3.37452e-06,3.0198e-06,-3.54722e-07,-4.92424e-13
6.81091e+06,0.000192994,0.000142395,3320.46,3.37557e-06,3.01988e-06,-3.55685e-07,-4.93762e-13
6.81091e+06,9.37263e-05,0.000128325,-5019.98,-5.10329e-06,-4.73068e-06,3.7261e-07,5.17256e-13
6.81091e+06,0.000192929,0.00014283,3322.08,3.37721e-06,3.01998e-06,-3.57231e-07,-4.95907e-13
6.81091e+06,9.36833e-05,0.000128612,-5018.14,-5.10142e-06,-4.73064e-06,3.70782e-07,5.14719e-13
6.81091e+06,0.000192866,0.000143264,3323.31,3.37846e-06,3.02004e-06,-3.58419e-07,-4.97557e-13
6.81091e+06,9.36392e-05,0.000128899,-5015.95,-5.09919e-06,-4.73057e-06,3.68621e-07,5.11719e-13
6.81091e+06,0.000192802,0.000143698,3324.12,3.37928e-06,3.02007e-06,-3.59215e-07,-4.98662e-13
6.81091e+06,9.35945e-05,0.000129186,-5017.61,-5.10087e-06,-4.7305e-06,3.70379e-07,5.14159e-13
6.81091e+06,9.36364e-05,0.000128917,-5015.81,-5.09904e-06,-4.73056e-06,3.68481e-07,5.11525e-13
6.81091e+06,0.000192738,0.000144133,3324.49,3.37966e-06,3.02008e-06,-3.59581e-07,-4.9917e-13
6.81091e+06,9.35501e-05,0.000129472,-5019.26,-5.10255e-06,-4.73045e-06,3.72103e-07,5.16554e-13
6.81091e+06,0.000192674,0.000144566,3324.4,3.37956e-06,3.02009e-06,-3.59475e-07,-4.99023e-13
6.81091e+06,9.3506e-05,0.000129759,-5020.61,-5.10393e-06,-4.73042e-06,3.73503e-07,5.18496e-13
6.81091e+06,0.000192609,0.000145,3323.8,3.37896e-06,3.02011e-06,-3.58852e-07,-4.98157e-13
6.81091e+06,9.3462e-05,0.000130045,-5021.66,-5.10499e-06,-4.73042e-06,3.7457e-07,5.19978e-13
6.81091e+06,0.000192543,0.000145433,3322.67,3.37781e-06,3.02015e-06,-3.57659e-07,-4.96502e-13
6.81091e+06,9.34179e-05,0.000130331,-5022.38,-5.10573e-06,-4.73043e-06,3.75298e-07,5.20988e-13
6.81091e+06,0.000192474,0.000145865,3320.96,3.37607e-06,3.02023e-06,-3.55841e-07,-4.93978e-13
6.81091e+06,9.33738e-05,0.000130618,-5022.78,-5.10613e-06,-4.73045e-06,3.75679e-07,5.21517e-13
6.81091e+06,0.000192424,0.000146171,3319.43,3.37451e-06,3.02033e-06,-3.54183e-07,-4.91676e-13
6.81091e+06,0.000192403,0.000146297,3320,3.37509e-06,3.02037e-06,-3.54724e-07,-4.92427e-13
6.81091e+06,9.33293e-05,0.000130903,-5022.83,-5.10618e-06,-4.73048e-06,3.75705e-07,5.21553e-13
6.81091e+06,0.000192333,0.000146729,3321.84,3.37696e-06,3.02048e-06,-3.56486e-07,-4.94874e-13
6.81091e+06,9.32845e-05,0.000131189,-5022.52,-5.10587e-06,-4.7305e-06,3.75366e-07,5.21082e-13
6.81091e+06,0.000192264,0.000147161,3323.22,3.37837e-06,3.02053e-06,-3.57836e-07,-4.96748e-13
6.81091e+06,9.32391e-05,0.000131475,-5021.84,-5.10517e-06,-4.73052e-06,3.74652e-07,5.20092e-13
6.81091e+06,0.000192195,0.000147592,3324.12,3.37928e-06,3.02055e-06,-3.58726e-07,-4.97983e-13
6.81091e+06,9.3193e-05,0.00013176,-5020.77,-5.10408e-06,-4.73053e-06,3.73553e-07,5.18565e-13
6.81091e+06,0.000192126,0.000148024,3324.49,3.37966e-06,3.02055e-06,-3.59106e-07,-4.9851e-13
6.81091e+06,9.31461e-05,0.000132045,-5019.28,-5.10258e-06,-4.73052e-06,3.72054e-07,5.16485e-13
6.81091e+06,0.000192056,0.000148455,3324.3,3.37947e-06,3.02055e-06,-3.58921e-07,-4.98253e-13
6.81091e+06,9.30981e-05,0.000132329,-5017.37,-5.10063e-06,-4.73049e-06,3.70142e-07,5.13831e-13
6.81091e+06,0.000191986,0.000148885,3323.52,3.37867e-06,3.02056e-06,-3.58111e-07,-4.97129e-13
6.81091e+06,9.30489e-05,0.000132614,-5015,-5.09822e-06,-4.73042e-06,3.67799e-07,5.10579e-13
6.81091e+06,0.000191913,0.000149316,3322.08,3.37721e-06,3.0206e-06,-3.56608e-07,-4.95043e-13
6.81091e+06,9.29987e-05,0.000132898,-5015.4,-5.09863e-06,-4.73034e-06,3.68295e-07,5.11267e-13
6.81091e+06,9.30303e-05,0.000132719,-5014.04,-5.09725e-06,-4.73039e-06,3.66856e-07,5.09268e-13
6.81091e+06,0.000191839,0.000149745,3319.94,3.37504e-06,3.0207e-06,-3.54334e-07,-4.91886e-13
6.81091e+06,9.29489e-05,0.000133181,-5017.34,-5.1006e-06,-4.73028e-06,3.70321e-07,5.14079e-13
6.81091e+06,0.000191818,0.000149859,3319.29,3.37438e-06,3.02074e-06,-3.53635e-07,-4.90916e-13
6.81091e+06,0.000191762,0.000150174,3320.83,3.37593e-06,3.02084e-06,-3.55097e-07,-4.92945e-13
6.81091e+06,9.28995e-05,0.000133465,-5018.9,-5.10218e-06,-4.73025e-06,3.71935e-07,5.1632e-13
6.81091e+06,0.000191687,0.000150603,3322.54,3.37768e-06,3.02091e-06,-3.56773e-07,-4.95271e-13
6.81091e+06,9.28504e-05,0.000133749,-5020.07,-5.10337e-06,-4.73024e-06,3.7313e-07,5.17979e-13
6.81091e+06,0.000191613,0.000151032,3323.72,3.37887e-06,3.02093e-06,-3.57945e-07,-4.96898e-13
6.81091e+06,9.28013e-05,0.000134032,-5020.83,-5.10415e-06,-4.73026e-06,3.73896e-07,5.19041e-13
6.81091e+06,0.00019154,0.000151461,3324.3,3.37947e-06,3.02092e-06,-3.58549e-07,-4.97738e-13
6.81091e+06,9.27522e-05,0.000134316,-5021.18,-5.1045e-06,-4.73028e-06,3.74221e-07,5.19494e-13
6.81091e+06,0.000191465,0.00015189,3324.25,3.37942e-06,3.0209e-06,-3.58519e-07,-4.97696e-13
6.81091e+06,9.27027e-05,0.000134599,-5021.08,-5.1044e-06,-4.73031e-06,3.74097e-07,5.1932e-13
6.81091e+06,0.00019139,0.000152318,3323.52,3.37867e-06,3.02089e-06,-3.57781e-07,-4.96671e-13
6.81091e+06,9.26528e-05,0.000134882,-5020.53,-5.10384e-06,-4.73033e-06,3.73509e-07,5.18505e-13
6.81091e+06,0.000191313,0.000152745,3322.05,3.37717e-06,3.02092e-06,-3.56252e-07,-4.94548e-13
6.81091e+06,9.26023e-05,0.000135165,-5019.49,-5.10279e-06,-4.73035e-06,3.72444e-07,5.17027e-13
6.81091e+06,0.000191234,0.000153172,3319.76,3.37485e-06,3.02101e-06,-3.53832e-07,-4.91189e-13
6.81091e+06,9.25508e-05,0.000135447,-5017.96,-5.10123e-06,-4.73034e-06,3.70886e-07,5.14864e-13
6.81091e+06,0.000191212,0.000153286,3319.05,3.37413e-06,3.02105e-06,-3.53075e-07,-4.90138e-13
6.81091e+06,0.000191153,0.000153599,3320.66,3.37576e-06,3.02114e-06,-3.54621e-07,-4.92284e-13
6.81091e+06,9.24982e-05,0.000135729,-5015.89,-5.09912e-06,-4.73031e-06,3.68815e-07,5.11989e-13
6.81091e+06,0.000191073,0.000154025,3322.44,3.37758e-06,3.0212e-06,-3.56378e-07,-4.94724e-13
6.81091e+06,9.24443e-05,0.00013601,-5013.25,-5.09645e-06,-4.73024e-06,3.66207e-07,5.08368e-13
6.81091e+06,0.000190995,0.000154451,3323.61,3.37876e-06,3.0212e-06,-3.57561e-07,-4.96366e-13
6.81091e+06,9.23892e-05,0.000136292,-5013.71,-5.09691e-06,-4.73014e-06,3.66772e-07,5.09152e-13
6.81091e+06,9.24242e-05,0.000136112,-5012.19,-5.09537e-06,-4.7302e-06,3.65168e-07,5.06925e-13
6.81091e+06,0.000190916,0.000154877,3324.1,3.37926e-06,3.02117e-06,-3.58088e-07,-4.97098e-13
6.81091e+06,9.23347e-05,0.000136573,-5015.81,-5.09905e-06,-4.73008e-06,3.68972e-07,5.12207e-13
6.81091e+06,0.000190838,0.000155303,3323.86,3.37902e-06,3.02114e-06,-3.57876e-07,-4.96803e-13
6.81091e+06,9.22808e-05,0.000136854,-5017.46,-5.10073e-06,-4.73005e-06,3.70677e-07,5.14573e-13
6.81091e+06,0.000190758,0.000155729,3322.82,3.37796e-06,3.02113e-06,-3.56831e-07,-4.95353e-13
6.81091e+06,9.22273e-05,0.000137135,-5018.64,-5.10192e-06,-4.73005e-06,3.71871e-07,5.16231e-13
6.81091e+06,0.000190675,0.000156153,3320.91,3.37602e-06,3.02117e-06,-3.54845e-07,-4.92596e-13
6.81091e+06,9.21738e-05,0.000137416,-5019.32,-5.10261e-06,-4.73007e-06,3.72542e-07,5.17163e-13
6.81091e+06,0.000190606,0.000156499,3318.67,3.37374e-06,3.02126e-06,-3.52484e-07,-4.89318e-13
6.81091e+06,0.00019059,0.000156577,3319.09,3.37417e-06,3.02129e-06,-3.52885e-07,-4.89875e-13
6.81091e+06,9.21202e-05,0.000137696,-5019.48,-5.10277e-06,-4.73009e-06,3.72677e-07,5.1735e-13
6.81091e+06,0.000190505,0.000157001,3321.29,3.3764e-06,3.02137e-06,-3.55029e-07,-4.9285e-13
6.81091e+06,9.20663e-05,0.000137977,-5019.09,-5.10238e-06,-4.73012e-06,3.72261e-07,5.16772e-13
6.81091e+06,0.000190422,0.000157424,3322.83,3.37797e-06,3.02139e-06,-3.56581e-07,-4.95006e-13
6.81091e+06,9.20117e-05,0.000138257,-5018.14,-5.10142e-06,-4.73014e-06,3.71276e-07,5.15405e-13
6.81091e+06,0.00019034,0.000157848,3323.64,3.37879e-06,3.02135e-06,-3.57442e-07,-4.96201e-13
6.81091e+06,9.19563e-05,0.000138537,-5016.59,-5.09984e-06,-4.73014e-06,3.69703e-07,5.13221e-13
6.81091e+06,0.000190257,0.000158271,3323.66,3.37881e-06,3.0213e-06,-3.57511e-07,-4.96297e-13
6.81091e+06,9.18996e-05,0.000138816,-5014.41,-5.09762e-06,-4.73011e-06,3.67516e-07,5.10185e-13
6.81091e+06,0.000190173,0.000158694,3322.81,3.37795e-06,3.02127e-06,-3.56681e-07,-4.95144e-13
6.81091e+06,9.18415e-05,0.000139095,-5011.55,-5.09472e-06,-4.73003e-06,3.64683e-07,5.06252e-13
6.81091e+06,0.000190088,0.000159116,3321,3.37611e-06,3.02128e-06,-3.54826e-07,-4.92569e-13
6.81091e+06,9.17821e-05,0.000139373,-5011.86,-5.09503e-06,-4.72992e-06,3.65103e-07,5.06836e-13
6.81091e+06,9.18182e-05,0.000139204,-5010.29,-5.09343e-06,-4.72999e-06,3.63442e-07,5.0453e-13
6.81091e+06,0.00019,0.000159532,3318.15,3.37322e-06,3.02137e-06,-3.51844e-07,-4.88429e-13
6.81091e+06,0.000189999,0.000159538,3318.18,3.37325e-06,3.02137e-06,-3.51871e-07,-4.88467e-13
6.81091e+06,9.17235e-05,0.000139652,-5014.13,-5.09734e-06,-4.72986e-06,3.67484e-07,5.10141e-13
6.81091e+06,0.00018991,0.000159959,3320.58,3.37568e-06,3.02147e-06,-3.54214e-07,-4.91719e-13
6.81091e+06,9.16656e-05,0.00013993,-5015.88,-5.09911e-06,-4.72983e-06,3.69284e-07,5.12639e-13
6.81091e+06,0.000189822,0.00016038,3322.27,3.3774e-06,3.02147e-06,-3.55927e-07,-4.94097e-13
6.81091e+06,9.1608e-05,0.000140209,-5017.06,-5.10031e-06,-4.72983e-06,3.70483e-07,5.14304e-13
6.81091e+06,0.000189736,0.000160801,3323.16,3.37831e-06,3.02143e-06,-3.56886e-07,-4.95428e-13
6.81091e+06,9.15507e-05,0.000140487,-5017.65,-5.10092e-06,-4.72985e-06,3.71065e-07,5.15112e-13
6.81091e+06,0.000189649,0.000161221,3323.18,3.37833e-06,3.02136e-06,-3.56971e-07,-4.95547e-13
6.81091e+06,9.14931e-05,0.000140765,-5017.63,-5.10089e-06,-4.72988e-06,3.71013e-07,5.15039e-13
6.81091e+06,0.000189562,0.000161642,3322.24,3.37737e-06,3.02131e-06,-3.56055e-07,-4.94276e-13
6.81091e+06,9.14351e-05,0.000141043,-5016.95,-5.10021e-06,-4.7299e-06,3.70305e-07,5.14057e-13
6.81091e+06,0.000189472,0.000162061,3320.21,3.37531e-06,3.02132e-06,-3.53989e-07,-4.91407e-13
6.81091e+06,9.13763e-05,0.00014132,-5015.6,-5.09883e-06,-4.72991e-06,3.6892e-07,5.12134e-13
6.81091e+06,0.000189394,0.000162412,3317.62,3.37267e-06,3.02139e-06,-3.51282e-07,-4.87649e-13
6.81091e+06,0.000189379,0.00016248,3318.01,3.37307e-06,3.02141e-06,-3.51661e-07,-4.88176e-13
6.81091e+06,9.13164e-05,0.000141597,-5013.52,-5.09671e-06,-4.72989e-06,3.66827e-07,5.09228e-13
6.81091e+06,0.000189286,0.000162898,3320.39,3.37549e-06,3.02148e-06,-3.54016e-07,-4.91444e-13
6.81091e+06,9.1255e-05,0.000141873,-5010.66,-5.09381e-06,-4.72982e-06,3.63988e-07,5.05288e-13
6.81091e+06,0.000189195,0.000163316,3321.99,3.37712e-06,3.02145e-06,-3.55662e-07,-4.93729e-13
6.81091e+06,9.11918e-05,0.000142149,-5009.19,-5.09232e-06,-4.72971e-06,3.6261e-07,5.03375e-13
6.81091e+06,9.12121e-05,0.000142061,-5008.3,-5.09142e-06,-4.72975e-06,3.61668e-07,5.02067e-13
6.81091e+06,0.000189105,0.000163735,3322.7,3.37783e-06,3.02138e-06,-3.56452e-07,-4.94826e-13
6.81091e+06,9.11291e-05,0.000142425,-5011.78,-5.09495e-06,-4.72962e-06,3.65333e-07,5.07155e-13
6.81091e+06,0.000189015,0.000164153,3322.41,3.37755e-06,3.0213e-06,-3.56245e-07,-4.94538e-13
6.81091e+06,9.10674e-05,0.000142701,-5013.77,-5.09697e-06,-4.72958e-06,3.67396e-07,5.10018e-13
6.81091e+06,0.000188923,0.00016457,3321.02,3.37613e-06,3.02125e-06,-3.54884e-07,-4.9265e-13
6.81091e+06,9.10062e-05,0.000142976,-5015.12,-5.09834e-06,-4.72957e-06,3.68773e-07,5.1193e-13
6.81091e+06,0.000188828,0.000164986,3318.39,3.37346e-06,3.02127e-06,-3.52181e-07,-4.88898e-13
6.81091e+06,9.09453e-05,0.000143252,-5015.79,-5.09903e-06,-4.72959e-06,3.69441e-07,5.12857e-13
6.81091e+06,0.000188788,0.000165159,3316.98,3.37203e-06,3.02132e-06,-3.50711e-07,-4.86857e-13
6.81091e+06,0.000188731,0.000165402,3318.47,3.37354e-06,3.02137e-06,-3.52172e-07,-4.88885e-13
6.81091e+06,9.08842e-05,0.000143527,-5015.76,-5.09899e-06,-4.72961e-06,3.69377e-07,5.12769e-13
6.81091e+06,0.000188636,0.000165818,3320.59,3.37569e-06,3.02138e-06,-3.54317e-07,-4.91863e-13
6.81091e+06,9.08227e-05,0.000143802,-5014.97,-5.09819e-06,-4.72963e-06,3.68557e-07,5.1163e-13
6.81091e+06,0.000188542,0.000166234,3321.8,3.37692e-06,3.02131e-06,-3.55618e-07,-4.93668e-13
6.81091e+06,9.07602e-05,0.000144077,-5013.38,-5.09658e-06,-4.72963e-06,3.66947e-07,5.09396e-13
6.81091e+06,0.000188449,0.000166649,3321.98,3.37711e-06,3.02121e-06,-3.55906e-07,-4.94069e-13
6.81091e+06,9.06965e-05,0.000144351,-5010.95,-5.0941e-06,-4.7296e-06,3.64507e-07,5.06008e-13
6.81091e+06,0.000188354,0.000167064,3321.02,3.37613e-06,3.02112e-06,-3.55012e-07,-4.92828e-13
6.81091e+06,9.06311e-05,0.000144625,-5007.58,-5.09068e-06,-4.72951e-06,3.61176e-07,5.01385e-13
6.81091e+06,0.000188257,0.000167478,3318.75,3.37383e-06,3.02109e-06,-3.52736e-07,-4.89668e-13
6.81091e+06,9.05642e-05,0.000144898,-5007.96,-5.09107e-06,-4.72937e-06,3.61693e-07,5.02101e-13
6.81091e+06,9.06061e-05,0.000144727,-5006.14,-5.08921e-06,-4.72946e-06,3.59759e-07,4.99417e-13
6.81091e+06,0.000188182,0.00016779,3316.15,3.37118e-06,3.02114e-06,-3.50038e-07,-4.85922e-13
6.81091e+06,0.000188157,0.000167891,3316.79,3.37183e-06,3.02117e-06,-3.50662e-07,-4.86789e-13
6.81091e+06,9.04984e-05,0.000145171,-5010.44,-5.09359e-06,-4.72929e-06,3.64296e-07,5.05716e-13
6.81091e+06,0.000188057,0.000168304,3319.23,3.37432e-06,3.02119e-06,-3.53127e-07,-4.90211e-13
6.81091e+06,9.04336e-05,0.000145444,-5012.19,-5.09536e-06,-4.72926e-06,3.66106e-07,5.08228e-13
6.81091e+06,0.00018796,0.000168718,3320.74,3.37585e-06,3.02112e-06,-3.54733e-07,-4.92441e-13
6.81091e+06,9.03693e-05,0.000145717,-5013.13,-5.09632e-06,-4.72926e-06,3.6706e-07,5.09552e-13
6.81091e+06,0.000187863,0.000169131,3321.15,3.37626e-06,3.021e-06,-3.55264e-07,-4.93176e-13
6.81091e+06,9.03051e-05,0.00014599,-5013.16,-5.09635e-06,-4.72927e-06,3.67074e-07,5.09571e-13
6.81091e+06,0.000187766,0.000169543,3320.28,3.37538e-06,3.02088e-06,-3.54505e-07,-4.92124e-13
6.81091e+06,9.02406e-05,0.000146263,-5012.1,-5.09527e-06,-4.72929e-06,3.65981e-07,5.08055e-13
6.81091e+06,0.000187667,0.000169955,3317.84,3.37289e-06,3.02082e-06,-3.52078e-07,-4.88755e-13
6.81091e+06,9.01754e-05,0.000146535,-5009.62,-5.09276e-06,-4.72929e-06,3.6347e-07,5.04568e-13
6.81091e+06,0.000187576,0.000170316,3314.08,3.36908e-06,3.02085e-06,-3.48228e-07,-4.8341e-13
6.81091e+06,0.000187563,0.000170366,3314.35,3.36935e-06,3.02086e-06,-3.48485e-07,-4.83766e-13
6.81091e+06,9.01089e-05,0.000146807,-5004.97,-5.08802e-06,-4.72925e-06,3.58773e-07,4.98048e-13
6.81091e+06,0.00018746,0.000170776,3315.62,3.37064e-06,3.02087e-06,-3.49767e-07,-4.85546e-13
6.81091e+06,9.00407e-05,0.000147078,-4847.3,-4.92774e-06,-4.72916e-06,1.9858e-07,2.75668e-13
6.81091e+06,0.000187359,0.000171187,3102.23,3.15371e-06,3.02078e-06,-1.32933e-07,-1.84538e-13
6.81091e+06,8.99706e-05,0.000147349,-5021.26,-5.10459e-06,-4.72901e-06,3.7558e-07,5.21379e-13
6.81091e+06,9e-05,0.000147235,-4944.03,-5.02608e-06,-4.72907e-06,2.97005e-07,4.12302e-13
6.81091e+06,0.00018726,0.000171597,3356.32,3.41202e-06,3.02063e-06,-3.91397e-07,-5.43336e-13
6.81091e+06,8.99358e-05,0.000147484,-5112.69,-5.19753e-06,-4.72894e-06,4.68587e-07,6.50492e-13
6.81091e+06,0.00018721,0.000171802,3483.96,3.54177e-06,3.02054e-06,-5.2123e-07,-7.2357e-13
